{
	"credit": "Made with Blockbench",
	"textures": {
		"0": "custom/traffic_light",
		"particle": "custom/traffic_light"
	},
	"elements": [
		{
			"from": [6.5, 6.25, 6.5],
			"to": [9.5, 9.375, 9.5],
			"rotation": {"angle": 0, "axis": "y", "origin": [4.5, 0.5, 4]},
			"faces": {
				"north": {"uv": [1, 1, 3, 3], "texture": "#0"},
				"east": {"uv": [1, 1, 3, 3], "texture": "#0"},
				"south": {"uv": [1, 1, 3, 3], "texture": "#0"},
				"west": {"uv": [1, 1, 3, 3], "texture": "#0"},
				"up": {"uv": [1, 1, 3, 3], "texture": "#0"},
				"down": {"uv": [1, 1, 3, 3], "texture": "#0"}
			}
		},
		{
			"from": [6.375, 0, 9.375],
			"to": [6.625, 9.375, 9.625],
			"rotation": {"angle": 0, "axis": "y", "origin": [4.375, 0.5, 4.125]},
			"faces": {
				"north": {"uv": [1, 5, 3, 7], "texture": "#0"},
				"east": {"uv": [1, 5, 3, 7], "texture": "#0"},
				"south": {"uv": [1, 5, 3, 7], "texture": "#0"},
				"west": {"uv": [1, 5, 3, 7], "texture": "#0"},
				"up": {"uv": [1, 5, 3, 7], "texture": "#0"},
				"down": {"uv": [1, 5, 3, 7], "texture": "#0"}
			}
		},
		{
			"from": [9.375, 6.25, 9.375],
			"to": [9.625, 9.375, 9.625],
			"rotation": {"angle": 0, "axis": "y", "origin": [7.375, 0.5, 4.125]},
			"faces": {
				"north": {"uv": [1, 5, 3, 7], "texture": "#0"},
				"east": {"uv": [1, 5, 3, 7], "texture": "#0"},
				"south": {"uv": [1, 5, 3, 7], "texture": "#0"},
				"west": {"uv": [1, 5, 3, 7], "texture": "#0"},
				"up": {"uv": [1, 5, 3, 7], "texture": "#0"},
				"down": {"uv": [1, 5, 3, 7], "texture": "#0"}
			}
		},
		{
			"from": [9.375, 3.25, 9.375],
			"to": [9.625, 6, 9.625],
			"rotation": {"angle": 0, "axis": "y", "origin": [7.375, -3, 4.125]},
			"faces": {
				"north": {"uv": [1, 5, 3, 7], "texture": "#0"},
				"east": {"uv": [1, 5, 3, 7], "texture": "#0"},
				"south": {"uv": [1, 5, 3, 7], "texture": "#0"},
				"west": {"uv": [1, 5, 3, 7], "texture": "#0"},
				"up": {"uv": [1, 5, 3, 7], "texture": "#0"},
				"down": {"uv": [1, 5, 3, 7], "texture": "#0"}
			}
		},
		{
			"from": [9.375, 0, 9.375],
			"to": [9.625, 3, 9.625],
			"rotation": {"angle": 0, "axis": "y", "origin": [7.375, -6.5, 4.125]},
			"faces": {
				"north": {"uv": [1, 5, 3, 7], "texture": "#0"},
				"east": {"uv": [1, 5, 3, 7], "texture": "#0"},
				"south": {"uv": [1, 5, 3, 7], "texture": "#0"},
				"west": {"uv": [1, 5, 3, 7], "texture": "#0"},
				"up": {"uv": [1, 5, 3, 7], "texture": "#0"},
				"down": {"uv": [1, 5, 3, 7], "texture": "#0"}
			}
		},
		{
			"from": [9.375, 6.25, 6.375],
			"to": [9.625, 9.375, 6.625],
			"rotation": {"angle": 0, "axis": "y", "origin": [7.375, 0.5, 1.125]},
			"faces": {
				"north": {"uv": [1, 5, 3, 7], "texture": "#0"},
				"east": {"uv": [1, 5, 3, 7], "texture": "#0"},
				"south": {"uv": [1, 5, 3, 7], "texture": "#0"},
				"west": {"uv": [1, 5, 3, 7], "texture": "#0"},
				"up": {"uv": [1, 5, 3, 7], "texture": "#0"},
				"down": {"uv": [1, 5, 3, 7], "texture": "#0"}
			}
		},
		{
			"from": [9.375, 3.25, 6.375],
			"to": [9.625, 6, 6.625],
			"rotation": {"angle": 0, "axis": "y", "origin": [7.375, -3, 1.125]},
			"faces": {
				"north": {"uv": [1, 5, 3, 7], "texture": "#0"},
				"east": {"uv": [1, 5, 3, 7], "texture": "#0"},
				"south": {"uv": [1, 5, 3, 7], "texture": "#0"},
				"west": {"uv": [1, 5, 3, 7], "texture": "#0"},
				"up": {"uv": [1, 5, 3, 7], "texture": "#0"},
				"down": {"uv": [1, 5, 3, 7], "texture": "#0"}
			}
		},
		{
			"from": [9.375, 0, 6.375],
			"to": [9.625, 3, 6.625],
			"rotation": {"angle": 0, "axis": "y", "origin": [7.375, -6.5, 1.125]},
			"faces": {
				"north": {"uv": [1, 5, 3, 7], "texture": "#0"},
				"east": {"uv": [1, 5, 3, 7], "texture": "#0"},
				"south": {"uv": [1, 5, 3, 7], "texture": "#0"},
				"west": {"uv": [1, 5, 3, 7], "texture": "#0"},
				"up": {"uv": [1, 5, 3, 7], "texture": "#0"},
				"down": {"uv": [1, 5, 3, 7], "texture": "#0"}
			}
		},
		{
			"from": [6.375, 9.375, 9.375],
			"to": [9.625, 9.625, 9.625],
			"rotation": {"angle": 0, "axis": "y", "origin": [4.375, 6.25, 4.125]},
			"faces": {
				"north": {"uv": [1, 5, 3, 7], "texture": "#0"},
				"east": {"uv": [1, 5, 3, 7], "texture": "#0"},
				"south": {"uv": [1, 5, 3, 7], "texture": "#0"},
				"west": {"uv": [1, 5, 3, 7], "texture": "#0"},
				"up": {"uv": [1, 5, 3, 7], "texture": "#0"},
				"down": {"uv": [1, 5, 3, 7], "texture": "#0"}
			}
		},
		{
			"from": [6.625, 6.25, 9.5],
			"to": [9.375, 6.5, 9.625],
			"rotation": {"angle": 0, "axis": "y", "origin": [4.375, 3.125, 4.25]},
			"faces": {
				"north": {"uv": [1, 5, 3, 7], "texture": "#0"},
				"east": {"uv": [1, 5, 3, 7], "texture": "#0"},
				"south": {"uv": [1, 5, 3, 7], "texture": "#0"},
				"west": {"uv": [1, 5, 3, 7], "texture": "#0"},
				"up": {"uv": [1, 5, 3, 7], "texture": "#0"},
				"down": {"uv": [1, 5, 3, 7], "texture": "#0"}
			}
		},
		{
			"from": [6.625, 5.75, 9.5],
			"to": [9.375, 6, 9.625],
			"rotation": {"angle": 0, "axis": "y", "origin": [4.375, 2.625, 4.25]},
			"faces": {
				"north": {"uv": [1, 5, 3, 7], "texture": "#0"},
				"east": {"uv": [1, 5, 3, 7], "texture": "#0"},
				"south": {"uv": [1, 5, 3, 7], "texture": "#0"},
				"west": {"uv": [1, 5, 3, 7], "texture": "#0"},
				"up": {"uv": [1, 5, 3, 7], "texture": "#0"},
				"down": {"uv": [1, 5, 3, 7], "texture": "#0"}
			}
		},
		{
			"from": [6.625, 3.25, 9.5],
			"to": [9.375, 3.5, 9.625],
			"rotation": {"angle": 0, "axis": "y", "origin": [4.375, 0.125, 4.25]},
			"faces": {
				"north": {"uv": [1, 5, 3, 7], "texture": "#0"},
				"east": {"uv": [1, 5, 3, 7], "texture": "#0"},
				"south": {"uv": [1, 5, 3, 7], "texture": "#0"},
				"west": {"uv": [1, 5, 3, 7], "texture": "#0"},
				"up": {"uv": [1, 5, 3, 7], "texture": "#0"},
				"down": {"uv": [1, 5, 3, 7], "texture": "#0"}
			}
		},
		{
			"from": [6.625, 2.75, 9.5],
			"to": [9.375, 3, 9.625],
			"rotation": {"angle": 0, "axis": "y", "origin": [4.375, -0.375, 4.25]},
			"faces": {
				"north": {"uv": [1, 5, 3, 7], "texture": "#0"},
				"east": {"uv": [1, 5, 3, 7], "texture": "#0"},
				"south": {"uv": [1, 5, 3, 7], "texture": "#0"},
				"west": {"uv": [1, 5, 3, 7], "texture": "#0"},
				"up": {"uv": [1, 5, 3, 7], "texture": "#0"},
				"down": {"uv": [1, 5, 3, 7], "texture": "#0"}
			}
		},
		{
			"from": [6.625, 6.25, 6.375],
			"to": [9.375, 6.5, 6.5],
			"rotation": {"angle": 0, "axis": "y", "origin": [4.375, 3.125, 1.125]},
			"faces": {
				"north": {"uv": [1, 5, 3, 7], "texture": "#0"},
				"east": {"uv": [1, 5, 3, 7], "texture": "#0"},
				"south": {"uv": [1, 5, 3, 7], "texture": "#0"},
				"west": {"uv": [1, 5, 3, 7], "texture": "#0"},
				"up": {"uv": [1, 5, 3, 7], "texture": "#0"},
				"down": {"uv": [1, 5, 3, 7], "texture": "#0"}
			}
		},
		{
			"from": [6.625, 5.75, 6.375],
			"to": [9.375, 6, 6.5],
			"rotation": {"angle": 0, "axis": "y", "origin": [4.375, 2.625, 1.125]},
			"faces": {
				"north": {"uv": [1, 5, 3, 7], "texture": "#0"},
				"east": {"uv": [1, 5, 3, 7], "texture": "#0"},
				"south": {"uv": [1, 5, 3, 7], "texture": "#0"},
				"west": {"uv": [1, 5, 3, 7], "texture": "#0"},
				"up": {"uv": [1, 5, 3, 7], "texture": "#0"},
				"down": {"uv": [1, 5, 3, 7], "texture": "#0"}
			}
		},
		{
			"from": [6.625, 3.25, 6.375],
			"to": [9.375, 3.5, 6.5],
			"rotation": {"angle": 0, "axis": "y", "origin": [4.375, 0.125, 1.125]},
			"faces": {
				"north": {"uv": [1, 5, 3, 7], "texture": "#0"},
				"east": {"uv": [1, 5, 3, 7], "texture": "#0"},
				"south": {"uv": [1, 5, 3, 7], "texture": "#0"},
				"west": {"uv": [1, 5, 3, 7], "texture": "#0"},
				"up": {"uv": [1, 5, 3, 7], "texture": "#0"},
				"down": {"uv": [1, 5, 3, 7], "texture": "#0"}
			}
		},
		{
			"from": [6.625, 2.75, 6.375],
			"to": [9.375, 3, 6.5],
			"rotation": {"angle": 0, "axis": "y", "origin": [4.375, -0.375, 1.125]},
			"faces": {
				"north": {"uv": [1, 5, 3, 7], "texture": "#0"},
				"east": {"uv": [1, 5, 3, 7], "texture": "#0"},
				"south": {"uv": [1, 5, 3, 7], "texture": "#0"},
				"west": {"uv": [1, 5, 3, 7], "texture": "#0"},
				"up": {"uv": [1, 5, 3, 7], "texture": "#0"},
				"down": {"uv": [1, 5, 3, 7], "texture": "#0"}
			}
		},
		{
			"from": [6.375, 9.375, 6.375],
			"to": [9.625, 9.625, 6.625],
			"rotation": {"angle": 0, "axis": "y", "origin": [4.375, 6.25, 1.125]},
			"faces": {
				"north": {"uv": [1, 5, 3, 7], "texture": "#0"},
				"east": {"uv": [1, 5, 3, 7], "texture": "#0"},
				"south": {"uv": [1, 5, 3, 7], "texture": "#0"},
				"west": {"uv": [1, 5, 3, 7], "texture": "#0"},
				"up": {"uv": [1, 5, 3, 7], "texture": "#0"},
				"down": {"uv": [1, 5, 3, 7], "texture": "#0"}
			}
		},
		{
			"from": [6.375, 9.375, 6.625],
			"to": [6.625, 9.625, 9.375],
			"rotation": {"angle": 0, "axis": "y", "origin": [4.375, 6.25, 1.375]},
			"faces": {
				"north": {"uv": [1, 5, 3, 7], "texture": "#0"},
				"east": {"uv": [1, 5, 3, 7], "texture": "#0"},
				"south": {"uv": [1, 5, 3, 7], "texture": "#0"},
				"west": {"uv": [1, 5, 3, 7], "texture": "#0"},
				"up": {"uv": [1, 5, 3, 7], "texture": "#0"},
				"down": {"uv": [1, 5, 3, 7], "texture": "#0"}
			}
		},
		{
			"from": [6.375, 6, 6.625],
			"to": [6.625, 6.25, 9.375],
			"rotation": {"angle": 0, "axis": "y", "origin": [4.375, 2.875, 1.375]},
			"faces": {
				"north": {"uv": [1, 5, 3, 7], "texture": "#0"},
				"east": {"uv": [1, 5, 3, 7], "texture": "#0"},
				"south": {"uv": [1, 5, 3, 7], "texture": "#0"},
				"west": {"uv": [1, 5, 3, 7], "texture": "#0"},
				"up": {"uv": [1, 5, 3, 7], "texture": "#0"},
				"down": {"uv": [1, 5, 3, 7], "texture": "#0"}
			}
		},
		{
			"from": [6.375, 3, 6.625],
			"to": [6.625, 3.25, 9.375],
			"rotation": {"angle": 0, "axis": "y", "origin": [4.375, -0.125, 1.375]},
			"faces": {
				"north": {"uv": [1, 5, 3, 7], "texture": "#0"},
				"east": {"uv": [1, 5, 3, 7], "texture": "#0"},
				"south": {"uv": [1, 5, 3, 7], "texture": "#0"},
				"west": {"uv": [1, 5, 3, 7], "texture": "#0"},
				"up": {"uv": [1, 5, 3, 7], "texture": "#0"},
				"down": {"uv": [1, 5, 3, 7], "texture": "#0"}
			}
		},
		{
			"from": [9.375, 9.375, 6.625],
			"to": [9.625, 9.625, 9.375],
			"rotation": {"angle": 0, "axis": "y", "origin": [7.375, 6.25, 1.375]},
			"faces": {
				"north": {"uv": [1, 5, 3, 7], "texture": "#0"},
				"east": {"uv": [1, 5, 3, 7], "texture": "#0"},
				"south": {"uv": [1, 5, 3, 7], "texture": "#0"},
				"west": {"uv": [1, 5, 3, 7], "texture": "#0"},
				"up": {"uv": [1, 5, 3, 7], "texture": "#0"},
				"down": {"uv": [1, 5, 3, 7], "texture": "#0"}
			}
		},
		{
			"from": [9, 6, 9],
			"to": [9.5, 6.25, 9.5],
			"rotation": {"angle": 0, "axis": "y", "origin": [7.25, 2.875, 1.5]},
			"faces": {
				"north": {"uv": [9, 5, 11, 7], "texture": "#0"},
				"east": {"uv": [9, 5, 11, 7], "texture": "#0"},
				"south": {"uv": [9, 5, 11, 7], "texture": "#0"},
				"west": {"uv": [9, 5, 11, 7], "texture": "#0"},
				"up": {"uv": [9, 5, 11, 7], "texture": "#0"},
				"down": {"uv": [9, 5, 11, 7], "texture": "#0"}
			}
		},
		{
			"from": [9, 6, 6.5],
			"to": [9.5, 6.25, 7],
			"rotation": {"angle": 0, "axis": "y", "origin": [7.25, 2.875, -1]},
			"faces": {
				"north": {"uv": [9, 5, 11, 7], "texture": "#0"},
				"east": {"uv": [9, 5, 11, 7], "texture": "#0"},
				"south": {"uv": [9, 5, 11, 7], "texture": "#0"},
				"west": {"uv": [9, 5, 11, 7], "texture": "#0"},
				"up": {"uv": [9, 5, 11, 7], "texture": "#0"},
				"down": {"uv": [9, 5, 11, 7], "texture": "#0"}
			}
		},
		{
			"from": [9, 3, 6.5],
			"to": [9.5, 3.25, 7],
			"rotation": {"angle": 0, "axis": "y", "origin": [7.25, -0.125, -1]},
			"faces": {
				"north": {"uv": [9, 5, 11, 7], "texture": "#0"},
				"east": {"uv": [9, 5, 11, 7], "texture": "#0"},
				"south": {"uv": [9, 5, 11, 7], "texture": "#0"},
				"west": {"uv": [9, 5, 11, 7], "texture": "#0"},
				"up": {"uv": [9, 5, 11, 7], "texture": "#0"},
				"down": {"uv": [9, 5, 11, 7], "texture": "#0"}
			}
		},
		{
			"from": [9, 3, 9],
			"to": [9.5, 3.25, 9.5],
			"rotation": {"angle": 0, "axis": "y", "origin": [7.25, -0.125, 1.5]},
			"faces": {
				"north": {"uv": [9, 5, 11, 7], "texture": "#0"},
				"east": {"uv": [9, 5, 11, 7], "texture": "#0"},
				"south": {"uv": [9, 5, 11, 7], "texture": "#0"},
				"west": {"uv": [9, 5, 11, 7], "texture": "#0"},
				"up": {"uv": [9, 5, 11, 7], "texture": "#0"},
				"down": {"uv": [9, 5, 11, 7], "texture": "#0"}
			}
		},
		{
			"from": [6.375, -0.25, 6.375],
			"to": [9.625, 0, 6.625],
			"rotation": {"angle": 0, "axis": "y", "origin": [4.375, -3.375, 1.125]},
			"faces": {
				"north": {"uv": [1, 5, 3, 7], "texture": "#0"},
				"east": {"uv": [1, 5, 3, 7], "texture": "#0"},
				"south": {"uv": [1, 5, 3, 7], "texture": "#0"},
				"west": {"uv": [1, 5, 3, 7], "texture": "#0"},
				"up": {"uv": [1, 5, 3, 7], "texture": "#0"},
				"down": {"uv": [1, 5, 3, 7], "texture": "#0"}
			}
		},
		{
			"from": [9.375, -0.25, 6.625],
			"to": [9.625, 0, 9.375],
			"rotation": {"angle": 0, "axis": "y", "origin": [7.375, -3.375, 1.375]},
			"faces": {
				"north": {"uv": [1, 5, 3, 7], "texture": "#0"},
				"east": {"uv": [1, 5, 3, 7], "texture": "#0"},
				"south": {"uv": [1, 5, 3, 7], "texture": "#0"},
				"west": {"uv": [1, 5, 3, 7], "texture": "#0"},
				"up": {"uv": [1, 5, 3, 7], "texture": "#0"},
				"down": {"uv": [1, 5, 3, 7], "texture": "#0"}
			}
		},
		{
			"from": [6.375, -0.25, 9.375],
			"to": [9.625, 0, 9.625],
			"rotation": {"angle": 0, "axis": "y", "origin": [4.375, -3.375, 4.125]},
			"faces": {
				"north": {"uv": [1, 5, 3, 7], "texture": "#0"},
				"east": {"uv": [1, 5, 3, 7], "texture": "#0"},
				"south": {"uv": [1, 5, 3, 7], "texture": "#0"},
				"west": {"uv": [1, 5, 3, 7], "texture": "#0"},
				"up": {"uv": [1, 5, 3, 7], "texture": "#0"},
				"down": {"uv": [1, 5, 3, 7], "texture": "#0"}
			}
		},
		{
			"from": [6.375, -0.25, 6.625],
			"to": [6.625, 0, 9.375],
			"rotation": {"angle": 0, "axis": "y", "origin": [4.375, -3.375, 1.375]},
			"faces": {
				"north": {"uv": [1, 5, 3, 7], "texture": "#0"},
				"east": {"uv": [1, 5, 3, 7], "texture": "#0"},
				"south": {"uv": [1, 5, 3, 7], "texture": "#0"},
				"west": {"uv": [1, 5, 3, 7], "texture": "#0"},
				"up": {"uv": [1, 5, 3, 7], "texture": "#0"},
				"down": {"uv": [1, 5, 3, 7], "texture": "#0"}
			}
		},
		{
			"from": [6.375, 0, 6.375],
			"to": [6.625, 9.375, 6.625],
			"rotation": {"angle": 0, "axis": "y", "origin": [4.375, 0.5, 1.125]},
			"faces": {
				"north": {"uv": [1, 5, 3, 7], "texture": "#0"},
				"east": {"uv": [1, 5, 3, 7], "texture": "#0"},
				"south": {"uv": [1, 5, 3, 7], "texture": "#0"},
				"west": {"uv": [1, 5, 3, 7], "texture": "#0"},
				"up": {"uv": [1, 5, 3, 7], "texture": "#0"},
				"down": {"uv": [1, 5, 3, 7], "texture": "#0"}
			}
		},
		{
			"from": [6.5, 3.25, 6.5],
			"to": [9.5, 6, 9.5],
			"rotation": {"angle": 0, "axis": "y", "origin": [4.5, -3, 4]},
			"faces": {
				"north": {"uv": [1, 1, 3, 3], "texture": "#0"},
				"east": {"uv": [1, 1, 3, 3], "texture": "#0"},
				"south": {"uv": [1, 1, 3, 3], "texture": "#0"},
				"west": {"uv": [1, 1, 3, 3], "texture": "#0"},
				"up": {"uv": [1, 1, 3, 3], "texture": "#0"},
				"down": {"uv": [1, 1, 3, 3], "texture": "#0"}
			}
		},
		{
			"from": [6.5, 6, 6.625],
			"to": [9.25, 6.25, 9.375],
			"rotation": {"angle": 0, "axis": "y", "origin": [4.5, -2.75, 4]},
			"faces": {
				"north": {"uv": [9, 5, 11, 7], "texture": "#0"},
				"east": {"uv": [9, 5, 11, 7], "texture": "#0"},
				"south": {"uv": [9, 5, 11, 7], "texture": "#0"},
				"west": {"uv": [9, 5, 11, 7], "texture": "#0"},
				"up": {"uv": [9, 5, 11, 7], "texture": "#0"},
				"down": {"uv": [9, 5, 11, 7], "texture": "#0"}
			}
		},
		{
			"from": [6.5, 3, 6.625],
			"to": [9.25, 3.25, 9.375],
			"rotation": {"angle": 0, "axis": "y", "origin": [4.5, -5.75, 4]},
			"faces": {
				"north": {"uv": [9, 5, 11, 7], "texture": "#0"},
				"east": {"uv": [9, 5, 11, 7], "texture": "#0"},
				"south": {"uv": [9, 5, 11, 7], "texture": "#0"},
				"west": {"uv": [9, 5, 11, 7], "texture": "#0"},
				"up": {"uv": [9, 5, 11, 7], "texture": "#0"},
				"down": {"uv": [9, 5, 11, 7], "texture": "#0"}
			}
		},
		{
			"from": [6.5, 0, 6.5],
			"to": [9.5, 3, 9.5],
			"rotation": {"angle": 0, "axis": "y", "origin": [4.5, -6, 4]},
			"faces": {
				"north": {"uv": [1, 1, 3, 3], "texture": "#0"},
				"east": {"uv": [1, 1, 3, 3], "texture": "#0"},
				"south": {"uv": [1, 1, 3, 3], "texture": "#0"},
				"west": {"uv": [1, 1, 3, 3], "texture": "#0"},
				"up": {"uv": [1, 1, 3, 3], "texture": "#0"},
				"down": {"uv": [1, 1, 3, 3], "texture": "#0"}
			}
		},
		{
			"from": [9.5, 8.75, 7.5],
			"to": [10.5, 9, 8.5],
			"rotation": {"angle": 0, "axis": "y", "origin": [4.5, 1, 4]},
			"faces": {
				"north": {"uv": [9, 5, 11, 7], "texture": "#0"},
				"east": {"uv": [9, 5, 11, 7], "texture": "#0"},
				"south": {"uv": [9, 5, 11, 7], "texture": "#0"},
				"west": {"uv": [9, 5, 11, 7], "texture": "#0"},
				"up": {"uv": [9, 5, 11, 7], "texture": "#0"},
				"down": {"uv": [9, 5, 11, 7], "texture": "#0"}
			}
		},
		{
			"from": [9.5, 8.75, 6.5],
			"to": [10.5, 9, 7.5],
			"rotation": {"angle": -22.5, "axis": "x", "origin": [9.5, 9, 7.5]},
			"faces": {
				"north": {"uv": [9, 5, 11, 7], "texture": "#0"},
				"east": {"uv": [9, 5, 11, 7], "texture": "#0"},
				"south": {"uv": [9, 5, 11, 7], "texture": "#0"},
				"west": {"uv": [9, 5, 11, 7], "texture": "#0"},
				"up": {"uv": [9, 5, 11, 7], "texture": "#0"},
				"down": {"uv": [9, 5, 11, 7], "texture": "#0"}
			}
		},
		{
			"from": [9.5, 8.75, 8.5],
			"to": [10.5, 9, 9.5],
			"rotation": {"angle": 22.5, "axis": "x", "origin": [9.5, 9, 8.5]},
			"faces": {
				"north": {"uv": [9, 5, 11, 7], "texture": "#0"},
				"east": {"uv": [9, 5, 11, 7], "texture": "#0"},
				"south": {"uv": [9, 5, 11, 7], "texture": "#0"},
				"west": {"uv": [9, 5, 11, 7], "texture": "#0"},
				"up": {"uv": [9, 5, 11, 7], "texture": "#0"},
				"down": {"uv": [9, 5, 11, 7], "texture": "#0"}
			}
		},
		{
			"from": [9.5, 5.75, 6.5],
			"to": [10.5, 6, 7.5],
			"rotation": {"angle": -22.5, "axis": "x", "origin": [9.5, 6, 7.5]},
			"faces": {
				"north": {"uv": [9, 5, 11, 7], "texture": "#0"},
				"east": {"uv": [9, 5, 11, 7], "texture": "#0"},
				"south": {"uv": [9, 5, 11, 7], "texture": "#0"},
				"west": {"uv": [9, 5, 11, 7], "texture": "#0"},
				"up": {"uv": [9, 5, 11, 7], "texture": "#0"},
				"down": {"uv": [9, 5, 11, 7], "texture": "#0"}
			}
		},
		{
			"from": [9.5, 5.75, 7.5],
			"to": [10.5, 6, 8.5],
			"rotation": {"angle": 0, "axis": "y", "origin": [4.5, -2, 4]},
			"faces": {
				"north": {"uv": [9, 5, 11, 7], "texture": "#0"},
				"east": {"uv": [9, 5, 11, 7], "texture": "#0"},
				"south": {"uv": [9, 5, 11, 7], "texture": "#0"},
				"west": {"uv": [9, 5, 11, 7], "texture": "#0"},
				"up": {"uv": [9, 5, 11, 7], "texture": "#0"},
				"down": {"uv": [9, 5, 11, 7], "texture": "#0"}
			}
		},
		{
			"from": [9.5, 5.75, 8.5],
			"to": [10.5, 6, 9.5],
			"rotation": {"angle": 22.5, "axis": "x", "origin": [9.5, 6, 8.5]},
			"faces": {
				"north": {"uv": [9, 5, 11, 7], "texture": "#0"},
				"east": {"uv": [9, 5, 11, 7], "texture": "#0"},
				"south": {"uv": [9, 5, 11, 7], "texture": "#0"},
				"west": {"uv": [9, 5, 11, 7], "texture": "#0"},
				"up": {"uv": [9, 5, 11, 7], "texture": "#0"},
				"down": {"uv": [9, 5, 11, 7], "texture": "#0"}
			}
		},
		{
			"from": [9.5, 2.75, 6.5],
			"to": [10.5, 3, 7.5],
			"rotation": {"angle": -22.5, "axis": "x", "origin": [9.5, 3, 7.5]},
			"faces": {
				"north": {"uv": [9, 5, 11, 7], "texture": "#0"},
				"east": {"uv": [9, 5, 11, 7], "texture": "#0"},
				"south": {"uv": [9, 5, 11, 7], "texture": "#0"},
				"west": {"uv": [9, 5, 11, 7], "texture": "#0"},
				"up": {"uv": [9, 5, 11, 7], "texture": "#0"},
				"down": {"uv": [9, 5, 11, 7], "texture": "#0"}
			}
		},
		{
			"from": [9.5, 2.75, 7.5],
			"to": [10.5, 3, 8.5],
			"rotation": {"angle": 0, "axis": "y", "origin": [4.5, -5, 4]},
			"faces": {
				"north": {"uv": [9, 5, 11, 7], "texture": "#0"},
				"east": {"uv": [9, 5, 11, 7], "texture": "#0"},
				"south": {"uv": [9, 5, 11, 7], "texture": "#0"},
				"west": {"uv": [9, 5, 11, 7], "texture": "#0"},
				"up": {"uv": [9, 5, 11, 7], "texture": "#0"},
				"down": {"uv": [9, 5, 11, 7], "texture": "#0"}
			}
		},
		{
			"from": [9.5, 2.75, 8.5],
			"to": [10.5, 3, 9.5],
			"rotation": {"angle": 22.5, "axis": "x", "origin": [9.5, 3, 8.5]},
			"faces": {
				"north": {"uv": [9, 5, 11, 7], "texture": "#0"},
				"east": {"uv": [9, 5, 11, 7], "texture": "#0"},
				"south": {"uv": [9, 5, 11, 7], "texture": "#0"},
				"west": {"uv": [9, 5, 11, 7], "texture": "#0"},
				"up": {"uv": [9, 5, 11, 7], "texture": "#0"},
				"down": {"uv": [9, 5, 11, 7], "texture": "#0"}
			}
		},
		{
			"name": "hexadecagon",
			"from": [9.25, 7.30109, 7],
			"to": [9.75, 7.69891, 9],
			"rotation": {"angle": -45, "axis": "x", "origin": [9.5, 7.5, 8]},
			"faces": {
				"north": {"uv": [13, 9, 15, 11], "texture": "#0"},
				"east": {"uv": [13, 9, 15, 11], "texture": "#0"},
				"south": {"uv": [13, 9, 15, 11], "texture": "#0"},
				"west": {"uv": [13, 9, 15, 11], "texture": "#0"},
				"up": {"uv": [13, 9, 15, 11], "texture": "#0"},
				"down": {"uv": [13, 9, 15, 11], "texture": "#0"}
			}
		},
		{
			"name": "hexadecagon",
			"from": [9.25, 7.30109, 7],
			"to": [9.75, 7.69891, 9],
			"rotation": {"angle": -22.5, "axis": "x", "origin": [9.5, 7.5, 8]},
			"faces": {
				"north": {"uv": [13, 9, 15, 11], "texture": "#0"},
				"east": {"uv": [13, 9, 15, 11], "texture": "#0"},
				"south": {"uv": [13, 9, 15, 11], "texture": "#0"},
				"west": {"uv": [13, 9, 15, 11], "texture": "#0"},
				"up": {"uv": [13, 9, 15, 11], "texture": "#0"},
				"down": {"uv": [13, 9, 15, 11], "texture": "#0"}
			}
		},
		{
			"name": "hexadecagon",
			"from": [9.25, 7.30109, 7],
			"to": [9.75, 7.69891, 9],
			"rotation": {"angle": 0, "axis": "x", "origin": [9.5, 7.5, 8]},
			"faces": {
				"north": {"uv": [13, 9, 15, 11], "texture": "#0"},
				"east": {"uv": [13, 9, 15, 11], "texture": "#0"},
				"south": {"uv": [13, 9, 15, 11], "texture": "#0"},
				"west": {"uv": [13, 9, 15, 11], "texture": "#0"},
				"up": {"uv": [13, 9, 15, 11], "texture": "#0"},
				"down": {"uv": [13, 9, 15, 11], "texture": "#0"}
			}
		},
		{
			"name": "hexadecagon",
			"from": [9.25, 7.30109, 7],
			"to": [9.75, 7.69891, 9],
			"rotation": {"angle": 22.5, "axis": "x", "origin": [9.5, 7.5, 8]},
			"faces": {
				"north": {"uv": [13, 9, 15, 11], "texture": "#0"},
				"east": {"uv": [13, 9, 15, 11], "texture": "#0"},
				"south": {"uv": [13, 9, 15, 11], "texture": "#0"},
				"west": {"uv": [13, 9, 15, 11], "texture": "#0"},
				"up": {"uv": [13, 9, 15, 11], "texture": "#0"},
				"down": {"uv": [13, 9, 15, 11], "texture": "#0"}
			}
		},
		{
			"name": "hexadecagon",
			"from": [9.25, 7.30109, 7],
			"to": [9.75, 7.69891, 9],
			"rotation": {"angle": 45, "axis": "x", "origin": [9.5, 7.5, 8]},
			"faces": {
				"north": {"uv": [13, 9, 15, 11], "texture": "#0"},
				"east": {"uv": [13, 9, 15, 11], "texture": "#0"},
				"south": {"uv": [13, 9, 15, 11], "texture": "#0"},
				"west": {"uv": [13, 9, 15, 11], "texture": "#0"},
				"up": {"uv": [13, 9, 15, 11], "texture": "#0"},
				"down": {"uv": [13, 9, 15, 11], "texture": "#0"}
			}
		},
		{
			"name": "hexadecagon",
			"from": [9.25, 6.5, 7.80109],
			"to": [9.75, 8.5, 8.19891],
			"rotation": {"angle": -22.5, "axis": "x", "origin": [9.5, 7.5, 8]},
			"faces": {
				"north": {"uv": [13, 9, 15, 11], "texture": "#0"},
				"east": {"uv": [13, 9, 15, 11], "texture": "#0"},
				"south": {"uv": [13, 9, 15, 11], "texture": "#0"},
				"west": {"uv": [13, 9, 15, 11], "texture": "#0"},
				"up": {"uv": [13, 9, 15, 11], "texture": "#0"},
				"down": {"uv": [13, 9, 15, 11], "texture": "#0"}
			}
		},
		{
			"name": "hexadecagon",
			"from": [9.25, 6.5, 7.80109],
			"to": [9.75, 8.5, 8.19891],
			"rotation": {"angle": 0, "axis": "x", "origin": [9.5, 7.5, 8]},
			"faces": {
				"north": {"uv": [13, 9, 15, 11], "texture": "#0"},
				"east": {"uv": [13, 9, 15, 11], "texture": "#0"},
				"south": {"uv": [13, 9, 15, 11], "texture": "#0"},
				"west": {"uv": [13, 9, 15, 11], "texture": "#0"},
				"up": {"uv": [13, 9, 15, 11], "texture": "#0"},
				"down": {"uv": [13, 9, 15, 11], "texture": "#0"}
			}
		},
		{
			"name": "hexadecagon",
			"from": [9.25, 6.5, 7.80109],
			"to": [9.75, 8.5, 8.19891],
			"rotation": {"angle": 22.5, "axis": "x", "origin": [9.5, 7.5, 8]},
			"faces": {
				"north": {"uv": [13, 9, 15, 11], "texture": "#0"},
				"east": {"uv": [13, 9, 15, 11], "texture": "#0"},
				"south": {"uv": [13, 9, 15, 11], "texture": "#0"},
				"west": {"uv": [13, 9, 15, 11], "texture": "#0"},
				"up": {"uv": [13, 9, 15, 11], "texture": "#0"},
				"down": {"uv": [13, 9, 15, 11], "texture": "#0"}
			}
		},
		{
			"name": "hexadecagon",
			"from": [9.375, 7.27622, 6.875],
			"to": [9.875, 7.72378, 7],
			"rotation": {"angle": -45, "axis": "x", "origin": [9.625, 7.5, 8]},
			"faces": {
				"north": {"uv": [9, 1, 11, 3], "texture": "#0"},
				"east": {"uv": [9, 1, 11, 3], "texture": "#0"},
				"south": {"uv": [9, 1, 11, 3], "texture": "#0"},
				"west": {"uv": [9, 1, 11, 3], "texture": "#0"},
				"up": {"uv": [9, 1, 11, 3], "texture": "#0"},
				"down": {"uv": [9, 1, 11, 3], "texture": "#0"}
			}
		},
		{
			"name": "hexadecagon",
			"from": [9.375, 7.27622, 6.875],
			"to": [9.875, 7.72378, 7],
			"rotation": {"angle": -22.5, "axis": "x", "origin": [9.625, 7.5, 8]},
			"faces": {
				"north": {"uv": [9, 1, 11, 3], "texture": "#0"},
				"east": {"uv": [9, 1, 11, 3], "texture": "#0"},
				"south": {"uv": [9, 1, 11, 3], "texture": "#0"},
				"west": {"uv": [9, 1, 11, 3], "texture": "#0"},
				"up": {"uv": [9, 1, 11, 3], "texture": "#0"},
				"down": {"uv": [9, 1, 11, 3], "texture": "#0"}
			}
		},
		{
			"name": "hexadecagon",
			"from": [9.375, 7.27622, 6.875],
			"to": [9.875, 7.72378, 7],
			"rotation": {"angle": 0, "axis": "x", "origin": [9.625, 7.5, 8]},
			"faces": {
				"north": {"uv": [9, 1, 11, 3], "texture": "#0"},
				"east": {"uv": [9, 1, 11, 3], "texture": "#0"},
				"south": {"uv": [9, 1, 11, 3], "texture": "#0"},
				"west": {"uv": [9, 1, 11, 3], "texture": "#0"},
				"up": {"uv": [9, 1, 11, 3], "texture": "#0"},
				"down": {"uv": [9, 1, 11, 3], "texture": "#0"}
			}
		},
		{
			"name": "hexadecagon",
			"from": [9.375, 7.27622, 6.875],
			"to": [9.875, 7.72378, 7],
			"rotation": {"angle": 22.5, "axis": "x", "origin": [9.625, 7.5, 8]},
			"faces": {
				"north": {"uv": [9, 1, 11, 3], "texture": "#0"},
				"east": {"uv": [9, 1, 11, 3], "texture": "#0"},
				"south": {"uv": [9, 1, 11, 3], "texture": "#0"},
				"west": {"uv": [9, 1, 11, 3], "texture": "#0"},
				"up": {"uv": [9, 1, 11, 3], "texture": "#0"},
				"down": {"uv": [9, 1, 11, 3], "texture": "#0"}
			}
		},
		{
			"name": "hexadecagon",
			"from": [9.375, 7.27622, 6.875],
			"to": [9.875, 7.72378, 7],
			"rotation": {"angle": 45, "axis": "x", "origin": [9.625, 7.5, 8]},
			"faces": {
				"north": {"uv": [9, 1, 11, 3], "texture": "#0"},
				"east": {"uv": [9, 1, 11, 3], "texture": "#0"},
				"south": {"uv": [9, 1, 11, 3], "texture": "#0"},
				"west": {"uv": [9, 1, 11, 3], "texture": "#0"},
				"up": {"uv": [9, 1, 11, 3], "texture": "#0"},
				"down": {"uv": [9, 1, 11, 3], "texture": "#0"}
			}
		},
		{
			"name": "hexadecagon",
			"from": [9.375, 7.27622, 9],
			"to": [9.875, 7.72378, 9.125],
			"rotation": {"angle": -45, "axis": "x", "origin": [9.625, 7.5, 8]},
			"faces": {
				"north": {"uv": [9, 1, 11, 3], "texture": "#0"},
				"east": {"uv": [9, 1, 11, 3], "texture": "#0"},
				"south": {"uv": [9, 1, 11, 3], "texture": "#0"},
				"west": {"uv": [9, 1, 11, 3], "texture": "#0"},
				"up": {"uv": [9, 1, 11, 3], "texture": "#0"},
				"down": {"uv": [9, 1, 11, 3], "texture": "#0"}
			}
		},
		{
			"name": "hexadecagon",
			"from": [9.375, 7.27622, 9],
			"to": [9.875, 7.72378, 9.125],
			"rotation": {"angle": -22.5, "axis": "x", "origin": [9.625, 7.5, 8]},
			"faces": {
				"north": {"uv": [9, 1, 11, 3], "texture": "#0"},
				"east": {"uv": [9, 1, 11, 3], "texture": "#0"},
				"south": {"uv": [9, 1, 11, 3], "texture": "#0"},
				"west": {"uv": [9, 1, 11, 3], "texture": "#0"},
				"up": {"uv": [9, 1, 11, 3], "texture": "#0"},
				"down": {"uv": [9, 1, 11, 3], "texture": "#0"}
			}
		},
		{
			"name": "hexadecagon",
			"from": [9.375, 7.27622, 9],
			"to": [9.875, 7.72378, 9.125],
			"rotation": {"angle": 0, "axis": "x", "origin": [9.625, 7.5, 8]},
			"faces": {
				"north": {"uv": [9, 1, 11, 3], "texture": "#0"},
				"east": {"uv": [9, 1, 11, 3], "texture": "#0"},
				"south": {"uv": [9, 1, 11, 3], "texture": "#0"},
				"west": {"uv": [9, 1, 11, 3], "texture": "#0"},
				"up": {"uv": [9, 1, 11, 3], "texture": "#0"},
				"down": {"uv": [9, 1, 11, 3], "texture": "#0"}
			}
		},
		{
			"name": "hexadecagon",
			"from": [9.375, 7.27622, 9],
			"to": [9.875, 7.72378, 9.125],
			"rotation": {"angle": 22.5, "axis": "x", "origin": [9.625, 7.5, 8]},
			"faces": {
				"north": {"uv": [9, 1, 11, 3], "texture": "#0"},
				"east": {"uv": [9, 1, 11, 3], "texture": "#0"},
				"south": {"uv": [9, 1, 11, 3], "texture": "#0"},
				"west": {"uv": [9, 1, 11, 3], "texture": "#0"},
				"up": {"uv": [9, 1, 11, 3], "texture": "#0"},
				"down": {"uv": [9, 1, 11, 3], "texture": "#0"}
			}
		},
		{
			"name": "hexadecagon",
			"from": [9.375, 7.27622, 9],
			"to": [9.875, 7.72378, 9.125],
			"rotation": {"angle": 45, "axis": "x", "origin": [9.625, 7.5, 8]},
			"faces": {
				"north": {"uv": [9, 1, 11, 3], "texture": "#0"},
				"east": {"uv": [9, 1, 11, 3], "texture": "#0"},
				"south": {"uv": [9, 1, 11, 3], "texture": "#0"},
				"west": {"uv": [9, 1, 11, 3], "texture": "#0"},
				"up": {"uv": [9, 1, 11, 3], "texture": "#0"},
				"down": {"uv": [9, 1, 11, 3], "texture": "#0"}
			}
		},
		{
			"name": "hexadecagon",
			"from": [9.375, 6.375, 7.77622],
			"to": [9.875, 6.5, 8.22378],
			"rotation": {"angle": -22.5, "axis": "x", "origin": [9.625, 7.5, 8]},
			"faces": {
				"north": {"uv": [9, 1, 11, 3], "texture": "#0"},
				"east": {"uv": [9, 1, 11, 3], "texture": "#0"},
				"south": {"uv": [9, 1, 11, 3], "texture": "#0"},
				"west": {"uv": [9, 1, 11, 3], "texture": "#0"},
				"up": {"uv": [9, 1, 11, 3], "texture": "#0"},
				"down": {"uv": [9, 1, 11, 3], "texture": "#0"}
			}
		},
		{
			"name": "hexadecagon",
			"from": [9.375, 6.375, 7.77622],
			"to": [9.875, 6.5, 8.22378],
			"rotation": {"angle": 0, "axis": "x", "origin": [9.625, 7.5, 8]},
			"faces": {
				"north": {"uv": [9, 1, 11, 3], "texture": "#0"},
				"east": {"uv": [9, 1, 11, 3], "texture": "#0"},
				"south": {"uv": [9, 1, 11, 3], "texture": "#0"},
				"west": {"uv": [9, 1, 11, 3], "texture": "#0"},
				"up": {"uv": [9, 1, 11, 3], "texture": "#0"},
				"down": {"uv": [9, 1, 11, 3], "texture": "#0"}
			}
		},
		{
			"name": "hexadecagon",
			"from": [9.375, 6.375, 7.77622],
			"to": [9.875, 6.5, 8.22378],
			"rotation": {"angle": 22.5, "axis": "x", "origin": [9.625, 7.5, 8]},
			"faces": {
				"north": {"uv": [9, 1, 11, 3], "texture": "#0"},
				"east": {"uv": [9, 1, 11, 3], "texture": "#0"},
				"south": {"uv": [9, 1, 11, 3], "texture": "#0"},
				"west": {"uv": [9, 1, 11, 3], "texture": "#0"},
				"up": {"uv": [9, 1, 11, 3], "texture": "#0"},
				"down": {"uv": [9, 1, 11, 3], "texture": "#0"}
			}
		},
		{
			"name": "hexadecagon",
			"from": [9.375, 8.5, 7.77622],
			"to": [9.875, 8.625, 8.22378],
			"rotation": {"angle": -22.5, "axis": "x", "origin": [9.625, 7.5, 8]},
			"faces": {
				"north": {"uv": [9, 1, 11, 3], "texture": "#0"},
				"east": {"uv": [9, 1, 11, 3], "texture": "#0"},
				"south": {"uv": [9, 1, 11, 3], "texture": "#0"},
				"west": {"uv": [9, 1, 11, 3], "texture": "#0"},
				"up": {"uv": [9, 1, 11, 3], "texture": "#0"},
				"down": {"uv": [9, 1, 11, 3], "texture": "#0"}
			}
		},
		{
			"name": "hexadecagon",
			"from": [9.375, 8.5, 7.77622],
			"to": [9.875, 8.625, 8.22378],
			"rotation": {"angle": 0, "axis": "x", "origin": [9.625, 7.5, 8]},
			"faces": {
				"north": {"uv": [9, 1, 11, 3], "texture": "#0"},
				"east": {"uv": [9, 1, 11, 3], "texture": "#0"},
				"south": {"uv": [9, 1, 11, 3], "texture": "#0"},
				"west": {"uv": [9, 1, 11, 3], "texture": "#0"},
				"up": {"uv": [9, 1, 11, 3], "texture": "#0"},
				"down": {"uv": [9, 1, 11, 3], "texture": "#0"}
			}
		},
		{
			"name": "hexadecagon",
			"from": [9.375, 8.5, 7.77622],
			"to": [9.875, 8.625, 8.22378],
			"rotation": {"angle": 22.5, "axis": "x", "origin": [9.625, 7.5, 8]},
			"faces": {
				"north": {"uv": [9, 1, 11, 3], "texture": "#0"},
				"east": {"uv": [9, 1, 11, 3], "texture": "#0"},
				"south": {"uv": [9, 1, 11, 3], "texture": "#0"},
				"west": {"uv": [9, 1, 11, 3], "texture": "#0"},
				"up": {"uv": [9, 1, 11, 3], "texture": "#0"},
				"down": {"uv": [9, 1, 11, 3], "texture": "#0"}
			}
		},
		{
			"name": "hexadecagon",
			"from": [9.375, 4.27622, 6.875],
			"to": [9.875, 4.72378, 7],
			"rotation": {"angle": -45, "axis": "x", "origin": [9.625, 4.5, 8]},
			"faces": {
				"north": {"uv": [9, 1, 11, 3], "texture": "#0"},
				"east": {"uv": [9, 1, 11, 3], "texture": "#0"},
				"south": {"uv": [9, 1, 11, 3], "texture": "#0"},
				"west": {"uv": [9, 1, 11, 3], "texture": "#0"},
				"up": {"uv": [9, 1, 11, 3], "texture": "#0"},
				"down": {"uv": [9, 1, 11, 3], "texture": "#0"}
			}
		},
		{
			"name": "hexadecagon",
			"from": [9.375, 4.27622, 6.875],
			"to": [9.875, 4.72378, 7],
			"rotation": {"angle": -22.5, "axis": "x", "origin": [9.625, 4.5, 8]},
			"faces": {
				"north": {"uv": [9, 1, 11, 3], "texture": "#0"},
				"east": {"uv": [9, 1, 11, 3], "texture": "#0"},
				"south": {"uv": [9, 1, 11, 3], "texture": "#0"},
				"west": {"uv": [9, 1, 11, 3], "texture": "#0"},
				"up": {"uv": [9, 1, 11, 3], "texture": "#0"},
				"down": {"uv": [9, 1, 11, 3], "texture": "#0"}
			}
		},
		{
			"name": "hexadecagon",
			"from": [9.375, 4.27622, 6.875],
			"to": [9.875, 4.72378, 7],
			"rotation": {"angle": 0, "axis": "x", "origin": [9.625, 4.5, 8]},
			"faces": {
				"north": {"uv": [9, 1, 11, 3], "texture": "#0"},
				"east": {"uv": [9, 1, 11, 3], "texture": "#0"},
				"south": {"uv": [9, 1, 11, 3], "texture": "#0"},
				"west": {"uv": [9, 1, 11, 3], "texture": "#0"},
				"up": {"uv": [9, 1, 11, 3], "texture": "#0"},
				"down": {"uv": [9, 1, 11, 3], "texture": "#0"}
			}
		},
		{
			"name": "hexadecagon",
			"from": [9.375, 4.27622, 6.875],
			"to": [9.875, 4.72378, 7],
			"rotation": {"angle": 22.5, "axis": "x", "origin": [9.625, 4.5, 8]},
			"faces": {
				"north": {"uv": [9, 1, 11, 3], "texture": "#0"},
				"east": {"uv": [9, 1, 11, 3], "texture": "#0"},
				"south": {"uv": [9, 1, 11, 3], "texture": "#0"},
				"west": {"uv": [9, 1, 11, 3], "texture": "#0"},
				"up": {"uv": [9, 1, 11, 3], "texture": "#0"},
				"down": {"uv": [9, 1, 11, 3], "texture": "#0"}
			}
		},
		{
			"name": "hexadecagon",
			"from": [9.375, 4.27622, 6.875],
			"to": [9.875, 4.72378, 7],
			"rotation": {"angle": 45, "axis": "x", "origin": [9.625, 4.5, 8]},
			"faces": {
				"north": {"uv": [9, 1, 11, 3], "texture": "#0"},
				"east": {"uv": [9, 1, 11, 3], "texture": "#0"},
				"south": {"uv": [9, 1, 11, 3], "texture": "#0"},
				"west": {"uv": [9, 1, 11, 3], "texture": "#0"},
				"up": {"uv": [9, 1, 11, 3], "texture": "#0"},
				"down": {"uv": [9, 1, 11, 3], "texture": "#0"}
			}
		},
		{
			"name": "hexadecagon",
			"from": [9.375, 4.27622, 9],
			"to": [9.875, 4.72378, 9.125],
			"rotation": {"angle": -45, "axis": "x", "origin": [9.625, 4.5, 8]},
			"faces": {
				"north": {"uv": [9, 1, 11, 3], "texture": "#0"},
				"east": {"uv": [9, 1, 11, 3], "texture": "#0"},
				"south": {"uv": [9, 1, 11, 3], "texture": "#0"},
				"west": {"uv": [9, 1, 11, 3], "texture": "#0"},
				"up": {"uv": [9, 1, 11, 3], "texture": "#0"},
				"down": {"uv": [9, 1, 11, 3], "texture": "#0"}
			}
		},
		{
			"name": "hexadecagon",
			"from": [9.375, 4.27622, 9],
			"to": [9.875, 4.72378, 9.125],
			"rotation": {"angle": -22.5, "axis": "x", "origin": [9.625, 4.5, 8]},
			"faces": {
				"north": {"uv": [9, 1, 11, 3], "texture": "#0"},
				"east": {"uv": [9, 1, 11, 3], "texture": "#0"},
				"south": {"uv": [9, 1, 11, 3], "texture": "#0"},
				"west": {"uv": [9, 1, 11, 3], "texture": "#0"},
				"up": {"uv": [9, 1, 11, 3], "texture": "#0"},
				"down": {"uv": [9, 1, 11, 3], "texture": "#0"}
			}
		},
		{
			"name": "hexadecagon",
			"from": [9.375, 4.27622, 9],
			"to": [9.875, 4.72378, 9.125],
			"rotation": {"angle": 0, "axis": "x", "origin": [9.625, 4.5, 8]},
			"faces": {
				"north": {"uv": [9, 1, 11, 3], "texture": "#0"},
				"east": {"uv": [9, 1, 11, 3], "texture": "#0"},
				"south": {"uv": [9, 1, 11, 3], "texture": "#0"},
				"west": {"uv": [9, 1, 11, 3], "texture": "#0"},
				"up": {"uv": [9, 1, 11, 3], "texture": "#0"},
				"down": {"uv": [9, 1, 11, 3], "texture": "#0"}
			}
		},
		{
			"name": "hexadecagon",
			"from": [9.375, 4.27622, 9],
			"to": [9.875, 4.72378, 9.125],
			"rotation": {"angle": 22.5, "axis": "x", "origin": [9.625, 4.5, 8]},
			"faces": {
				"north": {"uv": [9, 1, 11, 3], "texture": "#0"},
				"east": {"uv": [9, 1, 11, 3], "texture": "#0"},
				"south": {"uv": [9, 1, 11, 3], "texture": "#0"},
				"west": {"uv": [9, 1, 11, 3], "texture": "#0"},
				"up": {"uv": [9, 1, 11, 3], "texture": "#0"},
				"down": {"uv": [9, 1, 11, 3], "texture": "#0"}
			}
		},
		{
			"name": "hexadecagon",
			"from": [9.375, 4.27622, 9],
			"to": [9.875, 4.72378, 9.125],
			"rotation": {"angle": 45, "axis": "x", "origin": [9.625, 4.5, 8]},
			"faces": {
				"north": {"uv": [9, 1, 11, 3], "texture": "#0"},
				"east": {"uv": [9, 1, 11, 3], "texture": "#0"},
				"south": {"uv": [9, 1, 11, 3], "texture": "#0"},
				"west": {"uv": [9, 1, 11, 3], "texture": "#0"},
				"up": {"uv": [9, 1, 11, 3], "texture": "#0"},
				"down": {"uv": [9, 1, 11, 3], "texture": "#0"}
			}
		},
		{
			"name": "hexadecagon",
			"from": [9.375, 3.375, 7.77622],
			"to": [9.875, 3.5, 8.22378],
			"rotation": {"angle": -22.5, "axis": "x", "origin": [9.625, 4.5, 8]},
			"faces": {
				"north": {"uv": [9, 1, 11, 3], "texture": "#0"},
				"east": {"uv": [9, 1, 11, 3], "texture": "#0"},
				"south": {"uv": [9, 1, 11, 3], "texture": "#0"},
				"west": {"uv": [9, 1, 11, 3], "texture": "#0"},
				"up": {"uv": [9, 1, 11, 3], "texture": "#0"},
				"down": {"uv": [9, 1, 11, 3], "texture": "#0"}
			}
		},
		{
			"name": "hexadecagon",
			"from": [9.375, 3.375, 7.77622],
			"to": [9.875, 3.5, 8.22378],
			"rotation": {"angle": 0, "axis": "x", "origin": [9.625, 4.5, 8]},
			"faces": {
				"north": {"uv": [9, 1, 11, 3], "texture": "#0"},
				"east": {"uv": [9, 1, 11, 3], "texture": "#0"},
				"south": {"uv": [9, 1, 11, 3], "texture": "#0"},
				"west": {"uv": [9, 1, 11, 3], "texture": "#0"},
				"up": {"uv": [9, 1, 11, 3], "texture": "#0"},
				"down": {"uv": [9, 1, 11, 3], "texture": "#0"}
			}
		},
		{
			"name": "hexadecagon",
			"from": [9.375, 3.375, 7.77622],
			"to": [9.875, 3.5, 8.22378],
			"rotation": {"angle": 22.5, "axis": "x", "origin": [9.625, 4.5, 8]},
			"faces": {
				"north": {"uv": [9, 1, 11, 3], "texture": "#0"},
				"east": {"uv": [9, 1, 11, 3], "texture": "#0"},
				"south": {"uv": [9, 1, 11, 3], "texture": "#0"},
				"west": {"uv": [9, 1, 11, 3], "texture": "#0"},
				"up": {"uv": [9, 1, 11, 3], "texture": "#0"},
				"down": {"uv": [9, 1, 11, 3], "texture": "#0"}
			}
		},
		{
			"name": "hexadecagon",
			"from": [9.375, 5.5, 7.77622],
			"to": [9.875, 5.625, 8.22378],
			"rotation": {"angle": -22.5, "axis": "x", "origin": [9.625, 4.5, 8]},
			"faces": {
				"north": {"uv": [9, 1, 11, 3], "texture": "#0"},
				"east": {"uv": [9, 1, 11, 3], "texture": "#0"},
				"south": {"uv": [9, 1, 11, 3], "texture": "#0"},
				"west": {"uv": [9, 1, 11, 3], "texture": "#0"},
				"up": {"uv": [9, 1, 11, 3], "texture": "#0"},
				"down": {"uv": [9, 1, 11, 3], "texture": "#0"}
			}
		},
		{
			"name": "hexadecagon",
			"from": [9.375, 5.5, 7.77622],
			"to": [9.875, 5.625, 8.22378],
			"rotation": {"angle": 0, "axis": "x", "origin": [9.625, 4.5, 8]},
			"faces": {
				"north": {"uv": [9, 1, 11, 3], "texture": "#0"},
				"east": {"uv": [9, 1, 11, 3], "texture": "#0"},
				"south": {"uv": [9, 1, 11, 3], "texture": "#0"},
				"west": {"uv": [9, 1, 11, 3], "texture": "#0"},
				"up": {"uv": [9, 1, 11, 3], "texture": "#0"},
				"down": {"uv": [9, 1, 11, 3], "texture": "#0"}
			}
		},
		{
			"name": "hexadecagon",
			"from": [9.375, 5.5, 7.77622],
			"to": [9.875, 5.625, 8.22378],
			"rotation": {"angle": 22.5, "axis": "x", "origin": [9.625, 4.5, 8]},
			"faces": {
				"north": {"uv": [9, 1, 11, 3], "texture": "#0"},
				"east": {"uv": [9, 1, 11, 3], "texture": "#0"},
				"south": {"uv": [9, 1, 11, 3], "texture": "#0"},
				"west": {"uv": [9, 1, 11, 3], "texture": "#0"},
				"up": {"uv": [9, 1, 11, 3], "texture": "#0"},
				"down": {"uv": [9, 1, 11, 3], "texture": "#0"}
			}
		},
		{
			"name": "hexadecagon",
			"from": [9.25, 4.30109, 7],
			"to": [9.75, 4.69891, 9],
			"rotation": {"angle": -45, "axis": "x", "origin": [9.5, 4.5, 8]},
			"faces": {
				"north": {"uv": [13, 5, 15, 7], "texture": "#0"},
				"east": {"uv": [13, 5, 15, 7], "texture": "#0"},
				"south": {"uv": [13, 5, 15, 7], "texture": "#0"},
				"west": {"uv": [13, 5, 15, 7], "texture": "#0"},
				"up": {"uv": [13, 5, 15, 7], "texture": "#0"},
				"down": {"uv": [13, 5, 15, 7], "texture": "#0"}
			}
		},
		{
			"name": "hexadecagon",
			"from": [9.25, 4.30109, 7],
			"to": [9.75, 4.69891, 9],
			"rotation": {"angle": -22.5, "axis": "x", "origin": [9.5, 4.5, 8]},
			"faces": {
				"north": {"uv": [13, 5, 15, 7], "texture": "#0"},
				"east": {"uv": [13, 5, 15, 7], "texture": "#0"},
				"south": {"uv": [13, 5, 15, 7], "texture": "#0"},
				"west": {"uv": [13, 5, 15, 7], "texture": "#0"},
				"up": {"uv": [13, 5, 15, 7], "texture": "#0"},
				"down": {"uv": [13, 5, 15, 7], "texture": "#0"}
			}
		},
		{
			"name": "hexadecagon",
			"from": [9.25, 4.30109, 7],
			"to": [9.75, 4.69891, 9],
			"rotation": {"angle": 0, "axis": "x", "origin": [9.5, 4.5, 8]},
			"faces": {
				"north": {"uv": [13, 5, 15, 7], "texture": "#0"},
				"east": {"uv": [13, 5, 15, 7], "texture": "#0"},
				"south": {"uv": [13, 5, 15, 7], "texture": "#0"},
				"west": {"uv": [13, 5, 15, 7], "texture": "#0"},
				"up": {"uv": [13, 5, 15, 7], "texture": "#0"},
				"down": {"uv": [13, 5, 15, 7], "texture": "#0"}
			}
		},
		{
			"name": "hexadecagon",
			"from": [9.25, 4.30109, 7],
			"to": [9.75, 4.69891, 9],
			"rotation": {"angle": 22.5, "axis": "x", "origin": [9.5, 4.5, 8]},
			"faces": {
				"north": {"uv": [13, 5, 15, 7], "texture": "#0"},
				"east": {"uv": [13, 5, 15, 7], "texture": "#0"},
				"south": {"uv": [13, 5, 15, 7], "texture": "#0"},
				"west": {"uv": [13, 5, 15, 7], "texture": "#0"},
				"up": {"uv": [13, 5, 15, 7], "texture": "#0"},
				"down": {"uv": [13, 5, 15, 7], "texture": "#0"}
			}
		},
		{
			"name": "hexadecagon",
			"from": [9.25, 4.30109, 7],
			"to": [9.75, 4.69891, 9],
			"rotation": {"angle": 45, "axis": "x", "origin": [9.5, 4.5, 8]},
			"faces": {
				"north": {"uv": [13, 5, 15, 7], "texture": "#0"},
				"east": {"uv": [13, 5, 15, 7], "texture": "#0"},
				"south": {"uv": [13, 5, 15, 7], "texture": "#0"},
				"west": {"uv": [13, 5, 15, 7], "texture": "#0"},
				"up": {"uv": [13, 5, 15, 7], "texture": "#0"},
				"down": {"uv": [13, 5, 15, 7], "texture": "#0"}
			}
		},
		{
			"name": "hexadecagon",
			"from": [9.25, 3.5, 7.80109],
			"to": [9.75, 5.5, 8.19891],
			"rotation": {"angle": -22.5, "axis": "x", "origin": [9.5, 4.5, 8]},
			"faces": {
				"north": {"uv": [13, 5, 15, 7], "texture": "#0"},
				"east": {"uv": [13, 5, 15, 7], "texture": "#0"},
				"south": {"uv": [13, 5, 15, 7], "texture": "#0"},
				"west": {"uv": [13, 5, 15, 7], "texture": "#0"},
				"up": {"uv": [13, 5, 15, 7], "texture": "#0"},
				"down": {"uv": [13, 5, 15, 7], "texture": "#0"}
			}
		},
		{
			"name": "hexadecagon",
			"from": [9.25, 3.5, 7.80109],
			"to": [9.75, 5.5, 8.19891],
			"rotation": {"angle": 0, "axis": "x", "origin": [9.5, 4.5, 8]},
			"faces": {
				"north": {"uv": [13, 5, 15, 7], "texture": "#0"},
				"east": {"uv": [13, 5, 15, 7], "texture": "#0"},
				"south": {"uv": [13, 5, 15, 7], "texture": "#0"},
				"west": {"uv": [13, 5, 15, 7], "texture": "#0"},
				"up": {"uv": [13, 5, 15, 7], "texture": "#0"},
				"down": {"uv": [13, 5, 15, 7], "texture": "#0"}
			}
		},
		{
			"name": "hexadecagon",
			"from": [9.25, 3.5, 7.80109],
			"to": [9.75, 5.5, 8.19891],
			"rotation": {"angle": 22.5, "axis": "x", "origin": [9.5, 4.5, 8]},
			"faces": {
				"north": {"uv": [13, 5, 15, 7], "texture": "#0"},
				"east": {"uv": [13, 5, 15, 7], "texture": "#0"},
				"south": {"uv": [13, 5, 15, 7], "texture": "#0"},
				"west": {"uv": [13, 5, 15, 7], "texture": "#0"},
				"up": {"uv": [13, 5, 15, 7], "texture": "#0"},
				"down": {"uv": [13, 5, 15, 7], "texture": "#0"}
			}
		},
		{
			"name": "hexadecagon",
			"from": [9.25, 1.30109, 7],
			"to": [9.75, 1.69891, 9],
			"rotation": {"angle": -45, "axis": "x", "origin": [9.5, 1.5, 8]},
			"faces": {
				"north": {"uv": [13, 1, 15, 3], "texture": "#0"},
				"east": {"uv": [13, 1, 15, 3], "texture": "#0"},
				"south": {"uv": [13, 1, 15, 3], "texture": "#0"},
				"west": {"uv": [13, 1, 15, 3], "texture": "#0"},
				"up": {"uv": [13, 1, 15, 3], "texture": "#0"},
				"down": {"uv": [13, 1, 15, 3], "texture": "#0"}
			}
		},
		{
			"name": "hexadecagon",
			"from": [9.25, 1.30109, 7],
			"to": [9.75, 1.69891, 9],
			"rotation": {"angle": -22.5, "axis": "x", "origin": [9.5, 1.5, 8]},
			"faces": {
				"north": {"uv": [13, 1, 15, 3], "texture": "#0"},
				"east": {"uv": [13, 1, 15, 3], "texture": "#0"},
				"south": {"uv": [13, 1, 15, 3], "texture": "#0"},
				"west": {"uv": [13, 1, 15, 3], "texture": "#0"},
				"up": {"uv": [13, 1, 15, 3], "texture": "#0"},
				"down": {"uv": [13, 1, 15, 3], "texture": "#0"}
			}
		},
		{
			"name": "hexadecagon",
			"from": [9.25, 1.30109, 7],
			"to": [9.75, 1.69891, 9],
			"rotation": {"angle": 0, "axis": "x", "origin": [9.5, 1.5, 8]},
			"faces": {
				"north": {"uv": [13, 1, 15, 3], "texture": "#0"},
				"east": {"uv": [13, 1, 15, 3], "texture": "#0"},
				"south": {"uv": [13, 1, 15, 3], "texture": "#0"},
				"west": {"uv": [13, 1, 15, 3], "texture": "#0"},
				"up": {"uv": [13, 1, 15, 3], "texture": "#0"},
				"down": {"uv": [13, 1, 15, 3], "texture": "#0"}
			}
		},
		{
			"name": "hexadecagon",
			"from": [9.25, 1.30109, 7],
			"to": [9.75, 1.69891, 9],
			"rotation": {"angle": 22.5, "axis": "x", "origin": [9.5, 1.5, 8]},
			"faces": {
				"north": {"uv": [13, 1, 15, 3], "texture": "#0"},
				"east": {"uv": [13, 1, 15, 3], "texture": "#0"},
				"south": {"uv": [13, 1, 15, 3], "texture": "#0"},
				"west": {"uv": [13, 1, 15, 3], "texture": "#0"},
				"up": {"uv": [13, 1, 15, 3], "texture": "#0"},
				"down": {"uv": [13, 1, 15, 3], "texture": "#0"}
			}
		},
		{
			"name": "hexadecagon",
			"from": [9.25, 1.30109, 7],
			"to": [9.75, 1.69891, 9],
			"rotation": {"angle": 45, "axis": "x", "origin": [9.5, 1.5, 8]},
			"faces": {
				"north": {"uv": [13, 1, 15, 3], "texture": "#0"},
				"east": {"uv": [13, 1, 15, 3], "texture": "#0"},
				"south": {"uv": [13, 1, 15, 3], "texture": "#0"},
				"west": {"uv": [13, 1, 15, 3], "texture": "#0"},
				"up": {"uv": [13, 1, 15, 3], "texture": "#0"},
				"down": {"uv": [13, 1, 15, 3], "texture": "#0"}
			}
		},
		{
			"name": "hexadecagon",
			"from": [9.25, 0.5, 7.80109],
			"to": [9.75, 2.5, 8.19891],
			"rotation": {"angle": -22.5, "axis": "x", "origin": [9.5, 1.5, 8]},
			"faces": {
				"north": {"uv": [13, 1, 15, 3], "texture": "#0"},
				"east": {"uv": [13, 1, 15, 3], "texture": "#0"},
				"south": {"uv": [13, 1, 15, 3], "texture": "#0"},
				"west": {"uv": [13, 1, 15, 3], "texture": "#0"},
				"up": {"uv": [13, 1, 15, 3], "texture": "#0"},
				"down": {"uv": [13, 1, 15, 3], "texture": "#0"}
			}
		},
		{
			"name": "hexadecagon",
			"from": [9.25, 0.5, 7.80109],
			"to": [9.75, 2.5, 8.19891],
			"rotation": {"angle": 0, "axis": "x", "origin": [9.5, 1.5, 8]},
			"faces": {
				"north": {"uv": [13, 1, 15, 3], "texture": "#0"},
				"east": {"uv": [13, 1, 15, 3], "texture": "#0"},
				"south": {"uv": [13, 1, 15, 3], "texture": "#0"},
				"west": {"uv": [13, 1, 15, 3], "texture": "#0"},
				"up": {"uv": [13, 1, 15, 3], "texture": "#0"},
				"down": {"uv": [13, 1, 15, 3], "texture": "#0"}
			}
		},
		{
			"name": "hexadecagon",
			"from": [9.25, 0.5, 7.80109],
			"to": [9.75, 2.5, 8.19891],
			"rotation": {"angle": 22.5, "axis": "x", "origin": [9.5, 1.5, 8]},
			"faces": {
				"north": {"uv": [13, 1, 15, 3], "texture": "#0"},
				"east": {"uv": [13, 1, 15, 3], "texture": "#0"},
				"south": {"uv": [13, 1, 15, 3], "texture": "#0"},
				"west": {"uv": [13, 1, 15, 3], "texture": "#0"},
				"up": {"uv": [13, 1, 15, 3], "texture": "#0"},
				"down": {"uv": [13, 1, 15, 3], "texture": "#0"}
			}
		},
		{
			"name": "hexadecagon",
			"from": [9.375, 1.27622, 6.875],
			"to": [9.875, 1.72378, 7],
			"rotation": {"angle": -45, "axis": "x", "origin": [9.625, 1.5, 8]},
			"faces": {
				"north": {"uv": [9, 1, 11, 3], "texture": "#0"},
				"east": {"uv": [9, 1, 11, 3], "texture": "#0"},
				"south": {"uv": [9, 1, 11, 3], "texture": "#0"},
				"west": {"uv": [9, 1, 11, 3], "texture": "#0"},
				"up": {"uv": [9, 1, 11, 3], "texture": "#0"},
				"down": {"uv": [9, 1, 11, 3], "texture": "#0"}
			}
		},
		{
			"name": "hexadecagon",
			"from": [9.375, 1.27622, 6.875],
			"to": [9.875, 1.72378, 7],
			"rotation": {"angle": -22.5, "axis": "x", "origin": [9.625, 1.5, 8]},
			"faces": {
				"north": {"uv": [9, 1, 11, 3], "texture": "#0"},
				"east": {"uv": [9, 1, 11, 3], "texture": "#0"},
				"south": {"uv": [9, 1, 11, 3], "texture": "#0"},
				"west": {"uv": [9, 1, 11, 3], "texture": "#0"},
				"up": {"uv": [9, 1, 11, 3], "texture": "#0"},
				"down": {"uv": [9, 1, 11, 3], "texture": "#0"}
			}
		},
		{
			"name": "hexadecagon",
			"from": [9.375, 1.27622, 6.875],
			"to": [9.875, 1.72378, 7],
			"rotation": {"angle": 0, "axis": "x", "origin": [9.625, 1.5, 8]},
			"faces": {
				"north": {"uv": [9, 1, 11, 3], "texture": "#0"},
				"east": {"uv": [9, 1, 11, 3], "texture": "#0"},
				"south": {"uv": [9, 1, 11, 3], "texture": "#0"},
				"west": {"uv": [9, 1, 11, 3], "texture": "#0"},
				"up": {"uv": [9, 1, 11, 3], "texture": "#0"},
				"down": {"uv": [9, 1, 11, 3], "texture": "#0"}
			}
		},
		{
			"name": "hexadecagon",
			"from": [9.375, 1.27622, 6.875],
			"to": [9.875, 1.72378, 7],
			"rotation": {"angle": 22.5, "axis": "x", "origin": [9.625, 1.5, 8]},
			"faces": {
				"north": {"uv": [9, 1, 11, 3], "texture": "#0"},
				"east": {"uv": [9, 1, 11, 3], "texture": "#0"},
				"south": {"uv": [9, 1, 11, 3], "texture": "#0"},
				"west": {"uv": [9, 1, 11, 3], "texture": "#0"},
				"up": {"uv": [9, 1, 11, 3], "texture": "#0"},
				"down": {"uv": [9, 1, 11, 3], "texture": "#0"}
			}
		},
		{
			"name": "hexadecagon",
			"from": [9.375, 1.27622, 6.875],
			"to": [9.875, 1.72378, 7],
			"rotation": {"angle": 45, "axis": "x", "origin": [9.625, 1.5, 8]},
			"faces": {
				"north": {"uv": [9, 1, 11, 3], "texture": "#0"},
				"east": {"uv": [9, 1, 11, 3], "texture": "#0"},
				"south": {"uv": [9, 1, 11, 3], "texture": "#0"},
				"west": {"uv": [9, 1, 11, 3], "texture": "#0"},
				"up": {"uv": [9, 1, 11, 3], "texture": "#0"},
				"down": {"uv": [9, 1, 11, 3], "texture": "#0"}
			}
		},
		{
			"name": "hexadecagon",
			"from": [9.375, 1.27622, 9],
			"to": [9.875, 1.72378, 9.125],
			"rotation": {"angle": -45, "axis": "x", "origin": [9.625, 1.5, 8]},
			"faces": {
				"north": {"uv": [9, 1, 11, 3], "texture": "#0"},
				"east": {"uv": [9, 1, 11, 3], "texture": "#0"},
				"south": {"uv": [9, 1, 11, 3], "texture": "#0"},
				"west": {"uv": [9, 1, 11, 3], "texture": "#0"},
				"up": {"uv": [9, 1, 11, 3], "texture": "#0"},
				"down": {"uv": [9, 1, 11, 3], "texture": "#0"}
			}
		},
		{
			"name": "hexadecagon",
			"from": [9.375, 1.27622, 9],
			"to": [9.875, 1.72378, 9.125],
			"rotation": {"angle": -22.5, "axis": "x", "origin": [9.625, 1.5, 8]},
			"faces": {
				"north": {"uv": [9, 1, 11, 3], "texture": "#0"},
				"east": {"uv": [9, 1, 11, 3], "texture": "#0"},
				"south": {"uv": [9, 1, 11, 3], "texture": "#0"},
				"west": {"uv": [9, 1, 11, 3], "texture": "#0"},
				"up": {"uv": [9, 1, 11, 3], "texture": "#0"},
				"down": {"uv": [9, 1, 11, 3], "texture": "#0"}
			}
		},
		{
			"name": "hexadecagon",
			"from": [9.375, 1.27622, 9],
			"to": [9.875, 1.72378, 9.125],
			"rotation": {"angle": 0, "axis": "x", "origin": [9.625, 1.5, 8]},
			"faces": {
				"north": {"uv": [9, 1, 11, 3], "texture": "#0"},
				"east": {"uv": [9, 1, 11, 3], "texture": "#0"},
				"south": {"uv": [9, 1, 11, 3], "texture": "#0"},
				"west": {"uv": [9, 1, 11, 3], "texture": "#0"},
				"up": {"uv": [9, 1, 11, 3], "texture": "#0"},
				"down": {"uv": [9, 1, 11, 3], "texture": "#0"}
			}
		},
		{
			"name": "hexadecagon",
			"from": [9.375, 1.27622, 9],
			"to": [9.875, 1.72378, 9.125],
			"rotation": {"angle": 22.5, "axis": "x", "origin": [9.625, 1.5, 8]},
			"faces": {
				"north": {"uv": [9, 1, 11, 3], "texture": "#0"},
				"east": {"uv": [9, 1, 11, 3], "texture": "#0"},
				"south": {"uv": [9, 1, 11, 3], "texture": "#0"},
				"west": {"uv": [9, 1, 11, 3], "texture": "#0"},
				"up": {"uv": [9, 1, 11, 3], "texture": "#0"},
				"down": {"uv": [9, 1, 11, 3], "texture": "#0"}
			}
		},
		{
			"name": "hexadecagon",
			"from": [9.375, 1.27622, 9],
			"to": [9.875, 1.72378, 9.125],
			"rotation": {"angle": 45, "axis": "x", "origin": [9.625, 1.5, 8]},
			"faces": {
				"north": {"uv": [9, 1, 11, 3], "texture": "#0"},
				"east": {"uv": [9, 1, 11, 3], "texture": "#0"},
				"south": {"uv": [9, 1, 11, 3], "texture": "#0"},
				"west": {"uv": [9, 1, 11, 3], "texture": "#0"},
				"up": {"uv": [9, 1, 11, 3], "texture": "#0"},
				"down": {"uv": [9, 1, 11, 3], "texture": "#0"}
			}
		},
		{
			"name": "hexadecagon",
			"from": [9.375, 0.375, 7.77622],
			"to": [9.875, 0.5, 8.22378],
			"rotation": {"angle": -22.5, "axis": "x", "origin": [9.625, 1.5, 8]},
			"faces": {
				"north": {"uv": [9, 1, 11, 3], "texture": "#0"},
				"east": {"uv": [9, 1, 11, 3], "texture": "#0"},
				"south": {"uv": [9, 1, 11, 3], "texture": "#0"},
				"west": {"uv": [9, 1, 11, 3], "texture": "#0"},
				"up": {"uv": [9, 1, 11, 3], "texture": "#0"},
				"down": {"uv": [9, 1, 11, 3], "texture": "#0"}
			}
		},
		{
			"name": "hexadecagon",
			"from": [9.375, 0.375, 7.77622],
			"to": [9.875, 0.5, 8.22378],
			"rotation": {"angle": 0, "axis": "x", "origin": [9.625, 1.5, 8]},
			"faces": {
				"north": {"uv": [9, 1, 11, 3], "texture": "#0"},
				"east": {"uv": [9, 1, 11, 3], "texture": "#0"},
				"south": {"uv": [9, 1, 11, 3], "texture": "#0"},
				"west": {"uv": [9, 1, 11, 3], "texture": "#0"},
				"up": {"uv": [9, 1, 11, 3], "texture": "#0"},
				"down": {"uv": [9, 1, 11, 3], "texture": "#0"}
			}
		},
		{
			"name": "hexadecagon",
			"from": [9.375, 0.375, 7.77622],
			"to": [9.875, 0.5, 8.22378],
			"rotation": {"angle": 22.5, "axis": "x", "origin": [9.625, 1.5, 8]},
			"faces": {
				"north": {"uv": [9, 1, 11, 3], "texture": "#0"},
				"east": {"uv": [9, 1, 11, 3], "texture": "#0"},
				"south": {"uv": [9, 1, 11, 3], "texture": "#0"},
				"west": {"uv": [9, 1, 11, 3], "texture": "#0"},
				"up": {"uv": [9, 1, 11, 3], "texture": "#0"},
				"down": {"uv": [9, 1, 11, 3], "texture": "#0"}
			}
		},
		{
			"name": "hexadecagon",
			"from": [9.375, 2.5, 7.77622],
			"to": [9.875, 2.625, 8.22378],
			"rotation": {"angle": -22.5, "axis": "x", "origin": [9.625, 1.5, 8]},
			"faces": {
				"north": {"uv": [9, 1, 11, 3], "texture": "#0"},
				"east": {"uv": [9, 1, 11, 3], "texture": "#0"},
				"south": {"uv": [9, 1, 11, 3], "texture": "#0"},
				"west": {"uv": [9, 1, 11, 3], "texture": "#0"},
				"up": {"uv": [9, 1, 11, 3], "texture": "#0"},
				"down": {"uv": [9, 1, 11, 3], "texture": "#0"}
			}
		},
		{
			"name": "hexadecagon",
			"from": [9.375, 2.5, 7.77622],
			"to": [9.875, 2.625, 8.22378],
			"rotation": {"angle": 0, "axis": "x", "origin": [9.625, 1.5, 8]},
			"faces": {
				"north": {"uv": [9, 1, 11, 3], "texture": "#0"},
				"east": {"uv": [9, 1, 11, 3], "texture": "#0"},
				"south": {"uv": [9, 1, 11, 3], "texture": "#0"},
				"west": {"uv": [9, 1, 11, 3], "texture": "#0"},
				"up": {"uv": [9, 1, 11, 3], "texture": "#0"},
				"down": {"uv": [9, 1, 11, 3], "texture": "#0"}
			}
		},
		{
			"name": "hexadecagon",
			"from": [9.375, 2.5, 7.77622],
			"to": [9.875, 2.625, 8.22378],
			"rotation": {"angle": 22.5, "axis": "x", "origin": [9.625, 1.5, 8]},
			"faces": {
				"north": {"uv": [9, 1, 11, 3], "texture": "#0"},
				"east": {"uv": [9, 1, 11, 3], "texture": "#0"},
				"south": {"uv": [9, 1, 11, 3], "texture": "#0"},
				"west": {"uv": [9, 1, 11, 3], "texture": "#0"},
				"up": {"uv": [9, 1, 11, 3], "texture": "#0"},
				"down": {"uv": [9, 1, 11, 3], "texture": "#0"}
			}
		}
	],
	"display": {
		"thirdperson_righthand": {
			"rotation": [16, -29, 10],
			"translation": [-2.75, 5.5, 0]
		},
		"thirdperson_lefthand": {
			"rotation": [4, 17, 5],
			"translation": [-2.75, 5.5, 0]
		},
		"firstperson_righthand": {
			"rotation": [7, -154, 8],
			"translation": [3.5, 5.75, 0]
		},
		"firstperson_lefthand": {
			"rotation": [4, 36, -17],
			"translation": [4, 6.25, 0]
		},
		"ground": {
			"translation": [0, 1.75, 0],
			"scale": [0.7, 0.7, 0.7]
		},
		"gui": {
			"rotation": [20, -127, 0],
			"translation": [0, 4.5, 0],
			"scale": [1.4, 1.4, 1.4]
		},
		"head": {
			"rotation": [0, 90, 0],
			"translation": [0, -56, 0],
			"scale": [4, 4, 4]
		},
		"fixed": {
			"rotation": [0, 90, 0],
			"translation": [0, 3, 0]
		}
	},
	"groups": [0, 1, 2, 3, 4, 5, 6, 7, 8, 9, 10, 11, 12, 13, 14, 15, 16, 17, 18, 19, 20, 21, 22, 23, 24, 25, 26, 27, 28, 29, 30, 31, 32, 33, 34, 35, 36, 37, 38, 39, 40, 41, 42, 43,
		{
			"name": "hexadecagon",
			"origin": [8, 8, 8],
			"color": 0,
			"children": [44, 45, 46, 47, 48, 49, 50, 51]
		},
		{
			"name": "hexadecagon",
			"origin": [8, 8, 8],
			"color": 0,
			"children": [52, 53, 54, 55, 56, 57, 58, 59, 60, 61, 62, 63, 64, 65, 66, 67]
		},
		{
			"name": "hexadecagon",
			"origin": [8, 8, 8],
			"color": 0,
			"children": [68, 69, 70, 71, 72, 73, 74, 75, 76, 77, 78, 79, 80, 81, 82, 83]
		},
		{
			"name": "hexadecagon",
			"origin": [8, 8, 8],
			"color": 0,
			"children": [84, 85, 86, 87, 88, 89, 90, 91]
		},
		{
			"name": "hexadecagon",
			"origin": [8, 8, 8],
			"color": 0,
			"children": [92, 93, 94, 95, 96, 97, 98, 99]
		},
		{
			"name": "hexadecagon",
			"origin": [8, 8, 8],
			"color": 0,
			"children": [100, 101, 102, 103, 104, 105, 106, 107, 108, 109, 110, 111, 112, 113, 114, 115]
		}
	]
}