{
	"credit": "Made with Blockbench",
	"textures": {
		"0": "custom/traffic_light",
		"particle": "custom/traffic_light"
	},
	"elements": [
		{
			"from": [6.5, 28.25, 6.5],
			"to": [9.5, 31.375, 9.5],
			"rotation": {"angle": 0, "axis": "y", "origin": [4.5, 22.5, 4]},
			"faces": {
				"north": {"uv": [1, 1, 3, 3], "texture": "#0"},
				"east": {"uv": [1, 1, 3, 3], "texture": "#0"},
				"south": {"uv": [1, 1, 3, 3], "texture": "#0"},
				"west": {"uv": [1, 1, 3, 3], "texture": "#0"},
				"up": {"uv": [1, 1, 3, 3], "texture": "#0"},
				"down": {"uv": [1, 1, 3, 3], "texture": "#0"}
			}
		},
		{
			"from": [6.375, 22, 9.375],
			"to": [6.625, 31.375, 9.625],
			"rotation": {"angle": 0, "axis": "y", "origin": [4.375, 22.5, 4.125]},
			"faces": {
				"north": {"uv": [1, 5, 3, 7], "texture": "#0"},
				"east": {"uv": [1, 5, 3, 7], "texture": "#0"},
				"south": {"uv": [1, 5, 3, 7], "texture": "#0"},
				"west": {"uv": [1, 5, 3, 7], "texture": "#0"},
				"up": {"uv": [1, 5, 3, 7], "texture": "#0"},
				"down": {"uv": [1, 5, 3, 7], "texture": "#0"}
			}
		},
		{
			"from": [9.375, 28.25, 9.375],
			"to": [9.625, 31.375, 9.625],
			"rotation": {"angle": 0, "axis": "y", "origin": [7.375, 22.5, 4.125]},
			"faces": {
				"north": {"uv": [1, 5, 3, 7], "texture": "#0"},
				"east": {"uv": [1, 5, 3, 7], "texture": "#0"},
				"south": {"uv": [1, 5, 3, 7], "texture": "#0"},
				"west": {"uv": [1, 5, 3, 7], "texture": "#0"},
				"up": {"uv": [1, 5, 3, 7], "texture": "#0"},
				"down": {"uv": [1, 5, 3, 7], "texture": "#0"}
			}
		},
		{
			"from": [9.375, 25.25, 9.375],
			"to": [9.625, 28, 9.625],
			"rotation": {"angle": 0, "axis": "y", "origin": [7.375, 19, 4.125]},
			"faces": {
				"north": {"uv": [1, 5, 3, 7], "texture": "#0"},
				"east": {"uv": [1, 5, 3, 7], "texture": "#0"},
				"south": {"uv": [1, 5, 3, 7], "texture": "#0"},
				"west": {"uv": [1, 5, 3, 7], "texture": "#0"},
				"up": {"uv": [1, 5, 3, 7], "texture": "#0"},
				"down": {"uv": [1, 5, 3, 7], "texture": "#0"}
			}
		},
		{
			"from": [9.375, 22, 9.375],
			"to": [9.625, 25, 9.625],
			"rotation": {"angle": 0, "axis": "y", "origin": [7.375, 15.5, 4.125]},
			"faces": {
				"north": {"uv": [1, 5, 3, 7], "texture": "#0"},
				"east": {"uv": [1, 5, 3, 7], "texture": "#0"},
				"south": {"uv": [1, 5, 3, 7], "texture": "#0"},
				"west": {"uv": [1, 5, 3, 7], "texture": "#0"},
				"up": {"uv": [1, 5, 3, 7], "texture": "#0"},
				"down": {"uv": [1, 5, 3, 7], "texture": "#0"}
			}
		},
		{
			"from": [9.375, 28.25, 6.375],
			"to": [9.625, 31.375, 6.625],
			"rotation": {"angle": 0, "axis": "y", "origin": [7.375, 22.5, 1.125]},
			"faces": {
				"north": {"uv": [1, 5, 3, 7], "texture": "#0"},
				"east": {"uv": [1, 5, 3, 7], "texture": "#0"},
				"south": {"uv": [1, 5, 3, 7], "texture": "#0"},
				"west": {"uv": [1, 5, 3, 7], "texture": "#0"},
				"up": {"uv": [1, 5, 3, 7], "texture": "#0"},
				"down": {"uv": [1, 5, 3, 7], "texture": "#0"}
			}
		},
		{
			"from": [9.375, 25.25, 6.375],
			"to": [9.625, 28, 6.625],
			"rotation": {"angle": 0, "axis": "y", "origin": [7.375, 19, 1.125]},
			"faces": {
				"north": {"uv": [1, 5, 3, 7], "texture": "#0"},
				"east": {"uv": [1, 5, 3, 7], "texture": "#0"},
				"south": {"uv": [1, 5, 3, 7], "texture": "#0"},
				"west": {"uv": [1, 5, 3, 7], "texture": "#0"},
				"up": {"uv": [1, 5, 3, 7], "texture": "#0"},
				"down": {"uv": [1, 5, 3, 7], "texture": "#0"}
			}
		},
		{
			"from": [9.375, 22, 6.375],
			"to": [9.625, 25, 6.625],
			"rotation": {"angle": 0, "axis": "y", "origin": [7.375, 15.5, 1.125]},
			"faces": {
				"north": {"uv": [1, 5, 3, 7], "texture": "#0"},
				"east": {"uv": [1, 5, 3, 7], "texture": "#0"},
				"south": {"uv": [1, 5, 3, 7], "texture": "#0"},
				"west": {"uv": [1, 5, 3, 7], "texture": "#0"},
				"up": {"uv": [1, 5, 3, 7], "texture": "#0"},
				"down": {"uv": [1, 5, 3, 7], "texture": "#0"}
			}
		},
		{
			"from": [6.375, 31.375, 9.375],
			"to": [9.625, 31.625, 9.625],
			"rotation": {"angle": 0, "axis": "y", "origin": [4.375, 28.25, 4.125]},
			"faces": {
				"north": {"uv": [1, 5, 3, 7], "texture": "#0"},
				"east": {"uv": [1, 5, 3, 7], "texture": "#0"},
				"south": {"uv": [1, 5, 3, 7], "texture": "#0"},
				"west": {"uv": [1, 5, 3, 7], "texture": "#0"},
				"up": {"uv": [1, 5, 3, 7], "texture": "#0"},
				"down": {"uv": [1, 5, 3, 7], "texture": "#0"}
			}
		},
		{
			"from": [6.625, 28.25, 9.5],
			"to": [9.375, 28.5, 9.625],
			"rotation": {"angle": 0, "axis": "y", "origin": [4.375, 25.125, 4.25]},
			"faces": {
				"north": {"uv": [1, 5, 3, 7], "texture": "#0"},
				"east": {"uv": [1, 5, 3, 7], "texture": "#0"},
				"south": {"uv": [1, 5, 3, 7], "texture": "#0"},
				"west": {"uv": [1, 5, 3, 7], "texture": "#0"},
				"up": {"uv": [1, 5, 3, 7], "texture": "#0"},
				"down": {"uv": [1, 5, 3, 7], "texture": "#0"}
			}
		},
		{
			"from": [6.625, 27.75, 9.5],
			"to": [9.375, 28, 9.625],
			"rotation": {"angle": 0, "axis": "y", "origin": [4.375, 24.625, 4.25]},
			"faces": {
				"north": {"uv": [1, 5, 3, 7], "texture": "#0"},
				"east": {"uv": [1, 5, 3, 7], "texture": "#0"},
				"south": {"uv": [1, 5, 3, 7], "texture": "#0"},
				"west": {"uv": [1, 5, 3, 7], "texture": "#0"},
				"up": {"uv": [1, 5, 3, 7], "texture": "#0"},
				"down": {"uv": [1, 5, 3, 7], "texture": "#0"}
			}
		},
		{
			"from": [6.625, 25.25, 9.5],
			"to": [9.375, 25.5, 9.625],
			"rotation": {"angle": 0, "axis": "y", "origin": [4.375, 22.125, 4.25]},
			"faces": {
				"north": {"uv": [1, 5, 3, 7], "texture": "#0"},
				"east": {"uv": [1, 5, 3, 7], "texture": "#0"},
				"south": {"uv": [1, 5, 3, 7], "texture": "#0"},
				"west": {"uv": [1, 5, 3, 7], "texture": "#0"},
				"up": {"uv": [1, 5, 3, 7], "texture": "#0"},
				"down": {"uv": [1, 5, 3, 7], "texture": "#0"}
			}
		},
		{
			"from": [6.625, 24.75, 9.5],
			"to": [9.375, 25, 9.625],
			"rotation": {"angle": 0, "axis": "y", "origin": [4.375, 21.625, 4.25]},
			"faces": {
				"north": {"uv": [1, 5, 3, 7], "texture": "#0"},
				"east": {"uv": [1, 5, 3, 7], "texture": "#0"},
				"south": {"uv": [1, 5, 3, 7], "texture": "#0"},
				"west": {"uv": [1, 5, 3, 7], "texture": "#0"},
				"up": {"uv": [1, 5, 3, 7], "texture": "#0"},
				"down": {"uv": [1, 5, 3, 7], "texture": "#0"}
			}
		},
		{
			"from": [6.625, 28.25, 6.375],
			"to": [9.375, 28.5, 6.5],
			"rotation": {"angle": 0, "axis": "y", "origin": [4.375, 25.125, 1.125]},
			"faces": {
				"north": {"uv": [1, 5, 3, 7], "texture": "#0"},
				"east": {"uv": [1, 5, 3, 7], "texture": "#0"},
				"south": {"uv": [1, 5, 3, 7], "texture": "#0"},
				"west": {"uv": [1, 5, 3, 7], "texture": "#0"},
				"up": {"uv": [1, 5, 3, 7], "texture": "#0"},
				"down": {"uv": [1, 5, 3, 7], "texture": "#0"}
			}
		},
		{
			"from": [6.625, 27.75, 6.375],
			"to": [9.375, 28, 6.5],
			"rotation": {"angle": 0, "axis": "y", "origin": [4.375, 24.625, 1.125]},
			"faces": {
				"north": {"uv": [1, 5, 3, 7], "texture": "#0"},
				"east": {"uv": [1, 5, 3, 7], "texture": "#0"},
				"south": {"uv": [1, 5, 3, 7], "texture": "#0"},
				"west": {"uv": [1, 5, 3, 7], "texture": "#0"},
				"up": {"uv": [1, 5, 3, 7], "texture": "#0"},
				"down": {"uv": [1, 5, 3, 7], "texture": "#0"}
			}
		},
		{
			"from": [6.625, 25.25, 6.375],
			"to": [9.375, 25.5, 6.5],
			"rotation": {"angle": 0, "axis": "y", "origin": [4.375, 22.125, 1.125]},
			"faces": {
				"north": {"uv": [1, 5, 3, 7], "texture": "#0"},
				"east": {"uv": [1, 5, 3, 7], "texture": "#0"},
				"south": {"uv": [1, 5, 3, 7], "texture": "#0"},
				"west": {"uv": [1, 5, 3, 7], "texture": "#0"},
				"up": {"uv": [1, 5, 3, 7], "texture": "#0"},
				"down": {"uv": [1, 5, 3, 7], "texture": "#0"}
			}
		},
		{
			"from": [6.625, 24.75, 6.375],
			"to": [9.375, 25, 6.5],
			"rotation": {"angle": 0, "axis": "y", "origin": [4.375, 21.625, 1.125]},
			"faces": {
				"north": {"uv": [1, 5, 3, 7], "texture": "#0"},
				"east": {"uv": [1, 5, 3, 7], "texture": "#0"},
				"south": {"uv": [1, 5, 3, 7], "texture": "#0"},
				"west": {"uv": [1, 5, 3, 7], "texture": "#0"},
				"up": {"uv": [1, 5, 3, 7], "texture": "#0"},
				"down": {"uv": [1, 5, 3, 7], "texture": "#0"}
			}
		},
		{
			"from": [6.375, 31.375, 6.375],
			"to": [9.625, 31.625, 6.625],
			"rotation": {"angle": 0, "axis": "y", "origin": [4.375, 28.25, 1.125]},
			"faces": {
				"north": {"uv": [1, 5, 3, 7], "texture": "#0"},
				"east": {"uv": [1, 5, 3, 7], "texture": "#0"},
				"south": {"uv": [1, 5, 3, 7], "texture": "#0"},
				"west": {"uv": [1, 5, 3, 7], "texture": "#0"},
				"up": {"uv": [1, 5, 3, 7], "texture": "#0"},
				"down": {"uv": [1, 5, 3, 7], "texture": "#0"}
			}
		},
		{
			"from": [6.375, 31.375, 6.625],
			"to": [6.625, 31.625, 9.375],
			"rotation": {"angle": 0, "axis": "y", "origin": [4.375, 28.25, 1.375]},
			"faces": {
				"north": {"uv": [1, 5, 3, 7], "texture": "#0"},
				"east": {"uv": [1, 5, 3, 7], "texture": "#0"},
				"south": {"uv": [1, 5, 3, 7], "texture": "#0"},
				"west": {"uv": [1, 5, 3, 7], "texture": "#0"},
				"up": {"uv": [1, 5, 3, 7], "texture": "#0"},
				"down": {"uv": [1, 5, 3, 7], "texture": "#0"}
			}
		},
		{
			"from": [6.375, 28, 6.625],
			"to": [6.625, 28.25, 9.375],
			"rotation": {"angle": 0, "axis": "y", "origin": [4.375, 24.875, 1.375]},
			"faces": {
				"north": {"uv": [1, 5, 3, 7], "texture": "#0"},
				"east": {"uv": [1, 5, 3, 7], "texture": "#0"},
				"south": {"uv": [1, 5, 3, 7], "texture": "#0"},
				"west": {"uv": [1, 5, 3, 7], "texture": "#0"},
				"up": {"uv": [1, 5, 3, 7], "texture": "#0"},
				"down": {"uv": [1, 5, 3, 7], "texture": "#0"}
			}
		},
		{
			"from": [6.375, 25, 6.625],
			"to": [6.625, 25.25, 9.375],
			"rotation": {"angle": 0, "axis": "y", "origin": [4.375, 21.875, 1.375]},
			"faces": {
				"north": {"uv": [1, 5, 3, 7], "texture": "#0"},
				"east": {"uv": [1, 5, 3, 7], "texture": "#0"},
				"south": {"uv": [1, 5, 3, 7], "texture": "#0"},
				"west": {"uv": [1, 5, 3, 7], "texture": "#0"},
				"up": {"uv": [1, 5, 3, 7], "texture": "#0"},
				"down": {"uv": [1, 5, 3, 7], "texture": "#0"}
			}
		},
		{
			"from": [9.375, 31.375, 6.625],
			"to": [9.625, 31.625, 9.375],
			"rotation": {"angle": 0, "axis": "y", "origin": [7.375, 28.25, 1.375]},
			"faces": {
				"north": {"uv": [1, 5, 3, 7], "texture": "#0"},
				"east": {"uv": [1, 5, 3, 7], "texture": "#0"},
				"south": {"uv": [1, 5, 3, 7], "texture": "#0"},
				"west": {"uv": [1, 5, 3, 7], "texture": "#0"},
				"up": {"uv": [1, 5, 3, 7], "texture": "#0"},
				"down": {"uv": [1, 5, 3, 7], "texture": "#0"}
			}
		},
		{
			"from": [9, 28, 9],
			"to": [9.5, 28.25, 9.5],
			"rotation": {"angle": 0, "axis": "y", "origin": [7.25, 24.875, 1.5]},
			"faces": {
				"north": {"uv": [9, 5, 11, 7], "texture": "#0"},
				"east": {"uv": [9, 5, 11, 7], "texture": "#0"},
				"south": {"uv": [9, 5, 11, 7], "texture": "#0"},
				"west": {"uv": [9, 5, 11, 7], "texture": "#0"},
				"up": {"uv": [9, 5, 11, 7], "texture": "#0"},
				"down": {"uv": [9, 5, 11, 7], "texture": "#0"}
			}
		},
		{
			"from": [9, 28, 6.5],
			"to": [9.5, 28.25, 7],
			"rotation": {"angle": 0, "axis": "y", "origin": [7.25, 24.875, -1]},
			"faces": {
				"north": {"uv": [9, 5, 11, 7], "texture": "#0"},
				"east": {"uv": [9, 5, 11, 7], "texture": "#0"},
				"south": {"uv": [9, 5, 11, 7], "texture": "#0"},
				"west": {"uv": [9, 5, 11, 7], "texture": "#0"},
				"up": {"uv": [9, 5, 11, 7], "texture": "#0"},
				"down": {"uv": [9, 5, 11, 7], "texture": "#0"}
			}
		},
		{
			"from": [9, 25, 6.5],
			"to": [9.5, 25.25, 7],
			"rotation": {"angle": 0, "axis": "y", "origin": [7.25, 21.875, -1]},
			"faces": {
				"north": {"uv": [9, 5, 11, 7], "texture": "#0"},
				"east": {"uv": [9, 5, 11, 7], "texture": "#0"},
				"south": {"uv": [9, 5, 11, 7], "texture": "#0"},
				"west": {"uv": [9, 5, 11, 7], "texture": "#0"},
				"up": {"uv": [9, 5, 11, 7], "texture": "#0"},
				"down": {"uv": [9, 5, 11, 7], "texture": "#0"}
			}
		},
		{
			"from": [9, 25, 9],
			"to": [9.5, 25.25, 9.5],
			"rotation": {"angle": 0, "axis": "y", "origin": [7.25, 21.875, 1.5]},
			"faces": {
				"north": {"uv": [9, 5, 11, 7], "texture": "#0"},
				"east": {"uv": [9, 5, 11, 7], "texture": "#0"},
				"south": {"uv": [9, 5, 11, 7], "texture": "#0"},
				"west": {"uv": [9, 5, 11, 7], "texture": "#0"},
				"up": {"uv": [9, 5, 11, 7], "texture": "#0"},
				"down": {"uv": [9, 5, 11, 7], "texture": "#0"}
			}
		},
		{
			"from": [6.375, 21.75, 6.375],
			"to": [9.625, 22, 6.625],
			"rotation": {"angle": 0, "axis": "y", "origin": [4.375, 18.625, 1.125]},
			"faces": {
				"north": {"uv": [1, 5, 3, 7], "texture": "#0"},
				"east": {"uv": [1, 5, 3, 7], "texture": "#0"},
				"south": {"uv": [1, 5, 3, 7], "texture": "#0"},
				"west": {"uv": [1, 5, 3, 7], "texture": "#0"},
				"up": {"uv": [1, 5, 3, 7], "texture": "#0"},
				"down": {"uv": [1, 5, 3, 7], "texture": "#0"}
			}
		},
		{
			"from": [9.375, 21.75, 6.625],
			"to": [9.625, 22, 9.375],
			"rotation": {"angle": 0, "axis": "y", "origin": [7.375, 18.625, 1.375]},
			"faces": {
				"north": {"uv": [1, 5, 3, 7], "texture": "#0"},
				"east": {"uv": [1, 5, 3, 7], "texture": "#0"},
				"south": {"uv": [1, 5, 3, 7], "texture": "#0"},
				"west": {"uv": [1, 5, 3, 7], "texture": "#0"},
				"up": {"uv": [1, 5, 3, 7], "texture": "#0"},
				"down": {"uv": [1, 5, 3, 7], "texture": "#0"}
			}
		},
		{
			"from": [7.375, 21.25, 7.375],
			"to": [8.625, 22, 8.625],
			"rotation": {"angle": 0, "axis": "y", "origin": [7.375, 17.625, 1.375]},
			"faces": {
				"north": {"uv": [1, 1, 3, 3], "texture": "#0"},
				"east": {"uv": [1, 1, 3, 3], "texture": "#0"},
				"south": {"uv": [1, 1, 3, 3], "texture": "#0"},
				"west": {"uv": [1, 1, 3, 3], "texture": "#0"},
				"up": {"uv": [1, 1, 3, 3], "texture": "#0"},
				"down": {"uv": [1, 1, 3, 3], "texture": "#0"}
			}
		},
		{
			"from": [7.375, 5.5, 7.375],
			"to": [8.625, 6.25, 8.625],
			"rotation": {"angle": 0, "axis": "y", "origin": [7.375, 1.875, 1.375]},
			"faces": {
				"north": {"uv": [1, 1, 3, 3], "texture": "#0"},
				"east": {"uv": [1, 1, 3, 3], "texture": "#0"},
				"south": {"uv": [1, 1, 3, 3], "texture": "#0"},
				"west": {"uv": [1, 1, 3, 3], "texture": "#0"},
				"up": {"uv": [1, 1, 3, 3], "texture": "#0"},
				"down": {"uv": [1, 1, 3, 3], "texture": "#0"}
			}
		},
		{
			"from": [7.375, 20.5, 7.375],
			"to": [8.625, 21, 8.625],
			"rotation": {"angle": 0, "axis": "y", "origin": [7.375, 16.875, 1.375]},
			"faces": {
				"north": {"uv": [1, 1, 3, 3], "texture": "#0"},
				"east": {"uv": [1, 1, 3, 3], "texture": "#0"},
				"south": {"uv": [1, 1, 3, 3], "texture": "#0"},
				"west": {"uv": [1, 1, 3, 3], "texture": "#0"},
				"up": {"uv": [1, 1, 3, 3], "texture": "#0"},
				"down": {"uv": [1, 1, 3, 3], "texture": "#0"}
			}
		},
		{
			"from": [7.375, 20, 7.375],
			"to": [8.625, 20.25, 8.625],
			"rotation": {"angle": 0, "axis": "y", "origin": [7.375, 16.375, 1.375]},
			"faces": {
				"north": {"uv": [1, 1, 3, 3], "texture": "#0"},
				"east": {"uv": [1, 1, 3, 3], "texture": "#0"},
				"south": {"uv": [1, 1, 3, 3], "texture": "#0"},
				"west": {"uv": [1, 1, 3, 3], "texture": "#0"},
				"up": {"uv": [1, 1, 3, 3], "texture": "#0"},
				"down": {"uv": [1, 1, 3, 3], "texture": "#0"}
			}
		},
		{
			"from": [6.375, 21.75, 9.375],
			"to": [9.625, 22, 9.625],
			"rotation": {"angle": 0, "axis": "y", "origin": [4.375, 18.625, 4.125]},
			"faces": {
				"north": {"uv": [1, 5, 3, 7], "texture": "#0"},
				"east": {"uv": [1, 5, 3, 7], "texture": "#0"},
				"south": {"uv": [1, 5, 3, 7], "texture": "#0"},
				"west": {"uv": [1, 5, 3, 7], "texture": "#0"},
				"up": {"uv": [1, 5, 3, 7], "texture": "#0"},
				"down": {"uv": [1, 5, 3, 7], "texture": "#0"}
			}
		},
		{
			"from": [6.375, 21.75, 6.625],
			"to": [6.625, 22, 9.375],
			"rotation": {"angle": 0, "axis": "y", "origin": [4.375, 18.625, 1.375]},
			"faces": {
				"north": {"uv": [1, 5, 3, 7], "texture": "#0"},
				"east": {"uv": [1, 5, 3, 7], "texture": "#0"},
				"south": {"uv": [1, 5, 3, 7], "texture": "#0"},
				"west": {"uv": [1, 5, 3, 7], "texture": "#0"},
				"up": {"uv": [1, 5, 3, 7], "texture": "#0"},
				"down": {"uv": [1, 5, 3, 7], "texture": "#0"}
			}
		},
		{
			"from": [6.375, 22, 6.375],
			"to": [6.625, 31.375, 6.625],
			"rotation": {"angle": 0, "axis": "y", "origin": [4.375, 22.5, 1.125]},
			"faces": {
				"north": {"uv": [1, 5, 3, 7], "texture": "#0"},
				"east": {"uv": [1, 5, 3, 7], "texture": "#0"},
				"south": {"uv": [1, 5, 3, 7], "texture": "#0"},
				"west": {"uv": [1, 5, 3, 7], "texture": "#0"},
				"up": {"uv": [1, 5, 3, 7], "texture": "#0"},
				"down": {"uv": [1, 5, 3, 7], "texture": "#0"}
			}
		},
		{
			"from": [6.5, 25.25, 6.5],
			"to": [9.5, 28, 9.5],
			"rotation": {"angle": 0, "axis": "y", "origin": [4.5, 19, 4]},
			"faces": {
				"north": {"uv": [1, 1, 3, 3], "texture": "#0"},
				"east": {"uv": [1, 1, 3, 3], "texture": "#0"},
				"south": {"uv": [1, 1, 3, 3], "texture": "#0"},
				"west": {"uv": [1, 1, 3, 3], "texture": "#0"},
				"up": {"uv": [1, 1, 3, 3], "texture": "#0"},
				"down": {"uv": [1, 1, 3, 3], "texture": "#0"}
			}
		},
		{
			"from": [6.5, 28, 6.625],
			"to": [9.25, 28.25, 9.375],
			"rotation": {"angle": 0, "axis": "y", "origin": [4.5, 19.25, 4]},
			"faces": {
				"north": {"uv": [9, 5, 11, 7], "texture": "#0"},
				"east": {"uv": [9, 5, 11, 7], "texture": "#0"},
				"south": {"uv": [9, 5, 11, 7], "texture": "#0"},
				"west": {"uv": [9, 5, 11, 7], "texture": "#0"},
				"up": {"uv": [9, 5, 11, 7], "texture": "#0"},
				"down": {"uv": [9, 5, 11, 7], "texture": "#0"}
			}
		},
		{
			"from": [6.5, 25, 6.625],
			"to": [9.25, 25.25, 9.375],
			"rotation": {"angle": 0, "axis": "y", "origin": [4.5, 16.25, 4]},
			"faces": {
				"north": {"uv": [9, 5, 11, 7], "texture": "#0"},
				"east": {"uv": [9, 5, 11, 7], "texture": "#0"},
				"south": {"uv": [9, 5, 11, 7], "texture": "#0"},
				"west": {"uv": [9, 5, 11, 7], "texture": "#0"},
				"up": {"uv": [9, 5, 11, 7], "texture": "#0"},
				"down": {"uv": [9, 5, 11, 7], "texture": "#0"}
			}
		},
		{
			"from": [6.5, 22, 6.5],
			"to": [9.5, 25, 9.5],
			"rotation": {"angle": 0, "axis": "y", "origin": [4.5, 16, 4]},
			"faces": {
				"north": {"uv": [1, 1, 3, 3], "texture": "#0"},
				"east": {"uv": [1, 1, 3, 3], "texture": "#0"},
				"south": {"uv": [1, 1, 3, 3], "texture": "#0"},
				"west": {"uv": [1, 1, 3, 3], "texture": "#0"},
				"up": {"uv": [1, 1, 3, 3], "texture": "#0"},
				"down": {"uv": [1, 1, 3, 3], "texture": "#0"}
			}
		},
		{
			"from": [7.5, 4.5, 7.5],
			"to": [8.5, 22, 8.5],
			"rotation": {"angle": 0, "axis": "y", "origin": [4.5, 13, 4]},
			"faces": {
				"north": {"uv": [5, 1, 7, 3], "texture": "#0"},
				"east": {"uv": [5, 1, 7, 3], "texture": "#0"},
				"south": {"uv": [5, 1, 7, 3], "texture": "#0"},
				"west": {"uv": [5, 1, 7, 3], "texture": "#0"},
				"up": {"uv": [5, 1, 7, 3], "texture": "#0"},
				"down": {"uv": [5, 1, 7, 3], "texture": "#0"}
			}
		},
		{
			"from": [5.5, 4.5, 5.5],
			"to": [10.5, 5, 10.5],
			"rotation": {"angle": 0, "axis": "y", "origin": [4.5, 3, 4]},
			"faces": {
				"north": {"uv": [1, 1, 3, 3], "texture": "#0"},
				"east": {"uv": [1, 1, 3, 3], "texture": "#0"},
				"south": {"uv": [1, 1, 3, 3], "texture": "#0"},
				"west": {"uv": [1, 1, 3, 3], "texture": "#0"},
				"up": {"uv": [1, 5, 3, 7], "texture": "#0"},
				"down": {"uv": [1, 1, 3, 3], "texture": "#0"}
			}
		},
		{
			"from": [6.5, 5, 6.5],
			"to": [9.5, 5.5, 9.5],
			"rotation": {"angle": 0, "axis": "y", "origin": [4.5, 3.5, 4]},
			"faces": {
				"north": {"uv": [1, 5, 3, 7], "texture": "#0"},
				"east": {"uv": [1, 5, 3, 7], "texture": "#0"},
				"south": {"uv": [1, 5, 3, 7], "texture": "#0"},
				"west": {"uv": [1, 5, 3, 7], "texture": "#0"},
				"up": {"uv": [1, 1, 3, 3], "texture": "#0"},
				"down": {"uv": [1, 1, 3, 3], "texture": "#0"}
			}
		},
		{
			"from": [5.25, 4.25, 5.25],
			"to": [10.75, 4.5, 10.75],
			"rotation": {"angle": 0, "axis": "y", "origin": [4.5, 2.5, 4]},
			"faces": {
				"north": {"uv": [9, 5, 11, 7], "texture": "#0"},
				"east": {"uv": [9, 5, 11, 7], "texture": "#0"},
				"south": {"uv": [9, 5, 11, 7], "texture": "#0"},
				"west": {"uv": [9, 5, 11, 7], "texture": "#0"},
				"up": {"uv": [9, 5, 11, 7], "texture": "#0"},
				"down": {"uv": [9, 1, 11, 3], "texture": "#0"}
			}
		},
		{
			"from": [5.5, 5, 5.25],
			"to": [10.5, 5.25, 5.5],
			"rotation": {"angle": 0, "axis": "y", "origin": [4.5, 3.25, -1]},
			"faces": {
				"north": {"uv": [9, 5, 11, 7], "texture": "#0"},
				"east": {"uv": [9, 5, 11, 7], "texture": "#0"},
				"south": {"uv": [9, 5, 11, 7], "texture": "#0"},
				"west": {"uv": [9, 5, 11, 7], "texture": "#0"},
				"up": {"uv": [9, 5, 11, 7], "texture": "#0"},
				"down": {"uv": [9, 5, 11, 7], "texture": "#0"}
			}
		},
		{
			"from": [5.5, 5, 10.5],
			"to": [10.5, 5.25, 10.75],
			"rotation": {"angle": 0, "axis": "y", "origin": [4.5, 3.25, 4.25]},
			"faces": {
				"north": {"uv": [9, 5, 11, 7], "texture": "#0"},
				"east": {"uv": [9, 5, 11, 7], "texture": "#0"},
				"south": {"uv": [9, 5, 11, 7], "texture": "#0"},
				"west": {"uv": [9, 5, 11, 7], "texture": "#0"},
				"up": {"uv": [9, 5, 11, 7], "texture": "#0"},
				"down": {"uv": [9, 5, 11, 7], "texture": "#0"}
			}
		},
		{
			"from": [5.5, 4.5, 10.5],
			"to": [10.5, 5, 10.75],
			"rotation": {"angle": -22.5, "axis": "x", "origin": [6.5, 4.5, 10.75]},
			"faces": {
				"north": {"uv": [9, 1, 11, 3], "texture": "#0"},
				"east": {"uv": [9, 1, 11, 3], "texture": "#0"},
				"south": {"uv": [9, 1, 11, 3], "texture": "#0"},
				"west": {"uv": [9, 1, 11, 3], "texture": "#0"},
				"up": {"uv": [9, 1, 11, 3], "texture": "#0"},
				"down": {"uv": [9, 1, 11, 3], "texture": "#0"}
			}
		},
		{
			"from": [5.5, 4.5, 5.25],
			"to": [10.5, 5, 5.5],
			"rotation": {"angle": 22.5, "axis": "x", "origin": [6.5, 4.5, 5.25]},
			"faces": {
				"north": {"uv": [9, 1, 11, 3], "texture": "#0"},
				"east": {"uv": [9, 1, 11, 3], "texture": "#0"},
				"south": {"uv": [9, 1, 11, 3], "texture": "#0"},
				"west": {"uv": [9, 1, 11, 3], "texture": "#0"},
				"up": {"uv": [9, 1, 11, 3], "texture": "#0"},
				"down": {"uv": [9, 1, 11, 3], "texture": "#0"}
			}
		},
		{
			"from": [10.5, 4.5, 5.5],
			"to": [10.75, 5, 10.5],
			"rotation": {"angle": 22.5, "axis": "z", "origin": [10.75, 4.5, 6.5]},
			"faces": {
				"north": {"uv": [9, 1, 11, 3], "texture": "#0"},
				"east": {"uv": [9, 1, 11, 3], "texture": "#0"},
				"south": {"uv": [9, 1, 11, 3], "texture": "#0"},
				"west": {"uv": [9, 1, 11, 3], "texture": "#0"},
				"up": {"uv": [9, 1, 11, 3], "texture": "#0"},
				"down": {"uv": [9, 1, 11, 3], "texture": "#0"}
			}
		},
		{
			"from": [5.25, 4.5, 5.5],
			"to": [5.5, 5, 10.5],
			"rotation": {"angle": -22.5, "axis": "z", "origin": [5.25, 4.5, 9.5]},
			"faces": {
				"north": {"uv": [9, 1, 11, 3], "texture": "#0"},
				"east": {"uv": [9, 1, 11, 3], "texture": "#0"},
				"south": {"uv": [9, 1, 11, 3], "texture": "#0"},
				"west": {"uv": [9, 1, 11, 3], "texture": "#0"},
				"up": {"uv": [9, 1, 11, 3], "texture": "#0"},
				"down": {"uv": [9, 1, 11, 3], "texture": "#0"}
			}
		},
		{
			"from": [10.5, 5, 5.25],
			"to": [10.75, 5.25, 10.75],
			"rotation": {"angle": 0, "axis": "y", "origin": [9.5, 3.25, 4.25]},
			"faces": {
				"north": {"uv": [9, 5, 11, 7], "texture": "#0"},
				"east": {"uv": [9, 5, 11, 7], "texture": "#0"},
				"south": {"uv": [9, 5, 11, 7], "texture": "#0"},
				"west": {"uv": [9, 5, 11, 7], "texture": "#0"},
				"up": {"uv": [9, 5, 11, 7], "texture": "#0"},
				"down": {"uv": [9, 5, 11, 7], "texture": "#0"}
			}
		},
		{
			"from": [5.25, 5, 5.25],
			"to": [5.5, 5.25, 10.75],
			"rotation": {"angle": 0, "axis": "y", "origin": [4.25, 3.25, 4.25]},
			"faces": {
				"north": {"uv": [9, 5, 11, 7], "texture": "#0"},
				"east": {"uv": [9, 5, 11, 7], "texture": "#0"},
				"south": {"uv": [9, 5, 11, 7], "texture": "#0"},
				"west": {"uv": [9, 5, 11, 7], "texture": "#0"},
				"up": {"uv": [9, 5, 11, 7], "texture": "#0"},
				"down": {"uv": [9, 5, 11, 7], "texture": "#0"}
			}
		},
		{
			"from": [5.25, 4.5, 5.25],
			"to": [5.5, 5, 5.5],
			"rotation": {"angle": 0, "axis": "y", "origin": [4.25, 3, 4.25]},
			"faces": {
				"north": {"uv": [9, 5, 11, 7], "texture": "#0"},
				"east": {"uv": [9, 5, 11, 7], "texture": "#0"},
				"south": {"uv": [9, 5, 11, 7], "texture": "#0"},
				"west": {"uv": [9, 5, 11, 7], "texture": "#0"},
				"up": {"uv": [9, 5, 11, 7], "texture": "#0"},
				"down": {"uv": [9, 5, 11, 7], "texture": "#0"}
			}
		},
		{
			"from": [10.5, 4.5, 5.25],
			"to": [10.75, 5, 5.5],
			"rotation": {"angle": 0, "axis": "y", "origin": [9.5, 3, 4.25]},
			"faces": {
				"north": {"uv": [9, 5, 11, 7], "texture": "#0"},
				"east": {"uv": [9, 5, 11, 7], "texture": "#0"},
				"south": {"uv": [9, 5, 11, 7], "texture": "#0"},
				"west": {"uv": [9, 5, 11, 7], "texture": "#0"},
				"up": {"uv": [9, 5, 11, 7], "texture": "#0"},
				"down": {"uv": [9, 5, 11, 7], "texture": "#0"}
			}
		},
		{
			"from": [10.5, 4.5, 10.5],
			"to": [10.75, 5, 10.75],
			"rotation": {"angle": 0, "axis": "y", "origin": [9.5, 3, 9.5]},
			"faces": {
				"north": {"uv": [9, 5, 11, 7], "texture": "#0"},
				"east": {"uv": [9, 5, 11, 7], "texture": "#0"},
				"south": {"uv": [9, 5, 11, 7], "texture": "#0"},
				"west": {"uv": [9, 5, 11, 7], "texture": "#0"},
				"up": {"uv": [9, 5, 11, 7], "texture": "#0"},
				"down": {"uv": [9, 5, 11, 7], "texture": "#0"}
			}
		},
		{
			"from": [5.25, 4.5, 10.5],
			"to": [5.5, 5, 10.75],
			"rotation": {"angle": 0, "axis": "y", "origin": [4.25, 3, 9.5]},
			"faces": {
				"north": {"uv": [9, 5, 11, 7], "texture": "#0"},
				"east": {"uv": [9, 5, 11, 7], "texture": "#0"},
				"south": {"uv": [9, 5, 11, 7], "texture": "#0"},
				"west": {"uv": [9, 5, 11, 7], "texture": "#0"},
				"up": {"uv": [9, 5, 11, 7], "texture": "#0"},
				"down": {"uv": [9, 5, 11, 7], "texture": "#0"}
			}
		},
		{
			"from": [9.5, 30.75, 7.5],
			"to": [10.5, 31, 8.5],
			"rotation": {"angle": 0, "axis": "y", "origin": [4.5, 23, 4]},
			"faces": {
				"north": {"uv": [9, 5, 11, 7], "texture": "#0"},
				"east": {"uv": [9, 5, 11, 7], "texture": "#0"},
				"south": {"uv": [9, 5, 11, 7], "texture": "#0"},
				"west": {"uv": [9, 5, 11, 7], "texture": "#0"},
				"up": {"uv": [9, 5, 11, 7], "texture": "#0"},
				"down": {"uv": [9, 5, 11, 7], "texture": "#0"}
			}
		},
		{
			"from": [9.5, 30.75, 6.5],
			"to": [10.5, 31, 7.5],
			"rotation": {"angle": -22.5, "axis": "x", "origin": [9.5, 31, 7.5]},
			"faces": {
				"north": {"uv": [9, 5, 11, 7], "texture": "#0"},
				"east": {"uv": [9, 5, 11, 7], "texture": "#0"},
				"south": {"uv": [9, 5, 11, 7], "texture": "#0"},
				"west": {"uv": [9, 5, 11, 7], "texture": "#0"},
				"up": {"uv": [9, 5, 11, 7], "texture": "#0"},
				"down": {"uv": [9, 5, 11, 7], "texture": "#0"}
			}
		},
		{
			"from": [9.5, 30.75, 8.5],
			"to": [10.5, 31, 9.5],
			"rotation": {"angle": 22.5, "axis": "x", "origin": [9.5, 31, 8.5]},
			"faces": {
				"north": {"uv": [9, 5, 11, 7], "texture": "#0"},
				"east": {"uv": [9, 5, 11, 7], "texture": "#0"},
				"south": {"uv": [9, 5, 11, 7], "texture": "#0"},
				"west": {"uv": [9, 5, 11, 7], "texture": "#0"},
				"up": {"uv": [9, 5, 11, 7], "texture": "#0"},
				"down": {"uv": [9, 5, 11, 7], "texture": "#0"}
			}
		},
		{
			"from": [9.5, 27.75, 6.5],
			"to": [10.5, 28, 7.5],
			"rotation": {"angle": -22.5, "axis": "x", "origin": [9.5, 28, 7.5]},
			"faces": {
				"north": {"uv": [9, 5, 11, 7], "texture": "#0"},
				"east": {"uv": [9, 5, 11, 7], "texture": "#0"},
				"south": {"uv": [9, 5, 11, 7], "texture": "#0"},
				"west": {"uv": [9, 5, 11, 7], "texture": "#0"},
				"up": {"uv": [9, 5, 11, 7], "texture": "#0"},
				"down": {"uv": [9, 5, 11, 7], "texture": "#0"}
			}
		},
		{
			"from": [9.5, 27.75, 7.5],
			"to": [10.5, 28, 8.5],
			"rotation": {"angle": 0, "axis": "y", "origin": [4.5, 20, 4]},
			"faces": {
				"north": {"uv": [9, 5, 11, 7], "texture": "#0"},
				"east": {"uv": [9, 5, 11, 7], "texture": "#0"},
				"south": {"uv": [9, 5, 11, 7], "texture": "#0"},
				"west": {"uv": [9, 5, 11, 7], "texture": "#0"},
				"up": {"uv": [9, 5, 11, 7], "texture": "#0"},
				"down": {"uv": [9, 5, 11, 7], "texture": "#0"}
			}
		},
		{
			"from": [9.5, 27.75, 8.5],
			"to": [10.5, 28, 9.5],
			"rotation": {"angle": 22.5, "axis": "x", "origin": [9.5, 28, 8.5]},
			"faces": {
				"north": {"uv": [9, 5, 11, 7], "texture": "#0"},
				"east": {"uv": [9, 5, 11, 7], "texture": "#0"},
				"south": {"uv": [9, 5, 11, 7], "texture": "#0"},
				"west": {"uv": [9, 5, 11, 7], "texture": "#0"},
				"up": {"uv": [9, 5, 11, 7], "texture": "#0"},
				"down": {"uv": [9, 5, 11, 7], "texture": "#0"}
			}
		},
		{
			"from": [9.5, 24.75, 6.5],
			"to": [10.5, 25, 7.5],
			"rotation": {"angle": -22.5, "axis": "x", "origin": [9.5, 25, 7.5]},
			"faces": {
				"north": {"uv": [9, 5, 11, 7], "texture": "#0"},
				"east": {"uv": [9, 5, 11, 7], "texture": "#0"},
				"south": {"uv": [9, 5, 11, 7], "texture": "#0"},
				"west": {"uv": [9, 5, 11, 7], "texture": "#0"},
				"up": {"uv": [9, 5, 11, 7], "texture": "#0"},
				"down": {"uv": [9, 5, 11, 7], "texture": "#0"}
			}
		},
		{
			"from": [9.5, 24.75, 7.5],
			"to": [10.5, 25, 8.5],
			"rotation": {"angle": 0, "axis": "y", "origin": [4.5, 17, 4]},
			"faces": {
				"north": {"uv": [9, 5, 11, 7], "texture": "#0"},
				"east": {"uv": [9, 5, 11, 7], "texture": "#0"},
				"south": {"uv": [9, 5, 11, 7], "texture": "#0"},
				"west": {"uv": [9, 5, 11, 7], "texture": "#0"},
				"up": {"uv": [9, 5, 11, 7], "texture": "#0"},
				"down": {"uv": [9, 5, 11, 7], "texture": "#0"}
			}
		},
		{
			"from": [9.5, 24.75, 8.5],
			"to": [10.5, 25, 9.5],
			"rotation": {"angle": 22.5, "axis": "x", "origin": [9.5, 25, 8.5]},
			"faces": {
				"north": {"uv": [9, 5, 11, 7], "texture": "#0"},
				"east": {"uv": [9, 5, 11, 7], "texture": "#0"},
				"south": {"uv": [9, 5, 11, 7], "texture": "#0"},
				"west": {"uv": [9, 5, 11, 7], "texture": "#0"},
				"up": {"uv": [9, 5, 11, 7], "texture": "#0"},
				"down": {"uv": [9, 5, 11, 7], "texture": "#0"}
			}
		},
		{
			"name": "hexadecagon",
			"from": [9.25, 29.30109, 7],
			"to": [9.75, 29.69891, 9],
			"rotation": {"angle": -45, "axis": "x", "origin": [9.5, 29.5, 8]},
			"faces": {
				"north": {"uv": [13, 9, 15, 11], "texture": "#0"},
				"east": {"uv": [13, 9, 15, 11], "texture": "#0"},
				"south": {"uv": [13, 9, 15, 11], "texture": "#0"},
				"west": {"uv": [13, 9, 15, 11], "texture": "#0"},
				"up": {"uv": [13, 9, 15, 11], "texture": "#0"},
				"down": {"uv": [13, 9, 15, 11], "texture": "#0"}
			}
		},
		{
			"name": "hexadecagon",
			"from": [9.25, 29.30109, 7],
			"to": [9.75, 29.69891, 9],
			"rotation": {"angle": -22.5, "axis": "x", "origin": [9.5, 29.5, 8]},
			"faces": {
				"north": {"uv": [13, 9, 15, 11], "texture": "#0"},
				"east": {"uv": [13, 9, 15, 11], "texture": "#0"},
				"south": {"uv": [13, 9, 15, 11], "texture": "#0"},
				"west": {"uv": [13, 9, 15, 11], "texture": "#0"},
				"up": {"uv": [13, 9, 15, 11], "texture": "#0"},
				"down": {"uv": [13, 9, 15, 11], "texture": "#0"}
			}
		},
		{
			"name": "hexadecagon",
			"from": [9.25, 29.30109, 7],
			"to": [9.75, 29.69891, 9],
			"rotation": {"angle": 0, "axis": "x", "origin": [9.5, 29.5, 8]},
			"faces": {
				"north": {"uv": [13, 9, 15, 11], "texture": "#0"},
				"east": {"uv": [13, 9, 15, 11], "texture": "#0"},
				"south": {"uv": [13, 9, 15, 11], "texture": "#0"},
				"west": {"uv": [13, 9, 15, 11], "texture": "#0"},
				"up": {"uv": [13, 9, 15, 11], "texture": "#0"},
				"down": {"uv": [13, 9, 15, 11], "texture": "#0"}
			}
		},
		{
			"name": "hexadecagon",
			"from": [9.25, 29.30109, 7],
			"to": [9.75, 29.69891, 9],
			"rotation": {"angle": 22.5, "axis": "x", "origin": [9.5, 29.5, 8]},
			"faces": {
				"north": {"uv": [13, 9, 15, 11], "texture": "#0"},
				"east": {"uv": [13, 9, 15, 11], "texture": "#0"},
				"south": {"uv": [13, 9, 15, 11], "texture": "#0"},
				"west": {"uv": [13, 9, 15, 11], "texture": "#0"},
				"up": {"uv": [13, 9, 15, 11], "texture": "#0"},
				"down": {"uv": [13, 9, 15, 11], "texture": "#0"}
			}
		},
		{
			"name": "hexadecagon",
			"from": [9.25, 29.30109, 7],
			"to": [9.75, 29.69891, 9],
			"rotation": {"angle": 45, "axis": "x", "origin": [9.5, 29.5, 8]},
			"faces": {
				"north": {"uv": [13, 9, 15, 11], "texture": "#0"},
				"east": {"uv": [13, 9, 15, 11], "texture": "#0"},
				"south": {"uv": [13, 9, 15, 11], "texture": "#0"},
				"west": {"uv": [13, 9, 15, 11], "texture": "#0"},
				"up": {"uv": [13, 9, 15, 11], "texture": "#0"},
				"down": {"uv": [13, 9, 15, 11], "texture": "#0"}
			}
		},
		{
			"name": "hexadecagon",
			"from": [9.25, 28.5, 7.80109],
			"to": [9.75, 30.5, 8.19891],
			"rotation": {"angle": -22.5, "axis": "x", "origin": [9.5, 29.5, 8]},
			"faces": {
				"north": {"uv": [13, 9, 15, 11], "texture": "#0"},
				"east": {"uv": [13, 9, 15, 11], "texture": "#0"},
				"south": {"uv": [13, 9, 15, 11], "texture": "#0"},
				"west": {"uv": [13, 9, 15, 11], "texture": "#0"},
				"up": {"uv": [13, 9, 15, 11], "texture": "#0"},
				"down": {"uv": [13, 9, 15, 11], "texture": "#0"}
			}
		},
		{
			"name": "hexadecagon",
			"from": [9.25, 28.5, 7.80109],
			"to": [9.75, 30.5, 8.19891],
			"rotation": {"angle": 0, "axis": "x", "origin": [9.5, 29.5, 8]},
			"faces": {
				"north": {"uv": [13, 9, 15, 11], "texture": "#0"},
				"east": {"uv": [13, 9, 15, 11], "texture": "#0"},
				"south": {"uv": [13, 9, 15, 11], "texture": "#0"},
				"west": {"uv": [13, 9, 15, 11], "texture": "#0"},
				"up": {"uv": [13, 9, 15, 11], "texture": "#0"},
				"down": {"uv": [13, 9, 15, 11], "texture": "#0"}
			}
		},
		{
			"name": "hexadecagon",
			"from": [9.25, 28.5, 7.80109],
			"to": [9.75, 30.5, 8.19891],
			"rotation": {"angle": 22.5, "axis": "x", "origin": [9.5, 29.5, 8]},
			"faces": {
				"north": {"uv": [13, 9, 15, 11], "texture": "#0"},
				"east": {"uv": [13, 9, 15, 11], "texture": "#0"},
				"south": {"uv": [13, 9, 15, 11], "texture": "#0"},
				"west": {"uv": [13, 9, 15, 11], "texture": "#0"},
				"up": {"uv": [13, 9, 15, 11], "texture": "#0"},
				"down": {"uv": [13, 9, 15, 11], "texture": "#0"}
			}
		},
		{
			"name": "hexadecagon",
			"from": [9.375, 29.27622, 6.875],
			"to": [9.875, 29.72378, 7],
			"rotation": {"angle": -45, "axis": "x", "origin": [9.625, 29.5, 8]},
			"faces": {
				"north": {"uv": [9, 1, 11, 3], "texture": "#0"},
				"east": {"uv": [9, 1, 11, 3], "texture": "#0"},
				"south": {"uv": [9, 1, 11, 3], "texture": "#0"},
				"west": {"uv": [9, 1, 11, 3], "texture": "#0"},
				"up": {"uv": [9, 1, 11, 3], "texture": "#0"},
				"down": {"uv": [9, 1, 11, 3], "texture": "#0"}
			}
		},
		{
			"name": "hexadecagon",
			"from": [9.375, 29.27622, 6.875],
			"to": [9.875, 29.72378, 7],
			"rotation": {"angle": -22.5, "axis": "x", "origin": [9.625, 29.5, 8]},
			"faces": {
				"north": {"uv": [9, 1, 11, 3], "texture": "#0"},
				"east": {"uv": [9, 1, 11, 3], "texture": "#0"},
				"south": {"uv": [9, 1, 11, 3], "texture": "#0"},
				"west": {"uv": [9, 1, 11, 3], "texture": "#0"},
				"up": {"uv": [9, 1, 11, 3], "texture": "#0"},
				"down": {"uv": [9, 1, 11, 3], "texture": "#0"}
			}
		},
		{
			"name": "hexadecagon",
			"from": [9.375, 29.27622, 6.875],
			"to": [9.875, 29.72378, 7],
			"rotation": {"angle": 0, "axis": "x", "origin": [9.625, 29.5, 8]},
			"faces": {
				"north": {"uv": [9, 1, 11, 3], "texture": "#0"},
				"east": {"uv": [9, 1, 11, 3], "texture": "#0"},
				"south": {"uv": [9, 1, 11, 3], "texture": "#0"},
				"west": {"uv": [9, 1, 11, 3], "texture": "#0"},
				"up": {"uv": [9, 1, 11, 3], "texture": "#0"},
				"down": {"uv": [9, 1, 11, 3], "texture": "#0"}
			}
		},
		{
			"name": "hexadecagon",
			"from": [9.375, 29.27622, 6.875],
			"to": [9.875, 29.72378, 7],
			"rotation": {"angle": 22.5, "axis": "x", "origin": [9.625, 29.5, 8]},
			"faces": {
				"north": {"uv": [9, 1, 11, 3], "texture": "#0"},
				"east": {"uv": [9, 1, 11, 3], "texture": "#0"},
				"south": {"uv": [9, 1, 11, 3], "texture": "#0"},
				"west": {"uv": [9, 1, 11, 3], "texture": "#0"},
				"up": {"uv": [9, 1, 11, 3], "texture": "#0"},
				"down": {"uv": [9, 1, 11, 3], "texture": "#0"}
			}
		},
		{
			"name": "hexadecagon",
			"from": [9.375, 29.27622, 6.875],
			"to": [9.875, 29.72378, 7],
			"rotation": {"angle": 45, "axis": "x", "origin": [9.625, 29.5, 8]},
			"faces": {
				"north": {"uv": [9, 1, 11, 3], "texture": "#0"},
				"east": {"uv": [9, 1, 11, 3], "texture": "#0"},
				"south": {"uv": [9, 1, 11, 3], "texture": "#0"},
				"west": {"uv": [9, 1, 11, 3], "texture": "#0"},
				"up": {"uv": [9, 1, 11, 3], "texture": "#0"},
				"down": {"uv": [9, 1, 11, 3], "texture": "#0"}
			}
		},
		{
			"name": "hexadecagon",
			"from": [9.375, 29.27622, 9],
			"to": [9.875, 29.72378, 9.125],
			"rotation": {"angle": -45, "axis": "x", "origin": [9.625, 29.5, 8]},
			"faces": {
				"north": {"uv": [9, 1, 11, 3], "texture": "#0"},
				"east": {"uv": [9, 1, 11, 3], "texture": "#0"},
				"south": {"uv": [9, 1, 11, 3], "texture": "#0"},
				"west": {"uv": [9, 1, 11, 3], "texture": "#0"},
				"up": {"uv": [9, 1, 11, 3], "texture": "#0"},
				"down": {"uv": [9, 1, 11, 3], "texture": "#0"}
			}
		},
		{
			"name": "hexadecagon",
			"from": [9.375, 29.27622, 9],
			"to": [9.875, 29.72378, 9.125],
			"rotation": {"angle": -22.5, "axis": "x", "origin": [9.625, 29.5, 8]},
			"faces": {
				"north": {"uv": [9, 1, 11, 3], "texture": "#0"},
				"east": {"uv": [9, 1, 11, 3], "texture": "#0"},
				"south": {"uv": [9, 1, 11, 3], "texture": "#0"},
				"west": {"uv": [9, 1, 11, 3], "texture": "#0"},
				"up": {"uv": [9, 1, 11, 3], "texture": "#0"},
				"down": {"uv": [9, 1, 11, 3], "texture": "#0"}
			}
		},
		{
			"name": "hexadecagon",
			"from": [9.375, 29.27622, 9],
			"to": [9.875, 29.72378, 9.125],
			"rotation": {"angle": 0, "axis": "x", "origin": [9.625, 29.5, 8]},
			"faces": {
				"north": {"uv": [9, 1, 11, 3], "texture": "#0"},
				"east": {"uv": [9, 1, 11, 3], "texture": "#0"},
				"south": {"uv": [9, 1, 11, 3], "texture": "#0"},
				"west": {"uv": [9, 1, 11, 3], "texture": "#0"},
				"up": {"uv": [9, 1, 11, 3], "texture": "#0"},
				"down": {"uv": [9, 1, 11, 3], "texture": "#0"}
			}
		},
		{
			"name": "hexadecagon",
			"from": [9.375, 29.27622, 9],
			"to": [9.875, 29.72378, 9.125],
			"rotation": {"angle": 22.5, "axis": "x", "origin": [9.625, 29.5, 8]},
			"faces": {
				"north": {"uv": [9, 1, 11, 3], "texture": "#0"},
				"east": {"uv": [9, 1, 11, 3], "texture": "#0"},
				"south": {"uv": [9, 1, 11, 3], "texture": "#0"},
				"west": {"uv": [9, 1, 11, 3], "texture": "#0"},
				"up": {"uv": [9, 1, 11, 3], "texture": "#0"},
				"down": {"uv": [9, 1, 11, 3], "texture": "#0"}
			}
		},
		{
			"name": "hexadecagon",
			"from": [9.375, 29.27622, 9],
			"to": [9.875, 29.72378, 9.125],
			"rotation": {"angle": 45, "axis": "x", "origin": [9.625, 29.5, 8]},
			"faces": {
				"north": {"uv": [9, 1, 11, 3], "texture": "#0"},
				"east": {"uv": [9, 1, 11, 3], "texture": "#0"},
				"south": {"uv": [9, 1, 11, 3], "texture": "#0"},
				"west": {"uv": [9, 1, 11, 3], "texture": "#0"},
				"up": {"uv": [9, 1, 11, 3], "texture": "#0"},
				"down": {"uv": [9, 1, 11, 3], "texture": "#0"}
			}
		},
		{
			"name": "hexadecagon",
			"from": [9.375, 28.375, 7.77622],
			"to": [9.875, 28.5, 8.22378],
			"rotation": {"angle": -22.5, "axis": "x", "origin": [9.625, 29.5, 8]},
			"faces": {
				"north": {"uv": [9, 1, 11, 3], "texture": "#0"},
				"east": {"uv": [9, 1, 11, 3], "texture": "#0"},
				"south": {"uv": [9, 1, 11, 3], "texture": "#0"},
				"west": {"uv": [9, 1, 11, 3], "texture": "#0"},
				"up": {"uv": [9, 1, 11, 3], "texture": "#0"},
				"down": {"uv": [9, 1, 11, 3], "texture": "#0"}
			}
		},
		{
			"name": "hexadecagon",
			"from": [9.375, 28.375, 7.77622],
			"to": [9.875, 28.5, 8.22378],
			"rotation": {"angle": 0, "axis": "x", "origin": [9.625, 29.5, 8]},
			"faces": {
				"north": {"uv": [9, 1, 11, 3], "texture": "#0"},
				"east": {"uv": [9, 1, 11, 3], "texture": "#0"},
				"south": {"uv": [9, 1, 11, 3], "texture": "#0"},
				"west": {"uv": [9, 1, 11, 3], "texture": "#0"},
				"up": {"uv": [9, 1, 11, 3], "texture": "#0"},
				"down": {"uv": [9, 1, 11, 3], "texture": "#0"}
			}
		},
		{
			"name": "hexadecagon",
			"from": [9.375, 28.375, 7.77622],
			"to": [9.875, 28.5, 8.22378],
			"rotation": {"angle": 22.5, "axis": "x", "origin": [9.625, 29.5, 8]},
			"faces": {
				"north": {"uv": [9, 1, 11, 3], "texture": "#0"},
				"east": {"uv": [9, 1, 11, 3], "texture": "#0"},
				"south": {"uv": [9, 1, 11, 3], "texture": "#0"},
				"west": {"uv": [9, 1, 11, 3], "texture": "#0"},
				"up": {"uv": [9, 1, 11, 3], "texture": "#0"},
				"down": {"uv": [9, 1, 11, 3], "texture": "#0"}
			}
		},
		{
			"name": "hexadecagon",
			"from": [9.375, 30.5, 7.77622],
			"to": [9.875, 30.625, 8.22378],
			"rotation": {"angle": -22.5, "axis": "x", "origin": [9.625, 29.5, 8]},
			"faces": {
				"north": {"uv": [9, 1, 11, 3], "texture": "#0"},
				"east": {"uv": [9, 1, 11, 3], "texture": "#0"},
				"south": {"uv": [9, 1, 11, 3], "texture": "#0"},
				"west": {"uv": [9, 1, 11, 3], "texture": "#0"},
				"up": {"uv": [9, 1, 11, 3], "texture": "#0"},
				"down": {"uv": [9, 1, 11, 3], "texture": "#0"}
			}
		},
		{
			"name": "hexadecagon",
			"from": [9.375, 30.5, 7.77622],
			"to": [9.875, 30.625, 8.22378],
			"rotation": {"angle": 0, "axis": "x", "origin": [9.625, 29.5, 8]},
			"faces": {
				"north": {"uv": [9, 1, 11, 3], "texture": "#0"},
				"east": {"uv": [9, 1, 11, 3], "texture": "#0"},
				"south": {"uv": [9, 1, 11, 3], "texture": "#0"},
				"west": {"uv": [9, 1, 11, 3], "texture": "#0"},
				"up": {"uv": [9, 1, 11, 3], "texture": "#0"},
				"down": {"uv": [9, 1, 11, 3], "texture": "#0"}
			}
		},
		{
			"name": "hexadecagon",
			"from": [9.375, 30.5, 7.77622],
			"to": [9.875, 30.625, 8.22378],
			"rotation": {"angle": 22.5, "axis": "x", "origin": [9.625, 29.5, 8]},
			"faces": {
				"north": {"uv": [9, 1, 11, 3], "texture": "#0"},
				"east": {"uv": [9, 1, 11, 3], "texture": "#0"},
				"south": {"uv": [9, 1, 11, 3], "texture": "#0"},
				"west": {"uv": [9, 1, 11, 3], "texture": "#0"},
				"up": {"uv": [9, 1, 11, 3], "texture": "#0"},
				"down": {"uv": [9, 1, 11, 3], "texture": "#0"}
			}
		},
		{
			"name": "hexadecagon",
			"from": [9.375, 26.27622, 6.875],
			"to": [9.875, 26.72378, 7],
			"rotation": {"angle": -45, "axis": "x", "origin": [9.625, 26.5, 8]},
			"faces": {
				"north": {"uv": [9, 1, 11, 3], "texture": "#0"},
				"east": {"uv": [9, 1, 11, 3], "texture": "#0"},
				"south": {"uv": [9, 1, 11, 3], "texture": "#0"},
				"west": {"uv": [9, 1, 11, 3], "texture": "#0"},
				"up": {"uv": [9, 1, 11, 3], "texture": "#0"},
				"down": {"uv": [9, 1, 11, 3], "texture": "#0"}
			}
		},
		{
			"name": "hexadecagon",
			"from": [9.375, 26.27622, 6.875],
			"to": [9.875, 26.72378, 7],
			"rotation": {"angle": -22.5, "axis": "x", "origin": [9.625, 26.5, 8]},
			"faces": {
				"north": {"uv": [9, 1, 11, 3], "texture": "#0"},
				"east": {"uv": [9, 1, 11, 3], "texture": "#0"},
				"south": {"uv": [9, 1, 11, 3], "texture": "#0"},
				"west": {"uv": [9, 1, 11, 3], "texture": "#0"},
				"up": {"uv": [9, 1, 11, 3], "texture": "#0"},
				"down": {"uv": [9, 1, 11, 3], "texture": "#0"}
			}
		},
		{
			"name": "hexadecagon",
			"from": [9.375, 26.27622, 6.875],
			"to": [9.875, 26.72378, 7],
			"rotation": {"angle": 0, "axis": "x", "origin": [9.625, 26.5, 8]},
			"faces": {
				"north": {"uv": [9, 1, 11, 3], "texture": "#0"},
				"east": {"uv": [9, 1, 11, 3], "texture": "#0"},
				"south": {"uv": [9, 1, 11, 3], "texture": "#0"},
				"west": {"uv": [9, 1, 11, 3], "texture": "#0"},
				"up": {"uv": [9, 1, 11, 3], "texture": "#0"},
				"down": {"uv": [9, 1, 11, 3], "texture": "#0"}
			}
		},
		{
			"name": "hexadecagon",
			"from": [9.375, 26.27622, 6.875],
			"to": [9.875, 26.72378, 7],
			"rotation": {"angle": 22.5, "axis": "x", "origin": [9.625, 26.5, 8]},
			"faces": {
				"north": {"uv": [9, 1, 11, 3], "texture": "#0"},
				"east": {"uv": [9, 1, 11, 3], "texture": "#0"},
				"south": {"uv": [9, 1, 11, 3], "texture": "#0"},
				"west": {"uv": [9, 1, 11, 3], "texture": "#0"},
				"up": {"uv": [9, 1, 11, 3], "texture": "#0"},
				"down": {"uv": [9, 1, 11, 3], "texture": "#0"}
			}
		},
		{
			"name": "hexadecagon",
			"from": [9.375, 26.27622, 6.875],
			"to": [9.875, 26.72378, 7],
			"rotation": {"angle": 45, "axis": "x", "origin": [9.625, 26.5, 8]},
			"faces": {
				"north": {"uv": [9, 1, 11, 3], "texture": "#0"},
				"east": {"uv": [9, 1, 11, 3], "texture": "#0"},
				"south": {"uv": [9, 1, 11, 3], "texture": "#0"},
				"west": {"uv": [9, 1, 11, 3], "texture": "#0"},
				"up": {"uv": [9, 1, 11, 3], "texture": "#0"},
				"down": {"uv": [9, 1, 11, 3], "texture": "#0"}
			}
		},
		{
			"name": "hexadecagon",
			"from": [9.375, 26.27622, 9],
			"to": [9.875, 26.72378, 9.125],
			"rotation": {"angle": -45, "axis": "x", "origin": [9.625, 26.5, 8]},
			"faces": {
				"north": {"uv": [9, 1, 11, 3], "texture": "#0"},
				"east": {"uv": [9, 1, 11, 3], "texture": "#0"},
				"south": {"uv": [9, 1, 11, 3], "texture": "#0"},
				"west": {"uv": [9, 1, 11, 3], "texture": "#0"},
				"up": {"uv": [9, 1, 11, 3], "texture": "#0"},
				"down": {"uv": [9, 1, 11, 3], "texture": "#0"}
			}
		},
		{
			"name": "hexadecagon",
			"from": [9.375, 26.27622, 9],
			"to": [9.875, 26.72378, 9.125],
			"rotation": {"angle": -22.5, "axis": "x", "origin": [9.625, 26.5, 8]},
			"faces": {
				"north": {"uv": [9, 1, 11, 3], "texture": "#0"},
				"east": {"uv": [9, 1, 11, 3], "texture": "#0"},
				"south": {"uv": [9, 1, 11, 3], "texture": "#0"},
				"west": {"uv": [9, 1, 11, 3], "texture": "#0"},
				"up": {"uv": [9, 1, 11, 3], "texture": "#0"},
				"down": {"uv": [9, 1, 11, 3], "texture": "#0"}
			}
		},
		{
			"name": "hexadecagon",
			"from": [9.375, 26.27622, 9],
			"to": [9.875, 26.72378, 9.125],
			"rotation": {"angle": 0, "axis": "x", "origin": [9.625, 26.5, 8]},
			"faces": {
				"north": {"uv": [9, 1, 11, 3], "texture": "#0"},
				"east": {"uv": [9, 1, 11, 3], "texture": "#0"},
				"south": {"uv": [9, 1, 11, 3], "texture": "#0"},
				"west": {"uv": [9, 1, 11, 3], "texture": "#0"},
				"up": {"uv": [9, 1, 11, 3], "texture": "#0"},
				"down": {"uv": [9, 1, 11, 3], "texture": "#0"}
			}
		},
		{
			"name": "hexadecagon",
			"from": [9.375, 26.27622, 9],
			"to": [9.875, 26.72378, 9.125],
			"rotation": {"angle": 22.5, "axis": "x", "origin": [9.625, 26.5, 8]},
			"faces": {
				"north": {"uv": [9, 1, 11, 3], "texture": "#0"},
				"east": {"uv": [9, 1, 11, 3], "texture": "#0"},
				"south": {"uv": [9, 1, 11, 3], "texture": "#0"},
				"west": {"uv": [9, 1, 11, 3], "texture": "#0"},
				"up": {"uv": [9, 1, 11, 3], "texture": "#0"},
				"down": {"uv": [9, 1, 11, 3], "texture": "#0"}
			}
		},
		{
			"name": "hexadecagon",
			"from": [9.375, 26.27622, 9],
			"to": [9.875, 26.72378, 9.125],
			"rotation": {"angle": 45, "axis": "x", "origin": [9.625, 26.5, 8]},
			"faces": {
				"north": {"uv": [9, 1, 11, 3], "texture": "#0"},
				"east": {"uv": [9, 1, 11, 3], "texture": "#0"},
				"south": {"uv": [9, 1, 11, 3], "texture": "#0"},
				"west": {"uv": [9, 1, 11, 3], "texture": "#0"},
				"up": {"uv": [9, 1, 11, 3], "texture": "#0"},
				"down": {"uv": [9, 1, 11, 3], "texture": "#0"}
			}
		},
		{
			"name": "hexadecagon",
			"from": [9.375, 25.375, 7.77622],
			"to": [9.875, 25.5, 8.22378],
			"rotation": {"angle": -22.5, "axis": "x", "origin": [9.625, 26.5, 8]},
			"faces": {
				"north": {"uv": [9, 1, 11, 3], "texture": "#0"},
				"east": {"uv": [9, 1, 11, 3], "texture": "#0"},
				"south": {"uv": [9, 1, 11, 3], "texture": "#0"},
				"west": {"uv": [9, 1, 11, 3], "texture": "#0"},
				"up": {"uv": [9, 1, 11, 3], "texture": "#0"},
				"down": {"uv": [9, 1, 11, 3], "texture": "#0"}
			}
		},
		{
			"name": "hexadecagon",
			"from": [9.375, 25.375, 7.77622],
			"to": [9.875, 25.5, 8.22378],
			"rotation": {"angle": 0, "axis": "x", "origin": [9.625, 26.5, 8]},
			"faces": {
				"north": {"uv": [9, 1, 11, 3], "texture": "#0"},
				"east": {"uv": [9, 1, 11, 3], "texture": "#0"},
				"south": {"uv": [9, 1, 11, 3], "texture": "#0"},
				"west": {"uv": [9, 1, 11, 3], "texture": "#0"},
				"up": {"uv": [9, 1, 11, 3], "texture": "#0"},
				"down": {"uv": [9, 1, 11, 3], "texture": "#0"}
			}
		},
		{
			"name": "hexadecagon",
			"from": [9.375, 25.375, 7.77622],
			"to": [9.875, 25.5, 8.22378],
			"rotation": {"angle": 22.5, "axis": "x", "origin": [9.625, 26.5, 8]},
			"faces": {
				"north": {"uv": [9, 1, 11, 3], "texture": "#0"},
				"east": {"uv": [9, 1, 11, 3], "texture": "#0"},
				"south": {"uv": [9, 1, 11, 3], "texture": "#0"},
				"west": {"uv": [9, 1, 11, 3], "texture": "#0"},
				"up": {"uv": [9, 1, 11, 3], "texture": "#0"},
				"down": {"uv": [9, 1, 11, 3], "texture": "#0"}
			}
		},
		{
			"name": "hexadecagon",
			"from": [9.375, 27.5, 7.77622],
			"to": [9.875, 27.625, 8.22378],
			"rotation": {"angle": -22.5, "axis": "x", "origin": [9.625, 26.5, 8]},
			"faces": {
				"north": {"uv": [9, 1, 11, 3], "texture": "#0"},
				"east": {"uv": [9, 1, 11, 3], "texture": "#0"},
				"south": {"uv": [9, 1, 11, 3], "texture": "#0"},
				"west": {"uv": [9, 1, 11, 3], "texture": "#0"},
				"up": {"uv": [9, 1, 11, 3], "texture": "#0"},
				"down": {"uv": [9, 1, 11, 3], "texture": "#0"}
			}
		},
		{
			"name": "hexadecagon",
			"from": [9.375, 27.5, 7.77622],
			"to": [9.875, 27.625, 8.22378],
			"rotation": {"angle": 0, "axis": "x", "origin": [9.625, 26.5, 8]},
			"faces": {
				"north": {"uv": [9, 1, 11, 3], "texture": "#0"},
				"east": {"uv": [9, 1, 11, 3], "texture": "#0"},
				"south": {"uv": [9, 1, 11, 3], "texture": "#0"},
				"west": {"uv": [9, 1, 11, 3], "texture": "#0"},
				"up": {"uv": [9, 1, 11, 3], "texture": "#0"},
				"down": {"uv": [9, 1, 11, 3], "texture": "#0"}
			}
		},
		{
			"name": "hexadecagon",
			"from": [9.375, 27.5, 7.77622],
			"to": [9.875, 27.625, 8.22378],
			"rotation": {"angle": 22.5, "axis": "x", "origin": [9.625, 26.5, 8]},
			"faces": {
				"north": {"uv": [9, 1, 11, 3], "texture": "#0"},
				"east": {"uv": [9, 1, 11, 3], "texture": "#0"},
				"south": {"uv": [9, 1, 11, 3], "texture": "#0"},
				"west": {"uv": [9, 1, 11, 3], "texture": "#0"},
				"up": {"uv": [9, 1, 11, 3], "texture": "#0"},
				"down": {"uv": [9, 1, 11, 3], "texture": "#0"}
			}
		},
		{
			"name": "hexadecagon",
			"from": [9.25, 26.30109, 7],
			"to": [9.75, 26.69891, 9],
			"rotation": {"angle": -45, "axis": "x", "origin": [9.5, 26.5, 8]},
			"faces": {
				"north": {"uv": [9, 13, 11, 15], "texture": "#0"},
				"east": {"uv": [9, 13, 11, 15], "texture": "#0"},
				"south": {"uv": [9, 13, 11, 15], "texture": "#0"},
				"west": {"uv": [9, 13, 11, 15], "texture": "#0"},
				"up": {"uv": [9, 13, 11, 15], "texture": "#0"},
				"down": {"uv": [9, 13, 11, 15], "texture": "#0"}
			}
		},
		{
			"name": "hexadecagon",
			"from": [9.25, 26.30109, 7],
			"to": [9.75, 26.69891, 9],
			"rotation": {"angle": -22.5, "axis": "x", "origin": [9.5, 26.5, 8]},
			"faces": {
				"north": {"uv": [9, 13, 11, 15], "texture": "#0"},
				"east": {"uv": [9, 13, 11, 15], "texture": "#0"},
				"south": {"uv": [9, 13, 11, 15], "texture": "#0"},
				"west": {"uv": [9, 13, 11, 15], "texture": "#0"},
				"up": {"uv": [9, 13, 11, 15], "texture": "#0"},
				"down": {"uv": [9, 13, 11, 15], "texture": "#0"}
			}
		},
		{
			"name": "hexadecagon",
			"from": [9.25, 26.30109, 7],
			"to": [9.75, 26.69891, 9],
			"rotation": {"angle": 0, "axis": "x", "origin": [9.5, 26.5, 8]},
			"faces": {
				"north": {"uv": [9, 13, 11, 15], "texture": "#0"},
				"east": {"uv": [9, 13, 11, 15], "texture": "#0"},
				"south": {"uv": [9, 13, 11, 15], "texture": "#0"},
				"west": {"uv": [9, 13, 11, 15], "texture": "#0"},
				"up": {"uv": [9, 13, 11, 15], "texture": "#0"},
				"down": {"uv": [9, 13, 11, 15], "texture": "#0"}
			}
		},
		{
			"name": "hexadecagon",
			"from": [9.25, 26.30109, 7],
			"to": [9.75, 26.69891, 9],
			"rotation": {"angle": 22.5, "axis": "x", "origin": [9.5, 26.5, 8]},
			"faces": {
				"north": {"uv": [9, 13, 11, 15], "texture": "#0"},
				"east": {"uv": [9, 13, 11, 15], "texture": "#0"},
				"south": {"uv": [9, 13, 11, 15], "texture": "#0"},
				"west": {"uv": [9, 13, 11, 15], "texture": "#0"},
				"up": {"uv": [9, 13, 11, 15], "texture": "#0"},
				"down": {"uv": [9, 13, 11, 15], "texture": "#0"}
			}
		},
		{
			"name": "hexadecagon",
			"from": [9.25, 26.30109, 7],
			"to": [9.75, 26.69891, 9],
			"rotation": {"angle": 45, "axis": "x", "origin": [9.5, 26.5, 8]},
			"faces": {
				"north": {"uv": [9, 13, 11, 15], "texture": "#0"},
				"east": {"uv": [9, 13, 11, 15], "texture": "#0"},
				"south": {"uv": [9, 13, 11, 15], "texture": "#0"},
				"west": {"uv": [9, 13, 11, 15], "texture": "#0"},
				"up": {"uv": [9, 13, 11, 15], "texture": "#0"},
				"down": {"uv": [9, 13, 11, 15], "texture": "#0"}
			}
		},
		{
			"name": "hexadecagon",
			"from": [9.25, 25.5, 7.80109],
			"to": [9.75, 27.5, 8.19891],
			"rotation": {"angle": -22.5, "axis": "x", "origin": [9.5, 26.5, 8]},
			"faces": {
				"north": {"uv": [9, 13, 11, 15], "texture": "#0"},
				"east": {"uv": [9, 13, 11, 15], "texture": "#0"},
				"south": {"uv": [9, 13, 11, 15], "texture": "#0"},
				"west": {"uv": [9, 13, 11, 15], "texture": "#0"},
				"up": {"uv": [9, 13, 11, 15], "texture": "#0"},
				"down": {"uv": [9, 13, 11, 15], "texture": "#0"}
			}
		},
		{
			"name": "hexadecagon",
			"from": [9.25, 25.5, 7.80109],
			"to": [9.75, 27.5, 8.19891],
			"rotation": {"angle": 0, "axis": "x", "origin": [9.5, 26.5, 8]},
			"faces": {
				"north": {"uv": [9, 13, 11, 15], "texture": "#0"},
				"east": {"uv": [9, 13, 11, 15], "texture": "#0"},
				"south": {"uv": [9, 13, 11, 15], "texture": "#0"},
				"west": {"uv": [9, 13, 11, 15], "texture": "#0"},
				"up": {"uv": [9, 13, 11, 15], "texture": "#0"},
				"down": {"uv": [9, 13, 11, 15], "texture": "#0"}
			}
		},
		{
			"name": "hexadecagon",
			"from": [9.25, 25.5, 7.80109],
			"to": [9.75, 27.5, 8.19891],
			"rotation": {"angle": 22.5, "axis": "x", "origin": [9.5, 26.5, 8]},
			"faces": {
				"north": {"uv": [9, 13, 11, 15], "texture": "#0"},
				"east": {"uv": [9, 13, 11, 15], "texture": "#0"},
				"south": {"uv": [9, 13, 11, 15], "texture": "#0"},
				"west": {"uv": [9, 13, 11, 15], "texture": "#0"},
				"up": {"uv": [9, 13, 11, 15], "texture": "#0"},
				"down": {"uv": [9, 13, 11, 15], "texture": "#0"}
			}
		},
		{
			"name": "hexadecagon",
			"from": [9.25, 23.30109, 7],
			"to": [9.75, 23.69891, 9],
			"rotation": {"angle": -45, "axis": "x", "origin": [9.5, 23.5, 8]},
			"faces": {
				"north": {"uv": [5, 13, 7, 15], "texture": "#0"},
				"east": {"uv": [5, 13, 7, 15], "texture": "#0"},
				"south": {"uv": [5, 13, 7, 15], "texture": "#0"},
				"west": {"uv": [5, 13, 7, 15], "texture": "#0"},
				"up": {"uv": [5, 13, 7, 15], "texture": "#0"},
				"down": {"uv": [5, 13, 7, 15], "texture": "#0"}
			}
		},
		{
			"name": "hexadecagon",
			"from": [9.25, 23.30109, 7],
			"to": [9.75, 23.69891, 9],
			"rotation": {"angle": -22.5, "axis": "x", "origin": [9.5, 23.5, 8]},
			"faces": {
				"north": {"uv": [5, 13, 7, 15], "texture": "#0"},
				"east": {"uv": [5, 13, 7, 15], "texture": "#0"},
				"south": {"uv": [5, 13, 7, 15], "texture": "#0"},
				"west": {"uv": [5, 13, 7, 15], "texture": "#0"},
				"up": {"uv": [5, 13, 7, 15], "texture": "#0"},
				"down": {"uv": [5, 13, 7, 15], "texture": "#0"}
			}
		},
		{
			"name": "hexadecagon",
			"from": [9.25, 23.30109, 7],
			"to": [9.75, 23.69891, 9],
			"rotation": {"angle": 0, "axis": "x", "origin": [9.5, 23.5, 8]},
			"faces": {
				"north": {"uv": [5, 13, 7, 15], "texture": "#0"},
				"east": {"uv": [5, 13, 7, 15], "texture": "#0"},
				"south": {"uv": [5, 13, 7, 15], "texture": "#0"},
				"west": {"uv": [5, 13, 7, 15], "texture": "#0"},
				"up": {"uv": [5, 13, 7, 15], "texture": "#0"},
				"down": {"uv": [5, 13, 7, 15], "texture": "#0"}
			}
		},
		{
			"name": "hexadecagon",
			"from": [9.25, 23.30109, 7],
			"to": [9.75, 23.69891, 9],
			"rotation": {"angle": 22.5, "axis": "x", "origin": [9.5, 23.5, 8]},
			"faces": {
				"north": {"uv": [5, 13, 7, 15], "texture": "#0"},
				"east": {"uv": [5, 13, 7, 15], "texture": "#0"},
				"south": {"uv": [5, 13, 7, 15], "texture": "#0"},
				"west": {"uv": [5, 13, 7, 15], "texture": "#0"},
				"up": {"uv": [5, 13, 7, 15], "texture": "#0"},
				"down": {"uv": [5, 13, 7, 15], "texture": "#0"}
			}
		},
		{
			"name": "hexadecagon",
			"from": [9.25, 23.30109, 7],
			"to": [9.75, 23.69891, 9],
			"rotation": {"angle": 45, "axis": "x", "origin": [9.5, 23.5, 8]},
			"faces": {
				"north": {"uv": [5, 13, 7, 15], "texture": "#0"},
				"east": {"uv": [5, 13, 7, 15], "texture": "#0"},
				"south": {"uv": [5, 13, 7, 15], "texture": "#0"},
				"west": {"uv": [5, 13, 7, 15], "texture": "#0"},
				"up": {"uv": [5, 13, 7, 15], "texture": "#0"},
				"down": {"uv": [5, 13, 7, 15], "texture": "#0"}
			}
		},
		{
			"name": "hexadecagon",
			"from": [9.25, 22.5, 7.80109],
			"to": [9.75, 24.5, 8.19891],
			"rotation": {"angle": -22.5, "axis": "x", "origin": [9.5, 23.5, 8]},
			"faces": {
				"north": {"uv": [5, 13, 7, 15], "texture": "#0"},
				"east": {"uv": [5, 13, 7, 15], "texture": "#0"},
				"south": {"uv": [5, 13, 7, 15], "texture": "#0"},
				"west": {"uv": [5, 13, 7, 15], "texture": "#0"},
				"up": {"uv": [5, 13, 7, 15], "texture": "#0"},
				"down": {"uv": [5, 13, 7, 15], "texture": "#0"}
			}
		},
		{
			"name": "hexadecagon",
			"from": [9.25, 22.5, 7.80109],
			"to": [9.75, 24.5, 8.19891],
			"rotation": {"angle": 0, "axis": "x", "origin": [9.5, 23.5, 8]},
			"faces": {
				"north": {"uv": [5, 13, 7, 15], "texture": "#0"},
				"east": {"uv": [5, 13, 7, 15], "texture": "#0"},
				"south": {"uv": [5, 13, 7, 15], "texture": "#0"},
				"west": {"uv": [5, 13, 7, 15], "texture": "#0"},
				"up": {"uv": [5, 13, 7, 15], "texture": "#0"},
				"down": {"uv": [5, 13, 7, 15], "texture": "#0"}
			}
		},
		{
			"name": "hexadecagon",
			"from": [9.25, 22.5, 7.80109],
			"to": [9.75, 24.5, 8.19891],
			"rotation": {"angle": 22.5, "axis": "x", "origin": [9.5, 23.5, 8]},
			"faces": {
				"north": {"uv": [5, 13, 7, 15], "texture": "#0"},
				"east": {"uv": [5, 13, 7, 15], "texture": "#0"},
				"south": {"uv": [5, 13, 7, 15], "texture": "#0"},
				"west": {"uv": [5, 13, 7, 15], "texture": "#0"},
				"up": {"uv": [5, 13, 7, 15], "texture": "#0"},
				"down": {"uv": [5, 13, 7, 15], "texture": "#0"}
			}
		},
		{
			"name": "hexadecagon",
			"from": [9.375, 23.27622, 6.875],
			"to": [9.875, 23.72378, 7],
			"rotation": {"angle": -45, "axis": "x", "origin": [9.625, 23.5, 8]},
			"faces": {
				"north": {"uv": [9, 1, 11, 3], "texture": "#0"},
				"east": {"uv": [9, 1, 11, 3], "texture": "#0"},
				"south": {"uv": [9, 1, 11, 3], "texture": "#0"},
				"west": {"uv": [9, 1, 11, 3], "texture": "#0"},
				"up": {"uv": [9, 1, 11, 3], "texture": "#0"},
				"down": {"uv": [9, 1, 11, 3], "texture": "#0"}
			}
		},
		{
			"name": "hexadecagon",
			"from": [9.375, 23.27622, 6.875],
			"to": [9.875, 23.72378, 7],
			"rotation": {"angle": -22.5, "axis": "x", "origin": [9.625, 23.5, 8]},
			"faces": {
				"north": {"uv": [9, 1, 11, 3], "texture": "#0"},
				"east": {"uv": [9, 1, 11, 3], "texture": "#0"},
				"south": {"uv": [9, 1, 11, 3], "texture": "#0"},
				"west": {"uv": [9, 1, 11, 3], "texture": "#0"},
				"up": {"uv": [9, 1, 11, 3], "texture": "#0"},
				"down": {"uv": [9, 1, 11, 3], "texture": "#0"}
			}
		},
		{
			"name": "hexadecagon",
			"from": [9.375, 23.27622, 6.875],
			"to": [9.875, 23.72378, 7],
			"rotation": {"angle": 0, "axis": "x", "origin": [9.625, 23.5, 8]},
			"faces": {
				"north": {"uv": [9, 1, 11, 3], "texture": "#0"},
				"east": {"uv": [9, 1, 11, 3], "texture": "#0"},
				"south": {"uv": [9, 1, 11, 3], "texture": "#0"},
				"west": {"uv": [9, 1, 11, 3], "texture": "#0"},
				"up": {"uv": [9, 1, 11, 3], "texture": "#0"},
				"down": {"uv": [9, 1, 11, 3], "texture": "#0"}
			}
		},
		{
			"name": "hexadecagon",
			"from": [9.375, 23.27622, 6.875],
			"to": [9.875, 23.72378, 7],
			"rotation": {"angle": 22.5, "axis": "x", "origin": [9.625, 23.5, 8]},
			"faces": {
				"north": {"uv": [9, 1, 11, 3], "texture": "#0"},
				"east": {"uv": [9, 1, 11, 3], "texture": "#0"},
				"south": {"uv": [9, 1, 11, 3], "texture": "#0"},
				"west": {"uv": [9, 1, 11, 3], "texture": "#0"},
				"up": {"uv": [9, 1, 11, 3], "texture": "#0"},
				"down": {"uv": [9, 1, 11, 3], "texture": "#0"}
			}
		},
		{
			"name": "hexadecagon",
			"from": [9.375, 23.27622, 6.875],
			"to": [9.875, 23.72378, 7],
			"rotation": {"angle": 45, "axis": "x", "origin": [9.625, 23.5, 8]},
			"faces": {
				"north": {"uv": [9, 1, 11, 3], "texture": "#0"},
				"east": {"uv": [9, 1, 11, 3], "texture": "#0"},
				"south": {"uv": [9, 1, 11, 3], "texture": "#0"},
				"west": {"uv": [9, 1, 11, 3], "texture": "#0"},
				"up": {"uv": [9, 1, 11, 3], "texture": "#0"},
				"down": {"uv": [9, 1, 11, 3], "texture": "#0"}
			}
		},
		{
			"name": "hexadecagon",
			"from": [9.375, 23.27622, 9],
			"to": [9.875, 23.72378, 9.125],
			"rotation": {"angle": -45, "axis": "x", "origin": [9.625, 23.5, 8]},
			"faces": {
				"north": {"uv": [9, 1, 11, 3], "texture": "#0"},
				"east": {"uv": [9, 1, 11, 3], "texture": "#0"},
				"south": {"uv": [9, 1, 11, 3], "texture": "#0"},
				"west": {"uv": [9, 1, 11, 3], "texture": "#0"},
				"up": {"uv": [9, 1, 11, 3], "texture": "#0"},
				"down": {"uv": [9, 1, 11, 3], "texture": "#0"}
			}
		},
		{
			"name": "hexadecagon",
			"from": [9.375, 23.27622, 9],
			"to": [9.875, 23.72378, 9.125],
			"rotation": {"angle": -22.5, "axis": "x", "origin": [9.625, 23.5, 8]},
			"faces": {
				"north": {"uv": [9, 1, 11, 3], "texture": "#0"},
				"east": {"uv": [9, 1, 11, 3], "texture": "#0"},
				"south": {"uv": [9, 1, 11, 3], "texture": "#0"},
				"west": {"uv": [9, 1, 11, 3], "texture": "#0"},
				"up": {"uv": [9, 1, 11, 3], "texture": "#0"},
				"down": {"uv": [9, 1, 11, 3], "texture": "#0"}
			}
		},
		{
			"name": "hexadecagon",
			"from": [9.375, 23.27622, 9],
			"to": [9.875, 23.72378, 9.125],
			"rotation": {"angle": 0, "axis": "x", "origin": [9.625, 23.5, 8]},
			"faces": {
				"north": {"uv": [9, 1, 11, 3], "texture": "#0"},
				"east": {"uv": [9, 1, 11, 3], "texture": "#0"},
				"south": {"uv": [9, 1, 11, 3], "texture": "#0"},
				"west": {"uv": [9, 1, 11, 3], "texture": "#0"},
				"up": {"uv": [9, 1, 11, 3], "texture": "#0"},
				"down": {"uv": [9, 1, 11, 3], "texture": "#0"}
			}
		},
		{
			"name": "hexadecagon",
			"from": [9.375, 23.27622, 9],
			"to": [9.875, 23.72378, 9.125],
			"rotation": {"angle": 22.5, "axis": "x", "origin": [9.625, 23.5, 8]},
			"faces": {
				"north": {"uv": [9, 1, 11, 3], "texture": "#0"},
				"east": {"uv": [9, 1, 11, 3], "texture": "#0"},
				"south": {"uv": [9, 1, 11, 3], "texture": "#0"},
				"west": {"uv": [9, 1, 11, 3], "texture": "#0"},
				"up": {"uv": [9, 1, 11, 3], "texture": "#0"},
				"down": {"uv": [9, 1, 11, 3], "texture": "#0"}
			}
		},
		{
			"name": "hexadecagon",
			"from": [9.375, 23.27622, 9],
			"to": [9.875, 23.72378, 9.125],
			"rotation": {"angle": 45, "axis": "x", "origin": [9.625, 23.5, 8]},
			"faces": {
				"north": {"uv": [9, 1, 11, 3], "texture": "#0"},
				"east": {"uv": [9, 1, 11, 3], "texture": "#0"},
				"south": {"uv": [9, 1, 11, 3], "texture": "#0"},
				"west": {"uv": [9, 1, 11, 3], "texture": "#0"},
				"up": {"uv": [9, 1, 11, 3], "texture": "#0"},
				"down": {"uv": [9, 1, 11, 3], "texture": "#0"}
			}
		},
		{
			"name": "hexadecagon",
			"from": [9.375, 22.375, 7.77622],
			"to": [9.875, 22.5, 8.22378],
			"rotation": {"angle": -22.5, "axis": "x", "origin": [9.625, 23.5, 8]},
			"faces": {
				"north": {"uv": [9, 1, 11, 3], "texture": "#0"},
				"east": {"uv": [9, 1, 11, 3], "texture": "#0"},
				"south": {"uv": [9, 1, 11, 3], "texture": "#0"},
				"west": {"uv": [9, 1, 11, 3], "texture": "#0"},
				"up": {"uv": [9, 1, 11, 3], "texture": "#0"},
				"down": {"uv": [9, 1, 11, 3], "texture": "#0"}
			}
		},
		{
			"name": "hexadecagon",
			"from": [9.375, 22.375, 7.77622],
			"to": [9.875, 22.5, 8.22378],
			"rotation": {"angle": 0, "axis": "x", "origin": [9.625, 23.5, 8]},
			"faces": {
				"north": {"uv": [9, 1, 11, 3], "texture": "#0"},
				"east": {"uv": [9, 1, 11, 3], "texture": "#0"},
				"south": {"uv": [9, 1, 11, 3], "texture": "#0"},
				"west": {"uv": [9, 1, 11, 3], "texture": "#0"},
				"up": {"uv": [9, 1, 11, 3], "texture": "#0"},
				"down": {"uv": [9, 1, 11, 3], "texture": "#0"}
			}
		},
		{
			"name": "hexadecagon",
			"from": [9.375, 22.375, 7.77622],
			"to": [9.875, 22.5, 8.22378],
			"rotation": {"angle": 22.5, "axis": "x", "origin": [9.625, 23.5, 8]},
			"faces": {
				"north": {"uv": [9, 1, 11, 3], "texture": "#0"},
				"east": {"uv": [9, 1, 11, 3], "texture": "#0"},
				"south": {"uv": [9, 1, 11, 3], "texture": "#0"},
				"west": {"uv": [9, 1, 11, 3], "texture": "#0"},
				"up": {"uv": [9, 1, 11, 3], "texture": "#0"},
				"down": {"uv": [9, 1, 11, 3], "texture": "#0"}
			}
		},
		{
			"name": "hexadecagon",
			"from": [9.375, 24.5, 7.77622],
			"to": [9.875, 24.625, 8.22378],
			"rotation": {"angle": -22.5, "axis": "x", "origin": [9.625, 23.5, 8]},
			"faces": {
				"north": {"uv": [9, 1, 11, 3], "texture": "#0"},
				"east": {"uv": [9, 1, 11, 3], "texture": "#0"},
				"south": {"uv": [9, 1, 11, 3], "texture": "#0"},
				"west": {"uv": [9, 1, 11, 3], "texture": "#0"},
				"up": {"uv": [9, 1, 11, 3], "texture": "#0"},
				"down": {"uv": [9, 1, 11, 3], "texture": "#0"}
			}
		},
		{
			"name": "hexadecagon",
			"from": [9.375, 24.5, 7.77622],
			"to": [9.875, 24.625, 8.22378],
			"rotation": {"angle": 0, "axis": "x", "origin": [9.625, 23.5, 8]},
			"faces": {
				"north": {"uv": [9, 1, 11, 3], "texture": "#0"},
				"east": {"uv": [9, 1, 11, 3], "texture": "#0"},
				"south": {"uv": [9, 1, 11, 3], "texture": "#0"},
				"west": {"uv": [9, 1, 11, 3], "texture": "#0"},
				"up": {"uv": [9, 1, 11, 3], "texture": "#0"},
				"down": {"uv": [9, 1, 11, 3], "texture": "#0"}
			}
		},
		{
			"name": "hexadecagon",
			"from": [9.375, 24.5, 7.77622],
			"to": [9.875, 24.625, 8.22378],
			"rotation": {"angle": 22.5, "axis": "x", "origin": [9.625, 23.5, 8]},
			"faces": {
				"north": {"uv": [9, 1, 11, 3], "texture": "#0"},
				"east": {"uv": [9, 1, 11, 3], "texture": "#0"},
				"south": {"uv": [9, 1, 11, 3], "texture": "#0"},
				"west": {"uv": [9, 1, 11, 3], "texture": "#0"},
				"up": {"uv": [9, 1, 11, 3], "texture": "#0"},
				"down": {"uv": [9, 1, 11, 3], "texture": "#0"}
			}
		}
	],
	"display": {
		"head": {
			"rotation": [0, 90, 0],
			"translation": [0, -56, 0],
			"scale": [4, 4, 4]
		}
	},
	"groups": [0, 1, 2, 3, 4, 5, 6, 7, 8, 9, 10, 11, 12, 13, 14, 15, 16, 17, 18, 19, 20, 21, 22, 23, 24, 25, 26, 27, 28, 29, 30, 31, 32, 33, 34, 35, 36, 37, 38, 39, 40, 41, 42, 43, 44, 45, 46, 47, 48, 49, 50, 51, 52, 53, 54, 55, 56, 57, 58, 59, 60, 61, 62, 63,
		{
			"name": "hexadecagon",
			"origin": [8, 8, 8],
			"color": 0,
			"children": [64, 65, 66, 67, 68, 69, 70, 71]
		},
		{
			"name": "hexadecagon",
			"origin": [8, 8, 8],
			"color": 0,
			"children": [72, 73, 74, 75, 76, 77, 78, 79, 80, 81, 82, 83, 84, 85, 86, 87]
		},
		{
			"name": "hexadecagon",
			"origin": [8, 8, 8],
			"color": 0,
			"children": [88, 89, 90, 91, 92, 93, 94, 95, 96, 97, 98, 99, 100, 101, 102, 103]
		},
		{
			"name": "hexadecagon",
			"origin": [8, 8, 8],
			"color": 0,
			"children": [104, 105, 106, 107, 108, 109, 110, 111]
		},
		{
			"name": "hexadecagon",
			"origin": [8, 8, 8],
			"color": 0,
			"children": [112, 113, 114, 115, 116, 117, 118, 119]
		},
		{
			"name": "hexadecagon",
			"origin": [8, 8, 8],
			"color": 0,
			"children": [120, 121, 122, 123, 124, 125, 126, 127, 128, 129, 130, 131, 132, 133, 134, 135]
		}
	]
}