{
	"__comment": "Designed by Mcmakistein with Cubik Studio - https://cubik.studio",
	"textures": {
		"particle": "custom/m_bass",
		"texture": "custom/m_bass"
	},
	"elements": [ 	 
		{
			"__comment": "Box1",
			"from": [ 0, 0, 2 ],
			"to": [ 14, 16, 14 ],
			"faces": {
				"down": { "uv": [ 0.5, 0.5, 2.5, 2.5 ], "texture": "#texture" },
				"up": { "uv": [ 0.5, 0.5, 2.5, 2.5 ], "texture": "#texture" },
				"north": { "uv": [ 0.5, 0.5, 2.5, 2.5 ], "texture": "#texture" },
				"south": { "uv": [ 0.5, 0.5, 2.5, 2.5 ], "texture": "#texture" },
				"west": { "uv": [ 0.5, 0.5, 2.5, 2.5 ], "texture": "#texture" },
				"east": { "uv": [ 0.5, 0.5, 2.5, 2.5 ], "texture": "#texture" }
			}
		},
		{
			"__comment": "Box1",
			"from": [ 11, 10, 2 ],
			"to": [ 16, 16, 14 ],
			"faces": {
				"down": { "uv": [ 0.5, 0.5, 2.5, 2.5 ], "texture": "#texture" },
				"up": { "uv": [ 0.5, 0.5, 2.5, 2.5 ], "texture": "#texture" },
				"north": { "uv": [ 0.5, 0.5, 2.5, 2.5 ], "texture": "#texture" },
				"south": { "uv": [ 0.5, 0.5, 2.5, 2.5 ], "texture": "#texture" },
				"west": { "uv": [ 0.5, 0.5, 2.5, 2.5 ], "texture": "#texture" },
				"east": { "uv": [ 0.5, 0.5, 2.5, 2.5 ], "texture": "#texture" }
			}
		},
		{
			"__comment": "Box1",
			"from": [ 11, 0, 2 ],
			"to": [ 16, 3, 14 ],
			"faces": {
				"down": { "uv": [ 0.5, 0.5, 2.5, 2.5 ], "texture": "#texture" },
				"up": { "uv": [ 0.5, 0.5, 2.5, 2.5 ], "texture": "#texture" },
				"north": { "uv": [ 0.5, 0.5, 2.5, 2.5 ], "texture": "#texture" },
				"south": { "uv": [ 0.5, 0.5, 2.5, 2.5 ], "texture": "#texture" },
				"west": { "uv": [ 0.5, 0.5, 2.5, 2.5 ], "texture": "#texture" },
				"east": { "uv": [ 0.5, 0.5, 2.5, 2.5 ], "texture": "#texture" }
			}
		},
		{
			"__comment": "Box1",
			"from": [ 11, 3, 2 ],
			"to": [ 16, 10, 4.5 ],
			"faces": {
				"down": { "uv": [ 0.5, 0.5, 2.5, 2.5 ], "texture": "#texture" },
				"up": { "uv": [ 0.5, 0.5, 2.5, 2.5 ], "texture": "#texture" },
				"north": { "uv": [ 0.5, 0.5, 2.5, 2.5 ], "texture": "#texture" },
				"south": { "uv": [ 0.5, 0.5, 2.5, 2.5 ], "texture": "#texture" },
				"west": { "uv": [ 0.5, 0.5, 2.5, 2.5 ], "texture": "#texture" },
				"east": { "uv": [ 0.5, 0.5, 2.5, 2.5 ], "texture": "#texture" }
			}
		},
		{
			"__comment": "Box1",
			"from": [ 11, 3, 11.5 ],
			"to": [ 16, 10, 14 ],
			"faces": {
				"down": { "uv": [ 0.5, 0.5, 2.5, 2.5 ], "texture": "#texture" },
				"up": { "uv": [ 0.5, 0.5, 2.5, 2.5 ], "texture": "#texture" },
				"north": { "uv": [ 0.5, 0.5, 2.5, 2.5 ], "texture": "#texture" },
				"south": { "uv": [ 0.5, 0.5, 2.5, 2.5 ], "texture": "#texture" },
				"west": { "uv": [ 0.5, 0.5, 2.5, 2.5 ], "texture": "#texture" },
				"east": { "uv": [ 0.5, 0.5, 2.5, 2.5 ], "texture": "#texture" }
			}
		},
		{
			"__comment": "Box1",
			"from": [ 8, 10, 4.5 ],
			"to": [ 16, 15, 11.5 ],
			"rotation": { "origin": [ 16, 10, 4.5 ], "axis": "z", "angle": 22.5 },
			"faces": {
				"down": { "uv": [ 0.5, 0.5, 2.5, 2.5 ], "texture": "#texture" },
				"up": { "uv": [ 0.5, 0.5, 2.5, 2.5 ], "texture": "#texture" },
				"north": { "uv": [ 0.5, 0.5, 2.5, 2.5 ], "texture": "#texture" },
				"south": { "uv": [ 0.5, 0.5, 2.5, 2.5 ], "texture": "#texture" },
				"west": { "uv": [ 0.5, 0.5, 2.5, 2.5 ], "texture": "#texture" },
				"east": { "uv": [ 0.5, 0.5, 2.5, 2.5 ], "texture": "#texture" }
			}
		},
		{
			"__comment": "Box1",
			"from": [ 8, 0.5, 4.5 ],
			"to": [ 16, 3, 11.5 ],
			"rotation": { "origin": [ 16, 3, 4.5 ], "axis": "z", "angle": -22.5 },
			"faces": {
				"down": { "uv": [ 0.5, 0.5, 2.5, 2.5 ], "texture": "#texture" },
				"up": { "uv": [ 0.5, 0.5, 2.5, 2.5 ], "texture": "#texture" },
				"north": { "uv": [ 0.5, 0.5, 2.5, 2.5 ], "texture": "#texture" },
				"south": { "uv": [ 0.5, 0.5, 2.5, 2.5 ], "texture": "#texture" },
				"west": { "uv": [ 0.5, 0.5, 2.5, 2.5 ], "texture": "#texture" },
				"east": { "uv": [ 0.5, 0.5, 2.5, 2.5 ], "texture": "#texture" }
			}
		},
		{
			"__comment": "Box1",
			"from": [ 9.5, 3, 2 ],
			"to": [ 16, 10, 4.5 ],
			"rotation": { "origin": [ 16, 3, 4.5 ], "axis": "y", "angle": 22.5 },
			"faces": {
				"down": { "uv": [ 0.5, 0.5, 2.5, 2.5 ], "texture": "#texture" },
				"up": { "uv": [ 0.5, 0.5, 2.5, 2.5 ], "texture": "#texture" },
				"north": { "uv": [ 0.5, 0.5, 2.5, 2.5 ], "texture": "#texture" },
				"south": { "uv": [ 0.5, 0.5, 2.5, 2.5 ], "texture": "#texture" },
				"west": { "uv": [ 0.5, 0.5, 2.5, 2.5 ], "texture": "#texture" },
				"east": { "uv": [ 0.5, 0.5, 2.5, 2.5 ], "texture": "#texture" }
			}
		},
		{
			"__comment": "Box1",
			"from": [ 10, 3, 11.5 ],
			"to": [ 16, 10, 13 ],
			"rotation": { "origin": [ 16, 3, 11.5 ], "axis": "y", "angle": -22.5 },
			"faces": {
				"down": { "uv": [ 0.5, 0.5, 2.5, 2.5 ], "texture": "#texture" },
				"up": { "uv": [ 0.5, 0.5, 2.5, 2.5 ], "texture": "#texture" },
				"north": { "uv": [ 0.5, 0.5, 2.5, 2.5 ], "texture": "#texture" },
				"south": { "uv": [ 0.5, 0.5, 2.5, 2.5 ], "texture": "#texture" },
				"west": { "uv": [ 0.5, 0.5, 2.5, 2.5 ], "texture": "#texture" },
				"east": { "uv": [ 0.5, 0.5, 2.5, 2.5 ], "texture": "#texture" }
			}
		},
		{
			"__comment": "Box1",
			"from": [ 12, 5, 6.5 ],
			"to": [ 15.75, 8, 9.5 ],
			"faces": {
				"down": { "uv": [ 6, 0.5, 8, 2.5 ], "texture": "#texture" },
				"up": { "uv": [ 6, 0.5, 8, 2.5 ], "texture": "#texture" },
				"north": { "uv": [ 6, 0.5, 8, 2.5 ], "texture": "#texture" },
				"south": { "uv": [ 6, 0.5, 8, 2.5 ], "texture": "#texture" },
				"west": { "uv": [ 6, 0.5, 8, 2.5 ], "texture": "#texture" },
				"east": { "uv": [ 6, 0.5, 8, 2.5 ], "texture": "#texture" }
			}
		},
		{
			"__comment": "Box1",
			"from": [ 16, 10, 4.5 ],
			"to": [ 16.126, 10.5, 12 ],
			"faces": {
				"down": { "uv": [ 9.5, 0.5, 11.5, 2.5 ], "texture": "#texture" },
				"up": { "uv": [ 9.5, 0.5, 11.5, 2.5 ], "texture": "#texture" },
				"north": { "uv": [ 9.5, 0.5, 11.5, 2.5 ], "texture": "#texture" },
				"south": { "uv": [ 9.5, 0.5, 11.5, 2.5 ], "texture": "#texture" },
				"west": { "uv": [ 9.5, 0.5, 11.5, 2.5 ], "texture": "#texture" },
				"east": { "uv": [ 9.5, 0.5, 11.5, 2.5 ], "texture": "#texture" }
			}
		},
		{
			"__comment": "Box1",
			"from": [ 16, 2.5, 4 ],
			"to": [ 16.126, 3, 11.5 ],
			"faces": {
				"down": { "uv": [ 9.5, 0.5, 11.5, 2.5 ], "texture": "#texture" },
				"up": { "uv": [ 9.5, 0.5, 11.5, 2.5 ], "texture": "#texture" },
				"north": { "uv": [ 9.5, 0.5, 11.5, 2.5 ], "texture": "#texture" },
				"south": { "uv": [ 9.5, 0.5, 11.5, 2.5 ], "texture": "#texture" },
				"west": { "uv": [ 9.5, 0.5, 11.5, 2.5 ], "texture": "#texture" },
				"east": { "uv": [ 9.5, 0.5, 11.5, 2.5 ], "texture": "#texture" }
			}
		},
		{
			"__comment": "Box1",
			"from": [ 16, 3, 4 ],
			"to": [ 16.126, 10.5, 4.5 ],
			"faces": {
				"down": { "uv": [ 9.5, 0.5, 11.5, 2.5 ], "texture": "#texture" },
				"up": { "uv": [ 11.5, 2.5, 9.5, 0.5 ], "texture": "#texture" },
				"north": { "uv": [ 11.5, 2.5, 9.5, 0.5 ], "texture": "#texture" },
				"south": { "uv": [ 9.5, 0.5, 11.5, 2.5 ], "texture": "#texture" },
				"west": { "uv": [ 9.5, 0.5, 11.5, 2.5 ], "texture": "#texture", "rotation": 90 },
				"east": { "uv": [ 9.5, 0.5, 11.5, 2.5 ], "texture": "#texture", "rotation": 270 }
			}
		},
		{
			"__comment": "Box1",
			"from": [ 16, 2.5, 11.5 ],
			"to": [ 16.126, 10, 12 ],
			"faces": {
				"down": { "uv": [ 9.5, 0.5, 11.5, 2.5 ], "texture": "#texture" },
				"up": { "uv": [ 11.5, 2.5, 9.5, 0.5 ], "texture": "#texture" },
				"north": { "uv": [ 11.5, 2.5, 9.5, 0.5 ], "texture": "#texture" },
				"south": { "uv": [ 9.5, 0.5, 11.5, 2.5 ], "texture": "#texture" },
				"west": { "uv": [ 9.5, 0.5, 11.5, 2.5 ], "texture": "#texture", "rotation": 90 },
				"east": { "uv": [ 9.5, 0.5, 11.5, 2.5 ], "texture": "#texture", "rotation": 270 }
			}
		},
		{
			"__comment": "Box1",
			"from": [ 16, 12, 4.5 ],
			"to": [ 16.126, 13, 5.5 ],
			"faces": {
				"down": { "uv": [ 9.5, 0.5, 11.5, 2.5 ], "texture": "#texture" },
				"up": { "uv": [ 9.5, 0.5, 11.5, 2.5 ], "texture": "#texture" },
				"north": { "uv": [ 9.5, 0.5, 11.5, 2.5 ], "texture": "#texture" },
				"south": { "uv": [ 9.5, 0.5, 11.5, 2.5 ], "texture": "#texture" },
				"west": { "uv": [ 9.5, 0.5, 11.5, 2.5 ], "texture": "#texture" },
				"east": { "uv": [ 9.5, 0.5, 11.5, 2.5 ], "texture": "#texture" }
			}
		},
		{
			"__comment": "Box1",
			"from": [ 16, 12.25, 4.75 ],
			"to": [ 16.251, 12.75, 5.25 ],
			"faces": {
				"down": { "uv": [ 6.5, 0.5, 8.5, 2.5 ], "texture": "#texture" },
				"up": { "uv": [ 6.5, 0.5, 8.5, 2.5 ], "texture": "#texture" },
				"north": { "uv": [ 6.5, 0.5, 8.5, 2.5 ], "texture": "#texture" },
				"south": { "uv": [ 6.5, 0.5, 8.5, 2.5 ], "texture": "#texture" },
				"west": { "uv": [ 6.5, 0.5, 8.5, 2.5 ], "texture": "#texture" },
				"east": { "uv": [ 6.5, 0.5, 8.5, 2.5 ], "texture": "#texture" }
			}
		},
		{
			"__comment": "Box1",
			"from": [ 15.75, 14, 8 ],
			"to": [ 16.25, 15, 11.5 ],
			"rotation": { "origin": [ 15.75, 14, 8 ], "axis": "z", "angle": 22.5 },
			"faces": {
				"down": { "uv": [ 9.5, 0.5, 11.5, 2.5 ], "texture": "#texture" },
				"up": { "uv": [ 9.5, 0.5, 11.5, 2.5 ], "texture": "#texture" },
				"north": { "uv": [ 9.5, 0.5, 11.5, 2.5 ], "texture": "#texture" },
				"south": { "uv": [ 9.5, 0.5, 11.5, 2.5 ], "texture": "#texture" },
				"west": { "uv": [ 9.5, 0.5, 11.5, 2.5 ], "texture": "#texture" },
				"east": { "uv": [ 9.5, 0.5, 11.5, 2.5 ], "texture": "#texture" }
			}
		},
		{
			"__comment": "Box1",
			"from": [ 15.875, 13.75, 10.5 ],
			"to": [ 16.126, 14.25, 11 ],
			"faces": {
				"down": { "uv": [ 3.5, 13.5, 5.5, 15.5 ], "texture": "#texture" },
				"up": { "uv": [ 3.5, 13.5, 5.5, 15.5 ], "texture": "#texture" },
				"north": { "uv": [ 3.5, 13.5, 5.5, 15.5 ], "texture": "#texture" },
				"south": { "uv": [ 3.5, 13.5, 5.5, 15.5 ], "texture": "#texture" },
				"west": { "uv": [ 3.5, 13.5, 5.5, 15.5 ], "texture": "#texture" },
				"east": { "uv": [ 3.5, 13.5, 5.5, 15.5 ], "texture": "#texture" }
			}
		},
		{
			"__comment": "Box1",
			"from": [ 15.875, 13.75, 9.5 ],
			"to": [ 16.126, 14.25, 10 ],
			"faces": {
				"down": { "uv": [ 6.5, 13.5, 8.5, 15.5 ], "texture": "#texture" },
				"up": { "uv": [ 6.5, 13.5, 8.5, 15.5 ], "texture": "#texture" },
				"north": { "uv": [ 6.5, 13.5, 8.5, 15.5 ], "texture": "#texture" },
				"south": { "uv": [ 6.5, 13.5, 8.5, 15.5 ], "texture": "#texture" },
				"west": { "uv": [ 6.5, 13.5, 8.5, 15.5 ], "texture": "#texture" },
				"east": { "uv": [ 6.5, 13.5, 8.5, 15.5 ], "texture": "#texture" }
			}
		},
		{
			"__comment": "Box1",
			"from": [ 15.875, 13.75, 8.5 ],
			"to": [ 16.126, 14.25, 9 ],
			"faces": {
				"down": { "uv": [ 9.5, 13.5, 11.5, 15.5 ], "texture": "#texture" },
				"up": { "uv": [ 9.5, 13.5, 11.5, 15.5 ], "texture": "#texture" },
				"north": { "uv": [ 9.5, 13.5, 11.5, 15.5 ], "texture": "#texture" },
				"south": { "uv": [ 9.5, 13.5, 11.5, 15.5 ], "texture": "#texture" },
				"west": { "uv": [ 6.5, 13.5, 8.5, 15.5 ], "texture": "#texture" },
				"east": { "uv": [ 9.5, 13.5, 11.5, 15.5 ], "texture": "#texture" }
			}
		},
		{
			"__comment": "Box1",
			"from": [ 16, 14, 6 ],
			"to": [ 16.251, 14.25, 6.25 ],
			"faces": {
				"down": { "uv": [ 6.5, 0.5, 8.5, 2.5 ], "texture": "#texture" },
				"up": { "uv": [ 6.5, 0.5, 8.5, 2.5 ], "texture": "#texture" },
				"north": { "uv": [ 6.5, 0.5, 8.5, 2.5 ], "texture": "#texture" },
				"south": { "uv": [ 6.5, 0.5, 8.5, 2.5 ], "texture": "#texture" },
				"west": { "uv": [ 6.5, 0.5, 8.5, 2.5 ], "texture": "#texture" },
				"east": { "uv": [ 6.5, 0.5, 8.5, 2.5 ], "texture": "#texture" }
			}
		},
		{
			"__comment": "Box1",
			"from": [ 16, 14, 5.5 ],
			"to": [ 16.251, 14.25, 5.75 ],
			"faces": {
				"down": { "uv": [ 6.5, 0.5, 8.5, 2.5 ], "texture": "#texture" },
				"up": { "uv": [ 6.5, 0.5, 8.5, 2.5 ], "texture": "#texture" },
				"north": { "uv": [ 6.5, 0.5, 8.5, 2.5 ], "texture": "#texture" },
				"south": { "uv": [ 6.5, 0.5, 8.5, 2.5 ], "texture": "#texture" },
				"west": { "uv": [ 6.5, 0.5, 8.5, 2.5 ], "texture": "#texture" },
				"east": { "uv": [ 6.5, 0.5, 8.5, 2.5 ], "texture": "#texture" }
			}
		},
		{
			"__comment": "Box1",
			"from": [ 16, 14, 4.5 ],
			"to": [ 16.251, 14.25, 4.75 ],
			"faces": {
				"down": { "uv": [ 6.5, 0.5, 8.5, 2.5 ], "texture": "#texture" },
				"up": { "uv": [ 6.5, 0.5, 8.5, 2.5 ], "texture": "#texture" },
				"north": { "uv": [ 6.5, 0.5, 8.5, 2.5 ], "texture": "#texture" },
				"south": { "uv": [ 6.5, 0.5, 8.5, 2.5 ], "texture": "#texture" },
				"west": { "uv": [ 6.5, 0.5, 8.5, 2.5 ], "texture": "#texture" },
				"east": { "uv": [ 6.5, 0.5, 8.5, 2.5 ], "texture": "#texture" }
			}
		},
		{
			"__comment": "Box1",
			"from": [ 16, 14, 5 ],
			"to": [ 16.251, 14.25, 5.25 ],
			"faces": {
				"down": { "uv": [ 6.5, 0.5, 8.5, 2.5 ], "texture": "#texture" },
				"up": { "uv": [ 6.5, 0.5, 8.5, 2.5 ], "texture": "#texture" },
				"north": { "uv": [ 6.5, 0.5, 8.5, 2.5 ], "texture": "#texture" },
				"south": { "uv": [ 6.5, 0.5, 8.5, 2.5 ], "texture": "#texture" },
				"west": { "uv": [ 6.5, 0.5, 8.5, 2.5 ], "texture": "#texture" },
				"east": { "uv": [ 6.5, 0.5, 8.5, 2.5 ], "texture": "#texture" }
			}
		},
		{
			"__comment": "Box1",
			"from": [ 16, 14.5, 4.5 ],
			"to": [ 16.251, 14.75, 4.75 ],
			"faces": {
				"down": { "uv": [ 6.5, 0.5, 8.5, 2.5 ], "texture": "#texture" },
				"up": { "uv": [ 6.5, 0.5, 8.5, 2.5 ], "texture": "#texture" },
				"north": { "uv": [ 6.5, 0.5, 8.5, 2.5 ], "texture": "#texture" },
				"south": { "uv": [ 6.5, 0.5, 8.5, 2.5 ], "texture": "#texture" },
				"west": { "uv": [ 6.5, 0.5, 8.5, 2.5 ], "texture": "#texture" },
				"east": { "uv": [ 6.5, 0.5, 8.5, 2.5 ], "texture": "#texture" }
			}
		},
		{
			"__comment": "Box1",
			"from": [ 16, 14.5, 5 ],
			"to": [ 16.251, 14.75, 5.25 ],
			"faces": {
				"down": { "uv": [ 6.5, 0.5, 8.5, 2.5 ], "texture": "#texture" },
				"up": { "uv": [ 6.5, 0.5, 8.5, 2.5 ], "texture": "#texture" },
				"north": { "uv": [ 6.5, 0.5, 8.5, 2.5 ], "texture": "#texture" },
				"south": { "uv": [ 6.5, 0.5, 8.5, 2.5 ], "texture": "#texture" },
				"west": { "uv": [ 6.5, 0.5, 8.5, 2.5 ], "texture": "#texture" },
				"east": { "uv": [ 6.5, 0.5, 8.5, 2.5 ], "texture": "#texture" }
			}
		},
		{
			"__comment": "Box1",
			"from": [ 16, 14.5, 4 ],
			"to": [ 16.251, 14.75, 4.25 ],
			"faces": {
				"down": { "uv": [ 6.5, 0.5, 8.5, 2.5 ], "texture": "#texture" },
				"up": { "uv": [ 6.5, 0.5, 8.5, 2.5 ], "texture": "#texture" },
				"north": { "uv": [ 6.5, 0.5, 8.5, 2.5 ], "texture": "#texture" },
				"south": { "uv": [ 6.5, 0.5, 8.5, 2.5 ], "texture": "#texture" },
				"west": { "uv": [ 6.5, 0.5, 8.5, 2.5 ], "texture": "#texture" },
				"east": { "uv": [ 6.5, 0.5, 8.5, 2.5 ], "texture": "#texture" }
			}
		},
		{
			"__comment": "Box1",
			"from": [ 16, 14.5, 3.5 ],
			"to": [ 16.251, 14.75, 3.75 ],
			"faces": {
				"down": { "uv": [ 6.5, 0.5, 8.5, 2.5 ], "texture": "#texture" },
				"up": { "uv": [ 6.5, 0.5, 8.5, 2.5 ], "texture": "#texture" },
				"north": { "uv": [ 6.5, 0.5, 8.5, 2.5 ], "texture": "#texture" },
				"south": { "uv": [ 6.5, 0.5, 8.5, 2.5 ], "texture": "#texture" },
				"west": { "uv": [ 6.5, 0.5, 8.5, 2.5 ], "texture": "#texture" },
				"east": { "uv": [ 6.5, 0.5, 8.5, 2.5 ], "texture": "#texture" }
			}
		},
		{
			"__comment": "Box1",
			"from": [ 16, 14, 4 ],
			"to": [ 16.251, 14.25, 4.25 ],
			"faces": {
				"down": { "uv": [ 6.5, 0.5, 8.5, 2.5 ], "texture": "#texture" },
				"up": { "uv": [ 6.5, 0.5, 8.5, 2.5 ], "texture": "#texture" },
				"north": { "uv": [ 6.5, 0.5, 8.5, 2.5 ], "texture": "#texture" },
				"south": { "uv": [ 6.5, 0.5, 8.5, 2.5 ], "texture": "#texture" },
				"west": { "uv": [ 6.5, 0.5, 8.5, 2.5 ], "texture": "#texture" },
				"east": { "uv": [ 6.5, 0.5, 8.5, 2.5 ], "texture": "#texture" }
			}
		},
		{
			"__comment": "Box1",
			"from": [ 16, 14.5, 5.5 ],
			"to": [ 16.251, 14.75, 5.75 ],
			"faces": {
				"down": { "uv": [ 6.5, 0.5, 8.5, 2.5 ], "texture": "#texture" },
				"up": { "uv": [ 6.5, 0.5, 8.5, 2.5 ], "texture": "#texture" },
				"north": { "uv": [ 6.5, 0.5, 8.5, 2.5 ], "texture": "#texture" },
				"south": { "uv": [ 6.5, 0.5, 8.5, 2.5 ], "texture": "#texture" },
				"west": { "uv": [ 6.5, 0.5, 8.5, 2.5 ], "texture": "#texture" },
				"east": { "uv": [ 6.5, 0.5, 8.5, 2.5 ], "texture": "#texture" }
			}
		},
		{
			"__comment": "Box1",
			"from": [ 14.75, -0.75, 2.75 ],
			"to": [ 15.25, -0.25, 3.25 ],
			"faces": {
				"down": { "uv": [ 6.5, 0.5, 8.5, 2.5 ], "texture": "#texture" },
				"up": { "uv": [ 6.5, 0.5, 8.5, 2.5 ], "texture": "#texture" },
				"north": { "uv": [ 6.5, 0.5, 8.5, 2.5 ], "texture": "#texture" },
				"south": { "uv": [ 6.5, 0.5, 8.5, 2.5 ], "texture": "#texture" },
				"west": { "uv": [ 6.5, 0.5, 8.5, 2.5 ], "texture": "#texture" },
				"east": { "uv": [ 6.5, 0.5, 8.5, 2.5 ], "texture": "#texture" }
			}
		},
		{
			"__comment": "Box1",
			"from": [ 14.5, -0.25, 2.5 ],
			"to": [ 15.5, 0, 3.5 ],
			"faces": {
				"down": { "uv": [ 3.5, 0.5, 5.5, 2.5 ], "texture": "#texture" },
				"up": { "uv": [ 3.5, 0.5, 5.5, 2.5 ], "texture": "#texture" },
				"north": { "uv": [ 3.5, 0.5, 5.5, 2.5 ], "texture": "#texture" },
				"south": { "uv": [ 3.5, 0.5, 5.5, 2.5 ], "texture": "#texture" },
				"west": { "uv": [ 3.5, 0.5, 5.5, 2.5 ], "texture": "#texture" },
				"east": { "uv": [ 3.5, 0.5, 5.5, 2.5 ], "texture": "#texture" }
			}
		},
		{
			"__comment": "Box1",
			"from": [ 14.5, -0.25, 12.5 ],
			"to": [ 15.5, 0, 13.5 ],
			"faces": {
				"down": { "uv": [ 3.5, 0.5, 5.5, 2.5 ], "texture": "#texture" },
				"up": { "uv": [ 3.5, 0.5, 5.5, 2.5 ], "texture": "#texture" },
				"north": { "uv": [ 3.5, 0.5, 5.5, 2.5 ], "texture": "#texture" },
				"south": { "uv": [ 3.5, 0.5, 5.5, 2.5 ], "texture": "#texture" },
				"west": { "uv": [ 3.5, 0.5, 5.5, 2.5 ], "texture": "#texture" },
				"east": { "uv": [ 3.5, 0.5, 5.5, 2.5 ], "texture": "#texture" }
			}
		},
		{
			"__comment": "Box1",
			"from": [ 14.75, -0.75, 12.75 ],
			"to": [ 15.25, -0.25, 13.25 ],
			"faces": {
				"down": { "uv": [ 6.5, 0.5, 8.5, 2.5 ], "texture": "#texture" },
				"up": { "uv": [ 6.5, 0.5, 8.5, 2.5 ], "texture": "#texture" },
				"north": { "uv": [ 6.5, 0.5, 8.5, 2.5 ], "texture": "#texture" },
				"south": { "uv": [ 6.5, 0.5, 8.5, 2.5 ], "texture": "#texture" },
				"west": { "uv": [ 6.5, 0.5, 8.5, 2.5 ], "texture": "#texture" },
				"east": { "uv": [ 6.5, 0.5, 8.5, 2.5 ], "texture": "#texture" }
			}
		},
		{
			"__comment": "Box1",
			"from": [ 0.5, -0.25, 12.5 ],
			"to": [ 1.5, 0, 13.5 ],
			"faces": {
				"down": { "uv": [ 3.5, 0.5, 5.5, 2.5 ], "texture": "#texture" },
				"up": { "uv": [ 3.5, 0.5, 5.5, 2.5 ], "texture": "#texture" },
				"north": { "uv": [ 3.5, 0.5, 5.5, 2.5 ], "texture": "#texture" },
				"south": { "uv": [ 3.5, 0.5, 5.5, 2.5 ], "texture": "#texture" },
				"west": { "uv": [ 3.5, 0.5, 5.5, 2.5 ], "texture": "#texture" },
				"east": { "uv": [ 3.5, 0.5, 5.5, 2.5 ], "texture": "#texture" }
			}
		},
		{
			"__comment": "Box1",
			"from": [ 0.75, -0.75, 12.75 ],
			"to": [ 1.25, -0.25, 13.25 ],
			"faces": {
				"down": { "uv": [ 6.5, 0.5, 8.5, 2.5 ], "texture": "#texture" },
				"up": { "uv": [ 6.5, 0.5, 8.5, 2.5 ], "texture": "#texture" },
				"north": { "uv": [ 6.5, 0.5, 8.5, 2.5 ], "texture": "#texture" },
				"south": { "uv": [ 6.5, 0.5, 8.5, 2.5 ], "texture": "#texture" },
				"west": { "uv": [ 6.5, 0.5, 8.5, 2.5 ], "texture": "#texture" },
				"east": { "uv": [ 6.5, 0.5, 8.5, 2.5 ], "texture": "#texture" }
			}
		},
		{
			"__comment": "Box1",
			"from": [ 0.5, -0.25, 2.5 ],
			"to": [ 1.5, 0, 3.5 ],
			"faces": {
				"down": { "uv": [ 3.5, 0.5, 5.5, 2.5 ], "texture": "#texture" },
				"up": { "uv": [ 3.5, 0.5, 5.5, 2.5 ], "texture": "#texture" },
				"north": { "uv": [ 3.5, 0.5, 5.5, 2.5 ], "texture": "#texture" },
				"south": { "uv": [ 3.5, 0.5, 5.5, 2.5 ], "texture": "#texture" },
				"west": { "uv": [ 3.5, 0.5, 5.5, 2.5 ], "texture": "#texture" },
				"east": { "uv": [ 3.5, 0.5, 5.5, 2.5 ], "texture": "#texture" }
			}
		},
		{
			"__comment": "Box1",
			"from": [ 0.75, -0.75, 2.75 ],
			"to": [ 1.25, -0.25, 3.25 ],
			"faces": {
				"down": { "uv": [ 6.5, 0.5, 8.5, 2.5 ], "texture": "#texture" },
				"up": { "uv": [ 6.5, 0.5, 8.5, 2.5 ], "texture": "#texture" },
				"north": { "uv": [ 6.5, 0.5, 8.5, 2.5 ], "texture": "#texture" },
				"south": { "uv": [ 6.5, 0.5, 8.5, 2.5 ], "texture": "#texture" },
				"west": { "uv": [ 6.5, 0.5, 8.5, 2.5 ], "texture": "#texture" },
				"east": { "uv": [ 6.5, 0.5, 8.5, 2.5 ], "texture": "#texture" }
			}
		},
		{
			"__comment": "Box1",
			"from": [ -0.125, 7, 4 ],
			"to": [ 0.375, 12.5, 4.25 ],
			"faces": {
				"down": { "uv": [ 6.5, 0.5, 8.5, 2.5 ], "texture": "#texture" },
				"up": { "uv": [ 6.5, 0.5, 8.5, 2.5 ], "texture": "#texture" },
				"north": { "uv": [ 6.5, 0.5, 8.5, 2.5 ], "texture": "#texture" },
				"south": { "uv": [ 6.5, 0.5, 8.5, 2.5 ], "texture": "#texture" },
				"west": { "uv": [ 6.5, 0.5, 8.5, 2.5 ], "texture": "#texture" },
				"east": { "uv": [ 6.5, 0.5, 8.5, 2.5 ], "texture": "#texture" }
			}
		},
		{
			"__comment": "Box1",
			"from": [ -0.125, 7, 6 ],
			"to": [ 0.375, 12.5, 6.25 ],
			"faces": {
				"down": { "uv": [ 6.5, 0.5, 8.5, 2.5 ], "texture": "#texture" },
				"up": { "uv": [ 6.5, 0.5, 8.5, 2.5 ], "texture": "#texture" },
				"north": { "uv": [ 6.5, 0.5, 8.5, 2.5 ], "texture": "#texture" },
				"south": { "uv": [ 6.5, 0.5, 8.5, 2.5 ], "texture": "#texture" },
				"west": { "uv": [ 6.5, 0.5, 8.5, 2.5 ], "texture": "#texture" },
				"east": { "uv": [ 6.5, 0.5, 8.5, 2.5 ], "texture": "#texture" }
			}
		},
		{
			"__comment": "Box1",
			"from": [ -0.125, 7, 4.25 ],
			"to": [ 0.375, 7.25, 6 ],
			"faces": {
				"down": { "uv": [ 6.5, 0.5, 8.5, 2.5 ], "texture": "#texture" },
				"up": { "uv": [ 6.5, 0.5, 8.5, 2.5 ], "texture": "#texture" },
				"north": { "uv": [ 6.5, 0.5, 8.5, 2.5 ], "texture": "#texture" },
				"south": { "uv": [ 6.5, 0.5, 8.5, 2.5 ], "texture": "#texture" },
				"west": { "uv": [ 6.5, 0.5, 8.5, 2.5 ], "texture": "#texture" },
				"east": { "uv": [ 6.5, 0.5, 8.5, 2.5 ], "texture": "#texture" }
			}
		},
		{
			"__comment": "Box1",
			"from": [ -0.125, 12.25, 4.25 ],
			"to": [ 0.375, 12.5, 6 ],
			"faces": {
				"down": { "uv": [ 6.5, 0.5, 8.5, 2.5 ], "texture": "#texture" },
				"up": { "uv": [ 6.5, 0.5, 8.5, 2.5 ], "texture": "#texture" },
				"north": { "uv": [ 6.5, 0.5, 8.5, 2.5 ], "texture": "#texture" },
				"south": { "uv": [ 6.5, 0.5, 8.5, 2.5 ], "texture": "#texture" },
				"west": { "uv": [ 6.5, 0.5, 8.5, 2.5 ], "texture": "#texture" },
				"east": { "uv": [ 6.5, 0.5, 8.5, 2.5 ], "texture": "#texture" }
			}
		},
		{
			"__comment": "Box1",
			"from": [ -0.25, 11.75, 4.5 ],
			"to": [ 0.25, 12, 5.75 ],
			"faces": {
				"down": { "uv": [ 6.5, 0.5, 8.5, 2.5 ], "texture": "#texture" },
				"up": { "uv": [ 6.5, 0.5, 8.5, 2.5 ], "texture": "#texture" },
				"north": { "uv": [ 6.5, 0.5, 8.5, 2.5 ], "texture": "#texture" },
				"south": { "uv": [ 6.5, 0.5, 8.5, 2.5 ], "texture": "#texture" },
				"west": { "uv": [ 6.5, 0.5, 8.5, 2.5 ], "texture": "#texture" },
				"east": { "uv": [ 6.5, 0.5, 8.5, 2.5 ], "texture": "#texture" }
			}
		},
		{
			"__comment": "Box1",
			"from": [ -0.25, 10.75, 4.5 ],
			"to": [ 0.25, 11, 5.75 ],
			"faces": {
				"down": { "uv": [ 6.5, 0.5, 8.5, 2.5 ], "texture": "#texture" },
				"up": { "uv": [ 6.5, 0.5, 8.5, 2.5 ], "texture": "#texture" },
				"north": { "uv": [ 6.5, 0.5, 8.5, 2.5 ], "texture": "#texture" },
				"south": { "uv": [ 6.5, 0.5, 8.5, 2.5 ], "texture": "#texture" },
				"west": { "uv": [ 6.5, 0.5, 8.5, 2.5 ], "texture": "#texture" },
				"east": { "uv": [ 6.5, 0.5, 8.5, 2.5 ], "texture": "#texture" }
			}
		},
		{
			"__comment": "Box1",
			"from": [ -0.25, 11, 4.5 ],
			"to": [ 0.25, 11.75, 4.75 ],
			"faces": {
				"down": { "uv": [ 6.5, 0.5, 8.5, 2.5 ], "texture": "#texture" },
				"up": { "uv": [ 6.5, 0.5, 8.5, 2.5 ], "texture": "#texture" },
				"north": { "uv": [ 6.5, 0.5, 8.5, 2.5 ], "texture": "#texture" },
				"south": { "uv": [ 6.5, 0.5, 8.5, 2.5 ], "texture": "#texture" },
				"west": { "uv": [ 6.5, 0.5, 8.5, 2.5 ], "texture": "#texture" },
				"east": { "uv": [ 6.5, 0.5, 8.5, 2.5 ], "texture": "#texture" }
			}
		},
		{
			"__comment": "Box1",
			"from": [ -0.25, 11, 5.5 ],
			"to": [ 0.25, 11.75, 5.75 ],
			"faces": {
				"down": { "uv": [ 6.5, 0.5, 8.5, 2.5 ], "texture": "#texture" },
				"up": { "uv": [ 6.5, 0.5, 8.5, 2.5 ], "texture": "#texture" },
				"north": { "uv": [ 6.5, 0.5, 8.5, 2.5 ], "texture": "#texture" },
				"south": { "uv": [ 6.5, 0.5, 8.5, 2.5 ], "texture": "#texture" },
				"west": { "uv": [ 6.5, 0.5, 8.5, 2.5 ], "texture": "#texture" },
				"east": { "uv": [ 6.5, 0.5, 8.5, 2.5 ], "texture": "#texture" }
			}
		},
		{
			"__comment": "Box1",
			"from": [ -0.125, 9.75, 5.5 ],
			"to": [ 0.375, 10.5, 5.75 ],
			"faces": {
				"down": { "uv": [ 6.5, 0.5, 8.5, 2.5 ], "texture": "#texture" },
				"up": { "uv": [ 6.5, 0.5, 8.5, 2.5 ], "texture": "#texture" },
				"north": { "uv": [ 6.5, 0.5, 8.5, 2.5 ], "texture": "#texture" },
				"south": { "uv": [ 6.5, 0.5, 8.5, 2.5 ], "texture": "#texture" },
				"west": { "uv": [ 6.5, 0.5, 8.5, 2.5 ], "texture": "#texture" },
				"east": { "uv": [ 6.5, 0.5, 8.5, 2.5 ], "texture": "#texture" }
			}
		},
		{
			"__comment": "Box1",
			"from": [ -0.125, 8.75, 5.5 ],
			"to": [ 0.375, 9.5, 5.75 ],
			"faces": {
				"down": { "uv": [ 6.5, 0.5, 8.5, 2.5 ], "texture": "#texture" },
				"up": { "uv": [ 6.5, 0.5, 8.5, 2.5 ], "texture": "#texture" },
				"north": { "uv": [ 6.5, 0.5, 8.5, 2.5 ], "texture": "#texture" },
				"south": { "uv": [ 6.5, 0.5, 8.5, 2.5 ], "texture": "#texture" },
				"west": { "uv": [ 6.5, 0.5, 8.5, 2.5 ], "texture": "#texture" },
				"east": { "uv": [ 6.5, 0.5, 8.5, 2.5 ], "texture": "#texture" }
			}
		},
		{
			"__comment": "Box1",
			"from": [ -0.125, 7.75, 5.5 ],
			"to": [ 0.375, 8.5, 5.75 ],
			"faces": {
				"down": { "uv": [ 6.5, 0.5, 8.5, 2.5 ], "texture": "#texture" },
				"up": { "uv": [ 6.5, 0.5, 8.5, 2.5 ], "texture": "#texture" },
				"north": { "uv": [ 6.5, 0.5, 8.5, 2.5 ], "texture": "#texture" },
				"south": { "uv": [ 6.5, 0.5, 8.5, 2.5 ], "texture": "#texture" },
				"west": { "uv": [ 6.5, 0.5, 8.5, 2.5 ], "texture": "#texture" },
				"east": { "uv": [ 6.5, 0.5, 8.5, 2.5 ], "texture": "#texture" }
			}
		},
		{
			"__comment": "Box1",
			"from": [ -0.125, 10, 4.5 ],
			"to": [ 0.375, 10.251, 4.75 ],
			"faces": {
				"down": { "uv": [ 6.5, 0.5, 8.5, 2.5 ], "texture": "#texture" },
				"up": { "uv": [ 6.5, 0.5, 8.5, 2.5 ], "texture": "#texture" },
				"north": { "uv": [ 6.5, 0.5, 8.5, 2.5 ], "texture": "#texture" },
				"south": { "uv": [ 6.5, 0.5, 8.5, 2.5 ], "texture": "#texture" },
				"west": { "uv": [ 6.5, 0.5, 8.5, 2.5 ], "texture": "#texture" },
				"east": { "uv": [ 6.5, 0.5, 8.5, 2.5 ], "texture": "#texture" }
			}
		},
		{
			"__comment": "Box1",
			"from": [ -0.125, 9.5, 5 ],
			"to": [ 0.375, 9.751, 5.25 ],
			"faces": {
				"down": { "uv": [ 6.5, 0.5, 8.5, 2.5 ], "texture": "#texture" },
				"up": { "uv": [ 6.5, 0.5, 8.5, 2.5 ], "texture": "#texture" },
				"north": { "uv": [ 6.5, 0.5, 8.5, 2.5 ], "texture": "#texture" },
				"south": { "uv": [ 6.5, 0.5, 8.5, 2.5 ], "texture": "#texture" },
				"west": { "uv": [ 6.5, 0.5, 8.5, 2.5 ], "texture": "#texture" },
				"east": { "uv": [ 6.5, 0.5, 8.5, 2.5 ], "texture": "#texture" }
			}
		},
		{
			"__comment": "Box1",
			"from": [ -0.125, 9, 4.5 ],
			"to": [ 0.375, 9.251, 4.75 ],
			"faces": {
				"down": { "uv": [ 6.5, 0.5, 8.5, 2.5 ], "texture": "#texture" },
				"up": { "uv": [ 6.5, 0.5, 8.5, 2.5 ], "texture": "#texture" },
				"north": { "uv": [ 6.5, 0.5, 8.5, 2.5 ], "texture": "#texture" },
				"south": { "uv": [ 6.5, 0.5, 8.5, 2.5 ], "texture": "#texture" },
				"west": { "uv": [ 6.5, 0.5, 8.5, 2.5 ], "texture": "#texture" },
				"east": { "uv": [ 6.5, 0.5, 8.5, 2.5 ], "texture": "#texture" }
			}
		},
		{
			"__comment": "Box1",
			"from": [ -0.125, 8.5, 5 ],
			"to": [ 0.375, 8.751, 5.25 ],
			"faces": {
				"down": { "uv": [ 6.5, 0.5, 8.5, 2.5 ], "texture": "#texture" },
				"up": { "uv": [ 6.5, 0.5, 8.5, 2.5 ], "texture": "#texture" },
				"north": { "uv": [ 6.5, 0.5, 8.5, 2.5 ], "texture": "#texture" },
				"south": { "uv": [ 6.5, 0.5, 8.5, 2.5 ], "texture": "#texture" },
				"west": { "uv": [ 6.5, 0.5, 8.5, 2.5 ], "texture": "#texture" },
				"east": { "uv": [ 6.5, 0.5, 8.5, 2.5 ], "texture": "#texture" }
			}
		},
		{
			"__comment": "Box1",
			"from": [ -0.125, 8, 4.5 ],
			"to": [ 0.375, 8.251, 4.75 ],
			"faces": {
				"down": { "uv": [ 6.5, 0.5, 8.5, 2.5 ], "texture": "#texture" },
				"up": { "uv": [ 6.5, 0.5, 8.5, 2.5 ], "texture": "#texture" },
				"north": { "uv": [ 6.5, 0.5, 8.5, 2.5 ], "texture": "#texture" },
				"south": { "uv": [ 6.5, 0.5, 8.5, 2.5 ], "texture": "#texture" },
				"west": { "uv": [ 6.5, 0.5, 8.5, 2.5 ], "texture": "#texture" },
				"east": { "uv": [ 6.5, 0.5, 8.5, 2.5 ], "texture": "#texture" }
			}
		},
		{
			"__comment": "Box1",
			"from": [ -0.125, 1, 9.5 ],
			"to": [ 0.375, 2, 11.5 ],
			"faces": {
				"down": { "uv": [ 6.5, 0.5, 8.5, 2.5 ], "texture": "#texture" },
				"up": { "uv": [ 6.5, 0.5, 8.5, 2.5 ], "texture": "#texture" },
				"north": { "uv": [ 6.5, 0.5, 8.5, 2.5 ], "texture": "#texture" },
				"south": { "uv": [ 6.5, 0.5, 8.5, 2.5 ], "texture": "#texture" },
				"west": { "uv": [ 6.5, 0.5, 8.5, 2.5 ], "texture": "#texture" },
				"east": { "uv": [ 6.5, 0.5, 8.5, 2.5 ], "texture": "#texture" }
			}
		},
		{
			"__comment": "PlaneX58",
			"from": [ 15.5, 2.5, 4 ],
			"to": [ 15.501, 10.5, 12 ],
			"faces": {
				"west": { "uv": [ 14, 0.5, 15.5, 2 ], "texture": "#texture" },
				"east": { "uv": [ 14, 0.5, 15.5, 2 ], "texture": "#texture" }
			}
		}
	],
	"display": {
		"head": {
			"rotation":  [ 0, 90, 0 ],
			"translation":  [ 0, -31.07, 0 ],
			"scale":  [ 1.4, 1.4, 1.4 ]
		}
	}
}