{
	"__comment": "Designed by Mcmakistein with Cubik Studio - https://cubik.studio",
	"textures": {
		"particle": "custom/m_bass",
		"texture": "custom/m_bass"
	},
	"elements": [ 	 
		{
			"__comment": "Box1",
			"from": [ 14.5, 1.5, 3 ],
			"to": [ 14.501, 2, 13 ],
			"faces": {
				"down": { "uv": [ 0.5, 10.5, 2.5, 12.5 ], "texture": "#texture" },
				"up": { "uv": [ 2.5, 12.5, 0.5, 10.5 ], "texture": "#texture" },
				"north": { "uv": [ 2.5, 12.5, 0.5, 10.5 ], "texture": "#texture" },
				"south": { "uv": [ 0.5, 10.5, 2.5, 12.5 ], "texture": "#texture" },
				"west": { "uv": [ 12.5, 13.5, 14.5, 15.5 ], "texture": "#texture", "rotation": 270 },
				"east": { "uv": [ 12.5, 13.5, 14.5, 15.5 ], "texture": "#texture", "rotation": 270 }
			}
		},
		{
			"__comment": "Box1",
			"from": [ 14.5, 11, 3 ],
			"to": [ 14.501, 11.5, 12.5 ],
			"faces": {
				"down": { "uv": [ 0.5, 10.5, 2.5, 12.5 ], "texture": "#texture" },
				"up": { "uv": [ 2.5, 12.5, 0.5, 10.5 ], "texture": "#texture" },
				"north": { "uv": [ 2.5, 12.5, 0.5, 10.5 ], "texture": "#texture" },
				"south": { "uv": [ 0.5, 10.5, 2.5, 12.5 ], "texture": "#texture" },
				"west": { "uv": [ 12.5, 13.5, 14.5, 15.5 ], "texture": "#texture", "rotation": 270 },
				"east": { "uv": [ 12.5, 13.5, 14.5, 15.5 ], "texture": "#texture", "rotation": 270 }
			}
		},
		{
			"__comment": "Box1",
			"from": [ 14.5, 2, 3 ],
			"to": [ 14.501, 11, 3.5 ],
			"faces": {
				"down": { "uv": [ 0.5, 10.5, 2.5, 12.5 ], "texture": "#texture" },
				"up": { "uv": [ 2.5, 12.5, 0.5, 10.5 ], "texture": "#texture" },
				"north": { "uv": [ 2.5, 12.5, 0.5, 10.5 ], "texture": "#texture" },
				"south": { "uv": [ 0.5, 10.5, 2.5, 12.5 ], "texture": "#texture" },
				"west": { "uv": [ 12.5, 13.5, 14.5, 15.5 ], "texture": "#texture", "rotation": 270 },
				"east": { "uv": [ 12.5, 13.5, 14.5, 15.5 ], "texture": "#texture", "rotation": 270 }
			}
		},
		{
			"__comment": "Box1",
			"from": [ 14.5, 2, 12.5 ],
			"to": [ 14.501, 11.5, 13 ],
			"faces": {
				"down": { "uv": [ 0.5, 10.5, 2.5, 12.5 ], "texture": "#texture" },
				"up": { "uv": [ 2.5, 12.5, 0.5, 10.5 ], "texture": "#texture" },
				"north": { "uv": [ 2.5, 12.5, 0.5, 10.5 ], "texture": "#texture" },
				"south": { "uv": [ 0.5, 10.5, 2.5, 12.5 ], "texture": "#texture" },
				"west": { "uv": [ 12.5, 13.5, 14.5, 15.5 ], "texture": "#texture", "rotation": 270 },
				"east": { "uv": [ 12.5, 13.5, 14.5, 15.5 ], "texture": "#texture", "rotation": 270 }
			}
		}
	],
	"display": {
		"head": {
			"rotation":  [ 0, 90, 0 ],
			"translation":  [ 0, -31.07, -6 ],
			"scale":  [ 1.4, 1.4, 1.4 ]
		}
	}
}