{
	"__comment": "Designed by Mcmakistein with Cubik Studio - https://cubik.studio",
	"textures": {
		"Voxel-9B2700": "custom/m_blue",
		"Voxel-DAFFFF": "custom/m_white"
	},
	"elements": [ 	 
		{
			"__comment": "Voxel-9B2700",
			"from": [ 5.3333, 9.599999, 6.4 ],
			"to": [ 6.399966, 10.66667, 7.466666 ],
			"faces": {
				"down": { "uv": [ 0, 0, 16, 16 ], "texture": "#Voxel-9B2700" },
				"up": { "uv": [ 0, 0, 16, 16 ], "texture": "#Voxel-9B2700" },
				"north": { "uv": [ 0, 0, 16, 16 ], "texture": "#Voxel-9B2700" },
				"south": { "uv": [ 0, 0, 16, 16 ], "texture": "#Voxel-9B2700" },
				"west": { "uv": [ 0, 0, 16, 16 ], "texture": "#Voxel-9B2700" },
				"east": { "uv": [ 0, 0, 16, 16 ], "texture": "#Voxel-9B2700" }
			}
		},
		{
			"__comment": "Voxel-9B2700",
			"from": [ 5.3333, 9.599999, 7.4667 ],
			"to": [ 6.399966, 10.66667, 8.533366 ],
			"faces": {
				"down": { "uv": [ 0, 0, 16, 16 ], "texture": "#Voxel-9B2700" },
				"up": { "uv": [ 0, 0, 16, 16 ], "texture": "#Voxel-9B2700" },
				"north": { "uv": [ 0, 0, 16, 16 ], "texture": "#Voxel-9B2700" },
				"south": { "uv": [ 0, 0, 16, 16 ], "texture": "#Voxel-9B2700" },
				"west": { "uv": [ 0, 0, 16, 16 ], "texture": "#Voxel-9B2700" },
				"east": { "uv": [ 0, 0, 16, 16 ], "texture": "#Voxel-9B2700" }
			}
		},
		{
			"__comment": "Voxel-9B2700",
			"from": [ 5.3333, 9.599999, 8.533299 ],
			"to": [ 6.399966, 10.66667, 9.599966 ],
			"faces": {
				"down": { "uv": [ 0, 0, 16, 16 ], "texture": "#Voxel-9B2700" },
				"up": { "uv": [ 0, 0, 16, 16 ], "texture": "#Voxel-9B2700" },
				"north": { "uv": [ 0, 0, 16, 16 ], "texture": "#Voxel-9B2700" },
				"south": { "uv": [ 0, 0, 16, 16 ], "texture": "#Voxel-9B2700" },
				"west": { "uv": [ 0, 0, 16, 16 ], "texture": "#Voxel-9B2700" },
				"east": { "uv": [ 0, 0, 16, 16 ], "texture": "#Voxel-9B2700" }
			}
		},
		{
			"__comment": "Voxel-9B2700",
			"from": [ 5.3333, 10.6667, 5.3333 ],
			"to": [ 6.399966, 11.73337, 6.399966 ],
			"faces": {
				"down": { "uv": [ 0, 0, 16, 16 ], "texture": "#Voxel-9B2700" },
				"up": { "uv": [ 0, 0, 16, 16 ], "texture": "#Voxel-9B2700" },
				"north": { "uv": [ 0, 0, 16, 16 ], "texture": "#Voxel-9B2700" },
				"south": { "uv": [ 0, 0, 16, 16 ], "texture": "#Voxel-9B2700" },
				"west": { "uv": [ 0, 0, 16, 16 ], "texture": "#Voxel-9B2700" },
				"east": { "uv": [ 0, 0, 16, 16 ], "texture": "#Voxel-9B2700" }
			}
		},
		{
			"__comment": "Voxel-9B2700",
			"from": [ 5.3333, 10.6667, 6.4 ],
			"to": [ 6.399966, 11.73337, 7.466666 ],
			"faces": {
				"down": { "uv": [ 0, 0, 16, 16 ], "texture": "#Voxel-9B2700" },
				"up": { "uv": [ 0, 0, 16, 16 ], "texture": "#Voxel-9B2700" },
				"north": { "uv": [ 0, 0, 16, 16 ], "texture": "#Voxel-9B2700" },
				"south": { "uv": [ 0, 0, 16, 16 ], "texture": "#Voxel-9B2700" },
				"west": { "uv": [ 0, 0, 16, 16 ], "texture": "#Voxel-9B2700" },
				"east": { "uv": [ 0, 0, 16, 16 ], "texture": "#Voxel-9B2700" }
			}
		},
		{
			"__comment": "Voxel-9B2700",
			"from": [ 5.3333, 10.6667, 7.4667 ],
			"to": [ 6.399966, 11.73337, 8.533366 ],
			"faces": {
				"down": { "uv": [ 0, 0, 16, 16 ], "texture": "#Voxel-9B2700" },
				"up": { "uv": [ 0, 0, 16, 16 ], "texture": "#Voxel-9B2700" },
				"north": { "uv": [ 0, 0, 16, 16 ], "texture": "#Voxel-9B2700" },
				"south": { "uv": [ 0, 0, 16, 16 ], "texture": "#Voxel-9B2700" },
				"west": { "uv": [ 0, 0, 16, 16 ], "texture": "#Voxel-9B2700" },
				"east": { "uv": [ 0, 0, 16, 16 ], "texture": "#Voxel-9B2700" }
			}
		},
		{
			"__comment": "Voxel-9B2700",
			"from": [ 5.3333, 10.6667, 8.533299 ],
			"to": [ 6.399966, 11.73337, 9.599966 ],
			"faces": {
				"down": { "uv": [ 0, 0, 16, 16 ], "texture": "#Voxel-9B2700" },
				"up": { "uv": [ 0, 0, 16, 16 ], "texture": "#Voxel-9B2700" },
				"north": { "uv": [ 0, 0, 16, 16 ], "texture": "#Voxel-9B2700" },
				"south": { "uv": [ 0, 0, 16, 16 ], "texture": "#Voxel-9B2700" },
				"west": { "uv": [ 0, 0, 16, 16 ], "texture": "#Voxel-9B2700" },
				"east": { "uv": [ 0, 0, 16, 16 ], "texture": "#Voxel-9B2700" }
			}
		},
		{
			"__comment": "Voxel-9B2700",
			"from": [ 5.3333, 10.6667, 9.599999 ],
			"to": [ 6.399966, 11.73337, 10.66667 ],
			"faces": {
				"down": { "uv": [ 0, 0, 16, 16 ], "texture": "#Voxel-9B2700" },
				"up": { "uv": [ 0, 0, 16, 16 ], "texture": "#Voxel-9B2700" },
				"north": { "uv": [ 0, 0, 16, 16 ], "texture": "#Voxel-9B2700" },
				"south": { "uv": [ 0, 0, 16, 16 ], "texture": "#Voxel-9B2700" },
				"west": { "uv": [ 0, 0, 16, 16 ], "texture": "#Voxel-9B2700" },
				"east": { "uv": [ 0, 0, 16, 16 ], "texture": "#Voxel-9B2700" }
			}
		},
		{
			"__comment": "Voxel-9B2700",
			"from": [ 5.3333, 11.7333, 5.3333 ],
			"to": [ 6.399966, 12.79997, 6.399966 ],
			"faces": {
				"down": { "uv": [ 0, 0, 16, 16 ], "texture": "#Voxel-9B2700" },
				"up": { "uv": [ 0, 0, 16, 16 ], "texture": "#Voxel-9B2700" },
				"north": { "uv": [ 0, 0, 16, 16 ], "texture": "#Voxel-9B2700" },
				"south": { "uv": [ 0, 0, 16, 16 ], "texture": "#Voxel-9B2700" },
				"west": { "uv": [ 0, 0, 16, 16 ], "texture": "#Voxel-9B2700" },
				"east": { "uv": [ 0, 0, 16, 16 ], "texture": "#Voxel-9B2700" }
			}
		},
		{
			"__comment": "Voxel-9B2700",
			"from": [ 5.3333, 11.7333, 6.4 ],
			"to": [ 6.399966, 12.79997, 7.466666 ],
			"faces": {
				"down": { "uv": [ 0, 0, 16, 16 ], "texture": "#Voxel-9B2700" },
				"up": { "uv": [ 0, 0, 16, 16 ], "texture": "#Voxel-9B2700" },
				"north": { "uv": [ 0, 0, 16, 16 ], "texture": "#Voxel-9B2700" },
				"south": { "uv": [ 0, 0, 16, 16 ], "texture": "#Voxel-9B2700" },
				"west": { "uv": [ 0, 0, 16, 16 ], "texture": "#Voxel-9B2700" },
				"east": { "uv": [ 0, 0, 16, 16 ], "texture": "#Voxel-9B2700" }
			}
		},
		{
			"__comment": "Voxel-9B2700",
			"from": [ 5.3333, 11.7333, 7.4667 ],
			"to": [ 6.399966, 12.79997, 8.533366 ],
			"faces": {
				"down": { "uv": [ 0, 0, 16, 16 ], "texture": "#Voxel-9B2700" },
				"up": { "uv": [ 0, 0, 16, 16 ], "texture": "#Voxel-9B2700" },
				"north": { "uv": [ 0, 0, 16, 16 ], "texture": "#Voxel-9B2700" },
				"south": { "uv": [ 0, 0, 16, 16 ], "texture": "#Voxel-9B2700" },
				"west": { "uv": [ 0, 0, 16, 16 ], "texture": "#Voxel-9B2700" },
				"east": { "uv": [ 0, 0, 16, 16 ], "texture": "#Voxel-9B2700" }
			}
		},
		{
			"__comment": "Voxel-9B2700",
			"from": [ 5.3333, 11.7333, 8.533299 ],
			"to": [ 6.399966, 12.79997, 9.599966 ],
			"faces": {
				"down": { "uv": [ 0, 0, 16, 16 ], "texture": "#Voxel-9B2700" },
				"up": { "uv": [ 0, 0, 16, 16 ], "texture": "#Voxel-9B2700" },
				"north": { "uv": [ 0, 0, 16, 16 ], "texture": "#Voxel-9B2700" },
				"south": { "uv": [ 0, 0, 16, 16 ], "texture": "#Voxel-9B2700" },
				"west": { "uv": [ 0, 0, 16, 16 ], "texture": "#Voxel-9B2700" },
				"east": { "uv": [ 0, 0, 16, 16 ], "texture": "#Voxel-9B2700" }
			}
		},
		{
			"__comment": "Voxel-9B2700",
			"from": [ 5.3333, 11.7333, 9.599999 ],
			"to": [ 6.399966, 12.79997, 10.66667 ],
			"faces": {
				"down": { "uv": [ 0, 0, 16, 16 ], "texture": "#Voxel-9B2700" },
				"up": { "uv": [ 0, 0, 16, 16 ], "texture": "#Voxel-9B2700" },
				"north": { "uv": [ 0, 0, 16, 16 ], "texture": "#Voxel-9B2700" },
				"south": { "uv": [ 0, 0, 16, 16 ], "texture": "#Voxel-9B2700" },
				"west": { "uv": [ 0, 0, 16, 16 ], "texture": "#Voxel-9B2700" },
				"east": { "uv": [ 0, 0, 16, 16 ], "texture": "#Voxel-9B2700" }
			}
		},
		{
			"__comment": "Voxel-9B2700",
			"from": [ 5.3333, 12.8, 5.3333 ],
			"to": [ 6.399966, 13.86667, 6.399966 ],
			"faces": {
				"down": { "uv": [ 0, 0, 16, 16 ], "texture": "#Voxel-9B2700" },
				"up": { "uv": [ 0, 0, 16, 16 ], "texture": "#Voxel-9B2700" },
				"north": { "uv": [ 0, 0, 16, 16 ], "texture": "#Voxel-9B2700" },
				"south": { "uv": [ 0, 0, 16, 16 ], "texture": "#Voxel-9B2700" },
				"west": { "uv": [ 0, 0, 16, 16 ], "texture": "#Voxel-9B2700" },
				"east": { "uv": [ 0, 0, 16, 16 ], "texture": "#Voxel-9B2700" }
			}
		},
		{
			"__comment": "Voxel-9B2700",
			"from": [ 5.3333, 12.8, 6.4 ],
			"to": [ 6.399966, 13.86667, 7.466666 ],
			"faces": {
				"down": { "uv": [ 0, 0, 16, 16 ], "texture": "#Voxel-9B2700" },
				"up": { "uv": [ 0, 0, 16, 16 ], "texture": "#Voxel-9B2700" },
				"north": { "uv": [ 0, 0, 16, 16 ], "texture": "#Voxel-9B2700" },
				"south": { "uv": [ 0, 0, 16, 16 ], "texture": "#Voxel-9B2700" },
				"west": { "uv": [ 0, 0, 16, 16 ], "texture": "#Voxel-9B2700" },
				"east": { "uv": [ 0, 0, 16, 16 ], "texture": "#Voxel-9B2700" }
			}
		},
		{
			"__comment": "Voxel-9B2700",
			"from": [ 5.3333, 12.8, 7.4667 ],
			"to": [ 6.399966, 13.86667, 8.533366 ],
			"faces": {
				"down": { "uv": [ 0, 0, 16, 16 ], "texture": "#Voxel-9B2700" },
				"up": { "uv": [ 0, 0, 16, 16 ], "texture": "#Voxel-9B2700" },
				"north": { "uv": [ 0, 0, 16, 16 ], "texture": "#Voxel-9B2700" },
				"south": { "uv": [ 0, 0, 16, 16 ], "texture": "#Voxel-9B2700" },
				"west": { "uv": [ 0, 0, 16, 16 ], "texture": "#Voxel-9B2700" },
				"east": { "uv": [ 0, 0, 16, 16 ], "texture": "#Voxel-9B2700" }
			}
		},
		{
			"__comment": "Voxel-9B2700",
			"from": [ 5.3333, 12.8, 8.533299 ],
			"to": [ 6.399966, 13.86667, 9.599966 ],
			"faces": {
				"down": { "uv": [ 0, 0, 16, 16 ], "texture": "#Voxel-9B2700" },
				"up": { "uv": [ 0, 0, 16, 16 ], "texture": "#Voxel-9B2700" },
				"north": { "uv": [ 0, 0, 16, 16 ], "texture": "#Voxel-9B2700" },
				"south": { "uv": [ 0, 0, 16, 16 ], "texture": "#Voxel-9B2700" },
				"west": { "uv": [ 0, 0, 16, 16 ], "texture": "#Voxel-9B2700" },
				"east": { "uv": [ 0, 0, 16, 16 ], "texture": "#Voxel-9B2700" }
			}
		},
		{
			"__comment": "Voxel-9B2700",
			"from": [ 5.3333, 12.8, 9.599999 ],
			"to": [ 6.399966, 13.86667, 10.66667 ],
			"faces": {
				"down": { "uv": [ 0, 0, 16, 16 ], "texture": "#Voxel-9B2700" },
				"up": { "uv": [ 0, 0, 16, 16 ], "texture": "#Voxel-9B2700" },
				"north": { "uv": [ 0, 0, 16, 16 ], "texture": "#Voxel-9B2700" },
				"south": { "uv": [ 0, 0, 16, 16 ], "texture": "#Voxel-9B2700" },
				"west": { "uv": [ 0, 0, 16, 16 ], "texture": "#Voxel-9B2700" },
				"east": { "uv": [ 0, 0, 16, 16 ], "texture": "#Voxel-9B2700" }
			}
		},
		{
			"__comment": "Voxel-9B2700",
			"from": [ 5.3333, 13.8667, 6.4 ],
			"to": [ 6.399966, 14.93337, 7.466666 ],
			"faces": {
				"down": { "uv": [ 0, 0, 16, 16 ], "texture": "#Voxel-9B2700" },
				"up": { "uv": [ 0, 0, 16, 16 ], "texture": "#Voxel-9B2700" },
				"north": { "uv": [ 0, 0, 16, 16 ], "texture": "#Voxel-9B2700" },
				"south": { "uv": [ 0, 0, 16, 16 ], "texture": "#Voxel-9B2700" },
				"west": { "uv": [ 0, 0, 16, 16 ], "texture": "#Voxel-9B2700" },
				"east": { "uv": [ 0, 0, 16, 16 ], "texture": "#Voxel-9B2700" }
			}
		},
		{
			"__comment": "Voxel-9B2700",
			"from": [ 5.3333, 13.8667, 7.4667 ],
			"to": [ 6.399966, 14.93337, 8.533366 ],
			"faces": {
				"down": { "uv": [ 0, 0, 16, 16 ], "texture": "#Voxel-9B2700" },
				"up": { "uv": [ 0, 0, 16, 16 ], "texture": "#Voxel-9B2700" },
				"north": { "uv": [ 0, 0, 16, 16 ], "texture": "#Voxel-9B2700" },
				"south": { "uv": [ 0, 0, 16, 16 ], "texture": "#Voxel-9B2700" },
				"west": { "uv": [ 0, 0, 16, 16 ], "texture": "#Voxel-9B2700" },
				"east": { "uv": [ 0, 0, 16, 16 ], "texture": "#Voxel-9B2700" }
			}
		},
		{
			"__comment": "Voxel-9B2700",
			"from": [ 5.3333, 13.8667, 8.533299 ],
			"to": [ 6.399966, 14.93337, 9.599966 ],
			"faces": {
				"down": { "uv": [ 0, 0, 16, 16 ], "texture": "#Voxel-9B2700" },
				"up": { "uv": [ 0, 0, 16, 16 ], "texture": "#Voxel-9B2700" },
				"north": { "uv": [ 0, 0, 16, 16 ], "texture": "#Voxel-9B2700" },
				"south": { "uv": [ 0, 0, 16, 16 ], "texture": "#Voxel-9B2700" },
				"west": { "uv": [ 0, 0, 16, 16 ], "texture": "#Voxel-9B2700" },
				"east": { "uv": [ 0, 0, 16, 16 ], "texture": "#Voxel-9B2700" }
			}
		},
		{
			"__comment": "Voxel-DAFFFF",
			"from": [ 6.4, 0, 7.4667 ],
			"to": [ 7.466666, 1.066667, 8.533366 ],
			"faces": {
				"down": { "uv": [ 0, 0, 16, 16 ], "texture": "#Voxel-DAFFFF" },
				"up": { "uv": [ 0, 0, 16, 16 ], "texture": "#Voxel-DAFFFF" },
				"north": { "uv": [ 0, 0, 16, 16 ], "texture": "#Voxel-DAFFFF" },
				"south": { "uv": [ 0, 0, 16, 16 ], "texture": "#Voxel-DAFFFF" },
				"west": { "uv": [ 0, 0, 16, 16 ], "texture": "#Voxel-DAFFFF" },
				"east": { "uv": [ 0, 0, 16, 16 ], "texture": "#Voxel-DAFFFF" }
			}
		},
		{
			"__comment": "Voxel-DAFFFF",
			"from": [ 6.4, 1.0667, 8.533299 ],
			"to": [ 7.466666, 2.133367, 9.599966 ],
			"faces": {
				"down": { "uv": [ 0, 0, 16, 16 ], "texture": "#Voxel-DAFFFF" },
				"up": { "uv": [ 0, 0, 16, 16 ], "texture": "#Voxel-DAFFFF" },
				"north": { "uv": [ 0, 0, 16, 16 ], "texture": "#Voxel-DAFFFF" },
				"south": { "uv": [ 0, 0, 16, 16 ], "texture": "#Voxel-DAFFFF" },
				"west": { "uv": [ 0, 0, 16, 16 ], "texture": "#Voxel-DAFFFF" },
				"east": { "uv": [ 0, 0, 16, 16 ], "texture": "#Voxel-DAFFFF" }
			}
		},
		{
			"__comment": "Voxel-DAFFFF",
			"from": [ 6.4, 2.1333, 8.533299 ],
			"to": [ 7.466666, 3.199966, 9.599966 ],
			"faces": {
				"down": { "uv": [ 0, 0, 16, 16 ], "texture": "#Voxel-DAFFFF" },
				"up": { "uv": [ 0, 0, 16, 16 ], "texture": "#Voxel-DAFFFF" },
				"north": { "uv": [ 0, 0, 16, 16 ], "texture": "#Voxel-DAFFFF" },
				"south": { "uv": [ 0, 0, 16, 16 ], "texture": "#Voxel-DAFFFF" },
				"west": { "uv": [ 0, 0, 16, 16 ], "texture": "#Voxel-DAFFFF" },
				"east": { "uv": [ 0, 0, 16, 16 ], "texture": "#Voxel-DAFFFF" }
			}
		},
		{
			"__comment": "Voxel-DAFFFF",
			"from": [ 6.4, 3.2, 8.533299 ],
			"to": [ 7.466666, 4.266666, 9.599966 ],
			"faces": {
				"down": { "uv": [ 0, 0, 16, 16 ], "texture": "#Voxel-DAFFFF" },
				"up": { "uv": [ 0, 0, 16, 16 ], "texture": "#Voxel-DAFFFF" },
				"north": { "uv": [ 0, 0, 16, 16 ], "texture": "#Voxel-DAFFFF" },
				"south": { "uv": [ 0, 0, 16, 16 ], "texture": "#Voxel-DAFFFF" },
				"west": { "uv": [ 0, 0, 16, 16 ], "texture": "#Voxel-DAFFFF" },
				"east": { "uv": [ 0, 0, 16, 16 ], "texture": "#Voxel-DAFFFF" }
			}
		},
		{
			"__comment": "Voxel-9B2700",
			"from": [ 6.4, 7.4667, 7.4667 ],
			"to": [ 7.466666, 8.533366, 8.533366 ],
			"faces": {
				"down": { "uv": [ 0, 0, 16, 16 ], "texture": "#Voxel-9B2700" },
				"up": { "uv": [ 0, 0, 16, 16 ], "texture": "#Voxel-9B2700" },
				"north": { "uv": [ 0, 0, 16, 16 ], "texture": "#Voxel-9B2700" },
				"south": { "uv": [ 0, 0, 16, 16 ], "texture": "#Voxel-9B2700" },
				"west": { "uv": [ 0, 0, 16, 16 ], "texture": "#Voxel-9B2700" },
				"east": { "uv": [ 0, 0, 16, 16 ], "texture": "#Voxel-9B2700" }
			}
		},
		{
			"__comment": "Voxel-9B2700",
			"from": [ 6.4, 8.533299, 6.4 ],
			"to": [ 7.466666, 9.599966, 7.466666 ],
			"faces": {
				"down": { "uv": [ 0, 0, 16, 16 ], "texture": "#Voxel-9B2700" },
				"up": { "uv": [ 0, 0, 16, 16 ], "texture": "#Voxel-9B2700" },
				"north": { "uv": [ 0, 0, 16, 16 ], "texture": "#Voxel-9B2700" },
				"south": { "uv": [ 0, 0, 16, 16 ], "texture": "#Voxel-9B2700" },
				"west": { "uv": [ 0, 0, 16, 16 ], "texture": "#Voxel-9B2700" },
				"east": { "uv": [ 0, 0, 16, 16 ], "texture": "#Voxel-9B2700" }
			}
		},
		{
			"__comment": "Voxel-9B2700",
			"from": [ 6.4, 8.533299, 7.4667 ],
			"to": [ 7.466666, 9.599966, 8.533366 ],
			"faces": {
				"down": { "uv": [ 0, 0, 16, 16 ], "texture": "#Voxel-9B2700" },
				"up": { "uv": [ 0, 0, 16, 16 ], "texture": "#Voxel-9B2700" },
				"north": { "uv": [ 0, 0, 16, 16 ], "texture": "#Voxel-9B2700" },
				"south": { "uv": [ 0, 0, 16, 16 ], "texture": "#Voxel-9B2700" },
				"west": { "uv": [ 0, 0, 16, 16 ], "texture": "#Voxel-9B2700" },
				"east": { "uv": [ 0, 0, 16, 16 ], "texture": "#Voxel-9B2700" }
			}
		},
		{
			"__comment": "Voxel-9B2700",
			"from": [ 6.4, 8.533299, 8.533299 ],
			"to": [ 7.466666, 9.599966, 9.599966 ],
			"faces": {
				"down": { "uv": [ 0, 0, 16, 16 ], "texture": "#Voxel-9B2700" },
				"up": { "uv": [ 0, 0, 16, 16 ], "texture": "#Voxel-9B2700" },
				"north": { "uv": [ 0, 0, 16, 16 ], "texture": "#Voxel-9B2700" },
				"south": { "uv": [ 0, 0, 16, 16 ], "texture": "#Voxel-9B2700" },
				"west": { "uv": [ 0, 0, 16, 16 ], "texture": "#Voxel-9B2700" },
				"east": { "uv": [ 0, 0, 16, 16 ], "texture": "#Voxel-9B2700" }
			}
		},
		{
			"__comment": "Voxel-9B2700",
			"from": [ 6.4, 9.599999, 5.3333 ],
			"to": [ 7.466666, 10.66667, 6.399966 ],
			"faces": {
				"down": { "uv": [ 0, 0, 16, 16 ], "texture": "#Voxel-9B2700" },
				"up": { "uv": [ 0, 0, 16, 16 ], "texture": "#Voxel-9B2700" },
				"north": { "uv": [ 0, 0, 16, 16 ], "texture": "#Voxel-9B2700" },
				"south": { "uv": [ 0, 0, 16, 16 ], "texture": "#Voxel-9B2700" },
				"west": { "uv": [ 0, 0, 16, 16 ], "texture": "#Voxel-9B2700" },
				"east": { "uv": [ 0, 0, 16, 16 ], "texture": "#Voxel-9B2700" }
			}
		},
		{
			"__comment": "Voxel-9B2700",
			"from": [ 6.4, 9.599999, 6.4 ],
			"to": [ 7.466666, 10.66667, 7.466666 ],
			"faces": {
				"down": { "uv": [ 0, 0, 16, 16 ], "texture": "#Voxel-9B2700" },
				"up": { "uv": [ 0, 0, 16, 16 ], "texture": "#Voxel-9B2700" },
				"north": { "uv": [ 0, 0, 16, 16 ], "texture": "#Voxel-9B2700" },
				"south": { "uv": [ 0, 0, 16, 16 ], "texture": "#Voxel-9B2700" },
				"west": { "uv": [ 0, 0, 16, 16 ], "texture": "#Voxel-9B2700" },
				"east": { "uv": [ 0, 0, 16, 16 ], "texture": "#Voxel-9B2700" }
			}
		},
		{
			"__comment": "Voxel-9B2700",
			"from": [ 6.4, 9.599999, 7.4667 ],
			"to": [ 7.466666, 10.66667, 8.533366 ],
			"faces": {
				"down": { "uv": [ 0, 0, 16, 16 ], "texture": "#Voxel-9B2700" },
				"up": { "uv": [ 0, 0, 16, 16 ], "texture": "#Voxel-9B2700" },
				"north": { "uv": [ 0, 0, 16, 16 ], "texture": "#Voxel-9B2700" },
				"south": { "uv": [ 0, 0, 16, 16 ], "texture": "#Voxel-9B2700" },
				"west": { "uv": [ 0, 0, 16, 16 ], "texture": "#Voxel-9B2700" },
				"east": { "uv": [ 0, 0, 16, 16 ], "texture": "#Voxel-9B2700" }
			}
		},
		{
			"__comment": "Voxel-9B2700",
			"from": [ 6.4, 9.599999, 8.533299 ],
			"to": [ 7.466666, 10.66667, 9.599966 ],
			"faces": {
				"down": { "uv": [ 0, 0, 16, 16 ], "texture": "#Voxel-9B2700" },
				"up": { "uv": [ 0, 0, 16, 16 ], "texture": "#Voxel-9B2700" },
				"north": { "uv": [ 0, 0, 16, 16 ], "texture": "#Voxel-9B2700" },
				"south": { "uv": [ 0, 0, 16, 16 ], "texture": "#Voxel-9B2700" },
				"west": { "uv": [ 0, 0, 16, 16 ], "texture": "#Voxel-9B2700" },
				"east": { "uv": [ 0, 0, 16, 16 ], "texture": "#Voxel-9B2700" }
			}
		},
		{
			"__comment": "Voxel-9B2700",
			"from": [ 6.4, 9.599999, 9.599999 ],
			"to": [ 7.466666, 10.66667, 10.66667 ],
			"faces": {
				"down": { "uv": [ 0, 0, 16, 16 ], "texture": "#Voxel-9B2700" },
				"up": { "uv": [ 0, 0, 16, 16 ], "texture": "#Voxel-9B2700" },
				"north": { "uv": [ 0, 0, 16, 16 ], "texture": "#Voxel-9B2700" },
				"south": { "uv": [ 0, 0, 16, 16 ], "texture": "#Voxel-9B2700" },
				"west": { "uv": [ 0, 0, 16, 16 ], "texture": "#Voxel-9B2700" },
				"east": { "uv": [ 0, 0, 16, 16 ], "texture": "#Voxel-9B2700" }
			}
		},
		{
			"__comment": "Voxel-9B2700",
			"from": [ 6.4, 10.6667, 5.3333 ],
			"to": [ 7.466666, 11.73337, 6.399966 ],
			"faces": {
				"down": { "uv": [ 0, 0, 16, 16 ], "texture": "#Voxel-9B2700" },
				"up": { "uv": [ 0, 0, 16, 16 ], "texture": "#Voxel-9B2700" },
				"north": { "uv": [ 0, 0, 16, 16 ], "texture": "#Voxel-9B2700" },
				"south": { "uv": [ 0, 0, 16, 16 ], "texture": "#Voxel-9B2700" },
				"west": { "uv": [ 0, 0, 16, 16 ], "texture": "#Voxel-9B2700" },
				"east": { "uv": [ 0, 0, 16, 16 ], "texture": "#Voxel-9B2700" }
			}
		},
		{
			"__comment": "Voxel-9B2700",
			"from": [ 6.4, 10.6667, 6.4 ],
			"to": [ 7.466666, 11.73337, 7.466666 ],
			"faces": {
				"down": { "uv": [ 0, 0, 16, 16 ], "texture": "#Voxel-9B2700" },
				"up": { "uv": [ 0, 0, 16, 16 ], "texture": "#Voxel-9B2700" },
				"north": { "uv": [ 0, 0, 16, 16 ], "texture": "#Voxel-9B2700" },
				"south": { "uv": [ 0, 0, 16, 16 ], "texture": "#Voxel-9B2700" },
				"west": { "uv": [ 0, 0, 16, 16 ], "texture": "#Voxel-9B2700" },
				"east": { "uv": [ 0, 0, 16, 16 ], "texture": "#Voxel-9B2700" }
			}
		},
		{
			"__comment": "Voxel-9B2700",
			"from": [ 6.4, 10.6667, 7.4667 ],
			"to": [ 7.466666, 11.73337, 8.533366 ],
			"faces": {
				"down": { "uv": [ 0, 0, 16, 16 ], "texture": "#Voxel-9B2700" },
				"up": { "uv": [ 0, 0, 16, 16 ], "texture": "#Voxel-9B2700" },
				"north": { "uv": [ 0, 0, 16, 16 ], "texture": "#Voxel-9B2700" },
				"south": { "uv": [ 0, 0, 16, 16 ], "texture": "#Voxel-9B2700" },
				"west": { "uv": [ 0, 0, 16, 16 ], "texture": "#Voxel-9B2700" },
				"east": { "uv": [ 0, 0, 16, 16 ], "texture": "#Voxel-9B2700" }
			}
		},
		{
			"__comment": "Voxel-9B2700",
			"from": [ 6.4, 10.6667, 8.533299 ],
			"to": [ 7.466666, 11.73337, 9.599966 ],
			"faces": {
				"down": { "uv": [ 0, 0, 16, 16 ], "texture": "#Voxel-9B2700" },
				"up": { "uv": [ 0, 0, 16, 16 ], "texture": "#Voxel-9B2700" },
				"north": { "uv": [ 0, 0, 16, 16 ], "texture": "#Voxel-9B2700" },
				"south": { "uv": [ 0, 0, 16, 16 ], "texture": "#Voxel-9B2700" },
				"west": { "uv": [ 0, 0, 16, 16 ], "texture": "#Voxel-9B2700" },
				"east": { "uv": [ 0, 0, 16, 16 ], "texture": "#Voxel-9B2700" }
			}
		},
		{
			"__comment": "Voxel-9B2700",
			"from": [ 6.4, 10.6667, 9.599999 ],
			"to": [ 7.466666, 11.73337, 10.66667 ],
			"faces": {
				"down": { "uv": [ 0, 0, 16, 16 ], "texture": "#Voxel-9B2700" },
				"up": { "uv": [ 0, 0, 16, 16 ], "texture": "#Voxel-9B2700" },
				"north": { "uv": [ 0, 0, 16, 16 ], "texture": "#Voxel-9B2700" },
				"south": { "uv": [ 0, 0, 16, 16 ], "texture": "#Voxel-9B2700" },
				"west": { "uv": [ 0, 0, 16, 16 ], "texture": "#Voxel-9B2700" },
				"east": { "uv": [ 0, 0, 16, 16 ], "texture": "#Voxel-9B2700" }
			}
		},
		{
			"__comment": "Voxel-9B2700",
			"from": [ 6.4, 11.7333, 5.3333 ],
			"to": [ 7.466666, 12.79997, 6.399966 ],
			"faces": {
				"down": { "uv": [ 0, 0, 16, 16 ], "texture": "#Voxel-9B2700" },
				"up": { "uv": [ 0, 0, 16, 16 ], "texture": "#Voxel-9B2700" },
				"north": { "uv": [ 0, 0, 16, 16 ], "texture": "#Voxel-9B2700" },
				"south": { "uv": [ 0, 0, 16, 16 ], "texture": "#Voxel-9B2700" },
				"west": { "uv": [ 0, 0, 16, 16 ], "texture": "#Voxel-9B2700" },
				"east": { "uv": [ 0, 0, 16, 16 ], "texture": "#Voxel-9B2700" }
			}
		},
		{
			"__comment": "Voxel-9B2700",
			"from": [ 6.4, 11.7333, 6.4 ],
			"to": [ 7.466666, 12.79997, 7.466666 ],
			"faces": {
				"down": { "uv": [ 0, 0, 16, 16 ], "texture": "#Voxel-9B2700" },
				"up": { "uv": [ 0, 0, 16, 16 ], "texture": "#Voxel-9B2700" },
				"north": { "uv": [ 0, 0, 16, 16 ], "texture": "#Voxel-9B2700" },
				"south": { "uv": [ 0, 0, 16, 16 ], "texture": "#Voxel-9B2700" },
				"west": { "uv": [ 0, 0, 16, 16 ], "texture": "#Voxel-9B2700" },
				"east": { "uv": [ 0, 0, 16, 16 ], "texture": "#Voxel-9B2700" }
			}
		},
		{
			"__comment": "Voxel-9B2700",
			"from": [ 6.4, 11.7333, 7.4667 ],
			"to": [ 7.466666, 12.79997, 8.533366 ],
			"faces": {
				"down": { "uv": [ 0, 0, 16, 16 ], "texture": "#Voxel-9B2700" },
				"up": { "uv": [ 0, 0, 16, 16 ], "texture": "#Voxel-9B2700" },
				"north": { "uv": [ 0, 0, 16, 16 ], "texture": "#Voxel-9B2700" },
				"south": { "uv": [ 0, 0, 16, 16 ], "texture": "#Voxel-9B2700" },
				"west": { "uv": [ 0, 0, 16, 16 ], "texture": "#Voxel-9B2700" },
				"east": { "uv": [ 0, 0, 16, 16 ], "texture": "#Voxel-9B2700" }
			}
		},
		{
			"__comment": "Voxel-9B2700",
			"from": [ 6.4, 11.7333, 8.533299 ],
			"to": [ 7.466666, 12.79997, 9.599966 ],
			"faces": {
				"down": { "uv": [ 0, 0, 16, 16 ], "texture": "#Voxel-9B2700" },
				"up": { "uv": [ 0, 0, 16, 16 ], "texture": "#Voxel-9B2700" },
				"north": { "uv": [ 0, 0, 16, 16 ], "texture": "#Voxel-9B2700" },
				"south": { "uv": [ 0, 0, 16, 16 ], "texture": "#Voxel-9B2700" },
				"west": { "uv": [ 0, 0, 16, 16 ], "texture": "#Voxel-9B2700" },
				"east": { "uv": [ 0, 0, 16, 16 ], "texture": "#Voxel-9B2700" }
			}
		},
		{
			"__comment": "Voxel-9B2700",
			"from": [ 6.4, 11.7333, 9.599999 ],
			"to": [ 7.466666, 12.79997, 10.66667 ],
			"faces": {
				"down": { "uv": [ 0, 0, 16, 16 ], "texture": "#Voxel-9B2700" },
				"up": { "uv": [ 0, 0, 16, 16 ], "texture": "#Voxel-9B2700" },
				"north": { "uv": [ 0, 0, 16, 16 ], "texture": "#Voxel-9B2700" },
				"south": { "uv": [ 0, 0, 16, 16 ], "texture": "#Voxel-9B2700" },
				"west": { "uv": [ 0, 0, 16, 16 ], "texture": "#Voxel-9B2700" },
				"east": { "uv": [ 0, 0, 16, 16 ], "texture": "#Voxel-9B2700" }
			}
		},
		{
			"__comment": "Voxel-9B2700",
			"from": [ 6.4, 12.8, 5.3333 ],
			"to": [ 7.466666, 13.86667, 6.399966 ],
			"faces": {
				"down": { "uv": [ 0, 0, 16, 16 ], "texture": "#Voxel-9B2700" },
				"up": { "uv": [ 0, 0, 16, 16 ], "texture": "#Voxel-9B2700" },
				"north": { "uv": [ 0, 0, 16, 16 ], "texture": "#Voxel-9B2700" },
				"south": { "uv": [ 0, 0, 16, 16 ], "texture": "#Voxel-9B2700" },
				"west": { "uv": [ 0, 0, 16, 16 ], "texture": "#Voxel-9B2700" },
				"east": { "uv": [ 0, 0, 16, 16 ], "texture": "#Voxel-9B2700" }
			}
		},
		{
			"__comment": "Voxel-9B2700",
			"from": [ 6.4, 12.8, 6.4 ],
			"to": [ 7.466666, 13.86667, 7.466666 ],
			"faces": {
				"down": { "uv": [ 0, 0, 16, 16 ], "texture": "#Voxel-9B2700" },
				"up": { "uv": [ 0, 0, 16, 16 ], "texture": "#Voxel-9B2700" },
				"north": { "uv": [ 0, 0, 16, 16 ], "texture": "#Voxel-9B2700" },
				"south": { "uv": [ 0, 0, 16, 16 ], "texture": "#Voxel-9B2700" },
				"west": { "uv": [ 0, 0, 16, 16 ], "texture": "#Voxel-9B2700" },
				"east": { "uv": [ 0, 0, 16, 16 ], "texture": "#Voxel-9B2700" }
			}
		},
		{
			"__comment": "Voxel-9B2700",
			"from": [ 6.4, 12.8, 7.4667 ],
			"to": [ 7.466666, 13.86667, 8.533366 ],
			"faces": {
				"down": { "uv": [ 0, 0, 16, 16 ], "texture": "#Voxel-9B2700" },
				"up": { "uv": [ 0, 0, 16, 16 ], "texture": "#Voxel-9B2700" },
				"north": { "uv": [ 0, 0, 16, 16 ], "texture": "#Voxel-9B2700" },
				"south": { "uv": [ 0, 0, 16, 16 ], "texture": "#Voxel-9B2700" },
				"west": { "uv": [ 0, 0, 16, 16 ], "texture": "#Voxel-9B2700" },
				"east": { "uv": [ 0, 0, 16, 16 ], "texture": "#Voxel-9B2700" }
			}
		},
		{
			"__comment": "Voxel-9B2700",
			"from": [ 6.4, 12.8, 8.533299 ],
			"to": [ 7.466666, 13.86667, 9.599966 ],
			"faces": {
				"down": { "uv": [ 0, 0, 16, 16 ], "texture": "#Voxel-9B2700" },
				"up": { "uv": [ 0, 0, 16, 16 ], "texture": "#Voxel-9B2700" },
				"north": { "uv": [ 0, 0, 16, 16 ], "texture": "#Voxel-9B2700" },
				"south": { "uv": [ 0, 0, 16, 16 ], "texture": "#Voxel-9B2700" },
				"west": { "uv": [ 0, 0, 16, 16 ], "texture": "#Voxel-9B2700" },
				"east": { "uv": [ 0, 0, 16, 16 ], "texture": "#Voxel-9B2700" }
			}
		},
		{
			"__comment": "Voxel-9B2700",
			"from": [ 6.4, 12.8, 9.599999 ],
			"to": [ 7.466666, 13.86667, 10.66667 ],
			"faces": {
				"down": { "uv": [ 0, 0, 16, 16 ], "texture": "#Voxel-9B2700" },
				"up": { "uv": [ 0, 0, 16, 16 ], "texture": "#Voxel-9B2700" },
				"north": { "uv": [ 0, 0, 16, 16 ], "texture": "#Voxel-9B2700" },
				"south": { "uv": [ 0, 0, 16, 16 ], "texture": "#Voxel-9B2700" },
				"west": { "uv": [ 0, 0, 16, 16 ], "texture": "#Voxel-9B2700" },
				"east": { "uv": [ 0, 0, 16, 16 ], "texture": "#Voxel-9B2700" }
			}
		},
		{
			"__comment": "Voxel-9B2700",
			"from": [ 6.4, 13.8667, 5.3333 ],
			"to": [ 7.466666, 14.93337, 6.399966 ],
			"faces": {
				"down": { "uv": [ 0, 0, 16, 16 ], "texture": "#Voxel-9B2700" },
				"up": { "uv": [ 0, 0, 16, 16 ], "texture": "#Voxel-9B2700" },
				"north": { "uv": [ 0, 0, 16, 16 ], "texture": "#Voxel-9B2700" },
				"south": { "uv": [ 0, 0, 16, 16 ], "texture": "#Voxel-9B2700" },
				"west": { "uv": [ 0, 0, 16, 16 ], "texture": "#Voxel-9B2700" },
				"east": { "uv": [ 0, 0, 16, 16 ], "texture": "#Voxel-9B2700" }
			}
		},
		{
			"__comment": "Voxel-9B2700",
			"from": [ 6.4, 13.8667, 6.4 ],
			"to": [ 7.466666, 14.93337, 7.466666 ],
			"faces": {
				"down": { "uv": [ 0, 0, 16, 16 ], "texture": "#Voxel-9B2700" },
				"up": { "uv": [ 0, 0, 16, 16 ], "texture": "#Voxel-9B2700" },
				"north": { "uv": [ 0, 0, 16, 16 ], "texture": "#Voxel-9B2700" },
				"south": { "uv": [ 0, 0, 16, 16 ], "texture": "#Voxel-9B2700" },
				"west": { "uv": [ 0, 0, 16, 16 ], "texture": "#Voxel-9B2700" },
				"east": { "uv": [ 0, 0, 16, 16 ], "texture": "#Voxel-9B2700" }
			}
		},
		{
			"__comment": "Voxel-9B2700",
			"from": [ 6.4, 13.8667, 7.4667 ],
			"to": [ 7.466666, 14.93337, 8.533366 ],
			"faces": {
				"down": { "uv": [ 0, 0, 16, 16 ], "texture": "#Voxel-9B2700" },
				"up": { "uv": [ 0, 0, 16, 16 ], "texture": "#Voxel-9B2700" },
				"north": { "uv": [ 0, 0, 16, 16 ], "texture": "#Voxel-9B2700" },
				"south": { "uv": [ 0, 0, 16, 16 ], "texture": "#Voxel-9B2700" },
				"west": { "uv": [ 0, 0, 16, 16 ], "texture": "#Voxel-9B2700" },
				"east": { "uv": [ 0, 0, 16, 16 ], "texture": "#Voxel-9B2700" }
			}
		},
		{
			"__comment": "Voxel-9B2700",
			"from": [ 6.4, 13.8667, 8.533299 ],
			"to": [ 7.466666, 14.93337, 9.599966 ],
			"faces": {
				"down": { "uv": [ 0, 0, 16, 16 ], "texture": "#Voxel-9B2700" },
				"up": { "uv": [ 0, 0, 16, 16 ], "texture": "#Voxel-9B2700" },
				"north": { "uv": [ 0, 0, 16, 16 ], "texture": "#Voxel-9B2700" },
				"south": { "uv": [ 0, 0, 16, 16 ], "texture": "#Voxel-9B2700" },
				"west": { "uv": [ 0, 0, 16, 16 ], "texture": "#Voxel-9B2700" },
				"east": { "uv": [ 0, 0, 16, 16 ], "texture": "#Voxel-9B2700" }
			}
		},
		{
			"__comment": "Voxel-9B2700",
			"from": [ 6.4, 13.8667, 9.599999 ],
			"to": [ 7.466666, 14.93337, 10.66667 ],
			"faces": {
				"down": { "uv": [ 0, 0, 16, 16 ], "texture": "#Voxel-9B2700" },
				"up": { "uv": [ 0, 0, 16, 16 ], "texture": "#Voxel-9B2700" },
				"north": { "uv": [ 0, 0, 16, 16 ], "texture": "#Voxel-9B2700" },
				"south": { "uv": [ 0, 0, 16, 16 ], "texture": "#Voxel-9B2700" },
				"west": { "uv": [ 0, 0, 16, 16 ], "texture": "#Voxel-9B2700" },
				"east": { "uv": [ 0, 0, 16, 16 ], "texture": "#Voxel-9B2700" }
			}
		},
		{
			"__comment": "Voxel-9B2700",
			"from": [ 6.4, 14.9333, 6.4 ],
			"to": [ 7.466666, 15.99997, 7.466666 ],
			"faces": {
				"down": { "uv": [ 0, 0, 16, 16 ], "texture": "#Voxel-9B2700" },
				"up": { "uv": [ 0, 0, 16, 16 ], "texture": "#Voxel-9B2700" },
				"north": { "uv": [ 0, 0, 16, 16 ], "texture": "#Voxel-9B2700" },
				"south": { "uv": [ 0, 0, 16, 16 ], "texture": "#Voxel-9B2700" },
				"west": { "uv": [ 0, 0, 16, 16 ], "texture": "#Voxel-9B2700" },
				"east": { "uv": [ 0, 0, 16, 16 ], "texture": "#Voxel-9B2700" }
			}
		},
		{
			"__comment": "Voxel-9B2700",
			"from": [ 6.4, 14.9333, 7.4667 ],
			"to": [ 7.466666, 15.99997, 8.533366 ],
			"faces": {
				"down": { "uv": [ 0, 0, 16, 16 ], "texture": "#Voxel-9B2700" },
				"up": { "uv": [ 0, 0, 16, 16 ], "texture": "#Voxel-9B2700" },
				"north": { "uv": [ 0, 0, 16, 16 ], "texture": "#Voxel-9B2700" },
				"south": { "uv": [ 0, 0, 16, 16 ], "texture": "#Voxel-9B2700" },
				"west": { "uv": [ 0, 0, 16, 16 ], "texture": "#Voxel-9B2700" },
				"east": { "uv": [ 0, 0, 16, 16 ], "texture": "#Voxel-9B2700" }
			}
		},
		{
			"__comment": "Voxel-9B2700",
			"from": [ 6.4, 14.9333, 8.533299 ],
			"to": [ 7.466666, 15.99997, 9.599966 ],
			"faces": {
				"down": { "uv": [ 0, 0, 16, 16 ], "texture": "#Voxel-9B2700" },
				"up": { "uv": [ 0, 0, 16, 16 ], "texture": "#Voxel-9B2700" },
				"north": { "uv": [ 0, 0, 16, 16 ], "texture": "#Voxel-9B2700" },
				"south": { "uv": [ 0, 0, 16, 16 ], "texture": "#Voxel-9B2700" },
				"west": { "uv": [ 0, 0, 16, 16 ], "texture": "#Voxel-9B2700" },
				"east": { "uv": [ 0, 0, 16, 16 ], "texture": "#Voxel-9B2700" }
			}
		},
		{
			"__comment": "Voxel-DAFFFF",
			"from": [ 7.4667, 4.2667, 8.533299 ],
			"to": [ 8.533366, 5.333366, 9.599966 ],
			"faces": {
				"down": { "uv": [ 0, 0, 16, 16 ], "texture": "#Voxel-DAFFFF" },
				"up": { "uv": [ 0, 0, 16, 16 ], "texture": "#Voxel-DAFFFF" },
				"north": { "uv": [ 0, 0, 16, 16 ], "texture": "#Voxel-DAFFFF" },
				"south": { "uv": [ 0, 0, 16, 16 ], "texture": "#Voxel-DAFFFF" },
				"west": { "uv": [ 0, 0, 16, 16 ], "texture": "#Voxel-DAFFFF" },
				"east": { "uv": [ 0, 0, 16, 16 ], "texture": "#Voxel-DAFFFF" }
			}
		},
		{
			"__comment": "Voxel-DAFFFF",
			"from": [ 7.4667, 5.3333, 7.4667 ],
			"to": [ 8.533366, 6.399966, 8.533366 ],
			"faces": {
				"down": { "uv": [ 0, 0, 16, 16 ], "texture": "#Voxel-DAFFFF" },
				"up": { "uv": [ 0, 0, 16, 16 ], "texture": "#Voxel-DAFFFF" },
				"north": { "uv": [ 0, 0, 16, 16 ], "texture": "#Voxel-DAFFFF" },
				"south": { "uv": [ 0, 0, 16, 16 ], "texture": "#Voxel-DAFFFF" },
				"west": { "uv": [ 0, 0, 16, 16 ], "texture": "#Voxel-DAFFFF" },
				"east": { "uv": [ 0, 0, 16, 16 ], "texture": "#Voxel-DAFFFF" }
			}
		},
		{
			"__comment": "Voxel-DAFFFF",
			"from": [ 7.4667, 6.4, 7.4667 ],
			"to": [ 8.533366, 7.466666, 8.533366 ],
			"faces": {
				"down": { "uv": [ 0, 0, 16, 16 ], "texture": "#Voxel-DAFFFF" },
				"up": { "uv": [ 0, 0, 16, 16 ], "texture": "#Voxel-DAFFFF" },
				"north": { "uv": [ 0, 0, 16, 16 ], "texture": "#Voxel-DAFFFF" },
				"south": { "uv": [ 0, 0, 16, 16 ], "texture": "#Voxel-DAFFFF" },
				"west": { "uv": [ 0, 0, 16, 16 ], "texture": "#Voxel-DAFFFF" },
				"east": { "uv": [ 0, 0, 16, 16 ], "texture": "#Voxel-DAFFFF" }
			}
		},
		{
			"__comment": "Voxel-9B2700",
			"from": [ 7.4667, 7.4667, 6.4 ],
			"to": [ 8.533366, 8.533366, 7.466666 ],
			"faces": {
				"down": { "uv": [ 0, 0, 16, 16 ], "texture": "#Voxel-9B2700" },
				"up": { "uv": [ 0, 0, 16, 16 ], "texture": "#Voxel-9B2700" },
				"north": { "uv": [ 0, 0, 16, 16 ], "texture": "#Voxel-9B2700" },
				"south": { "uv": [ 0, 0, 16, 16 ], "texture": "#Voxel-9B2700" },
				"west": { "uv": [ 0, 0, 16, 16 ], "texture": "#Voxel-9B2700" },
				"east": { "uv": [ 0, 0, 16, 16 ], "texture": "#Voxel-9B2700" }
			}
		},
		{
			"__comment": "Voxel-9B2700",
			"from": [ 7.4667, 7.4667, 7.4667 ],
			"to": [ 8.533366, 8.533366, 8.533366 ],
			"faces": {
				"down": { "uv": [ 0, 0, 16, 16 ], "texture": "#Voxel-9B2700" },
				"up": { "uv": [ 0, 0, 16, 16 ], "texture": "#Voxel-9B2700" },
				"north": { "uv": [ 0, 0, 16, 16 ], "texture": "#Voxel-9B2700" },
				"south": { "uv": [ 0, 0, 16, 16 ], "texture": "#Voxel-9B2700" },
				"west": { "uv": [ 0, 0, 16, 16 ], "texture": "#Voxel-9B2700" },
				"east": { "uv": [ 0, 0, 16, 16 ], "texture": "#Voxel-9B2700" }
			}
		},
		{
			"__comment": "Voxel-9B2700",
			"from": [ 7.4667, 7.4667, 8.533299 ],
			"to": [ 8.533366, 8.533366, 9.599966 ],
			"faces": {
				"down": { "uv": [ 0, 0, 16, 16 ], "texture": "#Voxel-9B2700" },
				"up": { "uv": [ 0, 0, 16, 16 ], "texture": "#Voxel-9B2700" },
				"north": { "uv": [ 0, 0, 16, 16 ], "texture": "#Voxel-9B2700" },
				"south": { "uv": [ 0, 0, 16, 16 ], "texture": "#Voxel-9B2700" },
				"west": { "uv": [ 0, 0, 16, 16 ], "texture": "#Voxel-9B2700" },
				"east": { "uv": [ 0, 0, 16, 16 ], "texture": "#Voxel-9B2700" }
			}
		},
		{
			"__comment": "Voxel-9B2700",
			"from": [ 7.4667, 8.533299, 6.4 ],
			"to": [ 8.533366, 9.599966, 7.466666 ],
			"faces": {
				"down": { "uv": [ 0, 0, 16, 16 ], "texture": "#Voxel-9B2700" },
				"up": { "uv": [ 0, 0, 16, 16 ], "texture": "#Voxel-9B2700" },
				"north": { "uv": [ 0, 0, 16, 16 ], "texture": "#Voxel-9B2700" },
				"south": { "uv": [ 0, 0, 16, 16 ], "texture": "#Voxel-9B2700" },
				"west": { "uv": [ 0, 0, 16, 16 ], "texture": "#Voxel-9B2700" },
				"east": { "uv": [ 0, 0, 16, 16 ], "texture": "#Voxel-9B2700" }
			}
		},
		{
			"__comment": "Voxel-9B2700",
			"from": [ 7.4667, 8.533299, 7.4667 ],
			"to": [ 8.533366, 9.599966, 8.533366 ],
			"faces": {
				"down": { "uv": [ 0, 0, 16, 16 ], "texture": "#Voxel-9B2700" },
				"up": { "uv": [ 0, 0, 16, 16 ], "texture": "#Voxel-9B2700" },
				"north": { "uv": [ 0, 0, 16, 16 ], "texture": "#Voxel-9B2700" },
				"south": { "uv": [ 0, 0, 16, 16 ], "texture": "#Voxel-9B2700" },
				"west": { "uv": [ 0, 0, 16, 16 ], "texture": "#Voxel-9B2700" },
				"east": { "uv": [ 0, 0, 16, 16 ], "texture": "#Voxel-9B2700" }
			}
		},
		{
			"__comment": "Voxel-9B2700",
			"from": [ 7.4667, 8.533299, 8.533299 ],
			"to": [ 8.533366, 9.599966, 9.599966 ],
			"faces": {
				"down": { "uv": [ 0, 0, 16, 16 ], "texture": "#Voxel-9B2700" },
				"up": { "uv": [ 0, 0, 16, 16 ], "texture": "#Voxel-9B2700" },
				"north": { "uv": [ 0, 0, 16, 16 ], "texture": "#Voxel-9B2700" },
				"south": { "uv": [ 0, 0, 16, 16 ], "texture": "#Voxel-9B2700" },
				"west": { "uv": [ 0, 0, 16, 16 ], "texture": "#Voxel-9B2700" },
				"east": { "uv": [ 0, 0, 16, 16 ], "texture": "#Voxel-9B2700" }
			}
		},
		{
			"__comment": "Voxel-9B2700",
			"from": [ 7.4667, 9.599999, 5.3333 ],
			"to": [ 8.533366, 10.66667, 6.399966 ],
			"faces": {
				"down": { "uv": [ 0, 0, 16, 16 ], "texture": "#Voxel-9B2700" },
				"up": { "uv": [ 0, 0, 16, 16 ], "texture": "#Voxel-9B2700" },
				"north": { "uv": [ 0, 0, 16, 16 ], "texture": "#Voxel-9B2700" },
				"south": { "uv": [ 0, 0, 16, 16 ], "texture": "#Voxel-9B2700" },
				"west": { "uv": [ 0, 0, 16, 16 ], "texture": "#Voxel-9B2700" },
				"east": { "uv": [ 0, 0, 16, 16 ], "texture": "#Voxel-9B2700" }
			}
		},
		{
			"__comment": "Voxel-9B2700",
			"from": [ 7.4667, 9.599999, 6.4 ],
			"to": [ 8.533366, 10.66667, 7.466666 ],
			"faces": {
				"down": { "uv": [ 0, 0, 16, 16 ], "texture": "#Voxel-9B2700" },
				"up": { "uv": [ 0, 0, 16, 16 ], "texture": "#Voxel-9B2700" },
				"north": { "uv": [ 0, 0, 16, 16 ], "texture": "#Voxel-9B2700" },
				"south": { "uv": [ 0, 0, 16, 16 ], "texture": "#Voxel-9B2700" },
				"west": { "uv": [ 0, 0, 16, 16 ], "texture": "#Voxel-9B2700" },
				"east": { "uv": [ 0, 0, 16, 16 ], "texture": "#Voxel-9B2700" }
			}
		},
		{
			"__comment": "Voxel-9B2700",
			"from": [ 7.4667, 9.599999, 7.4667 ],
			"to": [ 8.533366, 10.66667, 8.533366 ],
			"faces": {
				"down": { "uv": [ 0, 0, 16, 16 ], "texture": "#Voxel-9B2700" },
				"up": { "uv": [ 0, 0, 16, 16 ], "texture": "#Voxel-9B2700" },
				"north": { "uv": [ 0, 0, 16, 16 ], "texture": "#Voxel-9B2700" },
				"south": { "uv": [ 0, 0, 16, 16 ], "texture": "#Voxel-9B2700" },
				"west": { "uv": [ 0, 0, 16, 16 ], "texture": "#Voxel-9B2700" },
				"east": { "uv": [ 0, 0, 16, 16 ], "texture": "#Voxel-9B2700" }
			}
		},
		{
			"__comment": "Voxel-9B2700",
			"from": [ 7.4667, 9.599999, 8.533299 ],
			"to": [ 8.533366, 10.66667, 9.599966 ],
			"faces": {
				"down": { "uv": [ 0, 0, 16, 16 ], "texture": "#Voxel-9B2700" },
				"up": { "uv": [ 0, 0, 16, 16 ], "texture": "#Voxel-9B2700" },
				"north": { "uv": [ 0, 0, 16, 16 ], "texture": "#Voxel-9B2700" },
				"south": { "uv": [ 0, 0, 16, 16 ], "texture": "#Voxel-9B2700" },
				"west": { "uv": [ 0, 0, 16, 16 ], "texture": "#Voxel-9B2700" },
				"east": { "uv": [ 0, 0, 16, 16 ], "texture": "#Voxel-9B2700" }
			}
		},
		{
			"__comment": "Voxel-9B2700",
			"from": [ 7.4667, 9.599999, 9.599999 ],
			"to": [ 8.533366, 10.66667, 10.66667 ],
			"faces": {
				"down": { "uv": [ 0, 0, 16, 16 ], "texture": "#Voxel-9B2700" },
				"up": { "uv": [ 0, 0, 16, 16 ], "texture": "#Voxel-9B2700" },
				"north": { "uv": [ 0, 0, 16, 16 ], "texture": "#Voxel-9B2700" },
				"south": { "uv": [ 0, 0, 16, 16 ], "texture": "#Voxel-9B2700" },
				"west": { "uv": [ 0, 0, 16, 16 ], "texture": "#Voxel-9B2700" },
				"east": { "uv": [ 0, 0, 16, 16 ], "texture": "#Voxel-9B2700" }
			}
		},
		{
			"__comment": "Voxel-9B2700",
			"from": [ 7.4667, 10.6667, 5.3333 ],
			"to": [ 8.533366, 11.73337, 6.399966 ],
			"faces": {
				"down": { "uv": [ 0, 0, 16, 16 ], "texture": "#Voxel-9B2700" },
				"up": { "uv": [ 0, 0, 16, 16 ], "texture": "#Voxel-9B2700" },
				"north": { "uv": [ 0, 0, 16, 16 ], "texture": "#Voxel-9B2700" },
				"south": { "uv": [ 0, 0, 16, 16 ], "texture": "#Voxel-9B2700" },
				"west": { "uv": [ 0, 0, 16, 16 ], "texture": "#Voxel-9B2700" },
				"east": { "uv": [ 0, 0, 16, 16 ], "texture": "#Voxel-9B2700" }
			}
		},
		{
			"__comment": "Voxel-9B2700",
			"from": [ 7.4667, 10.6667, 6.4 ],
			"to": [ 8.533366, 11.73337, 7.466666 ],
			"faces": {
				"down": { "uv": [ 0, 0, 16, 16 ], "texture": "#Voxel-9B2700" },
				"up": { "uv": [ 0, 0, 16, 16 ], "texture": "#Voxel-9B2700" },
				"north": { "uv": [ 0, 0, 16, 16 ], "texture": "#Voxel-9B2700" },
				"south": { "uv": [ 0, 0, 16, 16 ], "texture": "#Voxel-9B2700" },
				"west": { "uv": [ 0, 0, 16, 16 ], "texture": "#Voxel-9B2700" },
				"east": { "uv": [ 0, 0, 16, 16 ], "texture": "#Voxel-9B2700" }
			}
		},
		{
			"__comment": "Voxel-9B2700",
			"from": [ 7.4667, 10.6667, 7.4667 ],
			"to": [ 8.533366, 11.73337, 8.533366 ],
			"faces": {
				"down": { "uv": [ 0, 0, 16, 16 ], "texture": "#Voxel-9B2700" },
				"up": { "uv": [ 0, 0, 16, 16 ], "texture": "#Voxel-9B2700" },
				"north": { "uv": [ 0, 0, 16, 16 ], "texture": "#Voxel-9B2700" },
				"south": { "uv": [ 0, 0, 16, 16 ], "texture": "#Voxel-9B2700" },
				"west": { "uv": [ 0, 0, 16, 16 ], "texture": "#Voxel-9B2700" },
				"east": { "uv": [ 0, 0, 16, 16 ], "texture": "#Voxel-9B2700" }
			}
		},
		{
			"__comment": "Voxel-9B2700",
			"from": [ 7.4667, 10.6667, 8.533299 ],
			"to": [ 8.533366, 11.73337, 9.599966 ],
			"faces": {
				"down": { "uv": [ 0, 0, 16, 16 ], "texture": "#Voxel-9B2700" },
				"up": { "uv": [ 0, 0, 16, 16 ], "texture": "#Voxel-9B2700" },
				"north": { "uv": [ 0, 0, 16, 16 ], "texture": "#Voxel-9B2700" },
				"south": { "uv": [ 0, 0, 16, 16 ], "texture": "#Voxel-9B2700" },
				"west": { "uv": [ 0, 0, 16, 16 ], "texture": "#Voxel-9B2700" },
				"east": { "uv": [ 0, 0, 16, 16 ], "texture": "#Voxel-9B2700" }
			}
		},
		{
			"__comment": "Voxel-9B2700",
			"from": [ 7.4667, 10.6667, 9.599999 ],
			"to": [ 8.533366, 11.73337, 10.66667 ],
			"faces": {
				"down": { "uv": [ 0, 0, 16, 16 ], "texture": "#Voxel-9B2700" },
				"up": { "uv": [ 0, 0, 16, 16 ], "texture": "#Voxel-9B2700" },
				"north": { "uv": [ 0, 0, 16, 16 ], "texture": "#Voxel-9B2700" },
				"south": { "uv": [ 0, 0, 16, 16 ], "texture": "#Voxel-9B2700" },
				"west": { "uv": [ 0, 0, 16, 16 ], "texture": "#Voxel-9B2700" },
				"east": { "uv": [ 0, 0, 16, 16 ], "texture": "#Voxel-9B2700" }
			}
		},
		{
			"__comment": "Voxel-9B2700",
			"from": [ 7.4667, 11.7333, 5.3333 ],
			"to": [ 8.533366, 12.79997, 6.399966 ],
			"faces": {
				"down": { "uv": [ 0, 0, 16, 16 ], "texture": "#Voxel-9B2700" },
				"up": { "uv": [ 0, 0, 16, 16 ], "texture": "#Voxel-9B2700" },
				"north": { "uv": [ 0, 0, 16, 16 ], "texture": "#Voxel-9B2700" },
				"south": { "uv": [ 0, 0, 16, 16 ], "texture": "#Voxel-9B2700" },
				"west": { "uv": [ 0, 0, 16, 16 ], "texture": "#Voxel-9B2700" },
				"east": { "uv": [ 0, 0, 16, 16 ], "texture": "#Voxel-9B2700" }
			}
		},
		{
			"__comment": "Voxel-9B2700",
			"from": [ 7.4667, 11.7333, 6.4 ],
			"to": [ 8.533366, 12.79997, 7.466666 ],
			"faces": {
				"down": { "uv": [ 0, 0, 16, 16 ], "texture": "#Voxel-9B2700" },
				"up": { "uv": [ 0, 0, 16, 16 ], "texture": "#Voxel-9B2700" },
				"north": { "uv": [ 0, 0, 16, 16 ], "texture": "#Voxel-9B2700" },
				"south": { "uv": [ 0, 0, 16, 16 ], "texture": "#Voxel-9B2700" },
				"west": { "uv": [ 0, 0, 16, 16 ], "texture": "#Voxel-9B2700" },
				"east": { "uv": [ 0, 0, 16, 16 ], "texture": "#Voxel-9B2700" }
			}
		},
		{
			"__comment": "Voxel-9B2700",
			"from": [ 7.4667, 11.7333, 7.4667 ],
			"to": [ 8.533366, 12.79997, 8.533366 ],
			"faces": {
				"down": { "uv": [ 0, 0, 16, 16 ], "texture": "#Voxel-9B2700" },
				"up": { "uv": [ 0, 0, 16, 16 ], "texture": "#Voxel-9B2700" },
				"north": { "uv": [ 0, 0, 16, 16 ], "texture": "#Voxel-9B2700" },
				"south": { "uv": [ 0, 0, 16, 16 ], "texture": "#Voxel-9B2700" },
				"west": { "uv": [ 0, 0, 16, 16 ], "texture": "#Voxel-9B2700" },
				"east": { "uv": [ 0, 0, 16, 16 ], "texture": "#Voxel-9B2700" }
			}
		},
		{
			"__comment": "Voxel-9B2700",
			"from": [ 7.4667, 11.7333, 8.533299 ],
			"to": [ 8.533366, 12.79997, 9.599966 ],
			"faces": {
				"down": { "uv": [ 0, 0, 16, 16 ], "texture": "#Voxel-9B2700" },
				"up": { "uv": [ 0, 0, 16, 16 ], "texture": "#Voxel-9B2700" },
				"north": { "uv": [ 0, 0, 16, 16 ], "texture": "#Voxel-9B2700" },
				"south": { "uv": [ 0, 0, 16, 16 ], "texture": "#Voxel-9B2700" },
				"west": { "uv": [ 0, 0, 16, 16 ], "texture": "#Voxel-9B2700" },
				"east": { "uv": [ 0, 0, 16, 16 ], "texture": "#Voxel-9B2700" }
			}
		},
		{
			"__comment": "Voxel-9B2700",
			"from": [ 7.4667, 11.7333, 9.599999 ],
			"to": [ 8.533366, 12.79997, 10.66667 ],
			"faces": {
				"down": { "uv": [ 0, 0, 16, 16 ], "texture": "#Voxel-9B2700" },
				"up": { "uv": [ 0, 0, 16, 16 ], "texture": "#Voxel-9B2700" },
				"north": { "uv": [ 0, 0, 16, 16 ], "texture": "#Voxel-9B2700" },
				"south": { "uv": [ 0, 0, 16, 16 ], "texture": "#Voxel-9B2700" },
				"west": { "uv": [ 0, 0, 16, 16 ], "texture": "#Voxel-9B2700" },
				"east": { "uv": [ 0, 0, 16, 16 ], "texture": "#Voxel-9B2700" }
			}
		},
		{
			"__comment": "Voxel-9B2700",
			"from": [ 7.4667, 12.8, 5.3333 ],
			"to": [ 8.533366, 13.86667, 6.399966 ],
			"faces": {
				"down": { "uv": [ 0, 0, 16, 16 ], "texture": "#Voxel-9B2700" },
				"up": { "uv": [ 0, 0, 16, 16 ], "texture": "#Voxel-9B2700" },
				"north": { "uv": [ 0, 0, 16, 16 ], "texture": "#Voxel-9B2700" },
				"south": { "uv": [ 0, 0, 16, 16 ], "texture": "#Voxel-9B2700" },
				"west": { "uv": [ 0, 0, 16, 16 ], "texture": "#Voxel-9B2700" },
				"east": { "uv": [ 0, 0, 16, 16 ], "texture": "#Voxel-9B2700" }
			}
		},
		{
			"__comment": "Voxel-9B2700",
			"from": [ 7.4667, 12.8, 6.4 ],
			"to": [ 8.533366, 13.86667, 7.466666 ],
			"faces": {
				"down": { "uv": [ 0, 0, 16, 16 ], "texture": "#Voxel-9B2700" },
				"up": { "uv": [ 0, 0, 16, 16 ], "texture": "#Voxel-9B2700" },
				"north": { "uv": [ 0, 0, 16, 16 ], "texture": "#Voxel-9B2700" },
				"south": { "uv": [ 0, 0, 16, 16 ], "texture": "#Voxel-9B2700" },
				"west": { "uv": [ 0, 0, 16, 16 ], "texture": "#Voxel-9B2700" },
				"east": { "uv": [ 0, 0, 16, 16 ], "texture": "#Voxel-9B2700" }
			}
		},
		{
			"__comment": "Voxel-9B2700",
			"from": [ 7.4667, 12.8, 7.4667 ],
			"to": [ 8.533366, 13.86667, 8.533366 ],
			"faces": {
				"down": { "uv": [ 0, 0, 16, 16 ], "texture": "#Voxel-9B2700" },
				"up": { "uv": [ 0, 0, 16, 16 ], "texture": "#Voxel-9B2700" },
				"north": { "uv": [ 0, 0, 16, 16 ], "texture": "#Voxel-9B2700" },
				"south": { "uv": [ 0, 0, 16, 16 ], "texture": "#Voxel-9B2700" },
				"west": { "uv": [ 0, 0, 16, 16 ], "texture": "#Voxel-9B2700" },
				"east": { "uv": [ 0, 0, 16, 16 ], "texture": "#Voxel-9B2700" }
			}
		},
		{
			"__comment": "Voxel-9B2700",
			"from": [ 7.4667, 12.8, 8.533299 ],
			"to": [ 8.533366, 13.86667, 9.599966 ],
			"faces": {
				"down": { "uv": [ 0, 0, 16, 16 ], "texture": "#Voxel-9B2700" },
				"up": { "uv": [ 0, 0, 16, 16 ], "texture": "#Voxel-9B2700" },
				"north": { "uv": [ 0, 0, 16, 16 ], "texture": "#Voxel-9B2700" },
				"south": { "uv": [ 0, 0, 16, 16 ], "texture": "#Voxel-9B2700" },
				"west": { "uv": [ 0, 0, 16, 16 ], "texture": "#Voxel-9B2700" },
				"east": { "uv": [ 0, 0, 16, 16 ], "texture": "#Voxel-9B2700" }
			}
		},
		{
			"__comment": "Voxel-9B2700",
			"from": [ 7.4667, 12.8, 9.599999 ],
			"to": [ 8.533366, 13.86667, 10.66667 ],
			"faces": {
				"down": { "uv": [ 0, 0, 16, 16 ], "texture": "#Voxel-9B2700" },
				"up": { "uv": [ 0, 0, 16, 16 ], "texture": "#Voxel-9B2700" },
				"north": { "uv": [ 0, 0, 16, 16 ], "texture": "#Voxel-9B2700" },
				"south": { "uv": [ 0, 0, 16, 16 ], "texture": "#Voxel-9B2700" },
				"west": { "uv": [ 0, 0, 16, 16 ], "texture": "#Voxel-9B2700" },
				"east": { "uv": [ 0, 0, 16, 16 ], "texture": "#Voxel-9B2700" }
			}
		},
		{
			"__comment": "Voxel-9B2700",
			"from": [ 7.4667, 13.8667, 5.3333 ],
			"to": [ 8.533366, 14.93337, 6.399966 ],
			"faces": {
				"down": { "uv": [ 0, 0, 16, 16 ], "texture": "#Voxel-9B2700" },
				"up": { "uv": [ 0, 0, 16, 16 ], "texture": "#Voxel-9B2700" },
				"north": { "uv": [ 0, 0, 16, 16 ], "texture": "#Voxel-9B2700" },
				"south": { "uv": [ 0, 0, 16, 16 ], "texture": "#Voxel-9B2700" },
				"west": { "uv": [ 0, 0, 16, 16 ], "texture": "#Voxel-9B2700" },
				"east": { "uv": [ 0, 0, 16, 16 ], "texture": "#Voxel-9B2700" }
			}
		},
		{
			"__comment": "Voxel-9B2700",
			"from": [ 7.4667, 13.8667, 6.4 ],
			"to": [ 8.533366, 14.93337, 7.466666 ],
			"faces": {
				"down": { "uv": [ 0, 0, 16, 16 ], "texture": "#Voxel-9B2700" },
				"up": { "uv": [ 0, 0, 16, 16 ], "texture": "#Voxel-9B2700" },
				"north": { "uv": [ 0, 0, 16, 16 ], "texture": "#Voxel-9B2700" },
				"south": { "uv": [ 0, 0, 16, 16 ], "texture": "#Voxel-9B2700" },
				"west": { "uv": [ 0, 0, 16, 16 ], "texture": "#Voxel-9B2700" },
				"east": { "uv": [ 0, 0, 16, 16 ], "texture": "#Voxel-9B2700" }
			}
		},
		{
			"__comment": "Voxel-9B2700",
			"from": [ 7.4667, 13.8667, 7.4667 ],
			"to": [ 8.533366, 14.93337, 8.533366 ],
			"faces": {
				"down": { "uv": [ 0, 0, 16, 16 ], "texture": "#Voxel-9B2700" },
				"up": { "uv": [ 0, 0, 16, 16 ], "texture": "#Voxel-9B2700" },
				"north": { "uv": [ 0, 0, 16, 16 ], "texture": "#Voxel-9B2700" },
				"south": { "uv": [ 0, 0, 16, 16 ], "texture": "#Voxel-9B2700" },
				"west": { "uv": [ 0, 0, 16, 16 ], "texture": "#Voxel-9B2700" },
				"east": { "uv": [ 0, 0, 16, 16 ], "texture": "#Voxel-9B2700" }
			}
		},
		{
			"__comment": "Voxel-9B2700",
			"from": [ 7.4667, 13.8667, 8.533299 ],
			"to": [ 8.533366, 14.93337, 9.599966 ],
			"faces": {
				"down": { "uv": [ 0, 0, 16, 16 ], "texture": "#Voxel-9B2700" },
				"up": { "uv": [ 0, 0, 16, 16 ], "texture": "#Voxel-9B2700" },
				"north": { "uv": [ 0, 0, 16, 16 ], "texture": "#Voxel-9B2700" },
				"south": { "uv": [ 0, 0, 16, 16 ], "texture": "#Voxel-9B2700" },
				"west": { "uv": [ 0, 0, 16, 16 ], "texture": "#Voxel-9B2700" },
				"east": { "uv": [ 0, 0, 16, 16 ], "texture": "#Voxel-9B2700" }
			}
		},
		{
			"__comment": "Voxel-9B2700",
			"from": [ 7.4667, 13.8667, 9.599999 ],
			"to": [ 8.533366, 14.93337, 10.66667 ],
			"faces": {
				"down": { "uv": [ 0, 0, 16, 16 ], "texture": "#Voxel-9B2700" },
				"up": { "uv": [ 0, 0, 16, 16 ], "texture": "#Voxel-9B2700" },
				"north": { "uv": [ 0, 0, 16, 16 ], "texture": "#Voxel-9B2700" },
				"south": { "uv": [ 0, 0, 16, 16 ], "texture": "#Voxel-9B2700" },
				"west": { "uv": [ 0, 0, 16, 16 ], "texture": "#Voxel-9B2700" },
				"east": { "uv": [ 0, 0, 16, 16 ], "texture": "#Voxel-9B2700" }
			}
		},
		{
			"__comment": "Voxel-9B2700",
			"from": [ 7.4667, 14.9333, 6.4 ],
			"to": [ 8.533366, 15.99997, 7.466666 ],
			"faces": {
				"down": { "uv": [ 0, 0, 16, 16 ], "texture": "#Voxel-9B2700" },
				"up": { "uv": [ 0, 0, 16, 16 ], "texture": "#Voxel-9B2700" },
				"north": { "uv": [ 0, 0, 16, 16 ], "texture": "#Voxel-9B2700" },
				"south": { "uv": [ 0, 0, 16, 16 ], "texture": "#Voxel-9B2700" },
				"west": { "uv": [ 0, 0, 16, 16 ], "texture": "#Voxel-9B2700" },
				"east": { "uv": [ 0, 0, 16, 16 ], "texture": "#Voxel-9B2700" }
			}
		},
		{
			"__comment": "Voxel-9B2700",
			"from": [ 7.4667, 14.9333, 7.4667 ],
			"to": [ 8.533366, 15.99997, 8.533366 ],
			"faces": {
				"down": { "uv": [ 0, 0, 16, 16 ], "texture": "#Voxel-9B2700" },
				"up": { "uv": [ 0, 0, 16, 16 ], "texture": "#Voxel-9B2700" },
				"north": { "uv": [ 0, 0, 16, 16 ], "texture": "#Voxel-9B2700" },
				"south": { "uv": [ 0, 0, 16, 16 ], "texture": "#Voxel-9B2700" },
				"west": { "uv": [ 0, 0, 16, 16 ], "texture": "#Voxel-9B2700" },
				"east": { "uv": [ 0, 0, 16, 16 ], "texture": "#Voxel-9B2700" }
			}
		},
		{
			"__comment": "Voxel-9B2700",
			"from": [ 7.4667, 14.9333, 8.533299 ],
			"to": [ 8.533366, 15.99997, 9.599966 ],
			"faces": {
				"down": { "uv": [ 0, 0, 16, 16 ], "texture": "#Voxel-9B2700" },
				"up": { "uv": [ 0, 0, 16, 16 ], "texture": "#Voxel-9B2700" },
				"north": { "uv": [ 0, 0, 16, 16 ], "texture": "#Voxel-9B2700" },
				"south": { "uv": [ 0, 0, 16, 16 ], "texture": "#Voxel-9B2700" },
				"west": { "uv": [ 0, 0, 16, 16 ], "texture": "#Voxel-9B2700" },
				"east": { "uv": [ 0, 0, 16, 16 ], "texture": "#Voxel-9B2700" }
			}
		},
		{
			"__comment": "Voxel-9B2700",
			"from": [ 8.533299, 7.4667, 7.4667 ],
			"to": [ 9.599966, 8.533366, 8.533366 ],
			"faces": {
				"down": { "uv": [ 0, 0, 16, 16 ], "texture": "#Voxel-9B2700" },
				"up": { "uv": [ 0, 0, 16, 16 ], "texture": "#Voxel-9B2700" },
				"north": { "uv": [ 0, 0, 16, 16 ], "texture": "#Voxel-9B2700" },
				"south": { "uv": [ 0, 0, 16, 16 ], "texture": "#Voxel-9B2700" },
				"west": { "uv": [ 0, 0, 16, 16 ], "texture": "#Voxel-9B2700" },
				"east": { "uv": [ 0, 0, 16, 16 ], "texture": "#Voxel-9B2700" }
			}
		},
		{
			"__comment": "Voxel-9B2700",
			"from": [ 8.533299, 8.533299, 6.4 ],
			"to": [ 9.599966, 9.599966, 7.466666 ],
			"faces": {
				"down": { "uv": [ 0, 0, 16, 16 ], "texture": "#Voxel-9B2700" },
				"up": { "uv": [ 0, 0, 16, 16 ], "texture": "#Voxel-9B2700" },
				"north": { "uv": [ 0, 0, 16, 16 ], "texture": "#Voxel-9B2700" },
				"south": { "uv": [ 0, 0, 16, 16 ], "texture": "#Voxel-9B2700" },
				"west": { "uv": [ 0, 0, 16, 16 ], "texture": "#Voxel-9B2700" },
				"east": { "uv": [ 0, 0, 16, 16 ], "texture": "#Voxel-9B2700" }
			}
		},
		{
			"__comment": "Voxel-9B2700",
			"from": [ 8.533299, 8.533299, 7.4667 ],
			"to": [ 9.599966, 9.599966, 8.533366 ],
			"faces": {
				"down": { "uv": [ 0, 0, 16, 16 ], "texture": "#Voxel-9B2700" },
				"up": { "uv": [ 0, 0, 16, 16 ], "texture": "#Voxel-9B2700" },
				"north": { "uv": [ 0, 0, 16, 16 ], "texture": "#Voxel-9B2700" },
				"south": { "uv": [ 0, 0, 16, 16 ], "texture": "#Voxel-9B2700" },
				"west": { "uv": [ 0, 0, 16, 16 ], "texture": "#Voxel-9B2700" },
				"east": { "uv": [ 0, 0, 16, 16 ], "texture": "#Voxel-9B2700" }
			}
		},
		{
			"__comment": "Voxel-9B2700",
			"from": [ 8.533299, 8.533299, 8.533299 ],
			"to": [ 9.599966, 9.599966, 9.599966 ],
			"faces": {
				"down": { "uv": [ 0, 0, 16, 16 ], "texture": "#Voxel-9B2700" },
				"up": { "uv": [ 0, 0, 16, 16 ], "texture": "#Voxel-9B2700" },
				"north": { "uv": [ 0, 0, 16, 16 ], "texture": "#Voxel-9B2700" },
				"south": { "uv": [ 0, 0, 16, 16 ], "texture": "#Voxel-9B2700" },
				"west": { "uv": [ 0, 0, 16, 16 ], "texture": "#Voxel-9B2700" },
				"east": { "uv": [ 0, 0, 16, 16 ], "texture": "#Voxel-9B2700" }
			}
		},
		{
			"__comment": "Voxel-9B2700",
			"from": [ 8.533299, 9.599999, 5.3333 ],
			"to": [ 9.599966, 10.66667, 6.399966 ],
			"faces": {
				"down": { "uv": [ 0, 0, 16, 16 ], "texture": "#Voxel-9B2700" },
				"up": { "uv": [ 0, 0, 16, 16 ], "texture": "#Voxel-9B2700" },
				"north": { "uv": [ 0, 0, 16, 16 ], "texture": "#Voxel-9B2700" },
				"south": { "uv": [ 0, 0, 16, 16 ], "texture": "#Voxel-9B2700" },
				"west": { "uv": [ 0, 0, 16, 16 ], "texture": "#Voxel-9B2700" },
				"east": { "uv": [ 0, 0, 16, 16 ], "texture": "#Voxel-9B2700" }
			}
		},
		{
			"__comment": "Voxel-9B2700",
			"from": [ 8.533299, 9.599999, 6.4 ],
			"to": [ 9.599966, 10.66667, 7.466666 ],
			"faces": {
				"down": { "uv": [ 0, 0, 16, 16 ], "texture": "#Voxel-9B2700" },
				"up": { "uv": [ 0, 0, 16, 16 ], "texture": "#Voxel-9B2700" },
				"north": { "uv": [ 0, 0, 16, 16 ], "texture": "#Voxel-9B2700" },
				"south": { "uv": [ 0, 0, 16, 16 ], "texture": "#Voxel-9B2700" },
				"west": { "uv": [ 0, 0, 16, 16 ], "texture": "#Voxel-9B2700" },
				"east": { "uv": [ 0, 0, 16, 16 ], "texture": "#Voxel-9B2700" }
			}
		},
		{
			"__comment": "Voxel-9B2700",
			"from": [ 8.533299, 9.599999, 7.4667 ],
			"to": [ 9.599966, 10.66667, 8.533366 ],
			"faces": {
				"down": { "uv": [ 0, 0, 16, 16 ], "texture": "#Voxel-9B2700" },
				"up": { "uv": [ 0, 0, 16, 16 ], "texture": "#Voxel-9B2700" },
				"north": { "uv": [ 0, 0, 16, 16 ], "texture": "#Voxel-9B2700" },
				"south": { "uv": [ 0, 0, 16, 16 ], "texture": "#Voxel-9B2700" },
				"west": { "uv": [ 0, 0, 16, 16 ], "texture": "#Voxel-9B2700" },
				"east": { "uv": [ 0, 0, 16, 16 ], "texture": "#Voxel-9B2700" }
			}
		},
		{
			"__comment": "Voxel-9B2700",
			"from": [ 8.533299, 9.599999, 8.533299 ],
			"to": [ 9.599966, 10.66667, 9.599966 ],
			"faces": {
				"down": { "uv": [ 0, 0, 16, 16 ], "texture": "#Voxel-9B2700" },
				"up": { "uv": [ 0, 0, 16, 16 ], "texture": "#Voxel-9B2700" },
				"north": { "uv": [ 0, 0, 16, 16 ], "texture": "#Voxel-9B2700" },
				"south": { "uv": [ 0, 0, 16, 16 ], "texture": "#Voxel-9B2700" },
				"west": { "uv": [ 0, 0, 16, 16 ], "texture": "#Voxel-9B2700" },
				"east": { "uv": [ 0, 0, 16, 16 ], "texture": "#Voxel-9B2700" }
			}
		},
		{
			"__comment": "Voxel-9B2700",
			"from": [ 8.533299, 9.599999, 9.599999 ],
			"to": [ 9.599966, 10.66667, 10.66667 ],
			"faces": {
				"down": { "uv": [ 0, 0, 16, 16 ], "texture": "#Voxel-9B2700" },
				"up": { "uv": [ 0, 0, 16, 16 ], "texture": "#Voxel-9B2700" },
				"north": { "uv": [ 0, 0, 16, 16 ], "texture": "#Voxel-9B2700" },
				"south": { "uv": [ 0, 0, 16, 16 ], "texture": "#Voxel-9B2700" },
				"west": { "uv": [ 0, 0, 16, 16 ], "texture": "#Voxel-9B2700" },
				"east": { "uv": [ 0, 0, 16, 16 ], "texture": "#Voxel-9B2700" }
			}
		},
		{
			"__comment": "Voxel-9B2700",
			"from": [ 8.533299, 10.6667, 5.3333 ],
			"to": [ 9.599966, 11.73337, 6.399966 ],
			"faces": {
				"down": { "uv": [ 0, 0, 16, 16 ], "texture": "#Voxel-9B2700" },
				"up": { "uv": [ 0, 0, 16, 16 ], "texture": "#Voxel-9B2700" },
				"north": { "uv": [ 0, 0, 16, 16 ], "texture": "#Voxel-9B2700" },
				"south": { "uv": [ 0, 0, 16, 16 ], "texture": "#Voxel-9B2700" },
				"west": { "uv": [ 0, 0, 16, 16 ], "texture": "#Voxel-9B2700" },
				"east": { "uv": [ 0, 0, 16, 16 ], "texture": "#Voxel-9B2700" }
			}
		},
		{
			"__comment": "Voxel-9B2700",
			"from": [ 8.533299, 10.6667, 6.4 ],
			"to": [ 9.599966, 11.73337, 7.466666 ],
			"faces": {
				"down": { "uv": [ 0, 0, 16, 16 ], "texture": "#Voxel-9B2700" },
				"up": { "uv": [ 0, 0, 16, 16 ], "texture": "#Voxel-9B2700" },
				"north": { "uv": [ 0, 0, 16, 16 ], "texture": "#Voxel-9B2700" },
				"south": { "uv": [ 0, 0, 16, 16 ], "texture": "#Voxel-9B2700" },
				"west": { "uv": [ 0, 0, 16, 16 ], "texture": "#Voxel-9B2700" },
				"east": { "uv": [ 0, 0, 16, 16 ], "texture": "#Voxel-9B2700" }
			}
		},
		{
			"__comment": "Voxel-9B2700",
			"from": [ 8.533299, 10.6667, 7.4667 ],
			"to": [ 9.599966, 11.73337, 8.533366 ],
			"faces": {
				"down": { "uv": [ 0, 0, 16, 16 ], "texture": "#Voxel-9B2700" },
				"up": { "uv": [ 0, 0, 16, 16 ], "texture": "#Voxel-9B2700" },
				"north": { "uv": [ 0, 0, 16, 16 ], "texture": "#Voxel-9B2700" },
				"south": { "uv": [ 0, 0, 16, 16 ], "texture": "#Voxel-9B2700" },
				"west": { "uv": [ 0, 0, 16, 16 ], "texture": "#Voxel-9B2700" },
				"east": { "uv": [ 0, 0, 16, 16 ], "texture": "#Voxel-9B2700" }
			}
		},
		{
			"__comment": "Voxel-9B2700",
			"from": [ 8.533299, 10.6667, 8.533299 ],
			"to": [ 9.599966, 11.73337, 9.599966 ],
			"faces": {
				"down": { "uv": [ 0, 0, 16, 16 ], "texture": "#Voxel-9B2700" },
				"up": { "uv": [ 0, 0, 16, 16 ], "texture": "#Voxel-9B2700" },
				"north": { "uv": [ 0, 0, 16, 16 ], "texture": "#Voxel-9B2700" },
				"south": { "uv": [ 0, 0, 16, 16 ], "texture": "#Voxel-9B2700" },
				"west": { "uv": [ 0, 0, 16, 16 ], "texture": "#Voxel-9B2700" },
				"east": { "uv": [ 0, 0, 16, 16 ], "texture": "#Voxel-9B2700" }
			}
		},
		{
			"__comment": "Voxel-9B2700",
			"from": [ 8.533299, 10.6667, 9.599999 ],
			"to": [ 9.599966, 11.73337, 10.66667 ],
			"faces": {
				"down": { "uv": [ 0, 0, 16, 16 ], "texture": "#Voxel-9B2700" },
				"up": { "uv": [ 0, 0, 16, 16 ], "texture": "#Voxel-9B2700" },
				"north": { "uv": [ 0, 0, 16, 16 ], "texture": "#Voxel-9B2700" },
				"south": { "uv": [ 0, 0, 16, 16 ], "texture": "#Voxel-9B2700" },
				"west": { "uv": [ 0, 0, 16, 16 ], "texture": "#Voxel-9B2700" },
				"east": { "uv": [ 0, 0, 16, 16 ], "texture": "#Voxel-9B2700" }
			}
		},
		{
			"__comment": "Voxel-9B2700",
			"from": [ 8.533299, 11.7333, 5.3333 ],
			"to": [ 9.599966, 12.79997, 6.399966 ],
			"faces": {
				"down": { "uv": [ 0, 0, 16, 16 ], "texture": "#Voxel-9B2700" },
				"up": { "uv": [ 0, 0, 16, 16 ], "texture": "#Voxel-9B2700" },
				"north": { "uv": [ 0, 0, 16, 16 ], "texture": "#Voxel-9B2700" },
				"south": { "uv": [ 0, 0, 16, 16 ], "texture": "#Voxel-9B2700" },
				"west": { "uv": [ 0, 0, 16, 16 ], "texture": "#Voxel-9B2700" },
				"east": { "uv": [ 0, 0, 16, 16 ], "texture": "#Voxel-9B2700" }
			}
		},
		{
			"__comment": "Voxel-9B2700",
			"from": [ 8.533299, 11.7333, 6.4 ],
			"to": [ 9.599966, 12.79997, 7.466666 ],
			"faces": {
				"down": { "uv": [ 0, 0, 16, 16 ], "texture": "#Voxel-9B2700" },
				"up": { "uv": [ 0, 0, 16, 16 ], "texture": "#Voxel-9B2700" },
				"north": { "uv": [ 0, 0, 16, 16 ], "texture": "#Voxel-9B2700" },
				"south": { "uv": [ 0, 0, 16, 16 ], "texture": "#Voxel-9B2700" },
				"west": { "uv": [ 0, 0, 16, 16 ], "texture": "#Voxel-9B2700" },
				"east": { "uv": [ 0, 0, 16, 16 ], "texture": "#Voxel-9B2700" }
			}
		},
		{
			"__comment": "Voxel-9B2700",
			"from": [ 8.533299, 11.7333, 7.4667 ],
			"to": [ 9.599966, 12.79997, 8.533366 ],
			"faces": {
				"down": { "uv": [ 0, 0, 16, 16 ], "texture": "#Voxel-9B2700" },
				"up": { "uv": [ 0, 0, 16, 16 ], "texture": "#Voxel-9B2700" },
				"north": { "uv": [ 0, 0, 16, 16 ], "texture": "#Voxel-9B2700" },
				"south": { "uv": [ 0, 0, 16, 16 ], "texture": "#Voxel-9B2700" },
				"west": { "uv": [ 0, 0, 16, 16 ], "texture": "#Voxel-9B2700" },
				"east": { "uv": [ 0, 0, 16, 16 ], "texture": "#Voxel-9B2700" }
			}
		},
		{
			"__comment": "Voxel-9B2700",
			"from": [ 8.533299, 11.7333, 8.533299 ],
			"to": [ 9.599966, 12.79997, 9.599966 ],
			"faces": {
				"down": { "uv": [ 0, 0, 16, 16 ], "texture": "#Voxel-9B2700" },
				"up": { "uv": [ 0, 0, 16, 16 ], "texture": "#Voxel-9B2700" },
				"north": { "uv": [ 0, 0, 16, 16 ], "texture": "#Voxel-9B2700" },
				"south": { "uv": [ 0, 0, 16, 16 ], "texture": "#Voxel-9B2700" },
				"west": { "uv": [ 0, 0, 16, 16 ], "texture": "#Voxel-9B2700" },
				"east": { "uv": [ 0, 0, 16, 16 ], "texture": "#Voxel-9B2700" }
			}
		},
		{
			"__comment": "Voxel-9B2700",
			"from": [ 8.533299, 11.7333, 9.599999 ],
			"to": [ 9.599966, 12.79997, 10.66667 ],
			"faces": {
				"down": { "uv": [ 0, 0, 16, 16 ], "texture": "#Voxel-9B2700" },
				"up": { "uv": [ 0, 0, 16, 16 ], "texture": "#Voxel-9B2700" },
				"north": { "uv": [ 0, 0, 16, 16 ], "texture": "#Voxel-9B2700" },
				"south": { "uv": [ 0, 0, 16, 16 ], "texture": "#Voxel-9B2700" },
				"west": { "uv": [ 0, 0, 16, 16 ], "texture": "#Voxel-9B2700" },
				"east": { "uv": [ 0, 0, 16, 16 ], "texture": "#Voxel-9B2700" }
			}
		},
		{
			"__comment": "Voxel-9B2700",
			"from": [ 8.533299, 12.8, 5.3333 ],
			"to": [ 9.599966, 13.86667, 6.399966 ],
			"faces": {
				"down": { "uv": [ 0, 0, 16, 16 ], "texture": "#Voxel-9B2700" },
				"up": { "uv": [ 0, 0, 16, 16 ], "texture": "#Voxel-9B2700" },
				"north": { "uv": [ 0, 0, 16, 16 ], "texture": "#Voxel-9B2700" },
				"south": { "uv": [ 0, 0, 16, 16 ], "texture": "#Voxel-9B2700" },
				"west": { "uv": [ 0, 0, 16, 16 ], "texture": "#Voxel-9B2700" },
				"east": { "uv": [ 0, 0, 16, 16 ], "texture": "#Voxel-9B2700" }
			}
		},
		{
			"__comment": "Voxel-9B2700",
			"from": [ 8.533299, 12.8, 6.4 ],
			"to": [ 9.599966, 13.86667, 7.466666 ],
			"faces": {
				"down": { "uv": [ 0, 0, 16, 16 ], "texture": "#Voxel-9B2700" },
				"up": { "uv": [ 0, 0, 16, 16 ], "texture": "#Voxel-9B2700" },
				"north": { "uv": [ 0, 0, 16, 16 ], "texture": "#Voxel-9B2700" },
				"south": { "uv": [ 0, 0, 16, 16 ], "texture": "#Voxel-9B2700" },
				"west": { "uv": [ 0, 0, 16, 16 ], "texture": "#Voxel-9B2700" },
				"east": { "uv": [ 0, 0, 16, 16 ], "texture": "#Voxel-9B2700" }
			}
		},
		{
			"__comment": "Voxel-9B2700",
			"from": [ 8.533299, 12.8, 7.4667 ],
			"to": [ 9.599966, 13.86667, 8.533366 ],
			"faces": {
				"down": { "uv": [ 0, 0, 16, 16 ], "texture": "#Voxel-9B2700" },
				"up": { "uv": [ 0, 0, 16, 16 ], "texture": "#Voxel-9B2700" },
				"north": { "uv": [ 0, 0, 16, 16 ], "texture": "#Voxel-9B2700" },
				"south": { "uv": [ 0, 0, 16, 16 ], "texture": "#Voxel-9B2700" },
				"west": { "uv": [ 0, 0, 16, 16 ], "texture": "#Voxel-9B2700" },
				"east": { "uv": [ 0, 0, 16, 16 ], "texture": "#Voxel-9B2700" }
			}
		},
		{
			"__comment": "Voxel-9B2700",
			"from": [ 8.533299, 12.8, 8.533299 ],
			"to": [ 9.599966, 13.86667, 9.599966 ],
			"faces": {
				"down": { "uv": [ 0, 0, 16, 16 ], "texture": "#Voxel-9B2700" },
				"up": { "uv": [ 0, 0, 16, 16 ], "texture": "#Voxel-9B2700" },
				"north": { "uv": [ 0, 0, 16, 16 ], "texture": "#Voxel-9B2700" },
				"south": { "uv": [ 0, 0, 16, 16 ], "texture": "#Voxel-9B2700" },
				"west": { "uv": [ 0, 0, 16, 16 ], "texture": "#Voxel-9B2700" },
				"east": { "uv": [ 0, 0, 16, 16 ], "texture": "#Voxel-9B2700" }
			}
		},
		{
			"__comment": "Voxel-9B2700",
			"from": [ 8.533299, 12.8, 9.599999 ],
			"to": [ 9.599966, 13.86667, 10.66667 ],
			"faces": {
				"down": { "uv": [ 0, 0, 16, 16 ], "texture": "#Voxel-9B2700" },
				"up": { "uv": [ 0, 0, 16, 16 ], "texture": "#Voxel-9B2700" },
				"north": { "uv": [ 0, 0, 16, 16 ], "texture": "#Voxel-9B2700" },
				"south": { "uv": [ 0, 0, 16, 16 ], "texture": "#Voxel-9B2700" },
				"west": { "uv": [ 0, 0, 16, 16 ], "texture": "#Voxel-9B2700" },
				"east": { "uv": [ 0, 0, 16, 16 ], "texture": "#Voxel-9B2700" }
			}
		},
		{
			"__comment": "Voxel-9B2700",
			"from": [ 8.533299, 13.8667, 5.3333 ],
			"to": [ 9.599966, 14.93337, 6.399966 ],
			"faces": {
				"down": { "uv": [ 0, 0, 16, 16 ], "texture": "#Voxel-9B2700" },
				"up": { "uv": [ 0, 0, 16, 16 ], "texture": "#Voxel-9B2700" },
				"north": { "uv": [ 0, 0, 16, 16 ], "texture": "#Voxel-9B2700" },
				"south": { "uv": [ 0, 0, 16, 16 ], "texture": "#Voxel-9B2700" },
				"west": { "uv": [ 0, 0, 16, 16 ], "texture": "#Voxel-9B2700" },
				"east": { "uv": [ 0, 0, 16, 16 ], "texture": "#Voxel-9B2700" }
			}
		},
		{
			"__comment": "Voxel-9B2700",
			"from": [ 8.533299, 13.8667, 6.4 ],
			"to": [ 9.599966, 14.93337, 7.466666 ],
			"faces": {
				"down": { "uv": [ 0, 0, 16, 16 ], "texture": "#Voxel-9B2700" },
				"up": { "uv": [ 0, 0, 16, 16 ], "texture": "#Voxel-9B2700" },
				"north": { "uv": [ 0, 0, 16, 16 ], "texture": "#Voxel-9B2700" },
				"south": { "uv": [ 0, 0, 16, 16 ], "texture": "#Voxel-9B2700" },
				"west": { "uv": [ 0, 0, 16, 16 ], "texture": "#Voxel-9B2700" },
				"east": { "uv": [ 0, 0, 16, 16 ], "texture": "#Voxel-9B2700" }
			}
		},
		{
			"__comment": "Voxel-9B2700",
			"from": [ 8.533299, 13.8667, 7.4667 ],
			"to": [ 9.599966, 14.93337, 8.533366 ],
			"faces": {
				"down": { "uv": [ 0, 0, 16, 16 ], "texture": "#Voxel-9B2700" },
				"up": { "uv": [ 0, 0, 16, 16 ], "texture": "#Voxel-9B2700" },
				"north": { "uv": [ 0, 0, 16, 16 ], "texture": "#Voxel-9B2700" },
				"south": { "uv": [ 0, 0, 16, 16 ], "texture": "#Voxel-9B2700" },
				"west": { "uv": [ 0, 0, 16, 16 ], "texture": "#Voxel-9B2700" },
				"east": { "uv": [ 0, 0, 16, 16 ], "texture": "#Voxel-9B2700" }
			}
		},
		{
			"__comment": "Voxel-9B2700",
			"from": [ 8.533299, 13.8667, 8.533299 ],
			"to": [ 9.599966, 14.93337, 9.599966 ],
			"faces": {
				"down": { "uv": [ 0, 0, 16, 16 ], "texture": "#Voxel-9B2700" },
				"up": { "uv": [ 0, 0, 16, 16 ], "texture": "#Voxel-9B2700" },
				"north": { "uv": [ 0, 0, 16, 16 ], "texture": "#Voxel-9B2700" },
				"south": { "uv": [ 0, 0, 16, 16 ], "texture": "#Voxel-9B2700" },
				"west": { "uv": [ 0, 0, 16, 16 ], "texture": "#Voxel-9B2700" },
				"east": { "uv": [ 0, 0, 16, 16 ], "texture": "#Voxel-9B2700" }
			}
		},
		{
			"__comment": "Voxel-9B2700",
			"from": [ 8.533299, 13.8667, 9.599999 ],
			"to": [ 9.599966, 14.93337, 10.66667 ],
			"faces": {
				"down": { "uv": [ 0, 0, 16, 16 ], "texture": "#Voxel-9B2700" },
				"up": { "uv": [ 0, 0, 16, 16 ], "texture": "#Voxel-9B2700" },
				"north": { "uv": [ 0, 0, 16, 16 ], "texture": "#Voxel-9B2700" },
				"south": { "uv": [ 0, 0, 16, 16 ], "texture": "#Voxel-9B2700" },
				"west": { "uv": [ 0, 0, 16, 16 ], "texture": "#Voxel-9B2700" },
				"east": { "uv": [ 0, 0, 16, 16 ], "texture": "#Voxel-9B2700" }
			}
		},
		{
			"__comment": "Voxel-9B2700",
			"from": [ 8.533299, 14.9333, 6.4 ],
			"to": [ 9.599966, 15.99997, 7.466666 ],
			"faces": {
				"down": { "uv": [ 0, 0, 16, 16 ], "texture": "#Voxel-9B2700" },
				"up": { "uv": [ 0, 0, 16, 16 ], "texture": "#Voxel-9B2700" },
				"north": { "uv": [ 0, 0, 16, 16 ], "texture": "#Voxel-9B2700" },
				"south": { "uv": [ 0, 0, 16, 16 ], "texture": "#Voxel-9B2700" },
				"west": { "uv": [ 0, 0, 16, 16 ], "texture": "#Voxel-9B2700" },
				"east": { "uv": [ 0, 0, 16, 16 ], "texture": "#Voxel-9B2700" }
			}
		},
		{
			"__comment": "Voxel-9B2700",
			"from": [ 8.533299, 14.9333, 7.4667 ],
			"to": [ 9.599966, 15.99997, 8.533366 ],
			"faces": {
				"down": { "uv": [ 0, 0, 16, 16 ], "texture": "#Voxel-9B2700" },
				"up": { "uv": [ 0, 0, 16, 16 ], "texture": "#Voxel-9B2700" },
				"north": { "uv": [ 0, 0, 16, 16 ], "texture": "#Voxel-9B2700" },
				"south": { "uv": [ 0, 0, 16, 16 ], "texture": "#Voxel-9B2700" },
				"west": { "uv": [ 0, 0, 16, 16 ], "texture": "#Voxel-9B2700" },
				"east": { "uv": [ 0, 0, 16, 16 ], "texture": "#Voxel-9B2700" }
			}
		},
		{
			"__comment": "Voxel-9B2700",
			"from": [ 8.533299, 14.9333, 8.533299 ],
			"to": [ 9.599966, 15.99997, 9.599966 ],
			"faces": {
				"down": { "uv": [ 0, 0, 16, 16 ], "texture": "#Voxel-9B2700" },
				"up": { "uv": [ 0, 0, 16, 16 ], "texture": "#Voxel-9B2700" },
				"north": { "uv": [ 0, 0, 16, 16 ], "texture": "#Voxel-9B2700" },
				"south": { "uv": [ 0, 0, 16, 16 ], "texture": "#Voxel-9B2700" },
				"west": { "uv": [ 0, 0, 16, 16 ], "texture": "#Voxel-9B2700" },
				"east": { "uv": [ 0, 0, 16, 16 ], "texture": "#Voxel-9B2700" }
			}
		},
		{
			"__comment": "Voxel-9B2700",
			"from": [ 9.599999, 9.599999, 6.4 ],
			"to": [ 10.66667, 10.66667, 7.466666 ],
			"faces": {
				"down": { "uv": [ 0, 0, 16, 16 ], "texture": "#Voxel-9B2700" },
				"up": { "uv": [ 0, 0, 16, 16 ], "texture": "#Voxel-9B2700" },
				"north": { "uv": [ 0, 0, 16, 16 ], "texture": "#Voxel-9B2700" },
				"south": { "uv": [ 0, 0, 16, 16 ], "texture": "#Voxel-9B2700" },
				"west": { "uv": [ 0, 0, 16, 16 ], "texture": "#Voxel-9B2700" },
				"east": { "uv": [ 0, 0, 16, 16 ], "texture": "#Voxel-9B2700" }
			}
		},
		{
			"__comment": "Voxel-9B2700",
			"from": [ 9.599999, 9.599999, 7.4667 ],
			"to": [ 10.66667, 10.66667, 8.533366 ],
			"faces": {
				"down": { "uv": [ 0, 0, 16, 16 ], "texture": "#Voxel-9B2700" },
				"up": { "uv": [ 0, 0, 16, 16 ], "texture": "#Voxel-9B2700" },
				"north": { "uv": [ 0, 0, 16, 16 ], "texture": "#Voxel-9B2700" },
				"south": { "uv": [ 0, 0, 16, 16 ], "texture": "#Voxel-9B2700" },
				"west": { "uv": [ 0, 0, 16, 16 ], "texture": "#Voxel-9B2700" },
				"east": { "uv": [ 0, 0, 16, 16 ], "texture": "#Voxel-9B2700" }
			}
		},
		{
			"__comment": "Voxel-9B2700",
			"from": [ 9.599999, 9.599999, 8.533299 ],
			"to": [ 10.66667, 10.66667, 9.599966 ],
			"faces": {
				"down": { "uv": [ 0, 0, 16, 16 ], "texture": "#Voxel-9B2700" },
				"up": { "uv": [ 0, 0, 16, 16 ], "texture": "#Voxel-9B2700" },
				"north": { "uv": [ 0, 0, 16, 16 ], "texture": "#Voxel-9B2700" },
				"south": { "uv": [ 0, 0, 16, 16 ], "texture": "#Voxel-9B2700" },
				"west": { "uv": [ 0, 0, 16, 16 ], "texture": "#Voxel-9B2700" },
				"east": { "uv": [ 0, 0, 16, 16 ], "texture": "#Voxel-9B2700" }
			}
		},
		{
			"__comment": "Voxel-9B2700",
			"from": [ 9.599999, 10.6667, 5.3333 ],
			"to": [ 10.66667, 11.73337, 6.399966 ],
			"faces": {
				"down": { "uv": [ 0, 0, 16, 16 ], "texture": "#Voxel-9B2700" },
				"up": { "uv": [ 0, 0, 16, 16 ], "texture": "#Voxel-9B2700" },
				"north": { "uv": [ 0, 0, 16, 16 ], "texture": "#Voxel-9B2700" },
				"south": { "uv": [ 0, 0, 16, 16 ], "texture": "#Voxel-9B2700" },
				"west": { "uv": [ 0, 0, 16, 16 ], "texture": "#Voxel-9B2700" },
				"east": { "uv": [ 0, 0, 16, 16 ], "texture": "#Voxel-9B2700" }
			}
		},
		{
			"__comment": "Voxel-9B2700",
			"from": [ 9.599999, 10.6667, 6.4 ],
			"to": [ 10.66667, 11.73337, 7.466666 ],
			"faces": {
				"down": { "uv": [ 0, 0, 16, 16 ], "texture": "#Voxel-9B2700" },
				"up": { "uv": [ 0, 0, 16, 16 ], "texture": "#Voxel-9B2700" },
				"north": { "uv": [ 0, 0, 16, 16 ], "texture": "#Voxel-9B2700" },
				"south": { "uv": [ 0, 0, 16, 16 ], "texture": "#Voxel-9B2700" },
				"west": { "uv": [ 0, 0, 16, 16 ], "texture": "#Voxel-9B2700" },
				"east": { "uv": [ 0, 0, 16, 16 ], "texture": "#Voxel-9B2700" }
			}
		},
		{
			"__comment": "Voxel-9B2700",
			"from": [ 9.599999, 10.6667, 7.4667 ],
			"to": [ 10.66667, 11.73337, 8.533366 ],
			"faces": {
				"down": { "uv": [ 0, 0, 16, 16 ], "texture": "#Voxel-9B2700" },
				"up": { "uv": [ 0, 0, 16, 16 ], "texture": "#Voxel-9B2700" },
				"north": { "uv": [ 0, 0, 16, 16 ], "texture": "#Voxel-9B2700" },
				"south": { "uv": [ 0, 0, 16, 16 ], "texture": "#Voxel-9B2700" },
				"west": { "uv": [ 0, 0, 16, 16 ], "texture": "#Voxel-9B2700" },
				"east": { "uv": [ 0, 0, 16, 16 ], "texture": "#Voxel-9B2700" }
			}
		},
		{
			"__comment": "Voxel-9B2700",
			"from": [ 9.599999, 10.6667, 8.533299 ],
			"to": [ 10.66667, 11.73337, 9.599966 ],
			"faces": {
				"down": { "uv": [ 0, 0, 16, 16 ], "texture": "#Voxel-9B2700" },
				"up": { "uv": [ 0, 0, 16, 16 ], "texture": "#Voxel-9B2700" },
				"north": { "uv": [ 0, 0, 16, 16 ], "texture": "#Voxel-9B2700" },
				"south": { "uv": [ 0, 0, 16, 16 ], "texture": "#Voxel-9B2700" },
				"west": { "uv": [ 0, 0, 16, 16 ], "texture": "#Voxel-9B2700" },
				"east": { "uv": [ 0, 0, 16, 16 ], "texture": "#Voxel-9B2700" }
			}
		},
		{
			"__comment": "Voxel-9B2700",
			"from": [ 9.599999, 10.6667, 9.599999 ],
			"to": [ 10.66667, 11.73337, 10.66667 ],
			"faces": {
				"down": { "uv": [ 0, 0, 16, 16 ], "texture": "#Voxel-9B2700" },
				"up": { "uv": [ 0, 0, 16, 16 ], "texture": "#Voxel-9B2700" },
				"north": { "uv": [ 0, 0, 16, 16 ], "texture": "#Voxel-9B2700" },
				"south": { "uv": [ 0, 0, 16, 16 ], "texture": "#Voxel-9B2700" },
				"west": { "uv": [ 0, 0, 16, 16 ], "texture": "#Voxel-9B2700" },
				"east": { "uv": [ 0, 0, 16, 16 ], "texture": "#Voxel-9B2700" }
			}
		},
		{
			"__comment": "Voxel-9B2700",
			"from": [ 9.599999, 11.7333, 5.3333 ],
			"to": [ 10.66667, 12.79997, 6.399966 ],
			"faces": {
				"down": { "uv": [ 0, 0, 16, 16 ], "texture": "#Voxel-9B2700" },
				"up": { "uv": [ 0, 0, 16, 16 ], "texture": "#Voxel-9B2700" },
				"north": { "uv": [ 0, 0, 16, 16 ], "texture": "#Voxel-9B2700" },
				"south": { "uv": [ 0, 0, 16, 16 ], "texture": "#Voxel-9B2700" },
				"west": { "uv": [ 0, 0, 16, 16 ], "texture": "#Voxel-9B2700" },
				"east": { "uv": [ 0, 0, 16, 16 ], "texture": "#Voxel-9B2700" }
			}
		},
		{
			"__comment": "Voxel-9B2700",
			"from": [ 9.599999, 11.7333, 6.4 ],
			"to": [ 10.66667, 12.79997, 7.466666 ],
			"faces": {
				"down": { "uv": [ 0, 0, 16, 16 ], "texture": "#Voxel-9B2700" },
				"up": { "uv": [ 0, 0, 16, 16 ], "texture": "#Voxel-9B2700" },
				"north": { "uv": [ 0, 0, 16, 16 ], "texture": "#Voxel-9B2700" },
				"south": { "uv": [ 0, 0, 16, 16 ], "texture": "#Voxel-9B2700" },
				"west": { "uv": [ 0, 0, 16, 16 ], "texture": "#Voxel-9B2700" },
				"east": { "uv": [ 0, 0, 16, 16 ], "texture": "#Voxel-9B2700" }
			}
		},
		{
			"__comment": "Voxel-9B2700",
			"from": [ 9.599999, 11.7333, 7.4667 ],
			"to": [ 10.66667, 12.79997, 8.533366 ],
			"faces": {
				"down": { "uv": [ 0, 0, 16, 16 ], "texture": "#Voxel-9B2700" },
				"up": { "uv": [ 0, 0, 16, 16 ], "texture": "#Voxel-9B2700" },
				"north": { "uv": [ 0, 0, 16, 16 ], "texture": "#Voxel-9B2700" },
				"south": { "uv": [ 0, 0, 16, 16 ], "texture": "#Voxel-9B2700" },
				"west": { "uv": [ 0, 0, 16, 16 ], "texture": "#Voxel-9B2700" },
				"east": { "uv": [ 0, 0, 16, 16 ], "texture": "#Voxel-9B2700" }
			}
		},
		{
			"__comment": "Voxel-9B2700",
			"from": [ 9.599999, 11.7333, 8.533299 ],
			"to": [ 10.66667, 12.79997, 9.599966 ],
			"faces": {
				"down": { "uv": [ 0, 0, 16, 16 ], "texture": "#Voxel-9B2700" },
				"up": { "uv": [ 0, 0, 16, 16 ], "texture": "#Voxel-9B2700" },
				"north": { "uv": [ 0, 0, 16, 16 ], "texture": "#Voxel-9B2700" },
				"south": { "uv": [ 0, 0, 16, 16 ], "texture": "#Voxel-9B2700" },
				"west": { "uv": [ 0, 0, 16, 16 ], "texture": "#Voxel-9B2700" },
				"east": { "uv": [ 0, 0, 16, 16 ], "texture": "#Voxel-9B2700" }
			}
		},
		{
			"__comment": "Voxel-9B2700",
			"from": [ 9.599999, 11.7333, 9.599999 ],
			"to": [ 10.66667, 12.79997, 10.66667 ],
			"faces": {
				"down": { "uv": [ 0, 0, 16, 16 ], "texture": "#Voxel-9B2700" },
				"up": { "uv": [ 0, 0, 16, 16 ], "texture": "#Voxel-9B2700" },
				"north": { "uv": [ 0, 0, 16, 16 ], "texture": "#Voxel-9B2700" },
				"south": { "uv": [ 0, 0, 16, 16 ], "texture": "#Voxel-9B2700" },
				"west": { "uv": [ 0, 0, 16, 16 ], "texture": "#Voxel-9B2700" },
				"east": { "uv": [ 0, 0, 16, 16 ], "texture": "#Voxel-9B2700" }
			}
		},
		{
			"__comment": "Voxel-9B2700",
			"from": [ 9.599999, 12.8, 5.3333 ],
			"to": [ 10.66667, 13.86667, 6.399966 ],
			"faces": {
				"down": { "uv": [ 0, 0, 16, 16 ], "texture": "#Voxel-9B2700" },
				"up": { "uv": [ 0, 0, 16, 16 ], "texture": "#Voxel-9B2700" },
				"north": { "uv": [ 0, 0, 16, 16 ], "texture": "#Voxel-9B2700" },
				"south": { "uv": [ 0, 0, 16, 16 ], "texture": "#Voxel-9B2700" },
				"west": { "uv": [ 0, 0, 16, 16 ], "texture": "#Voxel-9B2700" },
				"east": { "uv": [ 0, 0, 16, 16 ], "texture": "#Voxel-9B2700" }
			}
		},
		{
			"__comment": "Voxel-9B2700",
			"from": [ 9.599999, 12.8, 6.4 ],
			"to": [ 10.66667, 13.86667, 7.466666 ],
			"faces": {
				"down": { "uv": [ 0, 0, 16, 16 ], "texture": "#Voxel-9B2700" },
				"up": { "uv": [ 0, 0, 16, 16 ], "texture": "#Voxel-9B2700" },
				"north": { "uv": [ 0, 0, 16, 16 ], "texture": "#Voxel-9B2700" },
				"south": { "uv": [ 0, 0, 16, 16 ], "texture": "#Voxel-9B2700" },
				"west": { "uv": [ 0, 0, 16, 16 ], "texture": "#Voxel-9B2700" },
				"east": { "uv": [ 0, 0, 16, 16 ], "texture": "#Voxel-9B2700" }
			}
		},
		{
			"__comment": "Voxel-9B2700",
			"from": [ 9.599999, 12.8, 7.4667 ],
			"to": [ 10.66667, 13.86667, 8.533366 ],
			"faces": {
				"down": { "uv": [ 0, 0, 16, 16 ], "texture": "#Voxel-9B2700" },
				"up": { "uv": [ 0, 0, 16, 16 ], "texture": "#Voxel-9B2700" },
				"north": { "uv": [ 0, 0, 16, 16 ], "texture": "#Voxel-9B2700" },
				"south": { "uv": [ 0, 0, 16, 16 ], "texture": "#Voxel-9B2700" },
				"west": { "uv": [ 0, 0, 16, 16 ], "texture": "#Voxel-9B2700" },
				"east": { "uv": [ 0, 0, 16, 16 ], "texture": "#Voxel-9B2700" }
			}
		},
		{
			"__comment": "Voxel-9B2700",
			"from": [ 9.599999, 12.8, 8.533299 ],
			"to": [ 10.66667, 13.86667, 9.599966 ],
			"faces": {
				"down": { "uv": [ 0, 0, 16, 16 ], "texture": "#Voxel-9B2700" },
				"up": { "uv": [ 0, 0, 16, 16 ], "texture": "#Voxel-9B2700" },
				"north": { "uv": [ 0, 0, 16, 16 ], "texture": "#Voxel-9B2700" },
				"south": { "uv": [ 0, 0, 16, 16 ], "texture": "#Voxel-9B2700" },
				"west": { "uv": [ 0, 0, 16, 16 ], "texture": "#Voxel-9B2700" },
				"east": { "uv": [ 0, 0, 16, 16 ], "texture": "#Voxel-9B2700" }
			}
		},
		{
			"__comment": "Voxel-9B2700",
			"from": [ 9.599999, 12.8, 9.599999 ],
			"to": [ 10.66667, 13.86667, 10.66667 ],
			"faces": {
				"down": { "uv": [ 0, 0, 16, 16 ], "texture": "#Voxel-9B2700" },
				"up": { "uv": [ 0, 0, 16, 16 ], "texture": "#Voxel-9B2700" },
				"north": { "uv": [ 0, 0, 16, 16 ], "texture": "#Voxel-9B2700" },
				"south": { "uv": [ 0, 0, 16, 16 ], "texture": "#Voxel-9B2700" },
				"west": { "uv": [ 0, 0, 16, 16 ], "texture": "#Voxel-9B2700" },
				"east": { "uv": [ 0, 0, 16, 16 ], "texture": "#Voxel-9B2700" }
			}
		},
		{
			"__comment": "Voxel-9B2700",
			"from": [ 9.599999, 13.8667, 6.4 ],
			"to": [ 10.66667, 14.93337, 7.466666 ],
			"faces": {
				"down": { "uv": [ 0, 0, 16, 16 ], "texture": "#Voxel-9B2700" },
				"up": { "uv": [ 0, 0, 16, 16 ], "texture": "#Voxel-9B2700" },
				"north": { "uv": [ 0, 0, 16, 16 ], "texture": "#Voxel-9B2700" },
				"south": { "uv": [ 0, 0, 16, 16 ], "texture": "#Voxel-9B2700" },
				"west": { "uv": [ 0, 0, 16, 16 ], "texture": "#Voxel-9B2700" },
				"east": { "uv": [ 0, 0, 16, 16 ], "texture": "#Voxel-9B2700" }
			}
		},
		{
			"__comment": "Voxel-9B2700",
			"from": [ 9.599999, 13.8667, 7.4667 ],
			"to": [ 10.66667, 14.93337, 8.533366 ],
			"faces": {
				"down": { "uv": [ 0, 0, 16, 16 ], "texture": "#Voxel-9B2700" },
				"up": { "uv": [ 0, 0, 16, 16 ], "texture": "#Voxel-9B2700" },
				"north": { "uv": [ 0, 0, 16, 16 ], "texture": "#Voxel-9B2700" },
				"south": { "uv": [ 0, 0, 16, 16 ], "texture": "#Voxel-9B2700" },
				"west": { "uv": [ 0, 0, 16, 16 ], "texture": "#Voxel-9B2700" },
				"east": { "uv": [ 0, 0, 16, 16 ], "texture": "#Voxel-9B2700" }
			}
		},
		{
			"__comment": "Voxel-9B2700",
			"from": [ 9.599999, 13.8667, 8.533299 ],
			"to": [ 10.66667, 14.93337, 9.599966 ],
			"faces": {
				"down": { "uv": [ 0, 0, 16, 16 ], "texture": "#Voxel-9B2700" },
				"up": { "uv": [ 0, 0, 16, 16 ], "texture": "#Voxel-9B2700" },
				"north": { "uv": [ 0, 0, 16, 16 ], "texture": "#Voxel-9B2700" },
				"south": { "uv": [ 0, 0, 16, 16 ], "texture": "#Voxel-9B2700" },
				"west": { "uv": [ 0, 0, 16, 16 ], "texture": "#Voxel-9B2700" },
				"east": { "uv": [ 0, 0, 16, 16 ], "texture": "#Voxel-9B2700" }
			}
		}
	],
	"display": {
		"head": {
			"translation":  [ 0, -29.21, 0 ],
			"scale":  [ 2, 2, 2 ]
		}
	}
}