{
	"__comment": "Designed by Mcmakistein with Cubik Studio - https://cubik.studio",
	"textures": {
		"particle": "custom/blank",
		"texture": "custom/m_rail"
	},
	"elements": [ 	 
		{
			"__comment": "Box1",
			"from": [ 10.75, -1, 0 ],
			"to": [ 16, 0, 16 ],
			"faces": {
				"down": { "uv": [ 8, 4, 6, 3.5 ], "texture": "#texture", "rotation": 90 },
				"up": { "uv": [ 0, 12, 16, 16 ], "texture": "#texture", "rotation": 270 },
				"north": { "uv": [ 8, 4, 6, 3.5 ], "texture": "#texture", "rotation": 270 },
				"south": { "uv": [ 8, 4, 6, 3.5 ], "texture": "#texture", "rotation": 90 },
				"west": { "uv": [ 8, 4, 6, 3.5 ], "texture": "#texture", "rotation": 90 },
				"east": { "uv": [ 6, 3.5, 8, 4 ], "texture": "#texture", "rotation": 270 }
			}
		},
		{
			"__comment": "Box1",
			"from": [ 4.5, -1, 0 ],
			"to": [ 10.5, 0, 16 ],
			"rotation": { "origin": [ 10.5, -1, 0 ], "axis": "z", "angle": -22.5 },
			"faces": {
				"down": { "uv": [ 8, 4, 6, 3.5 ], "texture": "#texture", "rotation": 90 },
				"up": { "uv": [ 0, 6, 16, 12 ], "texture": "#texture", "rotation": 270 },
				"north": { "uv": [ 8, 4, 6, 3.5 ], "texture": "#texture", "rotation": 270 },
				"south": { "uv": [ 8, 4, 6, 3.5 ], "texture": "#texture", "rotation": 90 },
				"west": { "uv": [ 8, 4, 6, 3.5 ], "texture": "#texture", "rotation": 90 },
				"east": { "uv": [ 6, 3.5, 8, 4 ], "texture": "#texture", "rotation": 270 }
			}
		},
		{
			"__comment": "Box1",
			"from": [ 1.875, 5.125, 0 ],
			"to": [ 2.375, 11.125, 16 ],
			"rotation": { "origin": [ 1.875, 5.125, 0 ], "axis": "z", "angle": 22.5 },
			"faces": {
				"down": { "uv": [ 6, 3.5, 8, 4 ], "texture": "#texture" },
				"up": { "uv": [ 6, 3.5, 8, 4 ], "texture": "#texture" },
				"north": { "uv": [ 6, 3.5, 8, 4 ], "texture": "#texture" },
				"south": { "uv": [ 6, 3.5, 8, 4 ], "texture": "#texture" },
				"west": { "uv": [ 6, 3.5, 8, 4 ], "texture": "#texture" },
				"east": { "uv": [ 0, 4.5, 16, 10 ], "texture": "#texture" }
			}
		},
		{
			"__comment": "Box1",
			"from": [ 0.09999999, 10.875, 0 ],
			"to": [ 0.101, 16, 16 ],
			"faces": {
				"down": { "uv": [ 6, 3.5, 8, 4 ], "texture": "#texture" },
				"up": { "uv": [ 6, 3.5, 8, 4 ], "texture": "#texture" },
				"north": { "uv": [ 6, 3.5, 8, 4 ], "texture": "#texture" },
				"south": { "uv": [ 6, 3.5, 8, 4 ], "texture": "#texture" },
				"west": { "uv": [ 6, 3.5, 8, 4 ], "texture": "#texture" },
				"east": { "uv": [ 0, 0, 16, 5 ], "texture": "#texture" }
			}
		},
		{
			"__comment": "Box1",
			"from": [ 4.75, 1.5, 0 ],
			"to": [ 5.75, 6, 16 ],
			"rotation": { "origin": [ 4.75, 1.5, 0 ], "axis": "z", "angle": 45 },
			"faces": {
				"down": { "uv": [ 6, 3.5, 8, 4 ], "texture": "#texture" },
				"up": { "uv": [ 6, 3.5, 8, 4 ], "texture": "#texture" },
				"north": { "uv": [ 6, 3.5, 8, 4 ], "texture": "#texture" },
				"south": { "uv": [ 6, 3.5, 8, 4 ], "texture": "#texture" },
				"west": { "uv": [ 6, 3.5, 8, 4 ], "texture": "#texture" },
				"east": { "uv": [ 0, 6, 16, 10 ], "texture": "#texture" }
			}
		}
	],
	"display": {
		"head": {
			"rotation":  [ 0, 90, 0 ],
			"translation":  [ 0, -28.8, 0 ],
			"scale":  [ 1.6, 1.6, 1.6 ]
		}
	}
}