{
	"__comment": "Designed by Mcmakistein with Cubik Studio - https://cubik.studio",
	"textures": {
		"particle": "custom/blank",
		"texture": "custom/m_rail"
	},
	"elements": [ 	 
		{
			"__comment": "Box1",
			"from": [ 0, 0, 0 ],
			"to": [ 16, 1, 16 ],
			"faces": {
				"down": { "uv": [ 8, 4, 6, 3.5 ], "texture": "#texture", "rotation": 90 },
				"up": { "uv": [ 0, 0, 16, 16 ], "texture": "#texture", "rotation": 270 },
				"north": { "uv": [ 8, 4, 6, 3.5 ], "texture": "#texture", "rotation": 270 },
				"south": { "uv": [ 8, 4, 6, 3.5 ], "texture": "#texture", "rotation": 90 },
				"west": { "uv": [ 8, 4, 6, 3.5 ], "texture": "#texture", "rotation": 90 },
				"east": { "uv": [ 6, 3.5, 8, 4 ], "texture": "#texture", "rotation": 270 }
			}
		}
	],
	"display": {
		"head": {
			"rotation":  [ 0, 90, 0 ],
			"translation":  [ 0, -28.8, 0 ],
			"scale":  [ 1.6, 1.6, 1.6 ]
		}
	}
}