{
	"__comment": "Designed by Mcmakistein with Cubik Studio - https://cubik.studio",
	"textures": {
		"particle": "custom/m_door_iron",
		"texture": "custom/m_door_iron"
	},
	"elements": [ 	 
		{
			"__comment": "Box1",
			"from": [ -16, -12, 31 ],
			"to": [ 32, 32, 32 ],
			"faces": {
				"down": { "uv": [ 0, 12.5, 12, 13 ], "texture": "#texture" },
				"up": { "uv": [ 0, 12, 12, 12.5 ], "texture": "#texture" },
				"north": { "uv": [ 12, 1, 0, 12 ], "texture": "#texture" },
				"south": { "uv": [ 0, 1, 12, 12 ], "texture": "#texture" },
				"west": { "uv": [ 12, 1, 12.5, 12 ], "texture": "#texture" },
				"east": { "uv": [ 12, 1, 12.5, 12 ], "texture": "#texture" }
			}
		},
		{
			"__comment": "Box1",
			"from": [ -16, 30.9998, 27 ],
			"to": [ 32, 31.9998, 31 ],
			"faces": {
				"down": { "uv": [ 0, 1, 12, 0 ], "texture": "#texture" },
				"up": { "uv": [ 0, 0, 12, 1 ], "texture": "#texture" },
				"north": { "uv": [ 12, 12.5, 0, 12 ], "texture": "#texture" },
				"south": { "uv": [ 0, 12.5, 12, 13 ], "texture": "#texture" },
				"west": { "uv": [ 12, 0, 12.5, 1 ], "texture": "#texture", "rotation": 270 },
				"east": { "uv": [ 12, 0, 12.5, 1 ], "texture": "#texture", "rotation": 90 }
			}
		}
	],
	"display": {
		"head": {
			"rotation":  [ 0, 180, 0 ],
			"translation":  [ 0, -4.8, 0 ],
			"scale":  [ 1.6, 1.6, 1.6 ]
		}
	}
}