{
	"__comment": "Designed by Mcmakistein with BDcraft Cubik PRO 0.95 Beta - http://bdcraft.net",
	"textures": {
		"texture": "custom/m_present"
	},
	"elements": [ 	 
		{
			"__comment": "Element",
			"from": [ 0, 0, 0 ],
			"to": [ 16, 16, 16 ],
			"faces": {
				"down": { "uv": [ 15, 15, 8.5, 8.5 ], "texture": "#texture" },
				"up": { "uv": [ 9, 9, 15.5, 15 ], "texture": "#texture" },
				"north": { "uv": [ 9, 8.5, 15.5, 14.5 ], "texture": "#texture" },
				"south": { "uv": [ 9, 9, 15, 15 ], "texture": "#texture" },
				"west": { "uv": [ 9.5, 9.5, 15, 15 ], "texture": "#texture" },
				"east": { "uv": [ 9, 9, 15.5, 15 ], "texture": "#texture" }
			}
		},
		{
			"__comment": "Element",
			"from": [ 16, 0, 7 ],
			"to": [ 16.5, 16, 9 ],
			"faces": {
				"down": { "uv": [ 15, 7, 8.5, 0.5 ], "texture": "#texture" },
				"up": { "uv": [ 9, 0.5, 15.5, 6.5 ], "texture": "#texture" },
				"north": { "uv": [ 8.5, 0.5, 15, 6.5 ], "texture": "#texture" },
				"south": { "uv": [ 8.5, 0.5, 14.5, 6.5 ], "texture": "#texture" },
				"west": { "uv": [ 9.5, 1, 15, 6.5 ], "texture": "#texture" },
				"east": { "uv": [ 8.5, 0.5, 15, 6.5 ], "texture": "#texture" }
			}
		},
		{
			"__comment": "Element",
			"from": [ -0.5, 0, 7 ],
			"to": [ 0, 16, 9 ],
			"faces": {
				"down": { "uv": [ 15, 7, 8.5, 0.5 ], "texture": "#texture" },
				"up": { "uv": [ 8.5, 1, 15, 7 ], "texture": "#texture" },
				"north": { "uv": [ 8.5, 1, 15, 7 ], "texture": "#texture" },
				"south": { "uv": [ 9, 0.5, 15, 6.5 ], "texture": "#texture" },
				"west": { "uv": [ 9.5, 0.5, 15, 6 ], "texture": "#texture" },
				"east": { "uv": [ 8.5, 0.5, 15, 6.5 ], "texture": "#texture" }
			}
		},
		{
			"__comment": "Element",
			"from": [ 7, 0, -0.5 ],
			"to": [ 9, 16, 0 ],
			"faces": {
				"down": { "uv": [ 15, 7, 8.5, 0.5 ], "texture": "#texture" },
				"up": { "uv": [ 8.5, 1, 15, 7 ], "texture": "#texture" },
				"north": { "uv": [ 8.5, 0.5, 15, 6.5 ], "texture": "#texture" },
				"south": { "uv": [ 8.5, 1, 14.5, 7 ], "texture": "#texture" },
				"west": { "uv": [ 9.5, 1, 15, 6.5 ], "texture": "#texture" },
				"east": { "uv": [ 8.5, 0.5, 15, 6.5 ], "texture": "#texture" }
			}
		},
		{
			"__comment": "Element",
			"from": [ 7, 0, 16 ],
			"to": [ 9, 16, 16.5 ],
			"faces": {
				"down": { "uv": [ 15, 7, 8.5, 0.5 ], "texture": "#texture" },
				"up": { "uv": [ 9, 1, 15.5, 7 ], "texture": "#texture" },
				"north": { "uv": [ 9, 1, 15.5, 7 ], "texture": "#texture" },
				"south": { "uv": [ 9, 0.5, 15, 6.5 ], "texture": "#texture" },
				"west": { "uv": [ 9.5, 1, 15, 6.5 ], "texture": "#texture" },
				"east": { "uv": [ 8.5, 0.5, 15, 6.5 ], "texture": "#texture" }
			}
		},
		{
			"__comment": "Element",
			"from": [ 7, 16, -0.5 ],
			"to": [ 9, 16.5, 16.5 ],
			"faces": {
				"down": { "uv": [ 15.5, 7, 9, 0.5 ], "texture": "#texture" },
				"up": { "uv": [ 9, 1, 15.5, 7 ], "texture": "#texture" },
				"north": { "uv": [ 9, 0.5, 15.5, 6.5 ], "texture": "#texture" },
				"south": { "uv": [ 9, 1, 15, 7 ], "texture": "#texture" },
				"west": { "uv": [ 9.5, 1, 15, 6.5 ], "texture": "#texture" },
				"east": { "uv": [ 8.5, 1, 15, 7 ], "texture": "#texture" }
			}
		},
		{
			"__comment": "Element",
			"from": [ -0.5, 16, 7 ],
			"to": [ 16.5, 16.5, 9 ],
			"faces": {
				"down": { "uv": [ 15, 7, 8.5, 0.5 ], "texture": "#texture" },
				"up": { "uv": [ 9, 0.5, 15.5, 6.5 ], "texture": "#texture" },
				"north": { "uv": [ 8.5, 0.5, 15, 6.5 ], "texture": "#texture" },
				"south": { "uv": [ 9, 0.5, 15, 6.5 ], "texture": "#texture" },
				"west": { "uv": [ 9.5, 1.5, 15, 7 ], "texture": "#texture" },
				"east": { "uv": [ 9, 1, 15.5, 7 ], "texture": "#texture" }
			}
		},
		{
			"__comment": "Element",
			"from": [ 8, 16, 7.5 ],
			"to": [ 10.5, 16.5, 8.5 ],
			"rotation": { "origin": [ 8, 16.5, 7.5 ], "axis": "z", "angle": 22.5 },
			"faces": {
				"down": { "uv": [ 15, 7, 8.5, 0.5 ], "texture": "#texture" },
				"up": { "uv": [ 8.5, 1, 15, 7 ], "texture": "#texture" },
				"north": { "uv": [ 8.5, 0.5, 15, 6.5 ], "texture": "#texture" },
				"south": { "uv": [ 8.5, 1, 14.5, 7 ], "texture": "#texture" },
				"west": { "uv": [ 9, 1.5, 14.5, 7 ], "texture": "#texture" },
				"east": { "uv": [ 8.5, 0.5, 15, 6.5 ], "texture": "#texture" }
			}
		},
		{
			"__comment": "Element",
			"from": [ 10.125, 16.8125, 7.5 ],
			"to": [ 11.625, 17.3125, 8.5 ],
			"rotation": { "origin": [ 10.125, 17.3125, 7.5 ], "axis": "z", "angle": 45 },
			"faces": {
				"down": { "uv": [ 15, 7, 8.5, 0.5 ], "texture": "#texture" },
				"up": { "uv": [ 8.5, 0.5, 15, 6.5 ], "texture": "#texture" },
				"north": { "uv": [ 8.5, 0.5, 15, 6.5 ], "texture": "#texture" },
				"south": { "uv": [ 9, 0.5, 15, 6.5 ], "texture": "#texture" },
				"west": { "uv": [ 9, 1, 14.5, 6.5 ], "texture": "#texture" },
				"east": { "uv": [ 8.5, 1, 15, 7 ], "texture": "#texture" }
			}
		},
		{
			"__comment": "Element",
			"from": [ 11.4375, 18.125, 7.5 ],
			"to": [ 11.9375, 19.125, 8.5 ],
			"rotation": { "origin": [ 11.4375, 19.125, 7.5 ], "axis": "z", "angle": -22.5 },
			"faces": {
				"down": { "uv": [ 15, 7, 8.5, 0.5 ], "texture": "#texture" },
				"up": { "uv": [ 9, 0.5, 15.5, 6.5 ], "texture": "#texture" },
				"north": { "uv": [ 8.5, 1, 15, 7 ], "texture": "#texture" },
				"south": { "uv": [ 9, 0.5, 15, 6.5 ], "texture": "#texture" },
				"west": { "uv": [ 9, 1.5, 14.5, 7 ], "texture": "#texture" },
				"east": { "uv": [ 8.5, 0.5, 15, 6.5 ], "texture": "#texture" }
			}
		},
		{
			"__comment": "Element",
			"from": [ 11.4375, 18.9375, 7.5 ],
			"to": [ 11.9375, 19.4375, 8.5 ],
			"faces": {
				"down": { "uv": [ 15, 7, 8.5, 0.5 ], "texture": "#texture" },
				"up": { "uv": [ 8.5, 0.5, 15, 6.5 ], "texture": "#texture" },
				"north": { "uv": [ 9, 1, 15.5, 7 ], "texture": "#texture" },
				"south": { "uv": [ 9, 1, 15, 7 ], "texture": "#texture" },
				"west": { "uv": [ 9, 1.5, 14.5, 7 ], "texture": "#texture" },
				"east": { "uv": [ 9, 0.5, 15.5, 6.5 ], "texture": "#texture" }
			}
		},
		{
			"__comment": "Element",
			"from": [ 8.125, 16.1875, 7.5 ],
			"to": [ 8.625, 18.6875, 8.5 ],
			"rotation": { "origin": [ 8.125, 18.6875, 7.5 ], "axis": "z", "angle": -22.5 },
			"faces": {
				"down": { "uv": [ 15, 7, 8.5, 0.5 ], "texture": "#texture" },
				"up": { "uv": [ 8.5, 1, 15, 7 ], "texture": "#texture" },
				"north": { "uv": [ 8.5, 1, 15, 7 ], "texture": "#texture" },
				"south": { "uv": [ 9, 1, 15, 7 ], "texture": "#texture" },
				"west": { "uv": [ 9, 1, 14.5, 6.5 ], "texture": "#texture" },
				"east": { "uv": [ 8.5, 1, 15, 7 ], "texture": "#texture" }
			}
		},
		{
			"__comment": "Element",
			"from": [ 11.3125, 19.1875, 7.5 ],
			"to": [ 11.8125, 19.6875, 8.5 ],
			"rotation": { "origin": [ 11.3125, 19.6875, 7.5 ], "axis": "z", "angle": 22.5 },
			"faces": {
				"down": { "uv": [ 15, 7, 8.5, 0.5 ], "texture": "#texture" },
				"up": { "uv": [ 9, 0.5, 15.5, 6.5 ], "texture": "#texture" },
				"north": { "uv": [ 9, 1, 15.5, 7 ], "texture": "#texture" },
				"south": { "uv": [ 9, 0.5, 15, 6.5 ], "texture": "#texture" },
				"west": { "uv": [ 9.5, 1, 15, 6.5 ], "texture": "#texture" },
				"east": { "uv": [ 8.5, 1, 15, 7 ], "texture": "#texture" }
			}
		},
		{
			"__comment": "Element",
			"from": [ 11.0625, 19.375, 7.5 ],
			"to": [ 11.5625, 19.875, 8.5 ],
			"rotation": { "origin": [ 11.0625, 19.875, 7.5 ], "axis": "z", "angle": 45 },
			"faces": {
				"down": { "uv": [ 15, 7, 8.5, 0.5 ], "texture": "#texture" },
				"up": { "uv": [ 9, 1, 15.5, 7 ], "texture": "#texture" },
				"north": { "uv": [ 9, 1, 15.5, 7 ], "texture": "#texture" },
				"south": { "uv": [ 9, 0.5, 15, 6.5 ], "texture": "#texture" },
				"west": { "uv": [ 9.5, 1, 15, 6.5 ], "texture": "#texture" },
				"east": { "uv": [ 9, 0.5, 15.5, 6.5 ], "texture": "#texture" }
			}
		},
		{
			"__comment": "Element",
			"from": [ 10.4375, 19.75, 7.5 ],
			"to": [ 11.4375, 20.25, 8.5 ],
			"faces": {
				"down": { "uv": [ 15, 7, 8.5, 0.5 ], "texture": "#texture" },
				"up": { "uv": [ 9, 1, 15.5, 7 ], "texture": "#texture" },
				"north": { "uv": [ 9, 0.5, 15.5, 6.5 ], "texture": "#texture" },
				"south": { "uv": [ 9, 0.5, 15, 6.5 ], "texture": "#texture" },
				"west": { "uv": [ 9, 0.5, 14.5, 6 ], "texture": "#texture" },
				"east": { "uv": [ 9, 0.5, 15.5, 6.5 ], "texture": "#texture" }
			}
		},
		{
			"__comment": "Element",
			"from": [ 9.125, 19.1875, 7.5 ],
			"to": [ 10.625, 19.6875, 8.5 ],
			"rotation": { "origin": [ 9.125, 19.6875, 7.5 ], "axis": "z", "angle": 22.5 },
			"faces": {
				"down": { "uv": [ 15.5, 7, 9, 0.5 ], "texture": "#texture" },
				"up": { "uv": [ 9, 1, 15.5, 7 ], "texture": "#texture" },
				"north": { "uv": [ 9, 1, 15.5, 7 ], "texture": "#texture" },
				"south": { "uv": [ 8.5, 0.5, 14.5, 6.5 ], "texture": "#texture" },
				"west": { "uv": [ 9, 1.5, 14.5, 7 ], "texture": "#texture" },
				"east": { "uv": [ 8.5, 0.5, 15, 6.5 ], "texture": "#texture" }
			}
		},
		{
			"__comment": "Element",
			"from": [ 8.125, 18.1875, 7.5 ],
			"to": [ 9.625, 18.6875, 8.5 ],
			"rotation": { "origin": [ 8.125, 18.6875, 7.5 ], "axis": "z", "angle": 45 },
			"faces": {
				"down": { "uv": [ 15, 7, 8.5, 0.5 ], "texture": "#texture" },
				"up": { "uv": [ 9, 1, 15.5, 7 ], "texture": "#texture" },
				"north": { "uv": [ 8.5, 0.5, 15, 6.5 ], "texture": "#texture" },
				"south": { "uv": [ 9.5, 1, 15.5, 7 ], "texture": "#texture" },
				"west": { "uv": [ 10, 1.5, 15.5, 7 ], "texture": "#texture" },
				"east": { "uv": [ 8.5, 0.5, 15, 6.5 ], "texture": "#texture" }
			}
		},
		{
			"__comment": "Element",
			"from": [ 7, 16.125, 7.5 ],
			"to": [ 7.5, 18.625, 8.5 ],
			"rotation": { "origin": [ 7, 18.625, 7.5 ], "axis": "z", "angle": 22.5 },
			"faces": {
				"down": { "uv": [ 15, 7, 8.5, 0.5 ], "texture": "#texture" },
				"up": { "uv": [ 9, 1, 15.5, 7 ], "texture": "#texture" },
				"north": { "uv": [ 8.5, 0.5, 15, 6.5 ], "texture": "#texture" },
				"south": { "uv": [ 9.5, 0.5, 15.5, 6.5 ], "texture": "#texture" },
				"west": { "uv": [ 9, 1, 14.5, 6.5 ], "texture": "#texture" },
				"east": { "uv": [ 9, 0.5, 15.5, 6.5 ], "texture": "#texture" }
			}
		},
		{
			"__comment": "Element",
			"from": [ 6.375, 19.375, 7.5 ],
			"to": [ 7.875, 19.875, 8.5 ],
			"rotation": { "origin": [ 6.375, 19.875, 7.5 ], "axis": "z", "angle": -45 },
			"faces": {
				"down": { "uv": [ 15, 7, 8.5, 0.5 ], "texture": "#texture" },
				"up": { "uv": [ 9, 1, 15.5, 7 ], "texture": "#texture" },
				"north": { "uv": [ 9, 1, 15.5, 7 ], "texture": "#texture" },
				"south": { "uv": [ 8.5, 1, 14.5, 7 ], "texture": "#texture" },
				"west": { "uv": [ 9, 1, 14.5, 6.5 ], "texture": "#texture" },
				"east": { "uv": [ 8.5, 1, 15, 7 ], "texture": "#texture" }
			}
		},
		{
			"__comment": "Element",
			"from": [ 5, 19.9375, 7.5 ],
			"to": [ 6.5, 20.4375, 8.5 ],
			"rotation": { "origin": [ 5, 20.4375, 7.5 ], "axis": "z", "angle": -22.5 },
			"faces": {
				"down": { "uv": [ 15, 7, 8.5, 0.5 ], "texture": "#texture" },
				"up": { "uv": [ 9, 1, 15.5, 7 ], "texture": "#texture" },
				"north": { "uv": [ 9, 1, 15.5, 7 ], "texture": "#texture" },
				"south": { "uv": [ 9, 1, 15, 7 ], "texture": "#texture" },
				"west": { "uv": [ 9, 1, 14.5, 6.5 ], "texture": "#texture" },
				"east": { "uv": [ 8.5, 0.5, 15, 6.5 ], "texture": "#texture" }
			}
		},
		{
			"__comment": "Element",
			"from": [ 4, 19.9375, 7.5 ],
			"to": [ 5, 20.4375, 8.5 ],
			"faces": {
				"down": { "uv": [ 15, 7, 8.5, 0.5 ], "texture": "#texture" },
				"up": { "uv": [ 9, 0.5, 15.5, 6.5 ], "texture": "#texture" },
				"north": { "uv": [ 9, 1, 15.5, 7 ], "texture": "#texture" },
				"south": { "uv": [ 9, 0.5, 15, 6.5 ], "texture": "#texture" },
				"west": { "uv": [ 9, 1, 14.5, 6.5 ], "texture": "#texture" },
				"east": { "uv": [ 8.5, 0.5, 15, 6.5 ], "texture": "#texture" }
			}
		},
		{
			"__comment": "Element",
			"from": [ 3.6875, 19.625, 7.5 ],
			"to": [ 4.1875, 20.125, 8.5 ],
			"rotation": { "origin": [ 3.6875, 20.125, 7.5 ], "axis": "z", "angle": 45 },
			"faces": {
				"down": { "uv": [ 15, 7, 8.5, 0.5 ], "texture": "#texture" },
				"up": { "uv": [ 9, 0.5, 15.5, 6.5 ], "texture": "#texture" },
				"north": { "uv": [ 9, 1, 15.5, 7 ], "texture": "#texture" },
				"south": { "uv": [ 9, 0.5, 15, 6.5 ], "texture": "#texture" },
				"west": { "uv": [ 9, 1, 14.5, 6.5 ], "texture": "#texture" },
				"east": { "uv": [ 9, 0.5, 15.5, 6.5 ], "texture": "#texture" }
			}
		},
		{
			"__comment": "Element",
			"from": [ 3.6875, 19.625, 7.5 ],
			"to": [ 4.1875, 20.125, 8.5 ],
			"rotation": { "origin": [ 3.6875, 20.125, 7.5 ], "axis": "z", "angle": -22.5 },
			"faces": {
				"down": { "uv": [ 15, 7, 8.5, 0.5 ], "texture": "#texture" },
				"up": { "uv": [ 9, 1, 15.5, 7 ], "texture": "#texture" },
				"north": { "uv": [ 9, 0.5, 15.5, 6.5 ], "texture": "#texture" },
				"south": { "uv": [ 8.5, 1, 14.5, 7 ], "texture": "#texture" },
				"west": { "uv": [ 9, 1, 14.5, 6.5 ], "texture": "#texture" },
				"east": { "uv": [ 8.5, 0.5, 15, 6.5 ], "texture": "#texture" }
			}
		},
		{
			"__comment": "Element",
			"from": [ 5.0625, 17.1875, 7.5 ],
			"to": [ 7.5625, 17.6875, 8.5 ],
			"rotation": { "origin": [ 5.0625, 17.6875, 7.5 ], "axis": "z", "angle": -22.5 },
			"faces": {
				"down": { "uv": [ 15.5, 7, 9, 0.5 ], "texture": "#texture" },
				"up": { "uv": [ 9, 0.5, 15.5, 6.5 ], "texture": "#texture" },
				"north": { "uv": [ 8.5, 0.5, 15, 6.5 ], "texture": "#texture" },
				"south": { "uv": [ 9.5, 1, 15.5, 7 ], "texture": "#texture" },
				"west": { "uv": [ 9, 1.5, 14.5, 7 ], "texture": "#texture" },
				"east": { "uv": [ 9, 0.5, 15.5, 6.5 ], "texture": "#texture" }
			}
		},
		{
			"__comment": "Element",
			"from": [ 3.5, 19.1875, 7.5 ],
			"to": [ 4, 19.6875, 8.5 ],
			"faces": {
				"down": { "uv": [ 15, 7, 8.5, 0.5 ], "texture": "#texture" },
				"up": { "uv": [ 8.5, 1, 15, 7 ], "texture": "#texture" },
				"north": { "uv": [ 8.5, 1, 15, 7 ], "texture": "#texture" },
				"south": { "uv": [ 8.5, 0.5, 14.5, 6.5 ], "texture": "#texture" },
				"west": { "uv": [ 9, 1, 14.5, 6.5 ], "texture": "#texture" },
				"east": { "uv": [ 8.5, 1, 15, 7 ], "texture": "#texture" }
			}
		},
		{
			"__comment": "Element",
			"from": [ 3.5, 18.1875, 7.5 ],
			"to": [ 4, 19.1875, 8.5 ],
			"rotation": { "origin": [ 3.5, 19.1875, 7.5 ], "axis": "z", "angle": 22.5 },
			"faces": {
				"down": { "uv": [ 15, 7, 8.5, 0.5 ], "texture": "#texture" },
				"up": { "uv": [ 9, 1, 15.5, 7 ], "texture": "#texture" },
				"north": { "uv": [ 8.5, 1, 15, 7 ], "texture": "#texture" },
				"south": { "uv": [ 9, 1, 15, 7 ], "texture": "#texture" },
				"west": { "uv": [ 9.5, 1, 15, 6.5 ], "texture": "#texture" },
				"east": { "uv": [ 9, 0.5, 15.5, 6.5 ], "texture": "#texture" }
			}
		},
		{
			"__comment": "Element",
			"from": [ 4.1875, 18.125, 7.5 ],
			"to": [ 5.6875, 18.625, 8.5 ],
			"rotation": { "origin": [ 4.1875, 18.625, 7.5 ], "axis": "z", "angle": -45 },
			"faces": {
				"down": { "uv": [ 15.5, 7, 9, 0.5 ], "texture": "#texture" },
				"up": { "uv": [ 8.5, 0.5, 15, 6.5 ], "texture": "#texture" },
				"north": { "uv": [ 9, 1, 15.5, 7 ], "texture": "#texture" },
				"south": { "uv": [ 9, 1, 15, 7 ], "texture": "#texture" },
				"west": { "uv": [ 9, 1.5, 14.5, 7 ], "texture": "#texture" },
				"east": { "uv": [ 8.5, 1, 15, 7 ], "texture": "#texture" }
			}
		},
		{
			"__comment": "Element",
			"from": [ 7.9375, 16.125, 8.1875 ],
			"to": [ 8.4375, 16.875, 10.6875 ],
			"rotation": { "origin": [ 7.9375, 16.125, 8.1875 ], "axis": "y", "angle": 22.5 },
			"faces": {
				"down": { "uv": [ 15, 7, 8.5, 0.5 ], "texture": "#texture" },
				"up": { "uv": [ 9, 1, 15.5, 7 ], "texture": "#texture" },
				"north": { "uv": [ 8.5, 1, 15, 7 ], "texture": "#texture" },
				"south": { "uv": [ 9.5, 0.5, 15.5, 6.5 ], "texture": "#texture" },
				"west": { "uv": [ 9.5, 1, 15, 6.5 ], "texture": "#texture" },
				"east": { "uv": [ 8.5, 1, 15, 7 ], "texture": "#texture" }
			}
		},
		{
			"__comment": "Element",
			"from": [ 8.875, 16.125, 10.4375 ],
			"to": [ 9.375, 16.875, 11.9375 ],
			"rotation": { "origin": [ 8.875, 16.125, 10.4375 ], "axis": "y", "angle": 45 },
			"faces": {
				"down": { "uv": [ 15, 7, 8.5, 0.5 ], "texture": "#texture" },
				"up": { "uv": [ 8.5, 1, 15, 7 ], "texture": "#texture" },
				"north": { "uv": [ 8.5, 0.5, 15, 6.5 ], "texture": "#texture" },
				"south": { "uv": [ 9, 1, 15, 7 ], "texture": "#texture" },
				"west": { "uv": [ 9, 1, 14.5, 6.5 ], "texture": "#texture" },
				"east": { "uv": [ 9, 0.5, 15.5, 6.5 ], "texture": "#texture" }
			}
		},
		{
			"__comment": "Element",
			"from": [ 7.6875, 16.125, 8.125 ],
			"to": [ 8.1875, 16.875, 11.125 ],
			"rotation": { "origin": [ 7.6875, 16.125, 8.125 ], "axis": "y", "angle": -45 },
			"faces": {
				"down": { "uv": [ 15, 7, 8.5, 0.5 ], "texture": "#texture" },
				"up": { "uv": [ 8.5, 0.5, 15, 6.5 ], "texture": "#texture" },
				"north": { "uv": [ 8.5, 1, 15, 7 ], "texture": "#texture" },
				"south": { "uv": [ 9, 0.5, 15, 6.5 ], "texture": "#texture" },
				"west": { "uv": [ 9, 1.5, 14.5, 7 ], "texture": "#texture" },
				"east": { "uv": [ 8.5, 0.5, 15, 6.5 ], "texture": "#texture" }
			}
		},
		{
			"__comment": "Element",
			"from": [ 3.875, 16.125, 10.875 ],
			"to": [ 5.875, 16.875, 11.375 ],
			"rotation": { "origin": [ 3.875, 16.125, 10.875 ], "axis": "y", "angle": 22.5 },
			"faces": {
				"down": { "uv": [ 15.5, 7, 9, 0.5 ], "texture": "#texture" },
				"up": { "uv": [ 9, 0.5, 15.5, 6.5 ], "texture": "#texture" },
				"north": { "uv": [ 8.5, 0.5, 15, 6.5 ], "texture": "#texture" },
				"south": { "uv": [ 9, 1, 15, 7 ], "texture": "#texture" },
				"west": { "uv": [ 9.5, 1.5, 15, 7 ], "texture": "#texture" },
				"east": { "uv": [ 8.5, 0.5, 15, 6.5 ], "texture": "#texture" }
			}
		},
		{
			"__comment": "Element",
			"from": [ 10.125, 16.125, 11 ],
			"to": [ 11.625, 16.875, 11.5 ],
			"rotation": { "origin": [ 10.125, 16.125, 11 ], "axis": "y", "angle": -22.5 },
			"faces": {
				"down": { "uv": [ 15.5, 7, 9, 0.5 ], "texture": "#texture" },
				"up": { "uv": [ 8.5, 0.5, 15, 6.5 ], "texture": "#texture" },
				"north": { "uv": [ 9, 0.5, 15.5, 6.5 ], "texture": "#texture" },
				"south": { "uv": [ 8.5, 0.5, 14.5, 6.5 ], "texture": "#texture" },
				"west": { "uv": [ 9, 1.5, 14.5, 7 ], "texture": "#texture" },
				"east": { "uv": [ 8.5, 0.5, 15, 6.5 ], "texture": "#texture" }
			}
		},
		{
			"__comment": "Element",
			"from": [ 2.875, 16.125, 11.9375 ],
			"to": [ 4.375, 16.875, 12.4375 ],
			"rotation": { "origin": [ 2.875, 16.125, 11.9375 ], "axis": "y", "angle": 45 },
			"faces": {
				"down": { "uv": [ 15.5, 7, 9, 0.5 ], "texture": "#texture" },
				"up": { "uv": [ 9, 1, 15.5, 7 ], "texture": "#texture" },
				"north": { "uv": [ 8.5, 0.5, 15, 6.5 ], "texture": "#texture" },
				"south": { "uv": [ 9, 1, 15, 7 ], "texture": "#texture" },
				"west": { "uv": [ 9.5, 1.5, 15, 7 ], "texture": "#texture" },
				"east": { "uv": [ 8.5, 0.5, 15, 6.5 ], "texture": "#texture" }
			}
		},
		{
			"__comment": "Element",
			"from": [ -0.5, 7, -0.5 ],
			"to": [ 16.5, 9, 16.5 ],
			"faces": {
				"down": { "uv": [ 15, 7, 8.5, 0.5 ], "texture": "#texture" },
				"up": { "uv": [ 9, 0.5, 15.5, 6.5 ], "texture": "#texture" },
				"north": { "uv": [ 8.5, 0.5, 15, 6.5 ], "texture": "#texture" },
				"south": { "uv": [ 8.5, 0.5, 14.5, 6.5 ], "texture": "#texture" },
				"west": { "uv": [ 9.5, 1, 15, 6.5 ], "texture": "#texture" },
				"east": { "uv": [ 8.5, 0.5, 15, 6.5 ], "texture": "#texture" }
			}
		}
	],
	"display": {
		"thirdperson_righthand": {
			"rotation":  [ 39, 9, 0 ],
			"translation":  [ 0, 2.0869, 0 ],
			"scale":  [ 0.35, 0.35, 0.35 ]
		},
		"thirdperson_lefthand": {
			"rotation":  [ 39, 9, 0 ],
			"translation":  [ 0, 2.0869, 0 ],
			"scale":  [ 0.35, 0.35, 0.35 ]
		},
		"firstperson_righthand": {
			"rotation":  [ -6, -3, 1 ],
			"translation":  [ 11.13, -6.954, -15.97 ],
			"scale":  [ 0.5, 0.5, 0.5 ]
		},
		"firstperson_lefthand": {
			"rotation":  [ -6, -3, 1 ],
			"translation":  [ 11.13, -6.954, -15.97 ],
			"scale":  [ 0.5, 0.5, 0.5 ]
		},
		"gui": {
			"rotation":  [ 20, -27, 0 ],
			"translation":  [ 0, -0.434, 0 ],
			"scale":  [ 0.59, 0.59, 0.59 ]
		},
		"head": {
			"translation":  [ 0, -34.05, 0 ],
			"scale":  [ 1.16, 1.16, 1.16 ]
		},
		"ground": {
			"translation":  [ 0, 0.6956, 0 ],
			"scale":  [ 0.3, 0.3, 0.3 ]
		}
	}
}