{
	"__comment": "Designed by Mcmakistein with Cubik Studio - https://cubik.studio",
	"textures": {
		"particle": "custom/m_scarecrow",
		"texture": "custom/m_scarecrow"
	},
	"elements": [ 	 
		{
			"__comment": "Box1",
			"from": [ 3, 2, 5.5 ],
			"to": [ 13, 16, 10.5 ],
			"faces": {
				"down": { "uv": [ 0, 0, 1, 0.5 ], "texture": "#texture" },
				"up": { "uv": [ 1, 0, 3, 1 ], "texture": "#texture" },
				"north": { "uv": [ 4, 1, 6, 4 ], "texture": "#texture" },
				"south": { "uv": [ 1, 1, 3, 4 ], "texture": "#texture" },
				"west": { "uv": [ 0, 1, 1, 4 ], "texture": "#texture" },
				"east": { "uv": [ 3, 1, 4, 4 ], "texture": "#texture" }
			}
		},
		{
			"__comment": "Box1",
			"from": [ 3.5, 5.5, 6 ],
			"to": [ 12.5, 15.5, 10 ],
			"faces": {
				"down": { "uv": [ 13.5, 12.5, 15.5, 13.5 ], "texture": "#texture" },
				"up": { "uv": [ 13.5, 12.5, 15.5, 13.5 ], "texture": "#texture" },
				"north": { "uv": [ 13, 12.5, 15, 15 ], "texture": "#texture" },
				"south": { "uv": [ 13, 13, 15, 15.5 ], "texture": "#texture" },
				"west": { "uv": [ 13.5, 13, 14.5, 15.5 ], "texture": "#texture" },
				"east": { "uv": [ 13.5, 13, 14.5, 15.5 ], "texture": "#texture" }
			}
		},
		{
			"__comment": "Box1",
			"from": [ 3.5, 15.5, 3.5 ],
			"to": [ 12.5, 24.5, 12.5 ],
			"faces": {
				"down": { "uv": [ 4, 12, 8, 16 ], "texture": "#texture" },
				"up": { "uv": [ 4, 12, 8, 16 ], "texture": "#texture" },
				"north": { "uv": [ 0, 8, 4, 12 ], "texture": "#texture" },
				"south": { "uv": [ 4, 8, 8, 12 ], "texture": "#texture" },
				"west": { "uv": [ 0, 8, 4, 12 ], "texture": "#texture" },
				"east": { "uv": [ 0, 8, 4, 12 ], "texture": "#texture" }
			}
		},
		{
			"__comment": "Box6",
			"from": [ 7.5, -4.5, 7.5 ],
			"to": [ 8.5, 5.5, 8.5 ],
			"faces": {
				"down": { "uv": [ 10.5, 8, 11, 12 ], "texture": "#texture" },
				"up": { "uv": [ 10.5, 8, 11, 12 ], "texture": "#texture" },
				"north": { "uv": [ 10.5, 8, 11, 12 ], "texture": "#texture" },
				"south": { "uv": [ 10.5, 8, 11, 12 ], "texture": "#texture" },
				"west": { "uv": [ 10.5, 8, 11, 12 ], "texture": "#texture" },
				"east": { "uv": [ 10.5, 8, 11, 12 ], "texture": "#texture" }
			}
		},
		{
			"__comment": "Box6",
			"from": [ 11, 13, 7.5 ],
			"to": [ 21, 14, 8.5 ],
			"faces": {
				"down": { "uv": [ 10.5, 8, 11, 12 ], "texture": "#texture", "rotation": 90 },
				"up": { "uv": [ 11, 12, 10.5, 8 ], "texture": "#texture", "rotation": 270 },
				"north": { "uv": [ 10.5, 8, 11, 12 ], "texture": "#texture", "rotation": 270 },
				"south": { "uv": [ 10.5, 8, 11, 12 ], "texture": "#texture", "rotation": 90 },
				"west": { "uv": [ 10.5, 8, 11, 12 ], "texture": "#texture", "rotation": 90 },
				"east": { "uv": [ 11, 12, 10.5, 8 ], "texture": "#texture", "rotation": 270 }
			}
		},
		{
			"__comment": "Box6",
			"from": [ -6, 13, 7.5 ],
			"to": [ 4, 14, 8.5 ],
			"faces": {
				"down": { "uv": [ 10.5, 8, 11, 12 ], "texture": "#texture", "rotation": 90 },
				"up": { "uv": [ 11, 12, 10.5, 8 ], "texture": "#texture", "rotation": 270 },
				"north": { "uv": [ 10.5, 8, 11, 12 ], "texture": "#texture", "rotation": 270 },
				"south": { "uv": [ 10.5, 8, 11, 12 ], "texture": "#texture", "rotation": 90 },
				"west": { "uv": [ 10.5, 8, 11, 12 ], "texture": "#texture", "rotation": 90 },
				"east": { "uv": [ 11, 12, 10.5, 8 ], "texture": "#texture", "rotation": 270 }
			}
		},
		{
			"__comment": "PlaneY9",
			"from": [ 13, 16, 5.5 ],
			"to": [ 20, 16.001, 10.5 ],
			"faces": {
				"down": { "uv": [ 6, 4, 8, 2.5 ], "texture": "#texture" },
				"up": { "uv": [ 6, 2.5, 8, 4 ], "texture": "#texture" }
			}
		},
		{
			"__comment": "PlaneY9",
			"from": [ 13, 11, 5.5 ],
			"to": [ 20, 11.001, 10.5 ],
			"faces": {
				"down": { "uv": [ 6, 4, 8, 2.5 ], "texture": "#texture" },
				"up": { "uv": [ 6, 2.5, 8, 4 ], "texture": "#texture" }
			}
		},
		{
			"__comment": "PlaneY9",
			"from": [ 13, 11, 10.5 ],
			"to": [ 20, 16, 10.501 ],
			"faces": {
				"north": { "uv": [ 8, 1, 6, 2.5 ], "texture": "#texture" },
				"south": { "uv": [ 6, 1, 8, 2.5 ], "texture": "#texture" }
			}
		},
		{
			"__comment": "PlaneY9",
			"from": [ 13, 11, 5.499 ],
			"to": [ 20, 16, 5.5 ],
			"faces": {
				"north": { "uv": [ 8, 2.5, 6, 1 ], "texture": "#texture" },
				"south": { "uv": [ 6, 2.5, 8, 1 ], "texture": "#texture" }
			}
		},
		{
			"__comment": "PlaneY9",
			"from": [ -4, 11, 5.499 ],
			"to": [ 3, 16, 5.5 ],
			"faces": {
				"north": { "uv": [ 6, 2.5, 8, 1 ], "texture": "#texture" },
				"south": { "uv": [ 8, 2.5, 6, 1 ], "texture": "#texture" }
			}
		},
		{
			"__comment": "PlaneY9",
			"from": [ -4, 10.999, 5.5 ],
			"to": [ 3, 11, 10.5 ],
			"faces": {
				"down": { "uv": [ 6, 2.5, 8, 4 ], "texture": "#texture", "rotation": 180 },
				"up": { "uv": [ 6, 4, 8, 2.5 ], "texture": "#texture", "rotation": 180 }
			}
		},
		{
			"__comment": "PlaneY9",
			"from": [ -4, 15.999, 5.5 ],
			"to": [ 3, 16, 10.5 ],
			"faces": {
				"down": { "uv": [ 6, 2.5, 8, 4 ], "texture": "#texture", "rotation": 180 },
				"up": { "uv": [ 6, 4, 8, 2.5 ], "texture": "#texture", "rotation": 180 }
			}
		},
		{
			"__comment": "PlaneY9",
			"from": [ -4, 11, 10.5 ],
			"to": [ 3, 16, 10.501 ],
			"faces": {
				"north": { "uv": [ 6, 1, 8, 2.5 ], "texture": "#texture" },
				"south": { "uv": [ 8, 1, 6, 2.5 ], "texture": "#texture" }
			}
		}
	],
	"display": {
		"head": {
			"rotation":  [ 0, 180, 0 ],
			"translation":  [ 0, -21, 0 ],
			"scale":  [ 1.8, 1.8, 1.8 ]
		}
	}
}