{
	"gui_light":"front",
	"__comment": "Designed by Mcmakistein with Cubik Studio - https://cubik.studio",
	"textures": {
		"particle": "custom/blank",
		"texture": "custom/m_uno_reverse_card"
	},
	"elements": [ 	 
		{
			"__comment": "Box1",
			"from": [ 0, 0, 0 ],
			"to": [ 16, 0.5, 16 ],
			"faces": {
				"down": { "uv": [ 0, 16, 16, 0 ], "texture": "#texture" },
				"up": { "uv": [ 0, 0, 16, 16 ], "texture": "#texture" },
				"north": { "uv": [ 0.5, 15.5, 3, 13.501 ], "texture": "#texture" },
				"south": { "uv": [ 0.5, 15.5, 3, 13.501 ], "texture": "#texture" },
				"west": { "uv": [ 0.5, 15.5, 3, 13.501 ], "texture": "#texture" },
				"east": { "uv": [ 0.5, 15.5, 3, 13.501 ], "texture": "#texture" }
			}
		}
	],
	"display": {
		"thirdperson_righthand": {
			"rotation":  [ -67, 17, 106 ],
			"translation":  [ -2.086, 2.0876, 1.3913 ],
			"scale":  [ 0.4, 0.4, 0.4 ]
		},
		"thirdperson_lefthand": {
			"rotation":  [ -67, 17, 106 ],
			"translation":  [ -2.086, 2.0876, 1.3913 ],
			"scale":  [ 0.4, 0.4, 0.4 ]
		},
		"firstperson_righthand": {
			"rotation":  [ -127, -28, 0 ],
			"translation":  [ 19.478, -14.6, -24.34 ]
		},
		"firstperson_lefthand": {
			"rotation":  [ -127, -28, 0 ],
			"translation":  [ 19.478, -14.6, -24.34 ]
		},
		"gui": {
			"rotation":  [ -90, 0, 0 ],
			"translation":  [ 0, 0, 80 ]
		},
		"ground": {
			"rotation":  [ 9, -11, 13 ],
			"translation":  [ 0, 2.0869, 0 ],
			"scale":  [ 0.3, 0.3, 0.3 ]
		}
	}
}