{
	"credit": "Made with Blockbench",
	"textures": {
		"1": "custom/anvil",
		"particle": "custom/anvil_top"
	},
	"elements": [
		{
			"from": [6, -10, 4],
			"to": [7, -8, 5],
			"faces": {
				"north": {"uv": [3, 11, 4, 13], "texture": "#1"},
				"east": {"uv": [3, 3, 5, 4], "rotation": 90, "texture": "#1"},
				"south": {"uv": [3, 8, 4, 10], "texture": "#1"},
				"west": {"uv": [9, 3, 11, 4], "rotation": 90, "texture": "#1"},
				"up": {"uv": [2, 2, 3, 3], "texture": "#1"},
				"down": {"uv": [3, 4, 4, 5], "texture": "#1"}
			}
		},
		{
			"from": [8, -5, 4],
			"to": [10, 0, 9],
			"faces": {
				"north": {"uv": [2, 7, 4, 12], "texture": "#1"},
				"east": {"uv": [4, 4, 9, 9], "rotation": 90, "texture": "#1"},
				"south": {"uv": [7, 8, 9, 13], "texture": "#1"},
				"west": {"uv": [7, 3, 12, 8], "rotation": 90, "texture": "#1"},
				"up": {"uv": [4, 5, 6, 10], "texture": "#1"},
				"down": {"uv": [3, 4, 5, 9], "texture": "#1"}
			}
		},
		{
			"from": [8, 0, 6],
			"to": [13, 4, 9],
			"faces": {
				"north": {"uv": [2, 7, 7, 11], "texture": "#1"},
				"east": {"uv": [4, 4, 8, 7], "rotation": 90, "texture": "#1"},
				"south": {"uv": [7, 8, 12, 12], "texture": "#1"},
				"west": {"uv": [7, 3, 11, 6], "rotation": 90, "texture": "#1"},
				"up": {"uv": [4, 5, 9, 8], "texture": "#1"},
				"down": {"uv": [3, 4, 8, 7], "texture": "#1"}
			}
		},
		{
			"from": [8, 2, 9],
			"to": [13, 6, 12],
			"faces": {
				"north": {"uv": [2, 7, 7, 11], "texture": "#1"},
				"east": {"uv": [8, 8, 12, 11], "rotation": 90, "texture": "#1"},
				"south": {"uv": [7, 8, 12, 12], "texture": "#1"},
				"west": {"uv": [7, 3, 11, 6], "rotation": 90, "texture": "#1"},
				"up": {"uv": [4, 5, 9, 8], "texture": "#1"},
				"down": {"uv": [3, 4, 8, 7], "texture": "#1"}
			}
		},
		{
			"from": [6, 4, 9],
			"to": [8, 6, 11],
			"faces": {
				"north": {"uv": [2, 7, 4, 9], "texture": "#1"},
				"east": {"uv": [4, 4, 6, 6], "rotation": 90, "texture": "#1"},
				"south": {"uv": [7, 8, 9, 10], "texture": "#1"},
				"west": {"uv": [7, 3, 9, 5], "rotation": 90, "texture": "#1"},
				"up": {"uv": [4, 5, 6, 7], "texture": "#1"},
				"down": {"uv": [3, 4, 5, 6], "texture": "#1"}
			}
		},
		{
			"from": [9, 4, 5],
			"to": [13, 6, 9],
			"faces": {
				"north": {"uv": [2, 7, 6, 9], "texture": "#1"},
				"east": {"uv": [4, 4, 6, 8], "rotation": 90, "texture": "#1"},
				"south": {"uv": [7, 8, 11, 10], "texture": "#1"},
				"west": {"uv": [7, 3, 9, 7], "rotation": 90, "texture": "#1"},
				"up": {"uv": [4, 5, 8, 9], "texture": "#1"},
				"down": {"uv": [3, 4, 7, 8], "texture": "#1"}
			}
		},
		{
			"from": [8, 4, 0],
			"to": [13, 6, 5],
			"faces": {
				"north": {"uv": [2, 5, 7, 7], "texture": "#1"},
				"east": {"uv": [4, 4, 6, 9], "rotation": 90, "texture": "#1"},
				"south": {"uv": [7, 8, 12, 10], "texture": "#1"},
				"west": {"uv": [7, 3, 9, 8], "rotation": 90, "texture": "#1"},
				"up": {"uv": [7, 6, 12, 11], "texture": "#1"},
				"down": {"uv": [3, 4, 8, 9], "texture": "#1"}
			}
		},
		{
			"from": [8, 4, 12],
			"to": [13, 6, 14],
			"faces": {
				"north": {"uv": [2, 7, 7, 9], "texture": "#1"},
				"east": {"uv": [4, 4, 6, 6], "rotation": 90, "texture": "#1"},
				"south": {"uv": [7, 8, 12, 10], "texture": "#1"},
				"west": {"uv": [7, 3, 9, 5], "rotation": 90, "texture": "#1"},
				"up": {"uv": [4, 5, 9, 7], "texture": "#1"},
				"down": {"uv": [3, 4, 8, 6], "texture": "#1"}
			}
		},
		{
			"from": [7, 2, 0],
			"to": [13, 4, 6],
			"faces": {
				"north": {"uv": [7, 8, 13, 10], "texture": "#1"},
				"east": {"uv": [10, 6, 12, 12], "rotation": 90, "texture": "#1"},
				"south": {"uv": [7, 8, 13, 10], "texture": "#1"},
				"west": {"uv": [7, 3, 9, 9], "rotation": 90, "texture": "#1"},
				"up": {"uv": [4, 5, 10, 11], "texture": "#1"},
				"down": {"uv": [3, 4, 9, 10], "texture": "#1"}
			}
		},
		{
			"from": [6, 0, 0],
			"to": [13, 2, 6],
			"faces": {
				"north": {"uv": [2, 7, 9, 9], "texture": "#1"},
				"east": {"uv": [11, 7, 13, 13], "rotation": 90, "texture": "#1"},
				"south": {"uv": [7, 8, 14, 10], "texture": "#1"},
				"west": {"uv": [7, 3, 9, 9], "rotation": 90, "texture": "#1"},
				"up": {"uv": [4, 5, 11, 11], "texture": "#1"},
				"down": {"uv": [3, 4, 10, 10], "texture": "#1"}
			}
		},
		{
			"from": [7, 0, 6],
			"to": [11, 3, 7],
			"faces": {
				"north": {"uv": [2, 7, 6, 10], "texture": "#1"},
				"east": {"uv": [4, 4, 7, 5], "rotation": 90, "texture": "#1"},
				"south": {"uv": [7, 8, 11, 11], "texture": "#1"},
				"west": {"uv": [7, 3, 10, 4], "rotation": 90, "texture": "#1"},
				"up": {"uv": [4, 5, 8, 6], "texture": "#1"},
				"down": {"uv": [3, 4, 7, 5], "texture": "#1"}
			}
		},
		{
			"from": [7, -5, 4],
			"to": [8, -2, 6],
			"faces": {
				"north": {"uv": [2, 7, 3, 10], "texture": "#1"},
				"east": {"uv": [4, 4, 7, 6], "rotation": 90, "texture": "#1"},
				"south": {"uv": [7, 8, 8, 11], "texture": "#1"},
				"west": {"uv": [7, 3, 10, 5], "rotation": 90, "texture": "#1"},
				"up": {"uv": [4, 5, 5, 7], "texture": "#1"},
				"down": {"uv": [3, 4, 4, 6], "texture": "#1"}
			}
		},
		{
			"from": [8, -2, 9],
			"to": [10, 0, 10],
			"faces": {
				"north": {"uv": [2, 7, 4, 9], "texture": "#1"},
				"east": {"uv": [4, 4, 6, 5], "rotation": 90, "texture": "#1"},
				"south": {"uv": [7, 8, 9, 10], "texture": "#1"},
				"west": {"uv": [7, 3, 9, 4], "rotation": 90, "texture": "#1"},
				"up": {"uv": [4, 5, 6, 6], "texture": "#1"},
				"down": {"uv": [3, 4, 5, 5], "texture": "#1"}
			}
		},
		{
			"from": [11, -10, 2],
			"to": [14, -6, 5],
			"faces": {
				"north": {"uv": [3, 11, 6, 15], "texture": "#1"},
				"east": {"uv": [3, 3, 7, 6], "rotation": 90, "texture": "#1"},
				"south": {"uv": [3, 8, 6, 12], "texture": "#1"},
				"west": {"uv": [9, 3, 13, 6], "rotation": 90, "texture": "#1"},
				"up": {"uv": [2, 2, 5, 5], "texture": "#1"},
				"down": {"uv": [3, 4, 6, 7], "texture": "#1"}
			}
		},
		{
			"from": [13, -10, 9],
			"to": [14, -6, 11],
			"faces": {
				"north": {"uv": [3, 11, 4, 15], "texture": "#1"},
				"east": {"uv": [3, 3, 7, 5], "rotation": 90, "texture": "#1"},
				"south": {"uv": [3, 8, 4, 12], "texture": "#1"},
				"west": {"uv": [9, 3, 13, 5], "rotation": 90, "texture": "#1"},
				"up": {"uv": [2, 2, 3, 4], "texture": "#1"},
				"down": {"uv": [3, 4, 4, 6], "texture": "#1"}
			}
		},
		{
			"from": [11, -10, 8],
			"to": [14, -6, 9],
			"faces": {
				"north": {"uv": [3, 11, 6, 15], "texture": "#1"},
				"east": {"uv": [3, 3, 7, 4], "rotation": 90, "texture": "#1"},
				"south": {"uv": [3, 8, 6, 12], "texture": "#1"},
				"west": {"uv": [9, 3, 13, 4], "rotation": 90, "texture": "#1"},
				"up": {"uv": [2, 2, 5, 3], "texture": "#1"},
				"down": {"uv": [3, 4, 6, 5], "texture": "#1"}
			}
		},
		{
			"from": [8, -10, 5],
			"to": [14, -6, 8],
			"faces": {
				"north": {"uv": [3, 11, 9, 15], "texture": "#1"},
				"east": {"uv": [8, 8, 12, 11], "rotation": 90, "texture": "#1"},
				"south": {"uv": [3, 8, 9, 12], "texture": "#1"},
				"west": {"uv": [9, 3, 13, 6], "rotation": 90, "texture": "#1"},
				"up": {"uv": [2, 2, 8, 5], "texture": "#1"},
				"down": {"uv": [5, 7, 11, 10], "texture": "#1"}
			}
		},
		{
			"from": [7, -10, 2],
			"to": [11, -6, 5],
			"faces": {
				"north": {"uv": [3, 11, 7, 15], "texture": "#1"},
				"east": {"uv": [3, 3, 7, 6], "rotation": 90, "texture": "#1"},
				"south": {"uv": [3, 8, 7, 12], "texture": "#1"},
				"west": {"uv": [9, 3, 13, 6], "rotation": 90, "texture": "#1"},
				"up": {"uv": [2, 2, 6, 5], "texture": "#1"},
				"down": {"uv": [3, 4, 7, 7], "texture": "#1"}
			}
		},
		{
			"from": [6, -10, 2],
			"to": [7, -6, 4],
			"faces": {
				"north": {"uv": [3, 11, 4, 15], "texture": "#1"},
				"east": {"uv": [3, 3, 7, 5], "rotation": 90, "texture": "#1"},
				"south": {"uv": [3, 8, 4, 12], "texture": "#1"},
				"west": {"uv": [9, 3, 13, 5], "rotation": 90, "texture": "#1"},
				"up": {"uv": [2, 2, 3, 4], "texture": "#1"},
				"down": {"uv": [3, 4, 4, 6], "texture": "#1"}
			}
		},
		{
			"from": [9, -6, 3],
			"to": [12, -5, 8],
			"faces": {
				"north": {"uv": [5, 9, 8, 10], "texture": "#1"},
				"east": {"uv": [6, 3, 7, 8], "rotation": 90, "texture": "#1"},
				"south": {"uv": [4, 7, 7, 8], "texture": "#1"},
				"west": {"uv": [11, 4, 12, 9], "rotation": 90, "texture": "#1"},
				"up": {"uv": [4, 5, 7, 10], "texture": "#1"},
				"down": {"uv": [3, 4, 6, 9], "texture": "#1"}
			}
		},
		{
			"from": [10, -6, 8],
			"to": [12, -5, 9],
			"faces": {
				"north": {"uv": [5, 9, 7, 10], "texture": "#1"},
				"east": {"uv": [6, 3, 7, 4], "rotation": 90, "texture": "#1"},
				"south": {"uv": [4, 7, 6, 8], "texture": "#1"},
				"west": {"uv": [11, 4, 12, 5], "rotation": 90, "texture": "#1"},
				"up": {"uv": [4, 5, 6, 6], "texture": "#1"},
				"down": {"uv": [3, 4, 5, 5], "texture": "#1"}
			}
		},
		{
			"from": [8, -6, 3],
			"to": [9, -5, 6],
			"faces": {
				"north": {"uv": [5, 9, 6, 10], "texture": "#1"},
				"east": {"uv": [6, 3, 7, 6], "rotation": 90, "texture": "#1"},
				"south": {"uv": [4, 7, 5, 8], "texture": "#1"},
				"west": {"uv": [11, 4, 12, 7], "rotation": 90, "texture": "#1"},
				"up": {"uv": [4, 5, 5, 8], "texture": "#1"},
				"down": {"uv": [3, 4, 4, 7], "texture": "#1"}
			}
		}
	],
	"display": {
		"head": {
			"translation": [0, -16, 0],
			"scale": [1.6, 1.6, 1.6]
		}
	},
	"groups": [
		{
			"name": "group",
			"origin": [0, 0, 0],
			"nbt": "{}",
			"children": [0, 1, 2, 3, 4, 5, 6, 7, 8, 9, 10, 11, 12, 13, 14, 15, 16, 17, 18, 19, 20, 21]
		}
	]
}