{
	"credit": "Made with Blockbench",
	"textures": {
		"1": "custom/anvil",
		"particle": "custom/anvil_top"
	},
	"elements": [
		{
			"from": [3, 0, 0],
			"to": [4, 1, 5],
			"faces": {
				"north": {"uv": [2, 7, 3, 8], "texture": "#1"},
				"east": {"uv": [4, 4, 5, 9], "rotation": 90, "texture": "#1"},
				"south": {"uv": [7, 8, 8, 9], "texture": "#1"},
				"west": {"uv": [7, 3, 8, 8], "rotation": 90, "texture": "#1"},
				"up": {"uv": [4, 5, 5, 10], "texture": "#1"},
				"down": {"uv": [3, 4, 4, 9], "texture": "#1"}
			}
		},
		{
			"from": [3, 1, 0],
			"to": [4, 2, 9],
			"faces": {
				"north": {"uv": [2, 7, 3, 8], "texture": "#1"},
				"east": {"uv": [4, 4, 5, 13], "rotation": 90, "texture": "#1"},
				"south": {"uv": [7, 8, 8, 9], "texture": "#1"},
				"west": {"uv": [10, 1, 11, 10], "rotation": 90, "texture": "#1"},
				"up": {"uv": [4, 5, 5, 14], "texture": "#1"},
				"down": {"uv": [3, 4, 4, 13], "texture": "#1"}
			}
		},
		{
			"from": [4, 1, 0],
			"to": [6, 2, 5],
			"faces": {
				"north": {"uv": [2, 7, 4, 8], "texture": "#1"},
				"east": {"uv": [4, 4, 5, 9], "rotation": 90, "texture": "#1"},
				"south": {"uv": [7, 8, 9, 9], "texture": "#1"},
				"west": {"uv": [7, 3, 8, 8], "rotation": 90, "texture": "#1"},
				"up": {"uv": [4, 5, 6, 10], "texture": "#1"},
				"down": {"uv": [3, 4, 5, 9], "texture": "#1"}
			}
		},
		{
			"from": [5, 2, 0],
			"to": [7, 3, 8],
			"faces": {
				"north": {"uv": [2, 7, 4, 8], "texture": "#1"},
				"east": {"uv": [4, 4, 5, 12], "rotation": 90, "texture": "#1"},
				"south": {"uv": [7, 8, 9, 9], "texture": "#1"},
				"west": {"uv": [7, 3, 8, 11], "rotation": 90, "texture": "#1"},
				"up": {"uv": [4, 5, 6, 13], "texture": "#1"},
				"down": {"uv": [3, 4, 5, 12], "texture": "#1"}
			}
		},
		{
			"from": [3, 2, 0],
			"to": [5, 3, 9],
			"faces": {
				"north": {"uv": [2, 7, 4, 8], "texture": "#1"},
				"east": {"uv": [4, 4, 5, 13], "rotation": 90, "texture": "#1"},
				"south": {"uv": [7, 8, 9, 9], "texture": "#1"},
				"west": {"uv": [10, 1, 11, 10], "rotation": 90, "texture": "#1"},
				"up": {"uv": [4, 5, 6, 14], "texture": "#1"},
				"down": {"uv": [3, 4, 5, 13], "texture": "#1"}
			}
		},
		{
			"from": [3, 3, 0],
			"to": [7, 4, 9],
			"faces": {
				"north": {"uv": [2, 7, 6, 8], "texture": "#1"},
				"east": {"uv": [4, 4, 5, 13], "rotation": 90, "texture": "#1"},
				"south": {"uv": [7, 8, 11, 9], "texture": "#1"},
				"west": {"uv": [7, 3, 8, 12], "rotation": 90, "texture": "#1"},
				"up": {"uv": [4, 5, 8, 14], "texture": "#1"},
				"down": {"uv": [3, 4, 7, 13], "texture": "#1"}
			}
		},
		{
			"from": [7, 3, 6],
			"to": [8, 4, 9],
			"faces": {
				"north": {"uv": [2, 7, 3, 8], "texture": "#1"},
				"east": {"uv": [4, 4, 5, 7], "rotation": 90, "texture": "#1"},
				"south": {"uv": [7, 8, 8, 9], "texture": "#1"},
				"west": {"uv": [7, 3, 8, 6], "rotation": 90, "texture": "#1"},
				"up": {"uv": [4, 5, 5, 8], "texture": "#1"},
				"down": {"uv": [3, 4, 4, 7], "texture": "#1"}
			}
		},
		{
			"from": [8, 4, 5],
			"to": [9, 6, 9],
			"faces": {
				"north": {"uv": [2, 7, 3, 9], "texture": "#1"},
				"east": {"uv": [4, 4, 6, 8], "rotation": 90, "texture": "#1"},
				"south": {"uv": [7, 8, 8, 10], "texture": "#1"},
				"west": {"uv": [7, 3, 9, 7], "rotation": 90, "texture": "#1"},
				"up": {"uv": [4, 5, 5, 9], "texture": "#1"},
				"down": {"uv": [3, 4, 4, 8], "texture": "#1"}
			}
		},
		{
			"from": [6, 4, 0],
			"to": [8, 6, 9],
			"faces": {
				"north": {"uv": [8, 9, 10, 11], "texture": "#1"},
				"east": {"uv": [4, 4, 6, 13], "rotation": 90, "texture": "#1"},
				"south": {"uv": [7, 8, 9, 10], "texture": "#1"},
				"west": {"uv": [7, 3, 9, 12], "rotation": 90, "texture": "#1"},
				"up": {"uv": [4, 5, 6, 14], "texture": "#1"},
				"down": {"uv": [3, 4, 5, 13], "texture": "#1"}
			}
		},
		{
			"from": [3, 4, 0],
			"to": [6, 6, 11],
			"faces": {
				"north": {"uv": [2, 7, 5, 9], "texture": "#1"},
				"east": {"uv": [4, 4, 6, 15], "rotation": 90, "texture": "#1"},
				"south": {"uv": [7, 8, 10, 10], "texture": "#1"},
				"west": {"uv": [7, 3, 9, 14], "rotation": 90, "texture": "#1"},
				"up": {"uv": [8, 5, 11, 16], "texture": "#1"},
				"down": {"uv": [3, 4, 6, 15], "texture": "#1"}
			}
		}
	],
	"display": {
		"head": {
			"translation": [0, -16, 0],
			"scale": [1.6, 1.6, 1.6]
		}
	},
	"groups": [
		{
			"name": "group",
			"origin": [8, 8, 8],
			"nbt": "{}",
			"children": [0, 1, 2, 3, 4, 5, 6, 7, 8, 9]
		}
	]
}