{
	"credit": "Made with Blockbench",
	"textures": {
		"0": "custom/anvil_top",
		"1": "custom/anvil",
		"particle": "custom/anvil_top"
	},
	"elements": [
		{
			"from": [2, -10, 11],
			"to": [14, -6, 14],
			"faces": {
				"north": {"uv": [3, 11, 15, 15], "texture": "#1"},
				"east": {"uv": [3, 3, 7, 6], "rotation": 90, "texture": "#1"},
				"south": {"uv": [3, 8, 15, 12], "texture": "#1"},
				"west": {"uv": [9, 3, 13, 6], "rotation": 90, "texture": "#1"},
				"up": {"uv": [2, 2, 14, 5], "texture": "#1"},
				"down": {"uv": [3, 7, 15, 10], "texture": "#1"}
			}
		},
		{
			"from": [11, -10, 9],
			"to": [13, -6, 11],
			"faces": {
				"north": {"uv": [3, 11, 5, 15], "texture": "#1"},
				"east": {"uv": [3, 3, 7, 5], "rotation": 90, "texture": "#1"},
				"south": {"uv": [3, 8, 5, 12], "texture": "#1"},
				"west": {"uv": [9, 3, 13, 5], "rotation": 90, "texture": "#1"},
				"up": {"uv": [2, 2, 4, 4], "texture": "#1"},
				"down": {"uv": [3, 4, 5, 6], "texture": "#1"}
			}
		},
		{
			"from": [8, -10, 8],
			"to": [11, -6, 11],
			"faces": {
				"north": {"uv": [3, 11, 6, 15], "texture": "#1"},
				"east": {"uv": [3, 3, 7, 6], "rotation": 90, "texture": "#1"},
				"south": {"uv": [3, 8, 6, 12], "texture": "#1"},
				"west": {"uv": [9, 3, 13, 6], "rotation": 90, "texture": "#1"},
				"up": {"uv": [2, 2, 5, 5], "texture": "#1"},
				"down": {"uv": [3, 4, 6, 7], "texture": "#1"}
			}
		},
		{
			"from": [2, -10, 7],
			"to": [8, -6, 11],
			"faces": {
				"north": {"uv": [3, 11, 9, 15], "texture": "#1"},
				"east": {"uv": [3, 3, 7, 7], "rotation": 90, "texture": "#1"},
				"south": {"uv": [3, 8, 9, 12], "texture": "#1"},
				"west": {"uv": [5, 8, 9, 12], "rotation": 90, "texture": "#1"},
				"up": {"uv": [2, 2, 8, 6], "texture": "#1"},
				"down": {"uv": [3, 4, 9, 8], "texture": "#1"}
			}
		},
		{
			"from": [3, 0, 11],
			"to": [8, 6, 16],
			"faces": {
				"north": {"uv": [3, 0, 8, 6], "texture": "#1"},
				"east": {"uv": [10, 0, 16, 5], "rotation": 90, "texture": "#1"},
				"south": {"uv": [4, 6, 9, 12], "texture": "#1"},
				"west": {"uv": [10, 5, 16, 0], "rotation": 90, "texture": "#1"},
				"up": {"uv": [4, 6, 9, 11], "texture": "#0"},
				"down": {"uv": [3, 4, 8, 9], "texture": "#1"}
			}
		},
		{
			"from": [8, 0, 14],
			"to": [13, 6, 16],
			"faces": {
				"north": {"uv": [3, 0, 8, 6], "texture": "#1"},
				"east": {"uv": [10, 0, 16, 2], "rotation": 90, "texture": "#1"},
				"south": {"uv": [8, 8, 13, 14], "texture": "#1"},
				"west": {"uv": [10, 2, 16, 0], "rotation": 90, "texture": "#1"},
				"up": {"uv": [3, 0, 8, 2], "texture": "#0"},
				"down": {"uv": [3, 4, 8, 6], "texture": "#1"}
			}
		},
		{
			"from": [8, 0, 12],
			"to": [13, 4, 14],
			"faces": {
				"north": {"uv": [3, 0, 8, 4], "texture": "#1"},
				"east": {"uv": [10, 0, 14, 2], "rotation": 90, "texture": "#1"},
				"south": {"uv": [3, 0, 8, 4], "texture": "#1"},
				"west": {"uv": [10, 2, 14, 0], "rotation": 90, "texture": "#1"},
				"up": {"uv": [3, 0, 8, 2], "texture": "#0"},
				"down": {"uv": [3, 4, 8, 6], "texture": "#1"}
			}
		},
		{
			"from": [8, 0, 9],
			"to": [13, 2, 12],
			"faces": {
				"north": {"uv": [3, 0, 8, 2], "texture": "#1"},
				"east": {"uv": [10, 0, 12, 3], "rotation": 90, "texture": "#1"},
				"south": {"uv": [3, 0, 8, 2], "texture": "#1"},
				"west": {"uv": [10, 3, 12, 0], "rotation": 90, "texture": "#1"},
				"up": {"uv": [3, 0, 8, 3], "texture": "#0"},
				"down": {"uv": [3, 4, 8, 7], "texture": "#1"}
			}
		},
		{
			"from": [3, 0, 9],
			"to": [8, 4, 11],
			"faces": {
				"north": {"uv": [3, 0, 8, 4], "texture": "#1"},
				"east": {"uv": [10, 0, 14, 2], "rotation": 90, "texture": "#1"},
				"south": {"uv": [3, 0, 8, 4], "texture": "#1"},
				"west": {"uv": [10, 2, 14, 0], "rotation": 90, "texture": "#1"},
				"up": {"uv": [3, 0, 8, 2], "texture": "#0"},
				"down": {"uv": [3, 4, 8, 6], "texture": "#1"}
			}
		},
		{
			"from": [4, -6, 8],
			"to": [10, -5, 13],
			"faces": {
				"north": {"uv": [5, 9, 11, 10], "texture": "#1"},
				"east": {"uv": [6, 3, 7, 8], "rotation": 90, "texture": "#1"},
				"south": {"uv": [4, 7, 10, 8], "texture": "#1"},
				"west": {"uv": [11, 4, 12, 9], "rotation": 90, "texture": "#1"},
				"up": {"uv": [4, 5, 10, 10], "texture": "#1"},
				"down": {"uv": [3, 4, 9, 9], "texture": "#1"}
			}
		},
		{
			"from": [8, -5, 10],
			"to": [10, 0, 12],
			"faces": {
				"north": {"uv": [2, 7, 4, 12], "texture": "#1"},
				"east": {"uv": [4, 4, 9, 6], "rotation": 90, "texture": "#1"},
				"south": {"uv": [7, 8, 9, 13], "texture": "#1"},
				"west": {"uv": [7, 3, 12, 5], "rotation": 90, "texture": "#1"},
				"up": {"uv": [4, 5, 6, 7], "texture": "#1"},
				"down": {"uv": [3, 4, 5, 6], "texture": "#1"}
			}
		},
		{
			"from": [8, -5, 9],
			"to": [10, -2, 10],
			"faces": {
				"north": {"uv": [2, 7, 4, 10], "texture": "#1"},
				"east": {"uv": [4, 4, 7, 5], "rotation": 90, "texture": "#1"},
				"south": {"uv": [7, 8, 9, 11], "texture": "#1"},
				"west": {"uv": [7, 3, 10, 4], "rotation": 90, "texture": "#1"},
				"up": {"uv": [4, 5, 6, 6], "texture": "#1"},
				"down": {"uv": [3, 4, 5, 5], "texture": "#1"}
			}
		},
		{
			"from": [6, -5, 9],
			"to": [8, 0, 12],
			"faces": {
				"north": {"uv": [2, 7, 4, 12], "texture": "#1"},
				"east": {"uv": [4, 4, 9, 7], "rotation": 90, "texture": "#1"},
				"south": {"uv": [7, 8, 9, 13], "texture": "#1"},
				"west": {"uv": [7, 3, 12, 6], "rotation": 90, "texture": "#1"},
				"up": {"uv": [4, 5, 6, 8], "texture": "#1"},
				"down": {"uv": [3, 4, 5, 7], "texture": "#1"}
			}
		},
		{
			"from": [10, -6, 9],
			"to": [12, -5, 13],
			"faces": {
				"north": {"uv": [5, 9, 7, 10], "texture": "#1"},
				"east": {"uv": [6, 3, 7, 7], "rotation": 90, "texture": "#1"},
				"south": {"uv": [4, 7, 6, 8], "texture": "#1"},
				"west": {"uv": [11, 4, 12, 8], "rotation": 90, "texture": "#1"},
				"up": {"uv": [4, 5, 6, 9], "texture": "#1"},
				"down": {"uv": [3, 4, 5, 8], "texture": "#1"}
			}
		}
	],
	"display": {
		"head": {
			"translation": [0, -16, 0],
			"scale": [1.6, 1.6, 1.6]
		}
	},
	"groups": [
		{
			"name": "group",
			"origin": [8, 8, 8],
			"nbt": "{}",
			"children": [0, 1, 2, 3, 4, 5, 6, 7, 8, 9, 10, 11, 12, 13]
		}
	]
}