{
	"credit": "Made with Blockbench",
	"textures": {
		"0": "custom/anvil_top",
		"1": "custom/anvil",
		"particle": "custom/anvil_top"
	},
	"elements": [
		{
			"from": [3, 0, 0],
			"to": [13, 6, 16],
			"faces": {
				"north": {"uv": [3, 0, 13, 6], "texture": "#1"},
				"east": {"uv": [10, 0, 16, 16], "rotation": 90, "texture": "#1"},
				"south": {"uv": [3, 0, 13, 6], "texture": "#1"},
				"west": {"uv": [10, 16, 16, 0], "rotation": 90, "texture": "#1"},
				"up": {"uv": [3, 0, 13, 16], "texture": "#0"},
				"down": {"uv": [3, 0, 13, 16], "texture": "#0"}
			}
		},
		{
			"from": [6, -5, 4],
			"to": [10, 0, 12],
			"faces": {
				"north": {"uv": [2, 7, 6, 12], "texture": "#1"},
				"east": {"uv": [4, 4, 9, 12], "rotation": 90, "texture": "#1"},
				"south": {"uv": [7, 8, 11, 13], "texture": "#1"},
				"west": {"uv": [7, 3, 12, 11], "rotation": 90, "texture": "#1"},
				"up": {"uv": [4, 5, 8, 13], "texture": "#1"},
				"down": {"uv": [7, 5, 11, 13], "texture": "#1"}
			}
		},
		{
			"from": [4, -6, 3],
			"to": [12, -5, 13],
			"faces": {
				"north": {"uv": [5, 9, 13, 10], "texture": "#1"},
				"east": {"uv": [6, 3, 7, 13], "rotation": 90, "texture": "#1"},
				"south": {"uv": [4, 7, 12, 8], "texture": "#1"},
				"west": {"uv": [11, 4, 12, 14], "rotation": 90, "texture": "#1"},
				"up": {"uv": [4, 5, 12, 15], "texture": "#1"},
				"down": {"uv": [3, 4, 11, 14], "texture": "#1"}
			}
		},
		{
			"from": [2, -10, 2],
			"to": [14, -6, 14],
			"faces": {
				"north": {"uv": [3, 11, 15, 15], "texture": "#1"},
				"east": {"uv": [3, 3, 7, 15], "rotation": 90, "texture": "#1"},
				"south": {"uv": [3, 8, 15, 12], "texture": "#1"},
				"west": {"uv": [9, 3, 13, 15], "rotation": 90, "texture": "#1"},
				"up": {"uv": [2, 2, 14, 14], "texture": "#1"},
				"down": {"uv": [3, 3, 15, 15], "texture": "#1"}
			}
		}
	],
	"display": {
		"head": {
			"translation": [0, -16, 0],
			"scale": [1.6, 1.6, 1.6]
		}
	}
}