{
	"credit": "Made with Blockbench",
	"textures": {
		"1": "custom/anvil",
		"particle": "custom/anvil_top"
	},
	"elements": [
		{
			"from": [2, -10, 5],
			"to": [8, -6, 7],
			"faces": {
				"north": {"uv": [3, 11, 9, 15], "texture": "#1"},
				"east": {"uv": [3, 3, 7, 5], "rotation": 90, "texture": "#1"},
				"south": {"uv": [3, 8, 9, 12], "texture": "#1"},
				"west": {"uv": [9, 3, 13, 5], "rotation": 90, "texture": "#1"},
				"up": {"uv": [2, 2, 8, 4], "texture": "#1"},
				"down": {"uv": [3, 4, 9, 6], "texture": "#1"}
			}
		},
		{
			"from": [6, -8, 4],
			"to": [7, -6, 5],
			"faces": {
				"north": {"uv": [3, 11, 4, 13], "texture": "#1"},
				"east": {"uv": [3, 3, 5, 4], "rotation": 90, "texture": "#1"},
				"south": {"uv": [3, 8, 4, 10], "texture": "#1"},
				"west": {"uv": [9, 3, 11, 4], "rotation": 90, "texture": "#1"},
				"up": {"uv": [2, 2, 3, 3], "texture": "#1"},
				"down": {"uv": [3, 4, 4, 5], "texture": "#1"}
			}
		},
		{
			"from": [2, -10, 2],
			"to": [6, -6, 5],
			"faces": {
				"north": {"uv": [3, 11, 7, 15], "texture": "#1"},
				"east": {"uv": [3, 3, 7, 6], "rotation": 90, "texture": "#1"},
				"south": {"uv": [3, 8, 7, 12], "texture": "#1"},
				"west": {"uv": [9, 3, 13, 6], "rotation": 90, "texture": "#1"},
				"up": {"uv": [2, 2, 6, 5], "texture": "#1"},
				"down": {"uv": [10, 11, 14, 14], "texture": "#1"}
			}
		},
		{
			"from": [8, -6, 6],
			"to": [9, -5, 8],
			"faces": {
				"north": {"uv": [5, 9, 6, 10], "texture": "#1"},
				"east": {"uv": [6, 3, 7, 5], "rotation": 90, "texture": "#1"},
				"south": {"uv": [4, 7, 5, 8], "texture": "#1"},
				"west": {"uv": [11, 4, 12, 6], "rotation": 90, "texture": "#1"},
				"up": {"uv": [4, 5, 5, 7], "texture": "#1"},
				"down": {"uv": [3, 4, 4, 6], "texture": "#1"}
			}
		},
		{
			"from": [4, -6, 3],
			"to": [8, -5, 8],
			"faces": {
				"north": {"uv": [5, 9, 9, 10], "texture": "#1"},
				"east": {"uv": [6, 3, 7, 8], "rotation": 90, "texture": "#1"},
				"south": {"uv": [4, 7, 8, 8], "texture": "#1"},
				"west": {"uv": [11, 4, 12, 9], "rotation": 90, "texture": "#1"},
				"up": {"uv": [4, 5, 8, 10], "texture": "#1"},
				"down": {"uv": [3, 4, 7, 9], "texture": "#1"}
			}
		},
		{
			"from": [7, -5, 6],
			"to": [8, -2, 9],
			"faces": {
				"north": {"uv": [5, 9, 6, 12], "texture": "#1"},
				"east": {"uv": [6, 3, 9, 6], "rotation": 90, "texture": "#1"},
				"south": {"uv": [4, 7, 5, 10], "texture": "#1"},
				"west": {"uv": [11, 4, 14, 7], "rotation": 90, "texture": "#1"},
				"up": {"uv": [4, 5, 5, 8], "texture": "#1"},
				"down": {"uv": [3, 4, 4, 7], "texture": "#1"}
			}
		},
		{
			"from": [7, -2, 4],
			"to": [8, 0, 9],
			"faces": {
				"north": {"uv": [5, 9, 6, 11], "texture": "#1"},
				"east": {"uv": [6, 3, 8, 8], "rotation": 90, "texture": "#1"},
				"south": {"uv": [4, 7, 5, 9], "texture": "#1"},
				"west": {"uv": [11, 4, 13, 9], "rotation": 90, "texture": "#1"},
				"up": {"uv": [4, 5, 5, 10], "texture": "#1"},
				"down": {"uv": [3, 4, 4, 9], "texture": "#1"}
			}
		},
		{
			"from": [6, -5, 4],
			"to": [7, 0, 9],
			"faces": {
				"north": {"uv": [5, 9, 6, 14], "texture": "#1"},
				"east": {"uv": [6, 3, 11, 8], "rotation": 90, "texture": "#1"},
				"south": {"uv": [4, 7, 5, 12], "texture": "#1"},
				"west": {"uv": [11, 4, 16, 9], "rotation": 90, "texture": "#1"},
				"up": {"uv": [4, 5, 5, 10], "texture": "#1"},
				"down": {"uv": [3, 4, 4, 9], "texture": "#1"}
			}
		},
		{
			"from": [7, 0, 7],
			"to": [8, 3, 9],
			"faces": {
				"north": {"uv": [5, 9, 6, 12], "texture": "#1"},
				"east": {"uv": [6, 3, 9, 5], "rotation": 90, "texture": "#1"},
				"south": {"uv": [4, 7, 5, 10], "texture": "#1"},
				"west": {"uv": [11, 4, 14, 6], "rotation": 90, "texture": "#1"},
				"up": {"uv": [4, 5, 5, 7], "texture": "#1"},
				"down": {"uv": [3, 4, 4, 6], "texture": "#1"}
			}
		},
		{
			"from": [5, 0, 8],
			"to": [7, 3, 9],
			"faces": {
				"north": {"uv": [5, 9, 7, 12], "texture": "#1"},
				"east": {"uv": [6, 3, 9, 4], "rotation": 90, "texture": "#1"},
				"south": {"uv": [4, 7, 6, 10], "texture": "#1"},
				"west": {"uv": [11, 4, 14, 5], "rotation": 90, "texture": "#1"},
				"up": {"uv": [4, 5, 6, 6], "texture": "#1"},
				"down": {"uv": [3, 4, 5, 5], "texture": "#1"}
			}
		},
		{
			"from": [6, 0, 6],
			"to": [7, 2, 9],
			"faces": {
				"north": {"uv": [5, 9, 6, 11], "texture": "#1"},
				"east": {"uv": [6, 3, 8, 6], "rotation": 90, "texture": "#1"},
				"south": {"uv": [4, 7, 5, 9], "texture": "#1"},
				"west": {"uv": [11, 4, 13, 7], "rotation": 90, "texture": "#1"},
				"up": {"uv": [4, 5, 5, 8], "texture": "#1"},
				"down": {"uv": [3, 4, 4, 7], "texture": "#1"}
			}
		},
		{
			"from": [4, 0, 5],
			"to": [6, 2, 9],
			"faces": {
				"north": {"uv": [5, 9, 7, 11], "texture": "#1"},
				"east": {"uv": [6, 3, 8, 7], "rotation": 90, "texture": "#1"},
				"south": {"uv": [4, 7, 6, 9], "texture": "#1"},
				"west": {"uv": [11, 4, 13, 8], "rotation": 90, "texture": "#1"},
				"up": {"uv": [4, 5, 6, 9], "texture": "#1"},
				"down": {"uv": [3, 4, 5, 8], "texture": "#1"}
			}
		},
		{
			"from": [3, 0, 5],
			"to": [4, 1, 9],
			"faces": {
				"north": {"uv": [5, 9, 6, 10], "texture": "#1"},
				"east": {"uv": [6, 3, 7, 7], "rotation": 90, "texture": "#1"},
				"south": {"uv": [4, 7, 5, 8], "texture": "#1"},
				"west": {"uv": [11, 4, 12, 8], "rotation": 90, "texture": "#1"},
				"up": {"uv": [4, 5, 5, 9], "texture": "#1"},
				"down": {"uv": [3, 4, 4, 8], "texture": "#1"}
			}
		},
		{
			"from": [4, 0, 0],
			"to": [6, 1, 5],
			"faces": {
				"north": {"uv": [5, 9, 7, 10], "texture": "#1"},
				"east": {"uv": [6, 3, 7, 8], "rotation": 90, "texture": "#1"},
				"south": {"uv": [4, 7, 6, 8], "texture": "#1"},
				"west": {"uv": [11, 4, 12, 9], "rotation": 90, "texture": "#1"},
				"up": {"uv": [4, 5, 6, 10], "texture": "#1"},
				"down": {"uv": [3, 4, 5, 9], "texture": "#1"}
			}
		}
	],
	"display": {
		"head": {
			"translation": [0, -16, 0],
			"scale": [1.6, 1.6, 1.6]
		}
	},
	"groups": [
		{
			"name": "group",
			"origin": [0, 0, 0],
			"nbt": "{}",
			"children": [0, 1, 2, 3, 4, 5, 6, 7, 8, 9, 10, 11, 12, 13]
		}
	]
}