{
	"credit": "Made with Blockbench",
	"textures": {
		"0": "custom/anvil_top",
		"1": "custom/anvil",
		"particle": "custom/anvil_top"
	},
	"elements": [
		{
			"from": [3, 0, 0],
			"to": [9, 6, 8],
			"faces": {
				"north": {"uv": [3, 0, 13, 6], "texture": "#1"},
				"east": {"uv": [10, 0, 16, 16], "rotation": 90, "texture": "#1"},
				"south": {"uv": [3, 0, 13, 6], "texture": "#1"},
				"west": {"uv": [10, 16, 16, 0], "rotation": 90, "texture": "#1"},
				"up": {"uv": [3, 0, 13, 16], "texture": "#0"},
				"down": {"uv": [3, 4, 11, 14], "texture": "#1"}
			}
		},
		{
			"from": [9, 0, 0],
			"to": [13, 6, 8],
			"faces": {
				"north": {"uv": [3, 0, 13, 6], "texture": "#1"},
				"east": {"uv": [10, 0, 16, 16], "rotation": 90, "texture": "#1"},
				"south": {"uv": [3, 0, 13, 6], "texture": "#1"},
				"west": {"uv": [10, 16, 16, 0], "rotation": 90, "texture": "#1"},
				"up": {"uv": [3, 0, 13, 16], "texture": "#0"},
				"down": {"uv": [3, 4, 11, 14], "texture": "#1"}
			}
		},
		{
			"from": [2, -10, 5],
			"to": [8, -6, 7],
			"faces": {
				"north": {"uv": [3, 11, 9, 15], "texture": "#1"},
				"east": {"uv": [3, 3, 7, 5], "rotation": 90, "texture": "#1"},
				"south": {"uv": [3, 8, 9, 12], "texture": "#1"},
				"west": {"uv": [9, 3, 13, 5], "rotation": 90, "texture": "#1"},
				"up": {"uv": [2, 2, 8, 4], "texture": "#1"},
				"down": {"uv": [3, 4, 9, 6], "texture": "#1"}
			}
		},
		{
			"from": [6, -8, 4],
			"to": [7, -6, 5],
			"faces": {
				"north": {"uv": [3, 11, 4, 13], "texture": "#1"},
				"east": {"uv": [3, 3, 5, 4], "rotation": 90, "texture": "#1"},
				"south": {"uv": [3, 8, 4, 10], "texture": "#1"},
				"west": {"uv": [9, 3, 11, 4], "rotation": 90, "texture": "#1"},
				"up": {"uv": [2, 2, 3, 3], "texture": "#1"},
				"down": {"uv": [3, 4, 4, 5], "texture": "#1"}
			}
		},
		{
			"from": [2, -10, 2],
			"to": [6, -6, 5],
			"faces": {
				"north": {"uv": [3, 11, 7, 15], "texture": "#1"},
				"east": {"uv": [3, 3, 7, 6], "rotation": 90, "texture": "#1"},
				"south": {"uv": [3, 8, 7, 12], "texture": "#1"},
				"west": {"uv": [9, 3, 13, 6], "rotation": 90, "texture": "#1"},
				"up": {"uv": [2, 2, 6, 5], "texture": "#1"},
				"down": {"uv": [10, 11, 14, 14], "texture": "#1"}
			}
		},
		{
			"from": [8, -6, 6],
			"to": [9, -5, 8],
			"faces": {
				"north": {"uv": [5, 9, 6, 10], "texture": "#1"},
				"east": {"uv": [6, 3, 7, 5], "rotation": 90, "texture": "#1"},
				"south": {"uv": [4, 7, 5, 8], "texture": "#1"},
				"west": {"uv": [11, 4, 12, 6], "rotation": 90, "texture": "#1"},
				"up": {"uv": [4, 5, 5, 7], "texture": "#1"},
				"down": {"uv": [3, 4, 4, 6], "texture": "#1"}
			}
		},
		{
			"from": [4, -6, 3],
			"to": [8, -5, 8],
			"faces": {
				"north": {"uv": [5, 9, 9, 10], "texture": "#1"},
				"east": {"uv": [6, 3, 7, 8], "rotation": 90, "texture": "#1"},
				"south": {"uv": [4, 7, 8, 8], "texture": "#1"},
				"west": {"uv": [11, 4, 12, 9], "rotation": 90, "texture": "#1"},
				"up": {"uv": [4, 5, 8, 10], "texture": "#1"},
				"down": {"uv": [3, 4, 7, 9], "texture": "#1"}
			}
		},
		{
			"from": [7, -5, 6],
			"to": [8, -2, 9],
			"faces": {
				"north": {"uv": [5, 9, 6, 12], "texture": "#1"},
				"east": {"uv": [6, 3, 9, 6], "rotation": 90, "texture": "#1"},
				"south": {"uv": [4, 7, 5, 10], "texture": "#1"},
				"west": {"uv": [11, 4, 14, 7], "rotation": 90, "texture": "#1"},
				"up": {"uv": [4, 5, 5, 8], "texture": "#1"},
				"down": {"uv": [3, 4, 4, 7], "texture": "#1"}
			}
		},
		{
			"from": [7, -2, 4],
			"to": [8, 0, 9],
			"faces": {
				"north": {"uv": [5, 9, 6, 11], "texture": "#1"},
				"east": {"uv": [6, 3, 8, 8], "rotation": 90, "texture": "#1"},
				"south": {"uv": [4, 7, 5, 9], "texture": "#1"},
				"west": {"uv": [11, 4, 13, 9], "rotation": 90, "texture": "#1"},
				"up": {"uv": [4, 5, 5, 10], "texture": "#1"},
				"down": {"uv": [3, 4, 4, 9], "texture": "#1"}
			}
		},
		{
			"from": [6, -5, 4],
			"to": [7, 0, 9],
			"faces": {
				"north": {"uv": [5, 9, 6, 14], "texture": "#1"},
				"east": {"uv": [6, 3, 11, 8], "rotation": 90, "texture": "#1"},
				"south": {"uv": [4, 7, 5, 12], "texture": "#1"},
				"west": {"uv": [11, 4, 16, 9], "rotation": 90, "texture": "#1"},
				"up": {"uv": [4, 5, 5, 10], "texture": "#1"},
				"down": {"uv": [3, 4, 4, 9], "texture": "#1"}
			}
		},
		{
			"from": [7, 0, 7],
			"to": [8, 3, 9],
			"faces": {
				"north": {"uv": [5, 9, 6, 12], "texture": "#1"},
				"east": {"uv": [6, 3, 9, 5], "rotation": 90, "texture": "#1"},
				"south": {"uv": [4, 7, 5, 10], "texture": "#1"},
				"west": {"uv": [11, 4, 14, 6], "rotation": 90, "texture": "#1"},
				"up": {"uv": [4, 5, 5, 7], "texture": "#1"},
				"down": {"uv": [3, 4, 4, 6], "texture": "#1"}
			}
		},
		{
			"from": [5, 0, 8],
			"to": [7, 3, 9],
			"faces": {
				"north": {"uv": [5, 9, 7, 12], "texture": "#1"},
				"east": {"uv": [6, 3, 9, 4], "rotation": 90, "texture": "#1"},
				"south": {"uv": [4, 7, 6, 10], "texture": "#1"},
				"west": {"uv": [11, 4, 14, 5], "rotation": 90, "texture": "#1"},
				"up": {"uv": [4, 5, 6, 6], "texture": "#1"},
				"down": {"uv": [3, 4, 5, 5], "texture": "#1"}
			}
		},
		{
			"from": [6, 0, 6],
			"to": [7, 2, 9],
			"faces": {
				"north": {"uv": [5, 9, 6, 11], "texture": "#1"},
				"east": {"uv": [6, 3, 8, 6], "rotation": 90, "texture": "#1"},
				"south": {"uv": [4, 7, 5, 9], "texture": "#1"},
				"west": {"uv": [11, 4, 13, 7], "rotation": 90, "texture": "#1"},
				"up": {"uv": [4, 5, 5, 8], "texture": "#1"},
				"down": {"uv": [3, 4, 4, 7], "texture": "#1"}
			}
		},
		{
			"from": [4, 0, 5],
			"to": [6, 2, 9],
			"faces": {
				"north": {"uv": [5, 9, 7, 11], "texture": "#1"},
				"east": {"uv": [6, 3, 8, 7], "rotation": 90, "texture": "#1"},
				"south": {"uv": [4, 7, 6, 9], "texture": "#1"},
				"west": {"uv": [11, 4, 13, 8], "rotation": 90, "texture": "#1"},
				"up": {"uv": [4, 5, 6, 9], "texture": "#1"},
				"down": {"uv": [3, 4, 5, 8], "texture": "#1"}
			}
		},
		{
			"from": [3, 0, 5],
			"to": [4, 1, 9],
			"faces": {
				"north": {"uv": [5, 9, 6, 10], "texture": "#1"},
				"east": {"uv": [6, 3, 7, 7], "rotation": 90, "texture": "#1"},
				"south": {"uv": [4, 7, 5, 8], "texture": "#1"},
				"west": {"uv": [11, 4, 12, 8], "rotation": 90, "texture": "#1"},
				"up": {"uv": [4, 5, 5, 9], "texture": "#1"},
				"down": {"uv": [3, 4, 4, 8], "texture": "#1"}
			}
		},
		{
			"from": [4, 0, 0],
			"to": [6, 1, 5],
			"faces": {
				"north": {"uv": [5, 9, 7, 10], "texture": "#1"},
				"east": {"uv": [6, 3, 7, 8], "rotation": 90, "texture": "#1"},
				"south": {"uv": [4, 7, 6, 8], "texture": "#1"},
				"west": {"uv": [11, 4, 12, 9], "rotation": 90, "texture": "#1"},
				"up": {"uv": [4, 5, 6, 10], "texture": "#1"},
				"down": {"uv": [3, 4, 5, 9], "texture": "#1"}
			}
		},
		{
			"from": [2, -10, 11],
			"to": [14, -6, 14],
			"faces": {
				"north": {"uv": [3, 11, 15, 15], "texture": "#1"},
				"east": {"uv": [3, 3, 7, 6], "rotation": 90, "texture": "#1"},
				"south": {"uv": [3, 8, 15, 12], "texture": "#1"},
				"west": {"uv": [9, 3, 13, 6], "rotation": 90, "texture": "#1"},
				"up": {"uv": [2, 2, 14, 5], "texture": "#1"},
				"down": {"uv": [3, 7, 15, 10], "texture": "#1"}
			}
		},
		{
			"from": [11, -10, 9],
			"to": [13, -6, 11],
			"faces": {
				"north": {"uv": [3, 11, 5, 15], "texture": "#1"},
				"east": {"uv": [3, 3, 7, 5], "rotation": 90, "texture": "#1"},
				"south": {"uv": [3, 8, 5, 12], "texture": "#1"},
				"west": {"uv": [9, 3, 13, 5], "rotation": 90, "texture": "#1"},
				"up": {"uv": [2, 2, 4, 4], "texture": "#1"},
				"down": {"uv": [3, 4, 5, 6], "texture": "#1"}
			}
		},
		{
			"from": [8, -10, 8],
			"to": [11, -6, 11],
			"faces": {
				"north": {"uv": [3, 11, 6, 15], "texture": "#1"},
				"east": {"uv": [3, 3, 7, 6], "rotation": 90, "texture": "#1"},
				"south": {"uv": [3, 8, 6, 12], "texture": "#1"},
				"west": {"uv": [9, 3, 13, 6], "rotation": 90, "texture": "#1"},
				"up": {"uv": [2, 2, 5, 5], "texture": "#1"},
				"down": {"uv": [3, 4, 6, 7], "texture": "#1"}
			}
		},
		{
			"from": [2, -10, 7],
			"to": [8, -6, 11],
			"faces": {
				"north": {"uv": [3, 11, 9, 15], "texture": "#1"},
				"east": {"uv": [3, 3, 7, 7], "rotation": 90, "texture": "#1"},
				"south": {"uv": [3, 8, 9, 12], "texture": "#1"},
				"west": {"uv": [5, 8, 9, 12], "rotation": 90, "texture": "#1"},
				"up": {"uv": [2, 2, 8, 6], "texture": "#1"},
				"down": {"uv": [3, 4, 9, 8], "texture": "#1"}
			}
		},
		{
			"from": [3, 0, 11],
			"to": [8, 6, 16],
			"faces": {
				"north": {"uv": [3, 0, 8, 6], "texture": "#1"},
				"east": {"uv": [10, 0, 16, 5], "rotation": 90, "texture": "#1"},
				"south": {"uv": [4, 6, 9, 12], "texture": "#1"},
				"west": {"uv": [10, 5, 16, 0], "rotation": 90, "texture": "#1"},
				"up": {"uv": [4, 6, 9, 11], "texture": "#0"},
				"down": {"uv": [3, 4, 8, 9], "texture": "#1"}
			}
		},
		{
			"from": [8, 0, 14],
			"to": [13, 6, 16],
			"faces": {
				"north": {"uv": [3, 0, 8, 6], "texture": "#1"},
				"east": {"uv": [10, 0, 16, 2], "rotation": 90, "texture": "#1"},
				"south": {"uv": [8, 8, 13, 14], "texture": "#1"},
				"west": {"uv": [10, 2, 16, 0], "rotation": 90, "texture": "#1"},
				"up": {"uv": [3, 0, 8, 2], "texture": "#0"},
				"down": {"uv": [3, 4, 8, 6], "texture": "#1"}
			}
		},
		{
			"from": [8, 0, 12],
			"to": [13, 4, 14],
			"faces": {
				"north": {"uv": [3, 0, 8, 4], "texture": "#1"},
				"east": {"uv": [10, 0, 14, 2], "rotation": 90, "texture": "#1"},
				"south": {"uv": [3, 0, 8, 4], "texture": "#1"},
				"west": {"uv": [10, 2, 14, 0], "rotation": 90, "texture": "#1"},
				"up": {"uv": [3, 0, 8, 2], "texture": "#0"},
				"down": {"uv": [3, 4, 8, 6], "texture": "#1"}
			}
		},
		{
			"from": [8, 0, 9],
			"to": [13, 2, 12],
			"faces": {
				"north": {"uv": [3, 0, 8, 2], "texture": "#1"},
				"east": {"uv": [10, 0, 12, 3], "rotation": 90, "texture": "#1"},
				"south": {"uv": [3, 0, 8, 2], "texture": "#1"},
				"west": {"uv": [10, 3, 12, 0], "rotation": 90, "texture": "#1"},
				"up": {"uv": [3, 0, 8, 3], "texture": "#0"},
				"down": {"uv": [3, 4, 8, 7], "texture": "#1"}
			}
		},
		{
			"from": [3, 0, 9],
			"to": [8, 4, 11],
			"faces": {
				"north": {"uv": [3, 0, 8, 4], "texture": "#1"},
				"east": {"uv": [10, 0, 14, 2], "rotation": 90, "texture": "#1"},
				"south": {"uv": [3, 0, 8, 4], "texture": "#1"},
				"west": {"uv": [10, 2, 14, 0], "rotation": 90, "texture": "#1"},
				"up": {"uv": [3, 0, 8, 2], "texture": "#0"},
				"down": {"uv": [3, 4, 8, 6], "texture": "#1"}
			}
		},
		{
			"from": [4, -6, 8],
			"to": [10, -5, 13],
			"faces": {
				"north": {"uv": [5, 9, 11, 10], "texture": "#1"},
				"east": {"uv": [6, 3, 7, 8], "rotation": 90, "texture": "#1"},
				"south": {"uv": [4, 7, 10, 8], "texture": "#1"},
				"west": {"uv": [11, 4, 12, 9], "rotation": 90, "texture": "#1"},
				"up": {"uv": [4, 5, 10, 10], "texture": "#1"},
				"down": {"uv": [3, 4, 9, 9], "texture": "#1"}
			}
		},
		{
			"from": [8, -5, 10],
			"to": [10, 0, 12],
			"faces": {
				"north": {"uv": [2, 7, 4, 12], "texture": "#1"},
				"east": {"uv": [4, 4, 9, 6], "rotation": 90, "texture": "#1"},
				"south": {"uv": [7, 8, 9, 13], "texture": "#1"},
				"west": {"uv": [7, 3, 12, 5], "rotation": 90, "texture": "#1"},
				"up": {"uv": [4, 5, 6, 7], "texture": "#1"},
				"down": {"uv": [3, 4, 5, 6], "texture": "#1"}
			}
		},
		{
			"from": [8, -5, 9],
			"to": [10, -2, 10],
			"faces": {
				"north": {"uv": [2, 7, 4, 10], "texture": "#1"},
				"east": {"uv": [4, 4, 7, 5], "rotation": 90, "texture": "#1"},
				"south": {"uv": [7, 8, 9, 11], "texture": "#1"},
				"west": {"uv": [7, 3, 10, 4], "rotation": 90, "texture": "#1"},
				"up": {"uv": [4, 5, 6, 6], "texture": "#1"},
				"down": {"uv": [3, 4, 5, 5], "texture": "#1"}
			}
		},
		{
			"from": [6, -5, 9],
			"to": [8, 0, 12],
			"faces": {
				"north": {"uv": [2, 7, 4, 12], "texture": "#1"},
				"east": {"uv": [4, 4, 9, 7], "rotation": 90, "texture": "#1"},
				"south": {"uv": [7, 8, 9, 13], "texture": "#1"},
				"west": {"uv": [7, 3, 12, 6], "rotation": 90, "texture": "#1"},
				"up": {"uv": [4, 5, 6, 8], "texture": "#1"},
				"down": {"uv": [3, 4, 5, 7], "texture": "#1"}
			}
		},
		{
			"from": [10, -6, 9],
			"to": [12, -5, 13],
			"faces": {
				"north": {"uv": [5, 9, 7, 10], "texture": "#1"},
				"east": {"uv": [6, 3, 7, 7], "rotation": 90, "texture": "#1"},
				"south": {"uv": [4, 7, 6, 8], "texture": "#1"},
				"west": {"uv": [11, 4, 12, 8], "rotation": 90, "texture": "#1"},
				"up": {"uv": [4, 5, 6, 9], "texture": "#1"},
				"down": {"uv": [3, 4, 5, 8], "texture": "#1"}
			}
		},
		{
			"from": [6, -10, 4],
			"to": [7, -8, 5],
			"faces": {
				"north": {"uv": [3, 11, 4, 13], "texture": "#1"},
				"east": {"uv": [3, 3, 5, 4], "rotation": 90, "texture": "#1"},
				"south": {"uv": [3, 8, 4, 10], "texture": "#1"},
				"west": {"uv": [9, 3, 11, 4], "rotation": 90, "texture": "#1"},
				"up": {"uv": [2, 2, 3, 3], "texture": "#1"},
				"down": {"uv": [3, 4, 4, 5], "texture": "#1"}
			}
		},
		{
			"from": [8, -5, 4],
			"to": [10, 0, 9],
			"faces": {
				"north": {"uv": [2, 7, 4, 12], "texture": "#1"},
				"east": {"uv": [4, 4, 9, 9], "rotation": 90, "texture": "#1"},
				"south": {"uv": [7, 8, 9, 13], "texture": "#1"},
				"west": {"uv": [7, 3, 12, 8], "rotation": 90, "texture": "#1"},
				"up": {"uv": [4, 5, 6, 10], "texture": "#1"},
				"down": {"uv": [3, 4, 5, 9], "texture": "#1"}
			}
		},
		{
			"from": [8, 0, 6],
			"to": [13, 4, 9],
			"faces": {
				"north": {"uv": [2, 7, 7, 11], "texture": "#1"},
				"east": {"uv": [4, 4, 8, 7], "rotation": 90, "texture": "#1"},
				"south": {"uv": [7, 8, 12, 12], "texture": "#1"},
				"west": {"uv": [7, 3, 11, 6], "rotation": 90, "texture": "#1"},
				"up": {"uv": [4, 5, 9, 8], "texture": "#1"},
				"down": {"uv": [3, 4, 8, 7], "texture": "#1"}
			}
		},
		{
			"from": [8, 2, 9],
			"to": [13, 6, 12],
			"faces": {
				"north": {"uv": [2, 7, 7, 11], "texture": "#1"},
				"east": {"uv": [8, 8, 12, 11], "rotation": 90, "texture": "#1"},
				"south": {"uv": [7, 8, 12, 12], "texture": "#1"},
				"west": {"uv": [7, 3, 11, 6], "rotation": 90, "texture": "#1"},
				"up": {"uv": [4, 5, 9, 8], "texture": "#1"},
				"down": {"uv": [3, 4, 8, 7], "texture": "#1"}
			}
		},
		{
			"from": [6, 4, 9],
			"to": [8, 6, 11],
			"faces": {
				"north": {"uv": [2, 7, 4, 9], "texture": "#1"},
				"east": {"uv": [4, 4, 6, 6], "rotation": 90, "texture": "#1"},
				"south": {"uv": [7, 8, 9, 10], "texture": "#1"},
				"west": {"uv": [7, 3, 9, 5], "rotation": 90, "texture": "#1"},
				"up": {"uv": [4, 5, 6, 7], "texture": "#1"},
				"down": {"uv": [3, 4, 5, 6], "texture": "#1"}
			}
		},
		{
			"from": [9, 4, 5],
			"to": [13, 6, 9],
			"faces": {
				"north": {"uv": [2, 7, 6, 9], "texture": "#1"},
				"east": {"uv": [4, 4, 6, 8], "rotation": 90, "texture": "#1"},
				"south": {"uv": [7, 8, 11, 10], "texture": "#1"},
				"west": {"uv": [7, 3, 9, 7], "rotation": 90, "texture": "#1"},
				"up": {"uv": [4, 5, 8, 9], "texture": "#1"},
				"down": {"uv": [3, 4, 7, 8], "texture": "#1"}
			}
		},
		{
			"from": [8, 4, 0],
			"to": [13, 6, 5],
			"faces": {
				"north": {"uv": [2, 5, 7, 7], "texture": "#1"},
				"east": {"uv": [4, 4, 6, 9], "rotation": 90, "texture": "#1"},
				"south": {"uv": [7, 8, 12, 10], "texture": "#1"},
				"west": {"uv": [7, 3, 9, 8], "rotation": 90, "texture": "#1"},
				"up": {"uv": [7, 6, 12, 11], "texture": "#1"},
				"down": {"uv": [3, 4, 8, 9], "texture": "#1"}
			}
		},
		{
			"from": [8, 4, 12],
			"to": [13, 6, 14],
			"faces": {
				"north": {"uv": [2, 7, 7, 9], "texture": "#1"},
				"east": {"uv": [4, 4, 6, 6], "rotation": 90, "texture": "#1"},
				"south": {"uv": [7, 8, 12, 10], "texture": "#1"},
				"west": {"uv": [7, 3, 9, 5], "rotation": 90, "texture": "#1"},
				"up": {"uv": [4, 5, 9, 7], "texture": "#1"},
				"down": {"uv": [3, 4, 8, 6], "texture": "#1"}
			}
		},
		{
			"from": [7, 2, 0],
			"to": [13, 4, 6],
			"faces": {
				"north": {"uv": [7, 8, 13, 10], "texture": "#1"},
				"east": {"uv": [10, 6, 12, 12], "rotation": 90, "texture": "#1"},
				"south": {"uv": [7, 8, 13, 10], "texture": "#1"},
				"west": {"uv": [7, 3, 9, 9], "rotation": 90, "texture": "#1"},
				"up": {"uv": [4, 5, 10, 11], "texture": "#1"},
				"down": {"uv": [3, 4, 9, 10], "texture": "#1"}
			}
		},
		{
			"from": [6, 0, 0],
			"to": [13, 2, 6],
			"faces": {
				"north": {"uv": [2, 7, 9, 9], "texture": "#1"},
				"east": {"uv": [11, 7, 13, 13], "rotation": 90, "texture": "#1"},
				"south": {"uv": [7, 8, 14, 10], "texture": "#1"},
				"west": {"uv": [7, 3, 9, 9], "rotation": 90, "texture": "#1"},
				"up": {"uv": [4, 5, 11, 11], "texture": "#1"},
				"down": {"uv": [3, 4, 10, 10], "texture": "#1"}
			}
		},
		{
			"from": [7, 0, 6],
			"to": [11, 3, 7],
			"faces": {
				"north": {"uv": [2, 7, 6, 10], "texture": "#1"},
				"east": {"uv": [4, 4, 7, 5], "rotation": 90, "texture": "#1"},
				"south": {"uv": [7, 8, 11, 11], "texture": "#1"},
				"west": {"uv": [7, 3, 10, 4], "rotation": 90, "texture": "#1"},
				"up": {"uv": [4, 5, 8, 6], "texture": "#1"},
				"down": {"uv": [3, 4, 7, 5], "texture": "#1"}
			}
		},
		{
			"from": [7, -5, 4],
			"to": [8, -2, 6],
			"faces": {
				"north": {"uv": [2, 7, 3, 10], "texture": "#1"},
				"east": {"uv": [4, 4, 7, 6], "rotation": 90, "texture": "#1"},
				"south": {"uv": [7, 8, 8, 11], "texture": "#1"},
				"west": {"uv": [7, 3, 10, 5], "rotation": 90, "texture": "#1"},
				"up": {"uv": [4, 5, 5, 7], "texture": "#1"},
				"down": {"uv": [3, 4, 4, 6], "texture": "#1"}
			}
		},
		{
			"from": [8, -2, 9],
			"to": [10, 0, 10],
			"faces": {
				"north": {"uv": [2, 7, 4, 9], "texture": "#1"},
				"east": {"uv": [4, 4, 6, 5], "rotation": 90, "texture": "#1"},
				"south": {"uv": [7, 8, 9, 10], "texture": "#1"},
				"west": {"uv": [7, 3, 9, 4], "rotation": 90, "texture": "#1"},
				"up": {"uv": [4, 5, 6, 6], "texture": "#1"},
				"down": {"uv": [3, 4, 5, 5], "texture": "#1"}
			}
		},
		{
			"from": [11, -10, 2],
			"to": [14, -6, 5],
			"faces": {
				"north": {"uv": [3, 11, 6, 15], "texture": "#1"},
				"east": {"uv": [3, 3, 7, 6], "rotation": 90, "texture": "#1"},
				"south": {"uv": [3, 8, 6, 12], "texture": "#1"},
				"west": {"uv": [9, 3, 13, 6], "rotation": 90, "texture": "#1"},
				"up": {"uv": [2, 2, 5, 5], "texture": "#1"},
				"down": {"uv": [3, 4, 6, 7], "texture": "#1"}
			}
		},
		{
			"from": [13, -10, 9],
			"to": [14, -6, 11],
			"faces": {
				"north": {"uv": [3, 11, 4, 15], "texture": "#1"},
				"east": {"uv": [3, 3, 7, 5], "rotation": 90, "texture": "#1"},
				"south": {"uv": [3, 8, 4, 12], "texture": "#1"},
				"west": {"uv": [9, 3, 13, 5], "rotation": 90, "texture": "#1"},
				"up": {"uv": [2, 2, 3, 4], "texture": "#1"},
				"down": {"uv": [3, 4, 4, 6], "texture": "#1"}
			}
		},
		{
			"from": [11, -10, 8],
			"to": [14, -6, 9],
			"faces": {
				"north": {"uv": [3, 11, 6, 15], "texture": "#1"},
				"east": {"uv": [3, 3, 7, 4], "rotation": 90, "texture": "#1"},
				"south": {"uv": [3, 8, 6, 12], "texture": "#1"},
				"west": {"uv": [9, 3, 13, 4], "rotation": 90, "texture": "#1"},
				"up": {"uv": [2, 2, 5, 3], "texture": "#1"},
				"down": {"uv": [3, 4, 6, 5], "texture": "#1"}
			}
		},
		{
			"from": [8, -10, 5],
			"to": [14, -6, 8],
			"faces": {
				"north": {"uv": [3, 11, 9, 15], "texture": "#1"},
				"east": {"uv": [8, 8, 12, 11], "rotation": 90, "texture": "#1"},
				"south": {"uv": [3, 8, 9, 12], "texture": "#1"},
				"west": {"uv": [9, 3, 13, 6], "rotation": 90, "texture": "#1"},
				"up": {"uv": [2, 2, 8, 5], "texture": "#1"},
				"down": {"uv": [5, 7, 11, 10], "texture": "#1"}
			}
		},
		{
			"from": [7, -10, 2],
			"to": [11, -6, 5],
			"faces": {
				"north": {"uv": [3, 11, 7, 15], "texture": "#1"},
				"east": {"uv": [3, 3, 7, 6], "rotation": 90, "texture": "#1"},
				"south": {"uv": [3, 8, 7, 12], "texture": "#1"},
				"west": {"uv": [9, 3, 13, 6], "rotation": 90, "texture": "#1"},
				"up": {"uv": [2, 2, 6, 5], "texture": "#1"},
				"down": {"uv": [3, 4, 7, 7], "texture": "#1"}
			}
		},
		{
			"from": [6, -10, 2],
			"to": [7, -6, 4],
			"faces": {
				"north": {"uv": [3, 11, 4, 15], "texture": "#1"},
				"east": {"uv": [3, 3, 7, 5], "rotation": 90, "texture": "#1"},
				"south": {"uv": [3, 8, 4, 12], "texture": "#1"},
				"west": {"uv": [9, 3, 13, 5], "rotation": 90, "texture": "#1"},
				"up": {"uv": [2, 2, 3, 4], "texture": "#1"},
				"down": {"uv": [3, 4, 4, 6], "texture": "#1"}
			}
		},
		{
			"from": [9, -6, 3],
			"to": [12, -5, 8],
			"faces": {
				"north": {"uv": [5, 9, 8, 10], "texture": "#1"},
				"east": {"uv": [6, 3, 7, 8], "rotation": 90, "texture": "#1"},
				"south": {"uv": [4, 7, 7, 8], "texture": "#1"},
				"west": {"uv": [11, 4, 12, 9], "rotation": 90, "texture": "#1"},
				"up": {"uv": [4, 5, 7, 10], "texture": "#1"},
				"down": {"uv": [3, 4, 6, 9], "texture": "#1"}
			}
		},
		{
			"from": [10, -6, 8],
			"to": [12, -5, 9],
			"faces": {
				"north": {"uv": [5, 9, 7, 10], "texture": "#1"},
				"east": {"uv": [6, 3, 7, 4], "rotation": 90, "texture": "#1"},
				"south": {"uv": [4, 7, 6, 8], "texture": "#1"},
				"west": {"uv": [11, 4, 12, 5], "rotation": 90, "texture": "#1"},
				"up": {"uv": [4, 5, 6, 6], "texture": "#1"},
				"down": {"uv": [3, 4, 5, 5], "texture": "#1"}
			}
		},
		{
			"from": [8, -6, 3],
			"to": [9, -5, 6],
			"faces": {
				"north": {"uv": [5, 9, 6, 10], "texture": "#1"},
				"east": {"uv": [6, 3, 7, 6], "rotation": 90, "texture": "#1"},
				"south": {"uv": [4, 7, 5, 8], "texture": "#1"},
				"west": {"uv": [11, 4, 12, 7], "rotation": 90, "texture": "#1"},
				"up": {"uv": [4, 5, 5, 8], "texture": "#1"},
				"down": {"uv": [3, 4, 4, 7], "texture": "#1"}
			}
		},
		{
			"from": [3, 0, 0],
			"to": [4, 1, 5],
			"faces": {
				"north": {"uv": [2, 7, 3, 8], "texture": "#1"},
				"east": {"uv": [4, 4, 5, 9], "rotation": 90, "texture": "#1"},
				"south": {"uv": [7, 8, 8, 9], "texture": "#1"},
				"west": {"uv": [7, 3, 8, 8], "rotation": 90, "texture": "#1"},
				"up": {"uv": [4, 5, 5, 10], "texture": "#1"},
				"down": {"uv": [3, 4, 4, 9], "texture": "#1"}
			}
		},
		{
			"from": [3, 1, 0],
			"to": [4, 2, 9],
			"faces": {
				"north": {"uv": [2, 7, 3, 8], "texture": "#1"},
				"east": {"uv": [4, 4, 5, 13], "rotation": 90, "texture": "#1"},
				"south": {"uv": [7, 8, 8, 9], "texture": "#1"},
				"west": {"uv": [10, 1, 11, 10], "rotation": 90, "texture": "#1"},
				"up": {"uv": [4, 5, 5, 14], "texture": "#1"},
				"down": {"uv": [3, 4, 4, 13], "texture": "#1"}
			}
		},
		{
			"from": [4, 1, 0],
			"to": [6, 2, 5],
			"faces": {
				"north": {"uv": [2, 7, 4, 8], "texture": "#1"},
				"east": {"uv": [4, 4, 5, 9], "rotation": 90, "texture": "#1"},
				"south": {"uv": [7, 8, 9, 9], "texture": "#1"},
				"west": {"uv": [7, 3, 8, 8], "rotation": 90, "texture": "#1"},
				"up": {"uv": [4, 5, 6, 10], "texture": "#1"},
				"down": {"uv": [3, 4, 5, 9], "texture": "#1"}
			}
		},
		{
			"from": [5, 2, 0],
			"to": [7, 3, 8],
			"faces": {
				"north": {"uv": [2, 7, 4, 8], "texture": "#1"},
				"east": {"uv": [4, 4, 5, 12], "rotation": 90, "texture": "#1"},
				"south": {"uv": [7, 8, 9, 9], "texture": "#1"},
				"west": {"uv": [7, 3, 8, 11], "rotation": 90, "texture": "#1"},
				"up": {"uv": [4, 5, 6, 13], "texture": "#1"},
				"down": {"uv": [3, 4, 5, 12], "texture": "#1"}
			}
		},
		{
			"from": [3, 2, 0],
			"to": [5, 3, 9],
			"faces": {
				"north": {"uv": [2, 7, 4, 8], "texture": "#1"},
				"east": {"uv": [4, 4, 5, 13], "rotation": 90, "texture": "#1"},
				"south": {"uv": [7, 8, 9, 9], "texture": "#1"},
				"west": {"uv": [10, 1, 11, 10], "rotation": 90, "texture": "#1"},
				"up": {"uv": [4, 5, 6, 14], "texture": "#1"},
				"down": {"uv": [3, 4, 5, 13], "texture": "#1"}
			}
		},
		{
			"from": [3, 3, 0],
			"to": [7, 4, 9],
			"faces": {
				"north": {"uv": [2, 7, 6, 8], "texture": "#1"},
				"east": {"uv": [4, 4, 5, 13], "rotation": 90, "texture": "#1"},
				"south": {"uv": [7, 8, 11, 9], "texture": "#1"},
				"west": {"uv": [7, 3, 8, 12], "rotation": 90, "texture": "#1"},
				"up": {"uv": [4, 5, 8, 14], "texture": "#1"},
				"down": {"uv": [3, 4, 7, 13], "texture": "#1"}
			}
		},
		{
			"from": [7, 3, 6],
			"to": [8, 4, 9],
			"faces": {
				"north": {"uv": [2, 7, 3, 8], "texture": "#1"},
				"east": {"uv": [4, 4, 5, 7], "rotation": 90, "texture": "#1"},
				"south": {"uv": [7, 8, 8, 9], "texture": "#1"},
				"west": {"uv": [7, 3, 8, 6], "rotation": 90, "texture": "#1"},
				"up": {"uv": [4, 5, 5, 8], "texture": "#1"},
				"down": {"uv": [3, 4, 4, 7], "texture": "#1"}
			}
		},
		{
			"from": [8, 4, 5],
			"to": [9, 6, 9],
			"faces": {
				"north": {"uv": [2, 7, 3, 9], "texture": "#1"},
				"east": {"uv": [4, 4, 6, 8], "rotation": 90, "texture": "#1"},
				"south": {"uv": [7, 8, 8, 10], "texture": "#1"},
				"west": {"uv": [7, 3, 9, 7], "rotation": 90, "texture": "#1"},
				"up": {"uv": [4, 5, 5, 9], "texture": "#1"},
				"down": {"uv": [3, 4, 4, 8], "texture": "#1"}
			}
		},
		{
			"from": [6, 4, 0],
			"to": [8, 6, 9],
			"faces": {
				"north": {"uv": [8, 9, 10, 11], "texture": "#1"},
				"east": {"uv": [4, 4, 6, 13], "rotation": 90, "texture": "#1"},
				"south": {"uv": [7, 8, 9, 10], "texture": "#1"},
				"west": {"uv": [7, 3, 9, 12], "rotation": 90, "texture": "#1"},
				"up": {"uv": [4, 5, 6, 14], "texture": "#1"},
				"down": {"uv": [3, 4, 5, 13], "texture": "#1"}
			}
		},
		{
			"from": [3, 4, 0],
			"to": [6, 6, 11],
			"faces": {
				"north": {"uv": [2, 7, 5, 9], "texture": "#1"},
				"east": {"uv": [4, 4, 6, 15], "rotation": 90, "texture": "#1"},
				"south": {"uv": [7, 8, 10, 10], "texture": "#1"},
				"west": {"uv": [7, 3, 9, 14], "rotation": 90, "texture": "#1"},
				"up": {"uv": [8, 5, 11, 16], "texture": "#1"},
				"down": {"uv": [3, 4, 6, 15], "texture": "#1"}
			}
		}
	],
	"display": {
		"head": {
			"translation": [0, -16, 0],
			"scale": [1.6, 1.6, 1.6]
		}
	},
	"groups": [0, 1,
		{
			"name": "group",
			"origin": [0, 0, 0],
			"nbt": "{}",
			"children": [2, 3, 4, 5, 6, 7, 8, 9, 10, 11, 12, 13, 14, 15]
		},
		{
			"name": "group",
			"origin": [8, 8, 8],
			"nbt": "{}",
			"children": [16, 17, 18, 19, 20, 21, 22, 23, 24, 25, 26, 27, 28, 29]
		},
		{
			"name": "group",
			"origin": [0, 0, 0],
			"nbt": "{}",
			"children": [30, 31, 32, 33, 34, 35, 36, 37, 38, 39, 40, 41, 42, 43, 44, 45, 46, 47, 48, 49, 50, 51]
		},
		{
			"name": "group",
			"origin": [8, 8, 8],
			"nbt": "{}",
			"children": [52, 53, 54, 55, 56, 57, 58, 59, 60, 61]
		}
	]
}