{
	"credit": "Made with Blockbench",
	"textures": {
		"0": "custom/cactus_side",
		"1": "custom/cactus_bottom",
		"2": "custom/cactus_top",
		"particle": "custom/cactus_side"
	},
	"elements": [
		{
			"from": [2, 0, 2],
			"to": [14, 16, 14],
			"faces": {
				"north": {"uv": [2, 0, 14, 16], "texture": "#0"},
				"east": {"uv": [2, 0, 14, 16], "texture": "#0"},
				"south": {"uv": [2, 0, 14, 16], "texture": "#0"},
				"west": {"uv": [2, 0, 14, 16], "texture": "#0"},
				"up": {"uv": [2, 2, 14, 14], "texture": "#2"},
				"down": {"uv": [2, 2, 14, 14], "texture": "#1"}
			}
		},
		{
			"from": [2, 0, 1],
			"to": [2, 16, 2],
			"faces": {
				"west": {"uv": [0, 0, 1, 16], "texture": "#0"}
			}
		},
		{
			"from": [2, 0, 14],
			"to": [2, 16, 15],
			"faces": {
				"west": {"uv": [15, 0, 16, 16], "texture": "#0"}
			}
		},
		{
			"from": [14, 0, 14],
			"to": [14, 16, 15],
			"faces": {
				"east": {"uv": [0, 0, 1, 16], "texture": "#0"}
			}
		},
		{
			"from": [14, 0, 1],
			"to": [14, 16, 2],
			"faces": {
				"east": {"uv": [15, 0, 16, 16], "texture": "#0"}
			}
		},
		{
			"from": [1, 0, 14],
			"to": [2, 16, 14],
			"faces": {
				"south": {"uv": [0, 0, 1, 16], "texture": "#0"}
			}
		},
		{
			"from": [14, 0, 14],
			"to": [15, 16, 14],
			"faces": {
				"south": {"uv": [15, 0, 16, 16], "texture": "#0"}
			}
		},
		{
			"from": [14, 0, 2],
			"to": [15, 16, 2],
			"faces": {
				"north": {"uv": [0, 0, 1, 16], "texture": "#0"}
			}
		},
		{
			"from": [1, 0, 2],
			"to": [2, 16, 2],
			"faces": {
				"north": {"uv": [15, 0, 16, 16], "texture": "#0"}
			}
		}
	],
	"display": {
		"head": {
			"rotation": [0, -180, 0],
			"translation": [0, -43, 0],
			"scale": [1.6, 1.6, 1.6]
		}
	}
}