{
	"credit": "Made with Blockbench",
	"textures": {
		"0": "custom/cactus_side",
		"1": "custom/cactus_bottom",
		"2": "custom/cactus_top",
		"particle": "custom/cactus_side"
	},
	"elements": [
		{
			"from": [4, 0, 4],
			"to": [12, 16, 12],
			"faces": {
				"north": {"uv": [4, 0, 12, 16], "texture": "#0"},
				"east": {"uv": [4, 0, 12, 16], "texture": "#0"},
				"south": {"uv": [4, 0, 12, 16], "texture": "#0"},
				"west": {"uv": [4, 0, 12, 16], "texture": "#0"},
				"up": {"uv": [4, 4, 12, 12], "texture": "#2"},
				"down": {"uv": [4, 4, 12, 12], "texture": "#1"}
			}
		},
		{
			"from": [4, 0, 3],
			"to": [4, 16, 4],
			"faces": {
				"west": {"uv": [0, 0, 1, 16], "texture": "#0"}
			}
		},
		{
			"from": [4, 0, 12],
			"to": [4, 16, 13],
			"faces": {
				"west": {"uv": [15, 0, 16, 16], "texture": "#0"}
			}
		},
		{
			"from": [12, 0, 12],
			"to": [12, 16, 13],
			"faces": {
				"east": {"uv": [0, 0, 1, 16], "texture": "#0"}
			}
		},
		{
			"from": [12, 0, 3],
			"to": [12, 16, 4],
			"faces": {
				"east": {"uv": [15, 0, 16, 16], "texture": "#0"}
			}
		},
		{
			"from": [3, 0, 12],
			"to": [4, 16, 12],
			"faces": {
				"south": {"uv": [0, 0, 1, 16], "texture": "#0"}
			}
		},
		{
			"from": [12, 0, 12],
			"to": [13, 16, 12],
			"faces": {
				"south": {"uv": [15, 0, 16, 16], "texture": "#0"}
			}
		},
		{
			"from": [12, 0, 4],
			"to": [13, 16, 4],
			"faces": {
				"north": {"uv": [0, 0, 1, 16], "texture": "#0"}
			}
		},
		{
			"from": [3, 0, 4],
			"to": [4, 16, 4],
			"faces": {
				"north": {"uv": [15, 0, 16, 16], "texture": "#0"}
			}
		}
	],
	"display": {
		"head": {
			"rotation": [0, -180, 0],
			"translation": [0, -43, 0],
			"scale": [1.6, 1.6, 1.6]
		}
	}
}