{
	"credit": "Made with Blockbench",
	"textures": {
		"0": "custom/end_crystal",
		"particle": "custom/end_crystal"
	},
	"elements": [
		{
			"from": [0, 16, 0],
			"to": [16, 16, 16],
			"rotation": {"angle": 0, "axis": "x", "origin": [8, 8, 8]},
			"faces": {
				"up": {"uv": [4, 16, 8, 12], "texture": "#0"},
				"down": {"uv": [4, 12, 8, 16], "texture": "#0"}
			}
		},
		{
			"from": [0, 0, 16],
			"to": [16, 16, 16],
			"rotation": {"angle": 0, "axis": "x", "origin": [8, 8, 8]},
			"faces": {
				"north": {"uv": [8, 8, 4, 12], "texture": "#0"},
				"south": {"uv": [8, 8, 12, 12], "texture": "#0"}
			}
		},
		{
			"from": [0, 0, 0],
			"to": [0, 16, 16],
			"rotation": {"angle": 0, "axis": "y", "origin": [8, 0, 8]},
			"faces": {
				"east": {"uv": [12, 4, 16, 8], "texture": "#0"},
				"west": {"uv": [16, 4, 12, 8], "texture": "#0"}
			}
		}
	],
	"display": {
		"head": {
			"rotation": [-45, -45, 45],
			"translation": [15, -40, -0.5],
			"scale": [1.6, 1.6, 1.6]
		}
	}
}