{
	"credit": "Made with Blockbench",
	"textures": {
		"0": "custom/end_crystal",
		"particle": "custom/end_crystal"
	},
	"elements": [
		{
			"from": [0, 16, 0],
			"to": [16, 16, 16],
			"rotation": {"angle": 0, "axis": "x", "origin": [8, 8, 8]},
			"faces": {
				"up": {"uv": [0, 8, 4, 4], "texture": "#0"},
				"down": {"uv": [0, 4, 4, 8], "texture": "#0"}
			}
		},
		{
			"from": [0, 0, 16],
			"to": [16, 16, 16],
			"rotation": {"angle": 0, "axis": "x", "origin": [8, 8, 8]},
			"faces": {
				"north": {"uv": [8.5, 0, 4.5, 4], "texture": "#0"},
				"south": {"uv": [4.5, 0, 8.5, 4], "texture": "#0"}
			}
		},
		{
			"from": [0, 0, 0],
			"to": [0, 16, 16],
			"rotation": {"angle": 0, "axis": "y", "origin": [8, 0, 8]},
			"faces": {
				"east": {"uv": [9, 0, 13, 4], "texture": "#0"},
				"west": {"uv": [13, 0, 9, 4], "texture": "#0"}
			}
		}
	],
	"display": {
		"head": {
			"rotation": [45, 45, 45],
			"translation": [0, -29, 0],
			"scale": [1.6, 1.6, 1.6]
		}
	}
}