{
	"credit": "Made with Blockbench",
	"textures": {
		"0": "custom/fire_helmet_head",
		"particle": "custom/fire_helmet_head"
	},
	"elements": [
		{
			"from": [0, 0, 0],
			"to": [16, 16, 16],
			"faces": {
				"north": {"uv": [8, 4, 12, 8], "texture": "#0"},
				"east": {"uv": [4, 4, 8, 8], "texture": "#0"},
				"south": {"uv": [0, 4, 4, 8], "texture": "#0"},
				"west": {"uv": [12, 4, 16, 8], "texture": "#0"},
				"up": {"uv": [4, 0, 8, 4], "texture": "#0"},
				"down": {"uv": [4, 9, 8, 13], "texture": "#0"}
			}
		},
		{
			"name": "cube inverted",
			"from": [16, 16, 16],
			"to": [0, 0, 0],
			"faces": {
				"north": {"uv": [0, 8, 4, 4], "texture": "#0"},
				"east": {"uv": [12, 8, 16, 4], "texture": "#0"},
				"south": {"uv": [8, 8, 12, 4], "texture": "#0"},
				"west": {"uv": [4, 8, 8, 4], "texture": "#0"},
				"up": {"uv": [8, 9, 4, 13], "texture": "#0"},
				"down": {"uv": [8, 0, 4, 4], "texture": "#0"}
			}
		}
	],
	"display": {
		"thirdperson_righthand": {
			"scale": [0.4, 0.4, 0.4]
		},
		"thirdperson_lefthand": {
			"scale": [0.4, 0.4, 0.4]
		},
		"firstperson_righthand": {
			"scale": [0.4, 0.4, 0.4]
		},
		"firstperson_lefthand": {
			"scale": [0.4, 0.4, 0.4]
		},
		"ground": {
			"scale": [0.4, 0.4, 0.4]
		},
		"gui": {
			"rotation": [5, -108, 0],
			"translation": [0, -1, 1],
			"scale": [0.7, 0.7, 0.7]
		},
		"head": {
			"rotation": [0, 90, 0]
		}
	}
}