{
	"credit": "Made with Blockbench",
	"textures": {
		"0": "custom/floaty"
	},
	"elements": [
		{
			"from": [0, 0, 0],
			"to": [12, 16, 8],
			"faces": {
				"north": {"uv": [4, 6, 12, 16], "texture": "#0"},
				"east": {"uv": [0, 6, 5, 16], "texture": "#0"},
				"south": {"uv": [4, 6, 12, 16], "texture": "#0"},
				"west": {"uv": [0, 6, 5, 16], "texture": "#0"},
				"up": {"uv": [0, 0, 8, 5], "texture": "#0"},
				"down": {"uv": [0, 0, 8, 5], "texture": "#0"}
			}
		},
		{
			"from": [-0.25, 11, 3.25],
			"to": [0, 12.5, 4.75],
			"faces": {
				"north": {"uv": [14, 1, 15, 2], "texture": "#0"},
				"east": {"uv": [14, 1, 15, 2], "texture": "#0"},
				"south": {"uv": [14, 1, 15, 2], "texture": "#0"},
				"west": {"uv": [14, 1, 15, 2], "texture": "#0"},
				"up": {"uv": [14, 1, 15, 2], "texture": "#0"},
				"down": {"uv": [14, 1, 15, 2], "texture": "#0"}
			}
		}
	],
	"display": {
		"thirdperson_righthand": {
			"rotation": [0, 0, -90],
			"translation": [1, -3, 10],
			"scale": [0.5, 0.5, 0.5]
		},
		"thirdperson_lefthand": {
			"rotation": [-180, 0, -90],
			"translation": [1, -3, 6],
			"scale": [0.5, 0.5, 0.5]
		},
		"firstperson_righthand": {
			"rotation": [-11, 146, 12],
			"translation": [3.25, 1.75, 1.5],
			"scale": [0.5, 0.5, 0.5]
		},
		"firstperson_lefthand": {
			"rotation": [-15, -30, -14],
			"translation": [3.5, 1.5, 3.25],
			"scale": [0.5, 0.5, 0.5]
		},
		"ground": {
			"translation": [0, 1, 1.75],
			"scale": [0.5, 0.5, 0.5]
		},
		"gui": {
			"rotation": [6, 117, 7],
			"translation": [1.5, 0.5, 0],
			"scale": [0.7, 0.7, 0.7]
		}
	}
}