{
    "parent": "item/generated",
    "textures": {
        "layer0": "item/iron_nugget"
    },
    "overrides": [
        {"predicate": {"custom_model_data": 1}, "model": "item/fire_helmet"},
        {"predicate": {"custom_model_data": 2}, "model": "item/propeller_hat_1"},
        {"predicate": {"custom_model_data": 3}, "model": "item/propeller_hat_2"},
        {"predicate": {"custom_model_data": 4}, "model": "item/propeller_hat_3"},
        {"predicate": {"custom_model_data": 5}, "model": "item/propeller_hat_4"},
        {"predicate": {"custom_model_data": 6}, "model": "item/propeller_hat_5"},
		{"predicate": {"custom_model_data": 7}, "model": "item/propeller_hat_6"},
		{"predicate": {"custom_model_data": 8}, "model": "item/propeller_hat_7"},
		{"predicate": {"custom_model_data": 9}, "model": "item/propeller_hat_8"},
		{"predicate": {"custom_model_data": 10}, "model": "item/floaty"},
		{"predicate": {"custom_model_data": 11}, "model": "item/cactus1"},
		{"predicate": {"custom_model_data": 12}, "model": "item/cactus2"},
		{"predicate": {"custom_model_data": 13}, "model": "item/cactus3"},
		{"predicate": {"custom_model_data": 14}, "model": "item/cactus4"},
		{"predicate": {"custom_model_data": 15}, "model": "item/cactus5"},
		{"predicate": {"custom_model_data": 16}, "model": "item/crystal_part1"},
		{"predicate": {"custom_model_data": 17}, "model": "item/crystal_part2"},
		{"predicate": {"custom_model_data": 18}, "model": "item/crystal_part3"},
		{"predicate": {"custom_model_data": 19}, "model": "item/crystal_part4"},
		{"predicate": {"custom_model_data": 20}, "model": "item/anvil_part1"},
		{"predicate": {"custom_model_data": 21}, "model": "item/anvil_part2"},
		{"predicate": {"custom_model_data": 22}, "model": "item/anvil_part3"},
		{"predicate": {"custom_model_data": 23}, "model": "item/anvil_part4"},
		{"predicate": {"custom_model_data": 30}, "model": "item/phantom_wing"},
		{"predicate": {"custom_model_data": 31}, "model": "item/bee_wing"},
		{"predicate": {"custom_model_data": 32}, "model": "item/vex_wing"}

    ]
}
