{
	"credit": "Made with Blockbench",
	"textures": {
		"1": "custom/notch_wing"
	},
	"elements": [
		{
			"from": [9, 0, 8],
			"to": [25, 16, 8],
			"rotation": {"angle": -22.5, "axis": "y", "origin": [9, 0, 8]},
			"faces": {
				"north": {"uv": [1, 2.5, 13.5, 15], "texture": "#1"},
				"east": {"uv": [0, 0, 0, 16], "texture": "#1"},
				"south": {"uv": [13.5, 2.5, 1, 15], "texture": "#1"},
				"west": {"uv": [0, 0, 0, 16], "texture": "#1"},
				"up": {"uv": [0, 0, 16, 0], "texture": "#1"},
				"down": {"uv": [0, 0, 16, 0], "texture": "#1"}
			}
		},
		{
			"from": [-9, 0, 8],
			"to": [7, 16, 8],
			"rotation": {"angle": 22.5, "axis": "y", "origin": [7, 11, 8]},
			"faces": {
				"north": {"uv": [13.5, 2.5, 1, 15], "texture": "#1"},
				"east": {"uv": [0, 0, 0, 16], "texture": "#1"},
				"south": {"uv": [1, 2.5, 13.5, 15], "texture": "#1"},
				"west": {"uv": [0, 0, 0, 16], "texture": "#1"},
				"up": {"uv": [0, 0, 16, 0], "rotation": 180, "texture": "#1"},
				"down": {"uv": [0, 0, 16, 0], "rotation": 180, "texture": "#1"}
			}
		}
	],
	"display": {
		"thirdperson_righthand": {
			"rotation": [8, 52, -37],
			"translation": [0.75, -1, 0.75],
			"scale": [0.5, 0.5, 0.5]
		},
		"thirdperson_lefthand": {
			"rotation": [8, 52, -37],
			"translation": [0.75, -1, 0.75],
			"scale": [0.5, 0.5, 0.5]
		},
		"firstperson_righthand": {
			"rotation": [-22, 20, 38],
			"translation": [2, 2.25, 0],
			"scale": [0.5, 0.5, 0.5]
		},
		"firstperson_lefthand": {
			"rotation": [-22, 20, 38],
			"translation": [3, 2.25, 0],
			"scale": [0.5, 0.5, 0.5]
		},
		"ground": {
			"scale": [0.5, 0.5, 0.5]
		},
		"gui": {
			"rotation": [-13, 33, -12],
			"translation": [-2, 0.25, 0],
			"scale": [0.6, 0.6, 0.6]
		},
		"head": {
			"translation": [0, -13, 2.5],
			"scale": [2, 2, 2]
		}
	}
}