{
	"credit": "Made with Blockbench",
	"textures": {
		"0": "custom/propeller_hat",
		"particle": "custom/propeller_hat"
	},
	"elements": [
		{
			"from": [0, 0, 0],
			"to": [16, 16, 16],
			"faces": {
				"north": {"uv": [8, 4, 12, 8], "texture": "#0"},
				"east": {"uv": [4, 4, 8, 8], "texture": "#0"},
				"south": {"uv": [0, 4, 4, 8], "texture": "#0"},
				"west": {"uv": [12, 4, 16, 8], "texture": "#0"},
				"up": {"uv": [4, 0, 8, 4], "texture": "#0"},
				"down": {"uv": [1.5, 1.5, 2.5, 2.5], "texture": "#0"}
			}
		},
		{
			"from": [3, 20.1, -13],
			"to": [13, 20.1, 29],
			"rotation": {"angle": 0, "axis": "y", "origin": [8, 24, 8]},
			"faces": {
				"north": {"uv": [6, 7, 7, 8], "texture": "#0"},
				"east": {"uv": [6, 7, 7, 8], "texture": "#0"},
				"south": {"uv": [6, 7, 7, 8], "texture": "#0"},
				"west": {"uv": [6, 7, 7, 8], "texture": "#0"},
				"up": {"uv": [2.5, 12.5, 15.5, 15.5], "rotation": 90, "texture": "#0"},
				"down": {"uv": [15.5, 12.5, 2.5, 15.5], "rotation": 270, "texture": "#0"}
			}
		},
		{
			"from": [7, 16, 7],
			"to": [9, 20, 9],
			"faces": {
				"north": {"uv": [0, 12.5, 1, 16], "texture": "#0"},
				"east": {"uv": [1, 12.5, 2, 16], "texture": "#0"},
				"south": {"uv": [0, 12.5, 1, 16], "texture": "#0"},
				"west": {"uv": [1, 12.5, 2, 16], "texture": "#0"},
				"up": {"uv": [1, 12.5, 2, 13.5], "texture": "#0"},
				"down": {"uv": [1, 12.5, 2, 13.5], "texture": "#0"}
			}
		},
		{
			"name": "cube inverted",
			"from": [16, 16, 16],
			"to": [0, 0, 0],
			"faces": {
				"north": {"uv": [0, 8, 4, 4], "texture": "#0"},
				"east": {"uv": [12, 8, 16, 4], "texture": "#0"},
				"south": {"uv": [8, 8, 12, 4], "texture": "#0"},
				"west": {"uv": [4, 8, 8, 4], "texture": "#0"},
				"up": {"uv": [2, 1.5, 1, 2.5], "texture": "#0"},
				"down": {"uv": [8, 0, 4, 4], "texture": "#0"}
			}
		}
	],
	"display": {
		"thirdperson_righthand": {
			"scale": [0.4, 0.4, 0.4]
		},
		"thirdperson_lefthand": {
			"scale": [0.4, 0.4, 0.4]
		},
		"firstperson_righthand": {
			"scale": [0.4, 0.4, 0.4]
		},
		"firstperson_lefthand": {
			"scale": [0.4, 0.4, 0.4]
		},
		"ground": {
			"scale": [0.4, 0.4, 0.4]
		},
		"gui": {
			"rotation": [5, -108, 0],
			"translation": [0, -1, 1],
			"scale": [0.7, 0.7, 0.7]
		},
		"head": {
			"rotation": [0, 90, 0]
		}
	}
}