{
	"credit": "Made with Blockbench",
	"textures": {
		"0": "custom/Block",
		"1": "custom/button_inside",
		"3": "custom/black_concrete",
		"particle": "custom/Block"
	},
	"elements": [
		{
			"from": [7.5, 0, 7.5],
			"to": [8.5, 26, 8.5],
			"faces": {
				"north": {"uv": [1, 1, 4, 15], "texture": "#3"},
				"east": {"uv": [10, 1, 13, 15], "texture": "#3"},
				"south": {"uv": [4, 1, 7, 15], "texture": "#3"},
				"west": {"uv": [7, 1, 10, 15], "texture": "#3"},
				"up": {"uv": [1, 1, 3, 3], "texture": "#3"},
				"down": {"uv": [1, 1, 3, 3], "texture": "#3"}
			}
		},
		{
			"from": [8, 22, 7.75],
			"to": [17, 25, 8.25],
			"faces": {
				"north": {"uv": [0, 0, 9, 3], "texture": "#0"},
				"east": {"uv": [0, 0, 0.5, 3], "texture": "#0"},
				"south": {"uv": [0, 0, 9, 3], "texture": "#0"},
				"west": {"uv": [0, 0, 0.5, 3], "texture": "#0"},
				"up": {"uv": [0, 0, 9, 0.5], "texture": "#0"},
				"down": {"uv": [0, 0, 9, 0.5], "texture": "#0"}
			}
		},
		{
			"from": [8, 19, 7.75],
			"to": [17, 22, 8.25],
			"faces": {
				"north": {"uv": [0, 0, 9, 3], "texture": "#1"},
				"east": {"uv": [0, 0, 0.5, 3], "texture": "#1"},
				"south": {"uv": [0, 0, 9, 3], "texture": "#1"},
				"west": {"uv": [0, 0, 0.5, 3], "texture": "#1"},
				"up": {"uv": [0, 0, 9, 0.5], "texture": "#1"},
				"down": {"uv": [0, 0, 9, 0.5], "texture": "#1"}
			}
		}
	],
	"display": {
		"head": {
			"rotation": [0, -90, 0],
			"translation": [-0.25, 6, 0.25]
		}
	}
}