{
	"credit": "Made with Blockbench",
	"textures": {
		"0": "custom/Block",
		"1": "custom/button_inside",
		"particle": "custom/Block"
	},
	"elements": [
		{
			"from": [3.25, 6, 8.75],
			"to": [12.25, 9, 9.25],
			"faces": {
				"north": {"uv": [0, 0, 9, 3], "texture": "#0"},
				"east": {"uv": [0, 0, 0.5, 3], "texture": "#0"},
				"south": {"uv": [0, 0, 9, 3], "texture": "#0"},
				"west": {"uv": [0, 0, 0.5, 3], "texture": "#0"},
				"up": {"uv": [0, 0, 9, 0.5], "texture": "#0"},
				"down": {"uv": [0, 0, 9, 0.5], "texture": "#0"}
			}
		},
		{
			"from": [3.25, 3, 8.75],
			"to": [12.25, 6, 9.25],
			"faces": {
				"north": {"uv": [0, 0, 9, 3], "texture": "#1"},
				"east": {"uv": [0, 0, 0.5, 3], "texture": "#1"},
				"south": {"uv": [0, 0, 9, 3], "texture": "#1"},
				"west": {"uv": [0, 0, 0.5, 3], "texture": "#1"},
				"up": {"uv": [0, 0, 9, 0.5], "texture": "#1"},
				"down": {"uv": [0, 0, 9, 0.5], "texture": "#1"}
			}
		}
	],
	"display": {
		"head": {
			"translation": [0.5, 14.5, -0.75]
		}
	}
}