{
	"credit": "Made with Blockbench",
	"textures": {
		"0": "custom/blackstone",
		"1": "custom/iron_block",
		"particle": "custom/blackstone"
	},
	"elements": [
		{
			"from": [7.5, 0, 0.8125],
			"to": [8.5, 0.5, 15.1875],
			"faces": {
				"north": {"uv": [0, 0, 1, 0.5], "texture": "#0"},
				"east": {"uv": [0, 0, 14.375, 0.5], "texture": "#0"},
				"south": {"uv": [0, 0, 1, 0.5], "texture": "#0"},
				"west": {"uv": [0, 0, 14.375, 0.5], "texture": "#0"},
				"up": {"uv": [0, 0, 1, 14.375], "texture": "#0"},
				"down": {"uv": [0, 0, 1, 14.375], "texture": "#0"}
			}
		},
		{
			"from": [6.75, 1.25, 6.3125],
			"to": [9.25, 1.4375, 9.6875],
			"faces": {
				"north": {"uv": [0, 0, 2.5, 0.1875], "texture": "#0"},
				"east": {"uv": [0, 0, 3.375, 0.1875], "texture": "#0"},
				"south": {"uv": [0, 0, 2.5, 0.1875], "texture": "#0"},
				"west": {"uv": [0, 0, 3.375, 0.1875], "texture": "#0"},
				"up": {"uv": [0, 0, 2.5, 3.375], "texture": "#0"},
				"down": {"uv": [0, 0, 2.5, 3.375], "texture": "#0"}
			}
		},
		{
			"from": [14.25, 0, 6.25],
			"to": [15.25, 1.5, 9.75],
			"faces": {
				"north": {"uv": [0, 0, 3, 3.5], "texture": "#0"},
				"east": {"uv": [0, 0, 3.5, 2.5], "texture": "#0"},
				"south": {"uv": [0, 0, 3, 3.5], "texture": "#0"},
				"west": {"uv": [0, 0, 3.5, 3.5], "texture": "#0"},
				"up": {"uv": [0, 0, 3, 3.5], "texture": "#0"},
				"down": {"uv": [0, 0, 3, 3.5], "texture": "#0"}
			}
		},
		{
			"from": [13.25, 0, 3.75],
			"to": [14.25, 1.5, 6.25],
			"faces": {
				"north": {"uv": [0, 0, 1, 1.5], "texture": "#0"},
				"east": {"uv": [0, 0, 2.5, 1.5], "texture": "#0"},
				"south": {"uv": [0, 0, 1, 1.5], "texture": "#0"},
				"west": {"uv": [0, 0, 2.5, 1.5], "texture": "#0"},
				"up": {"uv": [0, 0, 1, 2.5], "texture": "#0"},
				"down": {"uv": [0, 0, 1, 2.5], "texture": "#0"}
			}
		},
		{
			"from": [13, 0, 3.75],
			"to": [14, 1.5, 6.25],
			"faces": {
				"north": {"uv": [0, 0, 1, 1.5], "texture": "#0"},
				"east": {"uv": [0, 0, 2.5, 1.5], "texture": "#0"},
				"south": {"uv": [0, 0, 1, 1.5], "texture": "#0"},
				"west": {"uv": [0, 0, 2.5, 1.5], "texture": "#0"},
				"up": {"uv": [0, 0, 1, 2.5], "texture": "#0"},
				"down": {"uv": [0, 0, 1, 2.5], "texture": "#0"}
			}
		},
		{
			"from": [13.25, 0, 9.75],
			"to": [14.25, 1.5, 12.25],
			"faces": {
				"north": {"uv": [0, 0, 1, 1.5], "texture": "#0"},
				"east": {"uv": [0, 0, 2.5, 1.5], "texture": "#0"},
				"south": {"uv": [0, 0, 1, 1.5], "texture": "#0"},
				"west": {"uv": [0, 0, 2.5, 1.5], "texture": "#0"},
				"up": {"uv": [0, 0, 1, 2.5], "texture": "#0"},
				"down": {"uv": [0, 0, 1, 2.5], "texture": "#0"}
			}
		},
		{
			"from": [12.25, 0, 2.75],
			"to": [13.25, 1.5, 3.75],
			"rotation": {"angle": 0, "axis": "y", "origin": [13.5, 0.25, 13]},
			"faces": {
				"north": {"uv": [0, 0, 1, 1.5], "texture": "#0"},
				"east": {"uv": [0, 0, 1, 1.5], "texture": "#0"},
				"south": {"uv": [0, 0, 1, 1.5], "texture": "#0"},
				"west": {"uv": [0, 0, 1, 1.5], "texture": "#0"},
				"up": {"uv": [0, 0, 1, 1], "rotation": 90, "texture": "#0"},
				"down": {"uv": [0, 0, 1, 1], "rotation": 270, "texture": "#0"}
			}
		},
		{
			"from": [12.25, 0, 12.25],
			"to": [13.25, 1.5, 13.25],
			"rotation": {"angle": 0, "axis": "y", "origin": [13.5, 0.25, 13]},
			"faces": {
				"north": {"uv": [0, 0, 1, 1.5], "texture": "#0"},
				"east": {"uv": [0, 0, 1, 1.5], "texture": "#0"},
				"south": {"uv": [0, 0, 1, 1.5], "texture": "#0"},
				"west": {"uv": [0, 0, 1, 1.5], "texture": "#0"},
				"up": {"uv": [0, 0, 1, 1], "rotation": 90, "texture": "#0"},
				"down": {"uv": [0, 0, 1, 1], "rotation": 270, "texture": "#0"}
			}
		},
		{
			"from": [9.75, 0, 13.25],
			"to": [12.25, 1.5, 14.25],
			"rotation": {"angle": 0, "axis": "y", "origin": [13.5, 0.25, 14.5]},
			"faces": {
				"north": {"uv": [0, 0, 2.5, 1.5], "texture": "#0"},
				"east": {"uv": [0, 0, 1, 1.5], "texture": "#0"},
				"south": {"uv": [0, 0, 2.5, 1.5], "texture": "#0"},
				"west": {"uv": [0, 0, 1, 1.5], "texture": "#0"},
				"up": {"uv": [0, 0, 1, 2.5], "rotation": 90, "texture": "#0"},
				"down": {"uv": [0, 0, 1, 2.5], "rotation": 270, "texture": "#0"}
			}
		},
		{
			"from": [9.75, 0, 1.75],
			"to": [12.25, 1.5, 2.75],
			"rotation": {"angle": 0, "axis": "y", "origin": [13.5, 0.25, 14.5]},
			"faces": {
				"north": {"uv": [0, 0, 2.5, 1.5], "texture": "#0"},
				"east": {"uv": [0, 0, 1, 1.5], "texture": "#0"},
				"south": {"uv": [0, 0, 2.5, 1.5], "texture": "#0"},
				"west": {"uv": [0, 0, 1, 1.5], "texture": "#0"},
				"up": {"uv": [0, 0, 1, 2.5], "rotation": 90, "texture": "#0"},
				"down": {"uv": [0, 0, 1, 2.5], "rotation": 270, "texture": "#0"}
			}
		},
		{
			"from": [6.25, 0, 14.25],
			"to": [9.75, 1.5, 15.25],
			"rotation": {"angle": 0, "axis": "y", "origin": [14.5, 0.25, 8]},
			"faces": {
				"north": {"uv": [0, 0, 3.5, 1.5], "texture": "#0"},
				"east": {"uv": [0, 0, 1, 1.5], "texture": "#0"},
				"south": {"uv": [0, 0, 3.5, 1.5], "texture": "#0"},
				"west": {"uv": [0, 0, 1, 1.5], "texture": "#0"},
				"up": {"uv": [0, 0, 1, 3.5], "rotation": 90, "texture": "#0"},
				"down": {"uv": [0, 0, 1, 3.5], "rotation": 270, "texture": "#0"}
			}
		},
		{
			"from": [6.25, 0, 0.75],
			"to": [9.75, 1.5, 1.75],
			"rotation": {"angle": 0, "axis": "y", "origin": [14.5, 0.25, 8]},
			"faces": {
				"north": {"uv": [0, 0, 3.5, 1.5], "texture": "#0"},
				"east": {"uv": [0, 0, 1, 1.5], "texture": "#0"},
				"south": {"uv": [0, 0, 3.5, 1.5], "texture": "#0"},
				"west": {"uv": [0, 0, 1, 1.5], "texture": "#0"},
				"up": {"uv": [0, 0, 1, 3.5], "rotation": 90, "texture": "#0"},
				"down": {"uv": [0, 0, 1, 3.5], "rotation": 270, "texture": "#0"}
			}
		},
		{
			"from": [3.76786, 0, 13.25],
			"to": [6.26786, 1.5, 14.25],
			"rotation": {"angle": 0, "axis": "y", "origin": [12.57143, 0.25, 8]},
			"faces": {
				"north": {"uv": [0, 0, 2.5, 1.5], "texture": "#0"},
				"east": {"uv": [0, 0, 1, 1.5], "texture": "#0"},
				"south": {"uv": [0, 0, 2.5, 1.5], "texture": "#0"},
				"west": {"uv": [0, 0, 1, 1.5], "texture": "#0"},
				"up": {"uv": [0, 0, 1, 2.5], "rotation": 270, "texture": "#0"},
				"down": {"uv": [0, 0, 1, 2.5], "rotation": 90, "texture": "#0"}
			}
		},
		{
			"from": [2.76786, 0, 12.25],
			"to": [3.76786, 1.5, 13.25],
			"rotation": {"angle": 0, "axis": "y", "origin": [12.57143, 0.25, 8]},
			"faces": {
				"north": {"uv": [0, 0, 1, 1.5], "texture": "#0"},
				"east": {"uv": [0, 0, 1, 1.5], "texture": "#0"},
				"south": {"uv": [0, 0, 1, 1.5], "texture": "#0"},
				"west": {"uv": [0, 0, 1, 1.5], "texture": "#0"},
				"up": {"uv": [0, 0, 1, 1], "rotation": 270, "texture": "#0"},
				"down": {"uv": [0, 0, 1, 1], "rotation": 90, "texture": "#0"}
			}
		},
		{
			"from": [7.76786, 0.25, 7.5],
			"to": [8.26786, 1.25, 8.5],
			"rotation": {"angle": 0, "axis": "y", "origin": [12.57143, 0.25, 8]},
			"faces": {
				"north": {"uv": [0, 0, 0.5, 1], "texture": "#0"},
				"east": {"uv": [0, 0, 1, 1], "texture": "#0"},
				"south": {"uv": [0, 0, 0.5, 1], "texture": "#0"},
				"west": {"uv": [0, 0, 1, 1], "texture": "#0"},
				"up": {"uv": [0, 0, 1, 0.5], "rotation": 270, "texture": "#0"},
				"down": {"uv": [0, 0, 1, 0.5], "rotation": 90, "texture": "#0"}
			}
		},
		{
			"from": [0.76786, 0, 6.25],
			"to": [1.76786, 1.5, 9.75],
			"rotation": {"angle": 0, "axis": "y", "origin": [12.57143, 0.25, 8]},
			"faces": {
				"north": {"uv": [0, 0, 1, 1.5], "texture": "#0"},
				"east": {"uv": [0, 0, 3.5, 1.5], "texture": "#0"},
				"south": {"uv": [0, 0, 1, 1.5], "texture": "#0"},
				"west": {"uv": [0, 0, 3.5, 1.5], "texture": "#0"},
				"up": {"uv": [0, 0, 1, 3.5], "rotation": 180, "texture": "#0"},
				"down": {"uv": [0, 0, 1, 3.5], "rotation": 180, "texture": "#0"}
			}
		},
		{
			"from": [1.76786, 0, 3.75],
			"to": [2.76786, 1.5, 6.25],
			"rotation": {"angle": 0, "axis": "y", "origin": [12.57143, 0.25, 8]},
			"faces": {
				"north": {"uv": [0, 0, 1, 1.5], "texture": "#0"},
				"east": {"uv": [0, 0, 2.5, 1.5], "texture": "#0"},
				"south": {"uv": [0, 0, 1, 1.5], "texture": "#0"},
				"west": {"uv": [0, 0, 2.5, 1.5], "texture": "#0"},
				"up": {"uv": [0, 0, 1, 2.5], "rotation": 180, "texture": "#0"},
				"down": {"uv": [0, 0, 1, 2.5], "rotation": 180, "texture": "#0"}
			}
		},
		{
			"from": [2.76786, 0, 2.75],
			"to": [3.76786, 1.5, 3.75],
			"rotation": {"angle": 0, "axis": "y", "origin": [12.57143, 0.25, 8]},
			"faces": {
				"north": {"uv": [0, 0, 1, 1.5], "texture": "#0"},
				"east": {"uv": [0, 0, 1, 1.5], "texture": "#0"},
				"south": {"uv": [0, 0, 1, 1.5], "texture": "#0"},
				"west": {"uv": [0, 0, 1, 1.5], "texture": "#0"},
				"up": {"uv": [0, 0, 1, 1], "rotation": 270, "texture": "#0"},
				"down": {"uv": [0, 0, 1, 1], "rotation": 90, "texture": "#0"}
			}
		},
		{
			"from": [3.76786, 0, 1.75],
			"to": [6.26786, 1.5, 2.75],
			"rotation": {"angle": 0, "axis": "y", "origin": [12.57143, 0.25, 8]},
			"faces": {
				"north": {"uv": [0, 0, 2.5, 1.5], "texture": "#0"},
				"east": {"uv": [0, 0, 1, 1.5], "texture": "#0"},
				"south": {"uv": [0, 0, 2.5, 1.5], "texture": "#0"},
				"west": {"uv": [0, 0, 1, 1.5], "texture": "#0"},
				"up": {"uv": [0, 0, 1, 2.5], "rotation": 270, "texture": "#0"},
				"down": {"uv": [0, 0, 1, 2.5], "rotation": 90, "texture": "#0"}
			}
		},
		{
			"from": [1.76786, 0, 9.75],
			"to": [2.76786, 1.5, 12.25],
			"rotation": {"angle": 0, "axis": "y", "origin": [12.57143, 0.25, 8]},
			"faces": {
				"north": {"uv": [0, 0, 1, 1.5], "texture": "#0"},
				"east": {"uv": [0, 0, 2.5, 1.5], "texture": "#0"},
				"south": {"uv": [0, 0, 1, 1.5], "texture": "#0"},
				"west": {"uv": [0, 0, 2.5, 1.5], "texture": "#0"},
				"up": {"uv": [0, 0, 1, 2.5], "rotation": 180, "texture": "#0"},
				"down": {"uv": [0, 0, 1, 2.5], "rotation": 180, "texture": "#0"}
			}
		},
		{
			"from": [1.17157, 1.01647, 7.50283],
			"to": [1.42157, 2.01647, 8.50283],
			"rotation": {"angle": -45, "axis": "y", "origin": [7.98407, 1.51647, 8.00283]},
			"faces": {
				"north": {"uv": [1, 1, 6, 6], "texture": "#1"},
				"east": {"uv": [1, 1, 6, 6], "texture": "#1"},
				"south": {"uv": [1, 1, 6, 6], "texture": "#1"},
				"west": {"uv": [1, 1, 6, 6], "texture": "#1"},
				"up": {"uv": [1, 1, 6, 6], "rotation": 90, "texture": "#1"},
				"down": {"uv": [1, 1, 6, 6], "rotation": 270, "texture": "#1"}
			}
		},
		{
			"from": [2.12149, 1.01647, 5.04142],
			"to": [2.37149, 2.01647, 6.04142],
			"rotation": {"angle": 45, "axis": "x", "origin": [8.12149, 1.51647, 5.54142]},
			"faces": {
				"north": {"uv": [1, 1, 6, 6], "texture": "#1"},
				"east": {"uv": [1, 1, 6, 6], "texture": "#1"},
				"south": {"uv": [1, 1, 6, 6], "texture": "#1"},
				"west": {"uv": [1, 1, 6, 6], "texture": "#1"},
				"up": {"uv": [1, 1, 6, 6], "rotation": 90, "texture": "#1"},
				"down": {"uv": [1, 1, 6, 6], "rotation": 270, "texture": "#1"}
			}
		},
		{
			"from": [13.87149, 1.01647, 5.04142],
			"to": [14.12149, 2.01647, 6.04142],
			"rotation": {"angle": 45, "axis": "x", "origin": [8.12149, 1.51647, 5.54142]},
			"faces": {
				"north": {"uv": [1, 1, 6, 6], "texture": "#1"},
				"east": {"uv": [1, 1, 6, 6], "texture": "#1"},
				"south": {"uv": [1, 1, 6, 6], "texture": "#1"},
				"west": {"uv": [1, 1, 6, 6], "texture": "#1"},
				"up": {"uv": [1, 1, 6, 6], "rotation": 90, "texture": "#1"},
				"down": {"uv": [1, 1, 6, 6], "rotation": 270, "texture": "#1"}
			}
		},
		{
			"from": [5.03791, 1.01647, 13.75],
			"to": [6.03791, 2.01647, 14],
			"rotation": {"angle": -45, "axis": "z", "origin": [5.53791, 1.51647, 8]},
			"faces": {
				"north": {"uv": [1, 1, 6, 6], "texture": "#1"},
				"east": {"uv": [1, 1, 6, 6], "texture": "#1"},
				"south": {"uv": [1, 1, 6, 6], "texture": "#1"},
				"west": {"uv": [1, 1, 6, 6], "texture": "#1"},
				"up": {"uv": [1, 1, 6, 6], "texture": "#1"},
				"down": {"uv": [1, 1, 6, 6], "texture": "#1"}
			}
		},
		{
			"from": [5.03791, 1.01647, 2],
			"to": [6.03791, 2.01647, 2.25],
			"rotation": {"angle": -45, "axis": "z", "origin": [5.53791, 1.51647, 8]},
			"faces": {
				"north": {"uv": [1, 1, 6, 6], "texture": "#1"},
				"east": {"uv": [1, 1, 6, 6], "texture": "#1"},
				"south": {"uv": [1, 1, 6, 6], "texture": "#1"},
				"west": {"uv": [1, 1, 6, 6], "texture": "#1"},
				"up": {"uv": [1, 1, 6, 6], "texture": "#1"},
				"down": {"uv": [1, 1, 6, 6], "texture": "#1"}
			}
		},
		{
			"from": [2.12149, 1.01647, 10.97892],
			"to": [2.37149, 2.01647, 11.97892],
			"rotation": {"angle": 45, "axis": "x", "origin": [8.12149, 1.51647, 11.47892]},
			"faces": {
				"north": {"uv": [1, 1, 6, 6], "texture": "#1"},
				"east": {"uv": [1, 1, 6, 6], "texture": "#1"},
				"south": {"uv": [1, 1, 6, 6], "texture": "#1"},
				"west": {"uv": [1, 1, 6, 6], "texture": "#1"},
				"up": {"uv": [1, 1, 6, 6], "rotation": 90, "texture": "#1"},
				"down": {"uv": [1, 1, 6, 6], "rotation": 270, "texture": "#1"}
			}
		},
		{
			"from": [10.97541, 1.01647, 13.75],
			"to": [11.97541, 2.01647, 14],
			"rotation": {"angle": -45, "axis": "z", "origin": [11.47541, 1.51647, 8]},
			"faces": {
				"north": {"uv": [1, 1, 6, 6], "texture": "#1"},
				"east": {"uv": [1, 1, 6, 6], "texture": "#1"},
				"south": {"uv": [1, 1, 6, 6], "texture": "#1"},
				"west": {"uv": [1, 1, 6, 6], "texture": "#1"},
				"up": {"uv": [1, 1, 6, 6], "texture": "#1"},
				"down": {"uv": [1, 1, 6, 6], "texture": "#1"}
			}
		},
		{
			"from": [13.87149, 1.01647, 10.97892],
			"to": [14.12149, 2.01647, 11.97892],
			"rotation": {"angle": 45, "axis": "x", "origin": [8.12149, 1.51647, 11.47892]},
			"faces": {
				"north": {"uv": [1, 1, 6, 6], "texture": "#1"},
				"east": {"uv": [1, 1, 6, 6], "texture": "#1"},
				"south": {"uv": [1, 1, 6, 6], "texture": "#1"},
				"west": {"uv": [1, 1, 6, 6], "texture": "#1"},
				"up": {"uv": [1, 1, 6, 6], "rotation": 90, "texture": "#1"},
				"down": {"uv": [1, 1, 6, 6], "rotation": 270, "texture": "#1"}
			}
		},
		{
			"from": [12.66291, 1.01647, 15.3125],
			"to": [13.66291, 2.01647, 15.5625],
			"rotation": {"angle": -45, "axis": "y", "origin": [11.47541, 1.51647, 2.125]},
			"faces": {
				"north": {"uv": [1, 1, 6, 6], "texture": "#1"},
				"east": {"uv": [1, 1, 6, 6], "texture": "#1"},
				"south": {"uv": [1, 1, 6, 6], "texture": "#1"},
				"west": {"uv": [1, 1, 6, 6], "texture": "#1"},
				"up": {"uv": [1, 1, 6, 6], "texture": "#1"},
				"down": {"uv": [1, 1, 6, 6], "texture": "#1"}
			}
		},
		{
			"from": [14.54657, 1.01647, 7.50283],
			"to": [14.79657, 2.01647, 8.50283],
			"rotation": {"angle": -45, "axis": "y", "origin": [7.98407, 1.51647, 8.00283]},
			"faces": {
				"north": {"uv": [1, 1, 6, 6], "texture": "#1"},
				"east": {"uv": [1, 1, 6, 6], "texture": "#1"},
				"south": {"uv": [1, 1, 6, 6], "texture": "#1"},
				"west": {"uv": [1, 1, 6, 6], "texture": "#1"},
				"up": {"uv": [1, 1, 6, 6], "rotation": 90, "texture": "#1"},
				"down": {"uv": [1, 1, 6, 6], "rotation": 270, "texture": "#1"}
			}
		},
		{
			"from": [12.66291, 1.01647, 1.9375],
			"to": [13.66291, 2.01647, 2.1875],
			"rotation": {"angle": -45, "axis": "y", "origin": [11.47541, 1.51647, 2.125]},
			"faces": {
				"north": {"uv": [1, 1, 6, 6], "texture": "#1"},
				"east": {"uv": [1, 1, 6, 6], "texture": "#1"},
				"south": {"uv": [1, 1, 6, 6], "texture": "#1"},
				"west": {"uv": [1, 1, 6, 6], "texture": "#1"},
				"up": {"uv": [1, 1, 6, 6], "texture": "#1"},
				"down": {"uv": [1, 1, 6, 6], "texture": "#1"}
			}
		},
		{
			"from": [10.97541, 1.01647, 2],
			"to": [11.97541, 2.01647, 2.25],
			"rotation": {"angle": -45, "axis": "z", "origin": [11.47541, 1.51647, 8]},
			"faces": {
				"north": {"uv": [1, 1, 6, 6], "texture": "#1"},
				"east": {"uv": [1, 1, 6, 6], "texture": "#1"},
				"south": {"uv": [1, 1, 6, 6], "texture": "#1"},
				"west": {"uv": [1, 1, 6, 6], "texture": "#1"},
				"up": {"uv": [1, 1, 6, 6], "texture": "#1"},
				"down": {"uv": [1, 1, 6, 6], "texture": "#1"}
			}
		},
		{
			"from": [2.12149, 1.01647, 4.04142],
			"to": [2.37149, 2.01647, 5.04142],
			"rotation": {"angle": 45, "axis": "x", "origin": [8.12149, 1.51647, 4.54142]},
			"faces": {
				"north": {"uv": [1, 1, 6, 6], "texture": "#1"},
				"east": {"uv": [1, 1, 6, 6], "texture": "#1"},
				"south": {"uv": [1, 1, 6, 6], "texture": "#1"},
				"west": {"uv": [1, 1, 6, 6], "texture": "#1"},
				"up": {"uv": [1, 1, 6, 6], "rotation": 90, "texture": "#1"},
				"down": {"uv": [1, 1, 6, 6], "rotation": 270, "texture": "#1"}
			}
		},
		{
			"from": [4.03791, 1.01647, 13.75],
			"to": [5.03791, 2.01647, 14],
			"rotation": {"angle": -45, "axis": "z", "origin": [4.53791, 1.51647, 8]},
			"faces": {
				"north": {"uv": [1, 1, 6, 6], "texture": "#1"},
				"east": {"uv": [1, 1, 6, 6], "texture": "#1"},
				"south": {"uv": [1, 1, 6, 6], "texture": "#1"},
				"west": {"uv": [1, 1, 6, 6], "texture": "#1"},
				"up": {"uv": [1, 1, 6, 6], "texture": "#1"},
				"down": {"uv": [1, 1, 6, 6], "texture": "#1"}
			}
		},
		{
			"from": [13.87149, 1.01647, 4.04142],
			"to": [14.12149, 2.01647, 5.04142],
			"rotation": {"angle": 45, "axis": "x", "origin": [8.12149, 1.51647, 4.54142]},
			"faces": {
				"north": {"uv": [1, 1, 6, 6], "texture": "#1"},
				"east": {"uv": [1, 1, 6, 6], "texture": "#1"},
				"south": {"uv": [1, 1, 6, 6], "texture": "#1"},
				"west": {"uv": [1, 1, 6, 6], "texture": "#1"},
				"up": {"uv": [1, 1, 6, 6], "rotation": 90, "texture": "#1"},
				"down": {"uv": [1, 1, 6, 6], "rotation": 270, "texture": "#1"}
			}
		},
		{
			"from": [4.03791, 1.01647, 2],
			"to": [5.03791, 2.01647, 2.25],
			"rotation": {"angle": -45, "axis": "z", "origin": [4.53791, 1.51647, 8]},
			"faces": {
				"north": {"uv": [1, 1, 6, 6], "texture": "#1"},
				"east": {"uv": [1, 1, 6, 6], "texture": "#1"},
				"south": {"uv": [1, 1, 6, 6], "texture": "#1"},
				"west": {"uv": [1, 1, 6, 6], "texture": "#1"},
				"up": {"uv": [1, 1, 6, 6], "texture": "#1"},
				"down": {"uv": [1, 1, 6, 6], "texture": "#1"}
			}
		},
		{
			"from": [2.12149, 1.01647, 9.97892],
			"to": [2.37149, 2.01647, 10.97892],
			"rotation": {"angle": 45, "axis": "x", "origin": [8.12149, 1.51647, 10.47892]},
			"faces": {
				"north": {"uv": [1, 1, 6, 6], "texture": "#1"},
				"east": {"uv": [1, 1, 6, 6], "texture": "#1"},
				"south": {"uv": [1, 1, 6, 6], "texture": "#1"},
				"west": {"uv": [1, 1, 6, 6], "texture": "#1"},
				"up": {"uv": [1, 1, 6, 6], "rotation": 90, "texture": "#1"},
				"down": {"uv": [1, 1, 6, 6], "rotation": 270, "texture": "#1"}
			}
		},
		{
			"from": [9.97541, 1.01647, 13.75],
			"to": [10.97541, 2.01647, 14],
			"rotation": {"angle": -45, "axis": "z", "origin": [10.47541, 1.51647, 8]},
			"faces": {
				"north": {"uv": [1, 1, 6, 6], "texture": "#1"},
				"east": {"uv": [1, 1, 6, 6], "texture": "#1"},
				"south": {"uv": [1, 1, 6, 6], "texture": "#1"},
				"west": {"uv": [1, 1, 6, 6], "texture": "#1"},
				"up": {"uv": [1, 1, 6, 6], "texture": "#1"},
				"down": {"uv": [1, 1, 6, 6], "texture": "#1"}
			}
		},
		{
			"from": [13.87149, 1.01647, 9.97892],
			"to": [14.12149, 2.01647, 10.97892],
			"rotation": {"angle": 45, "axis": "x", "origin": [8.12149, 1.51647, 10.47892]},
			"faces": {
				"north": {"uv": [1, 1, 6, 6], "texture": "#1"},
				"east": {"uv": [1, 1, 6, 6], "texture": "#1"},
				"south": {"uv": [1, 1, 6, 6], "texture": "#1"},
				"west": {"uv": [1, 1, 6, 6], "texture": "#1"},
				"up": {"uv": [1, 1, 6, 6], "rotation": 90, "texture": "#1"},
				"down": {"uv": [1, 1, 6, 6], "rotation": 270, "texture": "#1"}
			}
		},
		{
			"from": [9.97541, 1.01647, 2],
			"to": [10.97541, 2.01647, 2.25],
			"rotation": {"angle": -45, "axis": "z", "origin": [10.47541, 1.51647, 8]},
			"faces": {
				"north": {"uv": [1, 1, 6, 6], "texture": "#1"},
				"east": {"uv": [1, 1, 6, 6], "texture": "#1"},
				"south": {"uv": [1, 1, 6, 6], "texture": "#1"},
				"west": {"uv": [1, 1, 6, 6], "texture": "#1"},
				"up": {"uv": [1, 1, 6, 6], "texture": "#1"},
				"down": {"uv": [1, 1, 6, 6], "texture": "#1"}
			}
		},
		{
			"from": [0.87149, 1.04523, 7.97123],
			"to": [1.12149, 2.04523, 8.97123],
			"rotation": {"angle": 45, "axis": "x", "origin": [7.99649, 1.54523, 8.47123]},
			"faces": {
				"north": {"uv": [1, 1, 6, 6], "texture": "#1"},
				"east": {"uv": [1, 1, 6, 6], "texture": "#1"},
				"south": {"uv": [1, 1, 6, 6], "texture": "#1"},
				"west": {"uv": [1, 1, 6, 6], "texture": "#1"},
				"up": {"uv": [1, 1, 6, 6], "rotation": 90, "texture": "#1"},
				"down": {"uv": [1, 1, 6, 6], "rotation": 270, "texture": "#1"}
			}
		},
		{
			"from": [14.87149, 1.04523, 7.97123],
			"to": [15.12149, 2.04523, 8.97123],
			"rotation": {"angle": 45, "axis": "x", "origin": [7.99649, 1.54523, 8.47123]},
			"faces": {
				"north": {"uv": [1, 1, 6, 6], "texture": "#1"},
				"east": {"uv": [1, 1, 6, 6], "texture": "#1"},
				"south": {"uv": [1, 1, 6, 6], "texture": "#1"},
				"west": {"uv": [1, 1, 6, 6], "texture": "#1"},
				"up": {"uv": [1, 1, 6, 6], "rotation": 90, "texture": "#1"},
				"down": {"uv": [1, 1, 6, 6], "rotation": 270, "texture": "#1"}
			}
		},
		{
			"from": [7.67103, -0.17103, 14.75],
			"to": [8.67103, 0.82897, 15],
			"rotation": {"angle": 45, "axis": "z", "origin": [6.98353, 1.51647, 1.125]},
			"faces": {
				"north": {"uv": [1, 1, 6, 6], "texture": "#1"},
				"east": {"uv": [1, 1, 6, 6], "texture": "#1"},
				"south": {"uv": [1, 1, 6, 6], "texture": "#1"},
				"west": {"uv": [1, 1, 6, 6], "texture": "#1"},
				"up": {"uv": [1, 1, 6, 6], "texture": "#1"},
				"down": {"uv": [1, 1, 6, 6], "texture": "#1"}
			}
		},
		{
			"from": [7.67103, -0.17103, 1],
			"to": [8.67103, 0.82897, 1.25],
			"rotation": {"angle": 45, "axis": "z", "origin": [6.98353, 1.51647, 1.125]},
			"faces": {
				"north": {"uv": [1, 1, 6, 6], "texture": "#1"},
				"east": {"uv": [1, 1, 6, 6], "texture": "#1"},
				"south": {"uv": [1, 1, 6, 6], "texture": "#1"},
				"west": {"uv": [1, 1, 6, 6], "texture": "#1"},
				"up": {"uv": [1, 1, 6, 6], "texture": "#1"},
				"down": {"uv": [1, 1, 6, 6], "texture": "#1"}
			}
		},
		{
			"from": [0.87149, 1.04523, 6.97123],
			"to": [1.12149, 2.04523, 7.97123],
			"rotation": {"angle": 45, "axis": "x", "origin": [7.99649, 1.54523, 7.47123]},
			"faces": {
				"north": {"uv": [1, 1, 6, 6], "texture": "#1"},
				"east": {"uv": [1, 1, 6, 6], "texture": "#1"},
				"south": {"uv": [1, 1, 6, 6], "texture": "#1"},
				"west": {"uv": [1, 1, 6, 6], "texture": "#1"},
				"up": {"uv": [1, 1, 6, 6], "rotation": 90, "texture": "#1"},
				"down": {"uv": [1, 1, 6, 6], "rotation": 270, "texture": "#1"}
			}
		},
		{
			"from": [14.87149, 1.04523, 6.97123],
			"to": [15.12149, 2.04523, 7.97123],
			"rotation": {"angle": 45, "axis": "x", "origin": [7.99649, 1.54523, 7.47123]},
			"faces": {
				"north": {"uv": [1, 1, 6, 6], "texture": "#1"},
				"east": {"uv": [1, 1, 6, 6], "texture": "#1"},
				"south": {"uv": [1, 1, 6, 6], "texture": "#1"},
				"west": {"uv": [1, 1, 6, 6], "texture": "#1"},
				"up": {"uv": [1, 1, 6, 6], "rotation": 90, "texture": "#1"},
				"down": {"uv": [1, 1, 6, 6], "rotation": 270, "texture": "#1"}
			}
		},
		{
			"from": [7.6875, 1.25, 14.75],
			"to": [8.6875, 2.25, 15],
			"rotation": {"angle": 45, "axis": "z", "origin": [8, 0.5, 0.375]},
			"faces": {
				"north": {"uv": [1, 1, 6, 6], "texture": "#1"},
				"east": {"uv": [1, 1, 6, 6], "texture": "#1"},
				"south": {"uv": [1, 1, 6, 6], "texture": "#1"},
				"west": {"uv": [1, 1, 6, 6], "texture": "#1"},
				"up": {"uv": [1, 1, 6, 6], "texture": "#1"},
				"down": {"uv": [1, 1, 6, 6], "texture": "#1"}
			}
		},
		{
			"from": [7.6875, 1.25, 1],
			"to": [8.6875, 2.25, 1.25],
			"rotation": {"angle": 45, "axis": "z", "origin": [8, 0.5, 0.375]},
			"faces": {
				"north": {"uv": [1, 1, 6, 6], "texture": "#1"},
				"east": {"uv": [1, 1, 6, 6], "texture": "#1"},
				"south": {"uv": [1, 1, 6, 6], "texture": "#1"},
				"west": {"uv": [1, 1, 6, 6], "texture": "#1"},
				"up": {"uv": [1, 1, 6, 6], "texture": "#1"},
				"down": {"uv": [1, 1, 6, 6], "texture": "#1"}
			}
		}
	],
	"display": {
		"head": {
			"translation": [0, 18.5, 0],
			"scale": [1.5, 1.5, 1.5]
		}
	},
	"groups": [
		{
			"name": "group",
			"origin": [12.57143, 0.25, 8],
			"children": [0, 1, 2, 3, 4, 5, 6, 7, 8, 9, 10, 11, 12, 13, 14, 15, 16, 17, 18, 19]
		},
		{
			"name": "group",
			"origin": [8, 0.5, 0.375],
			"children": [20, 21, 22, 23, 24, 25, 26, 27, 28, 29, 30, 31, 32, 33, 34, 35, 36, 37, 38, 39, 40, 41, 42, 43, 44, 45, 46, 47]
		}
	]
}