{
	"credit": "Made with Blockbench",
	"textures": {
		"1": "custom/black2",
		"2": "custom/yellow",
		"3": "custom/dark_yellow",
		"particle": "custom/yellow"
	},
	"elements": [
		{
			"from": [4.975, 3, 6.75],
			"to": [6.975, 4, 8.25],
			"rotation": {"angle": 0, "axis": "y", "origin": [12.3, 8.13333, 7.5]},
			"faces": {
				"north": {"uv": [0, 0, 2, 1], "texture": "#1"},
				"east": {"uv": [0, 0, 1.5, 1], "texture": "#1"},
				"south": {"uv": [0, 0, 2, 1], "texture": "#1"},
				"west": {"uv": [0, 0, 1.5, 1], "texture": "#1"},
				"up": {"uv": [0, 0, 2, 1.5], "rotation": 180, "texture": "#1"},
				"down": {"uv": [0, 0, 2, 1.5], "rotation": 180, "texture": "#1"}
			}
		},
		{
			"from": [2.975, 2, 6.5],
			"to": [4.975, 3, 8.5],
			"rotation": {"angle": 0, "axis": "y", "origin": [12.3, 8.13333, 7.5]},
			"faces": {
				"north": {"uv": [0, 0, 2, 1], "texture": "#1"},
				"east": {"uv": [0, 0, 2, 1], "texture": "#1"},
				"south": {"uv": [0, 0, 2, 1], "texture": "#1"},
				"west": {"uv": [0, 0, 2, 1], "texture": "#1"},
				"up": {"uv": [0, 0, 2, 2], "rotation": 180, "texture": "#1"},
				"down": {"uv": [0, 0, 2, 2], "rotation": 180, "texture": "#1"}
			}
		},
		{
			"from": [-0.025, 2, 6.5],
			"to": [0.975, 3, 8.5],
			"rotation": {"angle": 0, "axis": "y", "origin": [12.3, 8.13333, 7.5]},
			"faces": {
				"north": {"uv": [0, 0, 1, 1], "texture": "#1"},
				"east": {"uv": [0, 0, 2, 1], "texture": "#1"},
				"south": {"uv": [0, 0, 1, 1], "texture": "#1"},
				"west": {"uv": [0, 0, 2, 1], "texture": "#1"},
				"up": {"uv": [0, 0, 1, 2], "rotation": 180, "texture": "#1"},
				"down": {"uv": [0, 0, 1, 2], "rotation": 180, "texture": "#1"}
			}
		},
		{
			"from": [0.975, 3, 6.75],
			"to": [1.975, 5, 8.25],
			"rotation": {"angle": 0, "axis": "y", "origin": [12.3, 8.13333, 7.5]},
			"faces": {
				"north": {"uv": [0, 0, 1, 2], "texture": "#1"},
				"east": {"uv": [0, 0, 1.5, 2], "texture": "#1"},
				"south": {"uv": [0, 0, 1, 2], "texture": "#1"},
				"west": {"uv": [0, 0, 1.5, 2], "texture": "#1"},
				"up": {"uv": [0, 0, 1, 1.5], "rotation": 180, "texture": "#1"},
				"down": {"uv": [0, 0, 1, 1.5], "rotation": 180, "texture": "#1"}
			}
		},
		{
			"from": [1.975, 5, 7],
			"to": [2.975, 7, 8],
			"rotation": {"angle": 0, "axis": "y", "origin": [12.3, 8.13333, 7.5]},
			"faces": {
				"north": {"uv": [0, 0, 1, 2], "texture": "#1"},
				"east": {"uv": [0, 0, 1, 2], "texture": "#1"},
				"south": {"uv": [0, 0, 1, 2], "texture": "#1"},
				"west": {"uv": [0, 0, 1, 2], "texture": "#1"},
				"up": {"uv": [0, 0, 1, 1], "rotation": 180, "texture": "#1"},
				"down": {"uv": [0, 0, 1, 1], "rotation": 180, "texture": "#1"}
			}
		},
		{
			"from": [2.975, 7, 7],
			"to": [3.975, 9, 8],
			"rotation": {"angle": 0, "axis": "y", "origin": [12.3, 8.13333, 7.5]},
			"faces": {
				"north": {"uv": [0, 0, 1, 2], "texture": "#1"},
				"east": {"uv": [0, 0, 1, 2], "texture": "#1"},
				"south": {"uv": [0, 0, 1, 2], "texture": "#1"},
				"west": {"uv": [0, 0, 1, 2], "texture": "#1"},
				"up": {"uv": [0, 0, 1, 1], "rotation": 180, "texture": "#1"},
				"down": {"uv": [0, 0, 1, 1], "rotation": 180, "texture": "#1"}
			}
		},
		{
			"from": [5.975, 8, 6.75],
			"to": [6.975, 11, 8.25],
			"rotation": {"angle": 0, "axis": "y", "origin": [12.3, 8.13333, 7.5]},
			"faces": {
				"north": {"uv": [0, 0, 1, 3], "texture": "#1"},
				"east": {"uv": [0, 0, 1.5, 3], "texture": "#1"},
				"south": {"uv": [0, 0, 1, 3], "texture": "#1"},
				"west": {"uv": [0, 0, 1.5, 3], "texture": "#1"},
				"up": {"uv": [0, 0, 1, 1.5], "rotation": 180, "texture": "#1"},
				"down": {"uv": [0, 0, 1, 1.5], "rotation": 180, "texture": "#1"}
			}
		},
		{
			"from": [8.975, 8, 6.75],
			"to": [9.975, 11, 8.25],
			"rotation": {"angle": 0, "axis": "y", "origin": [12.3, 8.13333, 7.5]},
			"faces": {
				"north": {"uv": [0, 0, 1, 3], "texture": "#1"},
				"east": {"uv": [0, 0, 1.5, 3], "texture": "#1"},
				"south": {"uv": [0, 0, 1, 3], "texture": "#1"},
				"west": {"uv": [0, 0, 1.5, 3], "texture": "#1"},
				"up": {"uv": [0, 0, 1, 1.5], "rotation": 180, "texture": "#1"},
				"down": {"uv": [0, 0, 1, 1.5], "rotation": 180, "texture": "#1"}
			}
		},
		{
			"from": [5.975, 14, 6.5],
			"to": [6.975, 16, 8.5],
			"rotation": {"angle": 0, "axis": "y", "origin": [12.3, 8.13333, 7.5]},
			"faces": {
				"north": {"uv": [0, 0, 1, 2], "texture": "#1"},
				"east": {"uv": [0, 0, 2, 2], "texture": "#1"},
				"south": {"uv": [0, 0, 1, 2], "texture": "#1"},
				"west": {"uv": [0, 0, 2, 2], "texture": "#1"},
				"up": {"uv": [0, 0, 1, 2], "rotation": 180, "texture": "#1"},
				"down": {"uv": [0, 0, 1, 2], "rotation": 180, "texture": "#1"}
			}
		},
		{
			"from": [4.975, 13, 6.75],
			"to": [5.975, 14, 8.25],
			"rotation": {"angle": 0, "axis": "y", "origin": [12.3, 8.13333, 7.5]},
			"faces": {
				"north": {"uv": [0, 0, 1, 1], "texture": "#1"},
				"east": {"uv": [0, 0, 1.5, 1], "texture": "#1"},
				"south": {"uv": [0, 0, 1, 1], "texture": "#1"},
				"west": {"uv": [0, 0, 1.5, 1], "texture": "#1"},
				"up": {"uv": [0, 0, 1, 1.5], "rotation": 180, "texture": "#1"},
				"down": {"uv": [0, 0, 1, 1.5], "rotation": 180, "texture": "#1"}
			}
		},
		{
			"from": [1.975, 9, 7],
			"to": [2.975, 10, 8],
			"rotation": {"angle": 0, "axis": "y", "origin": [12.3, 8.13333, 7.5]},
			"faces": {
				"north": {"uv": [0, 0, 1, 1], "texture": "#1"},
				"east": {"uv": [0, 0, 1, 1], "texture": "#1"},
				"south": {"uv": [0, 0, 1, 1], "texture": "#1"},
				"west": {"uv": [0, 0, 1, 1], "texture": "#1"},
				"up": {"uv": [0, 0, 1, 1], "rotation": 180, "texture": "#1"},
				"down": {"uv": [0, 0, 1, 1], "rotation": 180, "texture": "#1"}
			}
		},
		{
			"from": [0.975, 10, 6.75],
			"to": [1.975, 11, 8.25],
			"rotation": {"angle": 0, "axis": "y", "origin": [12.3, 8.13333, 7.5]},
			"faces": {
				"north": {"uv": [0, 0, 1, 1], "texture": "#1"},
				"east": {"uv": [0, 0, 1.5, 1], "texture": "#1"},
				"south": {"uv": [0, 0, 1, 1], "texture": "#1"},
				"west": {"uv": [0, 0, 1.5, 1], "texture": "#1"},
				"up": {"uv": [0, 0, 1, 1.5], "rotation": 180, "texture": "#1"},
				"down": {"uv": [0, 0, 1, 1.5], "rotation": 180, "texture": "#1"}
			}
		},
		{
			"from": [-0.025, 11, 6.75],
			"to": [0.975, 13, 8.25],
			"rotation": {"angle": 0, "axis": "y", "origin": [12.3, 8.13333, 7.5]},
			"faces": {
				"north": {"uv": [0, 0, 1, 2], "texture": "#1"},
				"east": {"uv": [0, 0, 1.5, 2], "texture": "#1"},
				"south": {"uv": [0, 0, 1, 2], "texture": "#1"},
				"west": {"uv": [0, 0, 1.5, 2], "texture": "#1"},
				"up": {"uv": [0, 0, 1, 1.5], "rotation": 180, "texture": "#1"},
				"down": {"uv": [0, 0, 1, 1.5], "rotation": 180, "texture": "#1"}
			}
		},
		{
			"from": [0.975, 12, 6.75],
			"to": [5.975, 13, 8.25],
			"rotation": {"angle": 0, "axis": "y", "origin": [12.3, 8.13333, 7.5]},
			"faces": {
				"north": {"uv": [0, 0, 5, 1], "texture": "#1"},
				"east": {"uv": [0, 0, 1.5, 1], "texture": "#1"},
				"south": {"uv": [0, 0, 5, 1], "texture": "#1"},
				"west": {"uv": [0, 0, 1.5, 1], "texture": "#1"},
				"up": {"uv": [0, 0, 5, 1.5], "rotation": 180, "texture": "#1"},
				"down": {"uv": [0, 0, 5, 1.5], "rotation": 180, "texture": "#1"}
			}
		},
		{
			"from": [-0.025, 1, 6.5],
			"to": [2.975, 2, 8.5],
			"rotation": {"angle": 0, "axis": "y", "origin": [12.3, 8.13333, 7.5]},
			"faces": {
				"north": {"uv": [0, 0, 3, 1], "texture": "#1"},
				"east": {"uv": [0, 0, 2, 1], "texture": "#1"},
				"south": {"uv": [0, 0, 3, 1], "texture": "#1"},
				"west": {"uv": [0, 0, 2, 1], "texture": "#1"},
				"up": {"uv": [0, 0, 3, 2], "rotation": 180, "texture": "#1"},
				"down": {"uv": [0, 0, 3, 2], "rotation": 180, "texture": "#1"}
			}
		},
		{
			"from": [6.975, 16, 6.5],
			"to": [8.975, 17, 8.5],
			"rotation": {"angle": 0, "axis": "y", "origin": [12.3, 8.13333, 7.5]},
			"faces": {
				"north": {"uv": [0, 0, 2, 1], "texture": "#1"},
				"east": {"uv": [0, 0, 2, 1], "texture": "#1"},
				"south": {"uv": [0, 0, 2, 1], "texture": "#1"},
				"west": {"uv": [0, 0, 2, 1], "texture": "#1"},
				"up": {"uv": [0, 0, 2, 2], "rotation": 180, "texture": "#1"},
				"down": {"uv": [0, 0, 2, 2], "rotation": 180, "texture": "#1"}
			}
		},
		{
			"from": [9, 3, 6.75],
			"to": [11, 4, 8.25],
			"faces": {
				"north": {"uv": [0, 0, 2, 1], "texture": "#1"},
				"east": {"uv": [0, 0, 1.5, 1], "texture": "#1"},
				"south": {"uv": [0, 0, 2, 1], "texture": "#1"},
				"west": {"uv": [0, 0, 1.5, 1], "texture": "#1"},
				"up": {"uv": [0, 0, 2, 1.5], "texture": "#1"},
				"down": {"uv": [0, 0, 2, 1.5], "texture": "#1"}
			}
		},
		{
			"from": [11, 2, 6.5],
			"to": [13, 3, 8.5],
			"faces": {
				"north": {"uv": [0, 0, 2, 1], "texture": "#1"},
				"east": {"uv": [0, 0, 2, 1], "texture": "#1"},
				"south": {"uv": [0, 0, 2, 1], "texture": "#1"},
				"west": {"uv": [0, 0, 2, 1], "texture": "#1"},
				"up": {"uv": [0, 0, 2, 2], "texture": "#1"},
				"down": {"uv": [0, 0, 2, 2], "texture": "#1"}
			}
		},
		{
			"from": [15, 2, 6.5],
			"to": [16, 3, 8.5],
			"faces": {
				"north": {"uv": [0, 0, 1, 1], "texture": "#1"},
				"east": {"uv": [0, 0, 2, 1], "texture": "#1"},
				"south": {"uv": [0, 0, 1, 1], "texture": "#1"},
				"west": {"uv": [0, 0, 2, 1], "texture": "#1"},
				"up": {"uv": [0, 0, 1, 2], "texture": "#1"},
				"down": {"uv": [0, 0, 1, 2], "texture": "#1"}
			}
		},
		{
			"from": [14, 3, 6.75],
			"to": [15, 5, 8.25],
			"faces": {
				"north": {"uv": [0, 0, 1, 2], "texture": "#1"},
				"east": {"uv": [0, 0, 1.5, 2], "texture": "#1"},
				"south": {"uv": [0, 0, 1, 2], "texture": "#1"},
				"west": {"uv": [0, 0, 1.5, 2], "texture": "#1"},
				"up": {"uv": [0, 0, 1, 1.5], "texture": "#1"},
				"down": {"uv": [0, 0, 1, 1.5], "texture": "#1"}
			}
		},
		{
			"from": [13, 5, 7],
			"to": [14, 7, 8],
			"faces": {
				"north": {"uv": [0, 0, 1, 2], "texture": "#1"},
				"east": {"uv": [0, 0, 1, 2], "texture": "#1"},
				"south": {"uv": [0, 0, 1, 2], "texture": "#1"},
				"west": {"uv": [0, 0, 1, 2], "texture": "#1"},
				"up": {"uv": [0, 0, 1, 1], "texture": "#1"},
				"down": {"uv": [0, 0, 1, 1], "texture": "#1"}
			}
		},
		{
			"from": [12, 7, 7],
			"to": [13, 9, 8],
			"faces": {
				"north": {"uv": [0, 0, 1, 2], "texture": "#1"},
				"east": {"uv": [0, 0, 1, 2], "texture": "#1"},
				"south": {"uv": [0, 0, 1, 2], "texture": "#1"},
				"west": {"uv": [0, 0, 1, 2], "texture": "#1"},
				"up": {"uv": [0, 0, 1, 1], "texture": "#1"},
				"down": {"uv": [0, 0, 1, 1], "texture": "#1"}
			}
		},
		{
			"from": [9, 14, 6.5],
			"to": [10, 16, 8.5],
			"faces": {
				"north": {"uv": [0, 0, 1, 2], "texture": "#1"},
				"east": {"uv": [0, 0, 2, 2], "texture": "#1"},
				"south": {"uv": [0, 0, 1, 2], "texture": "#1"},
				"west": {"uv": [0, 0, 2, 2], "texture": "#1"},
				"up": {"uv": [0, 0, 1, 2], "texture": "#1"},
				"down": {"uv": [0, 0, 1, 2], "texture": "#1"}
			}
		},
		{
			"from": [10, 13, 6.75],
			"to": [11, 14, 8.25],
			"faces": {
				"north": {"uv": [0, 0, 1, 1], "texture": "#1"},
				"east": {"uv": [0, 0, 1.5, 1], "texture": "#1"},
				"south": {"uv": [0, 0, 1, 1], "texture": "#1"},
				"west": {"uv": [0, 0, 1.5, 1], "texture": "#1"},
				"up": {"uv": [0, 0, 1, 1.5], "texture": "#1"},
				"down": {"uv": [0, 0, 1, 1.5], "texture": "#1"}
			}
		},
		{
			"from": [13, 9, 7],
			"to": [14, 10, 8],
			"faces": {
				"north": {"uv": [0, 0, 1, 1], "texture": "#1"},
				"east": {"uv": [0, 0, 1, 1], "texture": "#1"},
				"south": {"uv": [0, 0, 1, 1], "texture": "#1"},
				"west": {"uv": [0, 0, 1, 1], "texture": "#1"},
				"up": {"uv": [0, 0, 1, 1], "texture": "#1"},
				"down": {"uv": [0, 0, 1, 1], "texture": "#1"}
			}
		},
		{
			"from": [14, 10, 6.75],
			"to": [15, 11, 8.25],
			"faces": {
				"north": {"uv": [0, 0, 1, 1], "texture": "#1"},
				"east": {"uv": [0, 0, 1.5, 1], "texture": "#1"},
				"south": {"uv": [0, 0, 1, 1], "texture": "#1"},
				"west": {"uv": [0, 0, 1.5, 1], "texture": "#1"},
				"up": {"uv": [0, 0, 1, 1.5], "texture": "#1"},
				"down": {"uv": [0, 0, 1, 1.5], "texture": "#1"}
			}
		},
		{
			"from": [15, 11, 6.75],
			"to": [16, 13, 8.25],
			"faces": {
				"north": {"uv": [0, 0, 1, 2], "texture": "#1"},
				"east": {"uv": [0, 0, 1.5, 2], "texture": "#1"},
				"south": {"uv": [0, 0, 1, 2], "texture": "#1"},
				"west": {"uv": [0, 0, 1.5, 2], "texture": "#1"},
				"up": {"uv": [0, 0, 1, 1.5], "texture": "#1"},
				"down": {"uv": [0, 0, 1, 1.5], "texture": "#1"}
			}
		},
		{
			"from": [10, 12, 6.75],
			"to": [15, 13, 8.25],
			"faces": {
				"north": {"uv": [0, 0, 5, 1], "texture": "#1"},
				"east": {"uv": [0, 0, 1.5, 1], "texture": "#1"},
				"south": {"uv": [0, 0, 5, 1], "texture": "#1"},
				"west": {"uv": [0, 0, 1.5, 1], "texture": "#1"},
				"up": {"uv": [0, 0, 5, 1.5], "texture": "#1"},
				"down": {"uv": [0, 0, 5, 1.5], "texture": "#1"}
			}
		},
		{
			"from": [13, 1, 6.5],
			"to": [16, 2, 8.5],
			"faces": {
				"north": {"uv": [0, 0, 3, 1], "texture": "#1"},
				"east": {"uv": [0, 0, 2, 1], "texture": "#1"},
				"south": {"uv": [0, 0, 3, 1], "texture": "#1"},
				"west": {"uv": [0, 0, 2, 1], "texture": "#1"},
				"up": {"uv": [0, 0, 3, 2], "texture": "#1"},
				"down": {"uv": [0, 0, 3, 2], "texture": "#1"}
			}
		},
		{
			"from": [7, 4, 6.75],
			"to": [9, 5, 8.25],
			"faces": {
				"north": {"uv": [0, 0, 2, 1], "texture": "#1"},
				"east": {"uv": [0, 0, 1.5, 1], "texture": "#1"},
				"south": {"uv": [0, 0, 2, 1], "texture": "#1"},
				"west": {"uv": [0, 0, 1.5, 1], "texture": "#1"},
				"up": {"uv": [0, 0, 2, 1.5], "texture": "#1"},
				"down": {"uv": [0, 0, 2, 1.5], "texture": "#1"}
			}
		},
		{
			"from": [1, 11, 7.25],
			"to": [15, 12, 7.75],
			"faces": {
				"north": {"uv": [0, 0, 14, 1], "texture": "#2"},
				"east": {"uv": [0, 0, 0.5, 1], "texture": "#2"},
				"south": {"uv": [0, 0, 14, 1], "texture": "#2"},
				"west": {"uv": [0, 0, 0.5, 1], "texture": "#2"},
				"up": {"uv": [0, 0, 14, 0.5], "texture": "#2"},
				"down": {"uv": [0, 0, 14, 0.5], "texture": "#2"}
			}
		},
		{
			"from": [3, 10, 7.25],
			"to": [13, 11, 7.75],
			"faces": {
				"north": {"uv": [0, 0, 10, 1], "texture": "#2"},
				"east": {"uv": [0, 0, 0.5, 1], "texture": "#2"},
				"south": {"uv": [0, 0, 10, 1], "texture": "#2"},
				"west": {"uv": [0, 0, 0.5, 1], "texture": "#2"},
				"up": {"uv": [0, 0, 10, 0.5], "texture": "#2"},
				"down": {"uv": [0, 0, 10, 0.5], "texture": "#2"}
			}
		},
		{
			"from": [4, 9, 7.25],
			"to": [12, 10, 7.75],
			"faces": {
				"north": {"uv": [0, 0, 8, 1], "texture": "#2"},
				"east": {"uv": [0, 0, 0.5, 1], "texture": "#2"},
				"south": {"uv": [0, 0, 8, 1], "texture": "#2"},
				"west": {"uv": [0, 0, 0.5, 1], "texture": "#2"},
				"up": {"uv": [0, 0, 8, 0.5], "texture": "#2"},
				"down": {"uv": [0, 0, 8, 0.5], "texture": "#2"}
			}
		},
		{
			"from": [4, 5, 7.25],
			"to": [12, 7, 7.75],
			"faces": {
				"north": {"uv": [0, 0, 8, 2], "texture": "#2"},
				"east": {"uv": [0, 0, 0.5, 2], "texture": "#2"},
				"south": {"uv": [0, 0, 8, 2], "texture": "#2"},
				"west": {"uv": [0, 0, 0.5, 2], "texture": "#2"},
				"up": {"uv": [0, 0, 8, 0.5], "texture": "#2"},
				"down": {"uv": [0, 0, 8, 0.5], "texture": "#2"}
			}
		},
		{
			"from": [5, 7, 7.25],
			"to": [11, 9, 7.75],
			"faces": {
				"north": {"uv": [0, 0, 6, 2], "texture": "#2"},
				"east": {"uv": [0, 0, 0.5, 2], "texture": "#2"},
				"south": {"uv": [0, 0, 6, 2], "texture": "#2"},
				"west": {"uv": [0, 0, 0.5, 2], "texture": "#2"},
				"up": {"uv": [0, 0, 6, 0.5], "texture": "#2"},
				"down": {"uv": [0, 0, 6, 0.5], "texture": "#2"}
			}
		},
		{
			"from": [6, 12, 7.25],
			"to": [10, 14, 7.75],
			"faces": {
				"north": {"uv": [0, 0, 4, 2], "texture": "#2"},
				"east": {"uv": [0, 0, 0.5, 2], "texture": "#2"},
				"south": {"uv": [0, 0, 4, 2], "texture": "#2"},
				"west": {"uv": [0, 0, 0.5, 2], "texture": "#2"},
				"up": {"uv": [0, 0, 4, 0.5], "texture": "#2"},
				"down": {"uv": [0, 0, 4, 0.5], "texture": "#2"}
			}
		},
		{
			"from": [7, 14, 7.25],
			"to": [9, 16, 7.75],
			"faces": {
				"north": {"uv": [0, 0, 2, 2], "texture": "#2"},
				"east": {"uv": [0, 0, 0.5, 2], "texture": "#2"},
				"south": {"uv": [0, 0, 2, 2], "texture": "#2"},
				"west": {"uv": [0, 0, 0.5, 2], "texture": "#2"},
				"up": {"uv": [0, 0, 2, 0.5], "texture": "#2"},
				"down": {"uv": [0, 0, 2, 0.5], "texture": "#2"}
			}
		},
		{
			"from": [11, 4, 7.25],
			"to": [13, 5, 7.75],
			"faces": {
				"north": {"uv": [0, 0, 2, 1], "texture": "#2"},
				"east": {"uv": [0, 0, 0.5, 1], "texture": "#2"},
				"south": {"uv": [0, 0, 2, 1], "texture": "#2"},
				"west": {"uv": [0, 0, 0.5, 1], "texture": "#2"},
				"up": {"uv": [0, 0, 2, 0.5], "texture": "#2"},
				"down": {"uv": [0, 0, 2, 0.5], "texture": "#2"}
			}
		},
		{
			"from": [3, 4, 7.25],
			"to": [5, 5, 7.75],
			"faces": {
				"north": {"uv": [0, 0, 2, 1], "texture": "#2"},
				"east": {"uv": [0, 0, 0.5, 1], "texture": "#2"},
				"south": {"uv": [0, 0, 2, 1], "texture": "#2"},
				"west": {"uv": [0, 0, 0.5, 1], "texture": "#2"},
				"up": {"uv": [0, 0, 2, 0.5], "texture": "#2"},
				"down": {"uv": [0, 0, 2, 0.5], "texture": "#2"}
			}
		},
		{
			"from": [1, 2, 7.25],
			"to": [3, 3, 7.75],
			"faces": {
				"north": {"uv": [0, 0, 2, 1], "texture": "#3"},
				"east": {"uv": [0, 0, 0.5, 1], "texture": "#3"},
				"south": {"uv": [0, 0, 2, 1], "texture": "#3"},
				"west": {"uv": [0, 0, 0.5, 1], "texture": "#3"},
				"up": {"uv": [0, 0, 2, 0.5], "texture": "#3"},
				"down": {"uv": [0, 0, 2, 0.5], "texture": "#3"}
			}
		},
		{
			"from": [5, 4, 7.25],
			"to": [7, 5, 7.75],
			"faces": {
				"north": {"uv": [0, 0, 2, 1], "texture": "#3"},
				"east": {"uv": [0, 0, 0.5, 1], "texture": "#3"},
				"south": {"uv": [0, 0, 2, 1], "texture": "#3"},
				"west": {"uv": [0, 0, 0.5, 1], "texture": "#3"},
				"up": {"uv": [0, 0, 2, 0.5], "texture": "#3"},
				"down": {"uv": [0, 0, 2, 0.5], "texture": "#3"}
			}
		},
		{
			"from": [9, 4, 7.25],
			"to": [11, 5, 7.75],
			"faces": {
				"north": {"uv": [0, 0, 2, 1], "texture": "#3"},
				"east": {"uv": [0, 0, 0.5, 1], "texture": "#3"},
				"south": {"uv": [0, 0, 2, 1], "texture": "#3"},
				"west": {"uv": [0, 0, 0.5, 1], "texture": "#3"},
				"up": {"uv": [0, 0, 2, 0.5], "texture": "#3"},
				"down": {"uv": [0, 0, 2, 0.5], "texture": "#3"}
			}
		},
		{
			"from": [13, 4, 7.25],
			"to": [14, 5, 7.75],
			"faces": {
				"north": {"uv": [0, 0, 1, 1], "texture": "#3"},
				"east": {"uv": [0, 0, 0.5, 1], "texture": "#3"},
				"south": {"uv": [0, 0, 1, 1], "texture": "#3"},
				"west": {"uv": [0, 0, 0.5, 1], "texture": "#3"},
				"up": {"uv": [0, 0, 1, 0.5], "texture": "#3"},
				"down": {"uv": [0, 0, 1, 0.5], "texture": "#3"}
			}
		},
		{
			"from": [2, 4, 7.25],
			"to": [3, 5, 7.75],
			"faces": {
				"north": {"uv": [0, 0, 1, 1], "texture": "#3"},
				"east": {"uv": [0, 0, 0.5, 1], "texture": "#3"},
				"south": {"uv": [0, 0, 1, 1], "texture": "#3"},
				"west": {"uv": [0, 0, 0.5, 1], "texture": "#3"},
				"up": {"uv": [0, 0, 1, 0.5], "texture": "#3"},
				"down": {"uv": [0, 0, 1, 0.5], "texture": "#3"}
			}
		},
		{
			"from": [3, 5, 7.25],
			"to": [4, 7, 7.75],
			"faces": {
				"north": {"uv": [0, 0, 1, 2], "texture": "#3"},
				"east": {"uv": [0, 0, 0.5, 2], "texture": "#3"},
				"south": {"uv": [0, 0, 1, 2], "texture": "#3"},
				"west": {"uv": [0, 0, 0.5, 2], "texture": "#3"},
				"up": {"uv": [0, 0, 1, 0.5], "texture": "#3"},
				"down": {"uv": [0, 0, 1, 0.5], "texture": "#3"}
			}
		},
		{
			"from": [12, 5, 7.25],
			"to": [13, 7, 7.75],
			"faces": {
				"north": {"uv": [0, 0, 1, 2], "texture": "#3"},
				"east": {"uv": [0, 0, 0.5, 2], "texture": "#3"},
				"south": {"uv": [0, 0, 1, 2], "texture": "#3"},
				"west": {"uv": [0, 0, 0.5, 2], "texture": "#3"},
				"up": {"uv": [0, 0, 1, 0.5], "texture": "#3"},
				"down": {"uv": [0, 0, 1, 0.5], "texture": "#3"}
			}
		},
		{
			"from": [11, 7, 7.25],
			"to": [12, 9, 7.75],
			"faces": {
				"north": {"uv": [0, 0, 1, 2], "texture": "#3"},
				"east": {"uv": [0, 0, 0.5, 2], "texture": "#3"},
				"south": {"uv": [0, 0, 1, 2], "texture": "#3"},
				"west": {"uv": [0, 0, 0.5, 2], "texture": "#3"},
				"up": {"uv": [0, 0, 1, 0.5], "texture": "#3"},
				"down": {"uv": [0, 0, 1, 0.5], "texture": "#3"}
			}
		},
		{
			"from": [12, 9, 7.25],
			"to": [13, 10, 7.75],
			"faces": {
				"north": {"uv": [0, 0, 1, 1], "texture": "#3"},
				"east": {"uv": [0, 0, 0.5, 1], "texture": "#3"},
				"south": {"uv": [0, 0, 1, 1], "texture": "#3"},
				"west": {"uv": [0, 0, 0.5, 1], "texture": "#3"},
				"up": {"uv": [0, 0, 1, 0.5], "texture": "#3"},
				"down": {"uv": [0, 0, 1, 0.5], "texture": "#3"}
			}
		},
		{
			"from": [13, 10, 7.25],
			"to": [14, 11, 7.75],
			"faces": {
				"north": {"uv": [0, 0, 1, 1], "texture": "#3"},
				"east": {"uv": [0, 0, 0.5, 1], "texture": "#3"},
				"south": {"uv": [0, 0, 1, 1], "texture": "#3"},
				"west": {"uv": [0, 0, 0.5, 1], "texture": "#3"},
				"up": {"uv": [0, 0, 1, 0.5], "texture": "#3"},
				"down": {"uv": [0, 0, 1, 0.5], "texture": "#3"}
			}
		},
		{
			"from": [2, 10, 7.25],
			"to": [3, 11, 7.75],
			"faces": {
				"north": {"uv": [0, 0, 1, 1], "texture": "#3"},
				"east": {"uv": [0, 0, 0.5, 1], "texture": "#3"},
				"south": {"uv": [0, 0, 1, 1], "texture": "#3"},
				"west": {"uv": [0, 0, 0.5, 1], "texture": "#3"},
				"up": {"uv": [0, 0, 1, 0.5], "texture": "#3"},
				"down": {"uv": [0, 0, 1, 0.5], "texture": "#3"}
			}
		},
		{
			"from": [3, 9, 7.25],
			"to": [4, 10, 7.75],
			"faces": {
				"north": {"uv": [0, 0, 1, 1], "texture": "#3"},
				"east": {"uv": [0, 0, 0.5, 1], "texture": "#3"},
				"south": {"uv": [0, 0, 1, 1], "texture": "#3"},
				"west": {"uv": [0, 0, 0.5, 1], "texture": "#3"},
				"up": {"uv": [0, 0, 1, 0.5], "texture": "#3"},
				"down": {"uv": [0, 0, 1, 0.5], "texture": "#3"}
			}
		},
		{
			"from": [4, 7, 7.25],
			"to": [5, 9, 7.75],
			"faces": {
				"north": {"uv": [0, 0, 1, 2], "texture": "#3"},
				"east": {"uv": [0, 0, 0.5, 2], "texture": "#3"},
				"south": {"uv": [0, 0, 1, 2], "texture": "#3"},
				"west": {"uv": [0, 0, 0.5, 2], "texture": "#3"},
				"up": {"uv": [0, 0, 1, 0.5], "texture": "#3"},
				"down": {"uv": [0, 0, 1, 0.5], "texture": "#3"}
			}
		},
		{
			"from": [13, 2, 7.25],
			"to": [15, 3, 7.75],
			"faces": {
				"north": {"uv": [0, 0, 2, 1], "texture": "#3"},
				"east": {"uv": [0, 0, 0.5, 1], "texture": "#3"},
				"south": {"uv": [0, 0, 2, 1], "texture": "#3"},
				"west": {"uv": [0, 0, 0.5, 1], "texture": "#3"},
				"up": {"uv": [0, 0, 2, 0.5], "texture": "#3"},
				"down": {"uv": [0, 0, 2, 0.5], "texture": "#3"}
			}
		},
		{
			"from": [11, 3, 7.25],
			"to": [14, 4, 7.75],
			"faces": {
				"north": {"uv": [0, 0, 3, 1], "texture": "#3"},
				"east": {"uv": [0, 0, 0.5, 1], "texture": "#3"},
				"south": {"uv": [0, 0, 3, 1], "texture": "#3"},
				"west": {"uv": [0, 0, 0.5, 1], "texture": "#3"},
				"up": {"uv": [0, 0, 3, 0.5], "texture": "#3"},
				"down": {"uv": [0, 0, 3, 0.5], "texture": "#3"}
			}
		},
		{
			"from": [2, 3, 7.25],
			"to": [5, 4, 7.75],
			"faces": {
				"north": {"uv": [0, 0, 3, 1], "texture": "#3"},
				"east": {"uv": [0, 0, 0.5, 1], "texture": "#3"},
				"south": {"uv": [0, 0, 3, 1], "texture": "#3"},
				"west": {"uv": [0, 0, 0.5, 1], "texture": "#3"},
				"up": {"uv": [0, 0, 3, 0.5], "texture": "#3"},
				"down": {"uv": [0, 0, 3, 0.5], "texture": "#3"}
			}
		}
	],
	"display": {
		"ground": {
			"translation": [0, 3, 0]
		},
		"head": {
			"translation": [0, 14, 0]
		}
	},
	"groups": [
		{
			"name": "black outside",
			"origin": [8, 8, 8],
			"children": [
				{
					"name": "group",
					"origin": [8, 8, 8],
					"children": [0, 1, 2, 3, 4, 5, 6, 7, 8, 9, 10, 11, 12, 13, 14, 15]
				},
				{
					"name": "group",
					"origin": [8, 8, 8],
					"children": [16, 17, 18, 19, 20, 21, 22, 23, 24, 25, 26, 27, 28, 29]
				}
			]
		},
		{
			"name": "light yellow inside",
			"origin": [8, 8, 8],
			"children": [30, 31, 32, 33, 34, 35, 36, 37, 38]
		},
		{
			"name": "dark yellow inside",
			"origin": [8, 8, 8],
			"children": [39, 40, 41, 42, 43, 44, 45, 46, 47, 48, 49, 50, 51, 52, 53, 54]
		}
	]
}