{
	"credit": "Made with Blockbench",
	"textures": {
		"0": "custom/blackstone",
		"1": "custom/iron_block",
		"particle": "custom/blackstone"
	},
	"elements": [
		{
			"from": [7.5, 0, 0.8125],
			"to": [8.5, 0.5, 15.1875],
			"faces": {
				"north": {"uv": [0, 0, 1, 0.5], "texture": "#0"},
				"east": {"uv": [0, 0, 14.375, 0.5], "texture": "#0"},
				"south": {"uv": [0, 0, 1, 0.5], "texture": "#0"},
				"west": {"uv": [0, 0, 14.375, 0.5], "texture": "#0"},
				"up": {"uv": [0, 0, 1, 14.375], "texture": "#0"},
				"down": {"uv": [0, 0, 1, 14.375], "texture": "#0"}
			}
		},
		{
			"from": [6.75, 1.25, 6.3125],
			"to": [9.25, 1.4375, 9.6875],
			"faces": {
				"north": {"uv": [0, 0, 2.5, 0.1875], "texture": "#0"},
				"east": {"uv": [0, 0, 3.375, 0.1875], "texture": "#0"},
				"south": {"uv": [0, 0, 2.5, 0.1875], "texture": "#0"},
				"west": {"uv": [0, 0, 3.375, 0.1875], "texture": "#0"},
				"up": {"uv": [0, 0, 2.5, 3.375], "texture": "#0"},
				"down": {"uv": [0, 0, 2.5, 3.375], "texture": "#0"}
			}
		},
		{
			"from": [13.25, 2, 6.25],
			"to": [14.25, 3.5, 9.75],
			"rotation": {"angle": 45, "axis": "z", "origin": [11.8977, 3.23711, 7.99941]},
			"faces": {
				"north": {"uv": [0, 0, 3, 3.5], "texture": "#0"},
				"east": {"uv": [0, 0, 3.5, 2.5], "texture": "#0"},
				"south": {"uv": [0, 0, 3, 3.5], "texture": "#0"},
				"west": {"uv": [0, 0, 3.5, 3.5], "texture": "#0"},
				"up": {"uv": [0, 0, 3, 3.5], "texture": "#0"},
				"down": {"uv": [0, 0, 3, 3.5], "texture": "#0"}
			}
		},
		{
			"from": [1.08125, 2.76485, 6.22195],
			"to": [2.08125, 4.26485, 9.72195],
			"rotation": {"angle": -45, "axis": "z", "origin": [2.82401, 2.91119, 7.98598]},
			"faces": {
				"north": {"uv": [0, 0, 3, 3.5], "texture": "#0"},
				"east": {"uv": [0, 0, 3.5, 3.5], "texture": "#0"},
				"south": {"uv": [0, 0, 3, 3.5], "texture": "#0"},
				"west": {"uv": [0, 0, 3.5, 2.5], "texture": "#0"},
				"up": {"uv": [0, 0, 3, 3.5], "rotation": 180, "texture": "#0"},
				"down": {"uv": [0, 0, 3, 3.5], "rotation": 180, "texture": "#0"}
			}
		},
		{
			"from": [12.25, 2, 3.75],
			"to": [13.25, 3.5, 6.25],
			"rotation": {"angle": 45, "axis": "z", "origin": [11.8977, 3.23711, 7.99941]},
			"faces": {
				"north": {"uv": [0, 0, 1, 1.5], "texture": "#0"},
				"east": {"uv": [0, 0, 2.5, 1.5], "texture": "#0"},
				"south": {"uv": [0, 0, 1, 1.5], "texture": "#0"},
				"west": {"uv": [0, 0, 2.5, 1.5], "texture": "#0"},
				"up": {"uv": [0, 0, 1, 2.5], "texture": "#0"},
				"down": {"uv": [0, 0, 1, 2.5], "texture": "#0"}
			}
		},
		{
			"from": [2.08125, 2.76485, 9.72195],
			"to": [3.08125, 4.26485, 12.22195],
			"rotation": {"angle": -45, "axis": "z", "origin": [2.82401, 2.91119, 7.98598]},
			"faces": {
				"north": {"uv": [0, 0, 1, 1.5], "texture": "#0"},
				"east": {"uv": [0, 0, 2.5, 1.5], "texture": "#0"},
				"south": {"uv": [0, 0, 1, 1.5], "texture": "#0"},
				"west": {"uv": [0, 0, 2.5, 1.5], "texture": "#0"},
				"up": {"uv": [0, 0, 1, 2.5], "rotation": 180, "texture": "#0"},
				"down": {"uv": [0, 0, 1, 2.5], "rotation": 180, "texture": "#0"}
			}
		},
		{
			"from": [12.25, 2, 9.75],
			"to": [13.25, 3.5, 12.25],
			"rotation": {"angle": 45, "axis": "z", "origin": [11.8977, 3.23711, 7.99941]},
			"faces": {
				"north": {"uv": [0, 0, 1, 1.5], "texture": "#0"},
				"east": {"uv": [0, 0, 2.5, 1.5], "texture": "#0"},
				"south": {"uv": [0, 0, 1, 1.5], "texture": "#0"},
				"west": {"uv": [0, 0, 2.5, 1.5], "texture": "#0"},
				"up": {"uv": [0, 0, 1, 2.5], "texture": "#0"},
				"down": {"uv": [0, 0, 1, 2.5], "texture": "#0"}
			}
		},
		{
			"from": [2.08125, 2.76485, 3.72195],
			"to": [3.08125, 4.26485, 6.22195],
			"rotation": {"angle": -45, "axis": "z", "origin": [2.82401, 2.91119, 7.98598]},
			"faces": {
				"north": {"uv": [0, 0, 1, 1.5], "texture": "#0"},
				"east": {"uv": [0, 0, 2.5, 1.5], "texture": "#0"},
				"south": {"uv": [0, 0, 1, 1.5], "texture": "#0"},
				"west": {"uv": [0, 0, 2.5, 1.5], "texture": "#0"},
				"up": {"uv": [0, 0, 1, 2.5], "rotation": 180, "texture": "#0"},
				"down": {"uv": [0, 0, 1, 2.5], "rotation": 180, "texture": "#0"}
			}
		},
		{
			"from": [11.25, 2, 2.75],
			"to": [12.25, 3.5, 3.75],
			"rotation": {"angle": 45, "axis": "z", "origin": [11.8977, 3.23711, 7.99941]},
			"faces": {
				"north": {"uv": [0, 0, 1, 1.5], "texture": "#0"},
				"east": {"uv": [0, 0, 1, 1.5], "texture": "#0"},
				"south": {"uv": [0, 0, 1, 1.5], "texture": "#0"},
				"west": {"uv": [0, 0, 1, 1.5], "texture": "#0"},
				"up": {"uv": [0, 0, 1, 1], "rotation": 90, "texture": "#0"},
				"down": {"uv": [0, 0, 1, 1], "rotation": 270, "texture": "#0"}
			}
		},
		{
			"from": [3.08125, 2.76485, 12.22195],
			"to": [4.08125, 4.26485, 13.22195],
			"rotation": {"angle": -45, "axis": "z", "origin": [2.82401, 2.91119, 7.98598]},
			"faces": {
				"north": {"uv": [0, 0, 1, 1.5], "texture": "#0"},
				"east": {"uv": [0, 0, 1, 1.5], "texture": "#0"},
				"south": {"uv": [0, 0, 1, 1.5], "texture": "#0"},
				"west": {"uv": [0, 0, 1, 1.5], "texture": "#0"},
				"up": {"uv": [0, 0, 1, 1], "rotation": 270, "texture": "#0"},
				"down": {"uv": [0, 0, 1, 1], "rotation": 90, "texture": "#0"}
			}
		},
		{
			"from": [11.25, 2, 12.25],
			"to": [12.25, 3.5, 13.25],
			"rotation": {"angle": 45, "axis": "z", "origin": [11.8977, 3.23711, 7.99941]},
			"faces": {
				"north": {"uv": [0, 0, 1, 1.5], "texture": "#0"},
				"east": {"uv": [0, 0, 1, 1.5], "texture": "#0"},
				"south": {"uv": [0, 0, 1, 1.5], "texture": "#0"},
				"west": {"uv": [0, 0, 1, 1.5], "texture": "#0"},
				"up": {"uv": [0, 0, 1, 1], "rotation": 90, "texture": "#0"},
				"down": {"uv": [0, 0, 1, 1], "rotation": 270, "texture": "#0"}
			}
		},
		{
			"from": [3.08125, 2.76485, 2.72195],
			"to": [4.08125, 4.26485, 3.72195],
			"rotation": {"angle": -45, "axis": "z", "origin": [2.82401, 2.91119, 7.98598]},
			"faces": {
				"north": {"uv": [0, 0, 1, 1.5], "texture": "#0"},
				"east": {"uv": [0, 0, 1, 1.5], "texture": "#0"},
				"south": {"uv": [0, 0, 1, 1.5], "texture": "#0"},
				"west": {"uv": [0, 0, 1, 1.5], "texture": "#0"},
				"up": {"uv": [0, 0, 1, 1], "rotation": 270, "texture": "#0"},
				"down": {"uv": [0, 0, 1, 1], "rotation": 90, "texture": "#0"}
			}
		},
		{
			"from": [8.75, 2, 13.25],
			"to": [11.25, 3.5, 14.25],
			"rotation": {"angle": 45, "axis": "z", "origin": [11.8977, 3.23711, 7.99941]},
			"faces": {
				"north": {"uv": [0, 0, 2.5, 1.5], "texture": "#0"},
				"east": {"uv": [0, 0, 1, 1.5], "texture": "#0"},
				"south": {"uv": [0, 0, 2.5, 1.5], "texture": "#0"},
				"west": {"uv": [0, 0, 1, 1.5], "texture": "#0"},
				"up": {"uv": [0, 0, 1, 2.5], "rotation": 90, "texture": "#0"},
				"down": {"uv": [0, 0, 1, 2.5], "rotation": 270, "texture": "#0"}
			}
		},
		{
			"from": [4.08125, 2.76485, 1.72195],
			"to": [6.58125, 4.26485, 2.72195],
			"rotation": {"angle": -45, "axis": "z", "origin": [2.82401, 2.91119, 7.98598]},
			"faces": {
				"north": {"uv": [0, 0, 2.5, 1.5], "texture": "#0"},
				"east": {"uv": [0, 0, 1, 1.5], "texture": "#0"},
				"south": {"uv": [0, 0, 2.5, 1.5], "texture": "#0"},
				"west": {"uv": [0, 0, 1, 1.5], "texture": "#0"},
				"up": {"uv": [0, 0, 1, 2.5], "rotation": 270, "texture": "#0"},
				"down": {"uv": [0, 0, 1, 2.5], "rotation": 90, "texture": "#0"}
			}
		},
		{
			"from": [8.75, 2, 1.75],
			"to": [11.25, 3.5, 2.75],
			"rotation": {"angle": 45, "axis": "z", "origin": [11.8977, 3.23711, 7.99941]},
			"faces": {
				"north": {"uv": [0, 0, 2.5, 1.5], "texture": "#0"},
				"east": {"uv": [0, 0, 1, 1.5], "texture": "#0"},
				"south": {"uv": [0, 0, 2.5, 1.5], "texture": "#0"},
				"west": {"uv": [0, 0, 1, 1.5], "texture": "#0"},
				"up": {"uv": [0, 0, 1, 2.5], "rotation": 90, "texture": "#0"},
				"down": {"uv": [0, 0, 1, 2.5], "rotation": 270, "texture": "#0"}
			}
		},
		{
			"from": [4.08125, 2.76485, 13.22195],
			"to": [6.58125, 4.26485, 14.22195],
			"rotation": {"angle": -45, "axis": "z", "origin": [2.82401, 2.91119, 7.98598]},
			"faces": {
				"north": {"uv": [0, 0, 2.5, 1.5], "texture": "#0"},
				"east": {"uv": [0, 0, 1, 1.5], "texture": "#0"},
				"south": {"uv": [0, 0, 2.5, 1.5], "texture": "#0"},
				"west": {"uv": [0, 0, 1, 1.5], "texture": "#0"},
				"up": {"uv": [0, 0, 1, 2.5], "rotation": 270, "texture": "#0"},
				"down": {"uv": [0, 0, 1, 2.5], "rotation": 90, "texture": "#0"}
			}
		},
		{
			"from": [6.25, 0, 14.25],
			"to": [9.75, 1.5, 15.25],
			"rotation": {"angle": 0, "axis": "y", "origin": [14.5, 0.25, 8]},
			"faces": {
				"north": {"uv": [0, 0, 3.5, 1.5], "texture": "#0"},
				"east": {"uv": [0, 0, 1, 1.5], "texture": "#0"},
				"south": {"uv": [0, 0, 3.5, 1.5], "texture": "#0"},
				"west": {"uv": [0, 0, 1, 1.5], "texture": "#0"},
				"up": {"uv": [0, 0, 1, 3.5], "rotation": 90, "texture": "#0"},
				"down": {"uv": [0, 0, 1, 3.5], "rotation": 270, "texture": "#0"}
			}
		},
		{
			"from": [6.25, 0, 0.75],
			"to": [9.75, 1.5, 1.75],
			"rotation": {"angle": 0, "axis": "y", "origin": [14.5, 0.25, 8]},
			"faces": {
				"north": {"uv": [0, 0, 3.5, 1.5], "texture": "#0"},
				"east": {"uv": [0, 0, 1, 1.5], "texture": "#0"},
				"south": {"uv": [0, 0, 3.5, 1.5], "texture": "#0"},
				"west": {"uv": [0, 0, 1, 1.5], "texture": "#0"},
				"up": {"uv": [0, 0, 1, 3.5], "rotation": 90, "texture": "#0"},
				"down": {"uv": [0, 0, 1, 3.5], "rotation": 270, "texture": "#0"}
			}
		},
		{
			"from": [7.76786, 0.25, 7.5],
			"to": [8.26786, 1.25, 8.5],
			"rotation": {"angle": 0, "axis": "y", "origin": [12.57143, 0.25, 8]},
			"faces": {
				"north": {"uv": [0, 0, 0.5, 1], "texture": "#0"},
				"east": {"uv": [0, 0, 1, 1], "texture": "#0"},
				"south": {"uv": [0, 0, 0.5, 1], "texture": "#0"},
				"west": {"uv": [0, 0, 1, 1], "texture": "#0"},
				"up": {"uv": [0, 0, 1, 0.5], "rotation": 270, "texture": "#0"},
				"down": {"uv": [0, 0, 1, 0.5], "rotation": 90, "texture": "#0"}
			}
		},
		{
			"from": [12.87149, 3.13408, 4.93882],
			"to": [13.12149, 4.13408, 5.93882],
			"rotation": {"angle": 45, "axis": "z", "origin": [11.8977, 3.23711, 7.99941]},
			"faces": {
				"north": {"uv": [1, 1, 6, 6], "texture": "#1"},
				"east": {"uv": [1, 1, 6, 6], "texture": "#1"},
				"south": {"uv": [1, 1, 6, 6], "texture": "#1"},
				"west": {"uv": [1, 1, 6, 6], "texture": "#1"},
				"up": {"uv": [1, 1, 6, 6], "rotation": 90, "texture": "#1"},
				"down": {"uv": [1, 1, 6, 6], "rotation": 270, "texture": "#1"}
			}
		},
		{
			"from": [2.20976, 3.89893, 10.03313],
			"to": [2.45976, 4.89893, 11.03313],
			"rotation": {"angle": -45, "axis": "z", "origin": [2.82401, 2.91119, 7.98598]},
			"faces": {
				"north": {"uv": [1, 1, 6, 6], "texture": "#1"},
				"east": {"uv": [1, 1, 6, 6], "texture": "#1"},
				"south": {"uv": [1, 1, 6, 6], "texture": "#1"},
				"west": {"uv": [1, 1, 6, 6], "texture": "#1"},
				"up": {"uv": [1, 1, 6, 6], "rotation": 270, "texture": "#1"},
				"down": {"uv": [1, 1, 6, 6], "rotation": 90, "texture": "#1"}
			}
		},
		{
			"from": [12.87149, 3.13408, 10.93882],
			"to": [13.12149, 4.13408, 11.93882],
			"rotation": {"angle": 45, "axis": "z", "origin": [11.8977, 3.23711, 7.99941]},
			"faces": {
				"north": {"uv": [1, 1, 6, 6], "texture": "#1"},
				"east": {"uv": [1, 1, 6, 6], "texture": "#1"},
				"south": {"uv": [1, 1, 6, 6], "texture": "#1"},
				"west": {"uv": [1, 1, 6, 6], "texture": "#1"},
				"up": {"uv": [1, 1, 6, 6], "rotation": 90, "texture": "#1"},
				"down": {"uv": [1, 1, 6, 6], "rotation": 270, "texture": "#1"}
			}
		},
		{
			"from": [2.20976, 3.89893, 4.03313],
			"to": [2.45976, 4.89893, 5.03313],
			"rotation": {"angle": -45, "axis": "z", "origin": [2.82401, 2.91119, 7.98598]},
			"faces": {
				"north": {"uv": [1, 1, 6, 6], "texture": "#1"},
				"east": {"uv": [1, 1, 6, 6], "texture": "#1"},
				"south": {"uv": [1, 1, 6, 6], "texture": "#1"},
				"west": {"uv": [1, 1, 6, 6], "texture": "#1"},
				"up": {"uv": [1, 1, 6, 6], "rotation": 270, "texture": "#1"},
				"down": {"uv": [1, 1, 6, 6], "rotation": 90, "texture": "#1"}
			}
		},
		{
			"from": [13.87149, 3.13408, 7.93882],
			"to": [14.12149, 4.13408, 8.93882],
			"rotation": {"angle": 45, "axis": "z", "origin": [11.8977, 3.23711, 7.99941]},
			"faces": {
				"north": {"uv": [1, 1, 6, 6], "texture": "#1"},
				"east": {"uv": [1, 1, 6, 6], "texture": "#1"},
				"south": {"uv": [1, 1, 6, 6], "texture": "#1"},
				"west": {"uv": [1, 1, 6, 6], "texture": "#1"},
				"up": {"uv": [1, 1, 6, 6], "rotation": 90, "texture": "#1"},
				"down": {"uv": [1, 1, 6, 6], "rotation": 270, "texture": "#1"}
			}
		},
		{
			"from": [1.20976, 3.89893, 7.03313],
			"to": [1.45976, 4.89893, 8.03313],
			"rotation": {"angle": -45, "axis": "z", "origin": [2.82401, 2.91119, 7.98598]},
			"faces": {
				"north": {"uv": [1, 1, 6, 6], "texture": "#1"},
				"east": {"uv": [1, 1, 6, 6], "texture": "#1"},
				"south": {"uv": [1, 1, 6, 6], "texture": "#1"},
				"west": {"uv": [1, 1, 6, 6], "texture": "#1"},
				"up": {"uv": [1, 1, 6, 6], "rotation": 270, "texture": "#1"},
				"down": {"uv": [1, 1, 6, 6], "rotation": 90, "texture": "#1"}
			}
		},
		{
			"from": [10.19446, 1.92894, 13.75],
			"to": [11.19446, 2.92894, 14],
			"rotation": {"angle": 0, "axis": "z", "origin": [11.8977, 3.23711, 7.99941]},
			"faces": {
				"north": {"uv": [1, 1, 6, 6], "texture": "#1"},
				"east": {"uv": [1, 1, 6, 6], "texture": "#1"},
				"south": {"uv": [1, 1, 6, 6], "texture": "#1"},
				"west": {"uv": [1, 1, 6, 6], "texture": "#1"},
				"up": {"uv": [1, 1, 6, 6], "texture": "#1"},
				"down": {"uv": [1, 1, 6, 6], "texture": "#1"}
			}
		},
		{
			"from": [4.73735, 1.92894, 2],
			"to": [5.73735, 2.92894, 2.25],
			"rotation": {"angle": 0, "axis": "y", "origin": [10.3409, 2.07538, 8]},
			"faces": {
				"north": {"uv": [1, 1, 6, 6], "texture": "#1"},
				"east": {"uv": [1, 1, 6, 6], "texture": "#1"},
				"south": {"uv": [1, 1, 6, 6], "texture": "#1"},
				"west": {"uv": [1, 1, 6, 6], "texture": "#1"},
				"up": {"uv": [1, 1, 6, 6], "rotation": 180, "texture": "#1"},
				"down": {"uv": [1, 1, 6, 6], "rotation": 180, "texture": "#1"}
			}
		},
		{
			"from": [10.19446, 1.92894, 2],
			"to": [11.19446, 2.92894, 2.25],
			"rotation": {"angle": 0, "axis": "z", "origin": [11.8977, 3.23711, 7.99941]},
			"faces": {
				"north": {"uv": [1, 1, 6, 6], "texture": "#1"},
				"east": {"uv": [1, 1, 6, 6], "texture": "#1"},
				"south": {"uv": [1, 1, 6, 6], "texture": "#1"},
				"west": {"uv": [1, 1, 6, 6], "texture": "#1"},
				"up": {"uv": [1, 1, 6, 6], "texture": "#1"},
				"down": {"uv": [1, 1, 6, 6], "texture": "#1"}
			}
		},
		{
			"from": [4.73735, 1.92894, 13.75],
			"to": [5.73735, 2.92894, 14],
			"rotation": {"angle": 0, "axis": "y", "origin": [10.3409, 2.07538, 8]},
			"faces": {
				"north": {"uv": [1, 1, 6, 6], "texture": "#1"},
				"east": {"uv": [1, 1, 6, 6], "texture": "#1"},
				"south": {"uv": [1, 1, 6, 6], "texture": "#1"},
				"west": {"uv": [1, 1, 6, 6], "texture": "#1"},
				"up": {"uv": [1, 1, 6, 6], "rotation": 180, "texture": "#1"},
				"down": {"uv": [1, 1, 6, 6], "rotation": 180, "texture": "#1"}
			}
		},
		{
			"from": [12.87149, 3.11448, 3.98171],
			"to": [13.12149, 4.11448, 4.98171],
			"rotation": {"angle": 45, "axis": "z", "origin": [11.8977, 3.23711, 7.99941]},
			"faces": {
				"north": {"uv": [1, 1, 6, 6], "texture": "#1"},
				"east": {"uv": [1, 1, 6, 6], "texture": "#1"},
				"south": {"uv": [1, 1, 6, 6], "texture": "#1"},
				"west": {"uv": [1, 1, 6, 6], "texture": "#1"},
				"up": {"uv": [1, 1, 6, 6], "rotation": 90, "texture": "#1"},
				"down": {"uv": [1, 1, 6, 6], "rotation": 270, "texture": "#1"}
			}
		},
		{
			"from": [2.20976, 3.87933, 10.99024],
			"to": [2.45976, 4.87933, 11.99024],
			"rotation": {"angle": -45, "axis": "z", "origin": [2.82401, 2.91119, 7.98598]},
			"faces": {
				"north": {"uv": [1, 1, 6, 6], "texture": "#1"},
				"east": {"uv": [1, 1, 6, 6], "texture": "#1"},
				"south": {"uv": [1, 1, 6, 6], "texture": "#1"},
				"west": {"uv": [1, 1, 6, 6], "texture": "#1"},
				"up": {"uv": [1, 1, 6, 6], "rotation": 270, "texture": "#1"},
				"down": {"uv": [1, 1, 6, 6], "rotation": 90, "texture": "#1"}
			}
		},
		{
			"from": [12.87149, 3.11448, 9.98171],
			"to": [13.12149, 4.11448, 10.98171],
			"rotation": {"angle": 45, "axis": "z", "origin": [11.8977, 3.23711, 7.99941]},
			"faces": {
				"north": {"uv": [1, 1, 6, 6], "texture": "#1"},
				"east": {"uv": [1, 1, 6, 6], "texture": "#1"},
				"south": {"uv": [1, 1, 6, 6], "texture": "#1"},
				"west": {"uv": [1, 1, 6, 6], "texture": "#1"},
				"up": {"uv": [1, 1, 6, 6], "rotation": 90, "texture": "#1"},
				"down": {"uv": [1, 1, 6, 6], "rotation": 270, "texture": "#1"}
			}
		},
		{
			"from": [2.20976, 3.87933, 4.99024],
			"to": [2.45976, 4.87933, 5.99024],
			"rotation": {"angle": -45, "axis": "z", "origin": [2.82401, 2.91119, 7.98598]},
			"faces": {
				"north": {"uv": [1, 1, 6, 6], "texture": "#1"},
				"east": {"uv": [1, 1, 6, 6], "texture": "#1"},
				"south": {"uv": [1, 1, 6, 6], "texture": "#1"},
				"west": {"uv": [1, 1, 6, 6], "texture": "#1"},
				"up": {"uv": [1, 1, 6, 6], "rotation": 270, "texture": "#1"},
				"down": {"uv": [1, 1, 6, 6], "rotation": 90, "texture": "#1"}
			}
		},
		{
			"from": [13.87149, 3.11448, 6.98171],
			"to": [14.12149, 4.11448, 7.98171],
			"rotation": {"angle": 45, "axis": "z", "origin": [11.8977, 3.23711, 7.99941]},
			"faces": {
				"north": {"uv": [1, 1, 6, 6], "texture": "#1"},
				"east": {"uv": [1, 1, 6, 6], "texture": "#1"},
				"south": {"uv": [1, 1, 6, 6], "texture": "#1"},
				"west": {"uv": [1, 1, 6, 6], "texture": "#1"},
				"up": {"uv": [1, 1, 6, 6], "rotation": 90, "texture": "#1"},
				"down": {"uv": [1, 1, 6, 6], "rotation": 270, "texture": "#1"}
			}
		},
		{
			"from": [1.20976, 3.87933, 7.99024],
			"to": [1.45976, 4.87933, 8.99024],
			"rotation": {"angle": -45, "axis": "z", "origin": [2.82401, 2.91119, 7.98598]},
			"faces": {
				"north": {"uv": [1, 1, 6, 6], "texture": "#1"},
				"east": {"uv": [1, 1, 6, 6], "texture": "#1"},
				"south": {"uv": [1, 1, 6, 6], "texture": "#1"},
				"west": {"uv": [1, 1, 6, 6], "texture": "#1"},
				"up": {"uv": [1, 1, 6, 6], "rotation": 270, "texture": "#1"},
				"down": {"uv": [1, 1, 6, 6], "rotation": 90, "texture": "#1"}
			}
		},
		{
			"from": [9.48735, 1.22183, 13.75],
			"to": [10.48735, 2.22183, 14],
			"rotation": {"angle": 0, "axis": "z", "origin": [11.8977, 3.23711, 7.99941]},
			"faces": {
				"north": {"uv": [1, 1, 6, 6], "texture": "#1"},
				"east": {"uv": [1, 1, 6, 6], "texture": "#1"},
				"south": {"uv": [1, 1, 6, 6], "texture": "#1"},
				"west": {"uv": [1, 1, 6, 6], "texture": "#1"},
				"up": {"uv": [1, 1, 6, 6], "texture": "#1"},
				"down": {"uv": [1, 1, 6, 6], "texture": "#1"}
			}
		},
		{
			"from": [5.44446, 1.22183, 2],
			"to": [6.44446, 2.22183, 2.25],
			"rotation": {"angle": 0, "axis": "y", "origin": [10.3409, 2.07538, 8]},
			"faces": {
				"north": {"uv": [1, 1, 6, 6], "texture": "#1"},
				"east": {"uv": [1, 1, 6, 6], "texture": "#1"},
				"south": {"uv": [1, 1, 6, 6], "texture": "#1"},
				"west": {"uv": [1, 1, 6, 6], "texture": "#1"},
				"up": {"uv": [1, 1, 6, 6], "rotation": 180, "texture": "#1"},
				"down": {"uv": [1, 1, 6, 6], "rotation": 180, "texture": "#1"}
			}
		},
		{
			"from": [9.48735, 1.22183, 2],
			"to": [10.48735, 2.22183, 2.25],
			"rotation": {"angle": 0, "axis": "z", "origin": [11.8977, 3.23711, 7.99941]},
			"faces": {
				"north": {"uv": [1, 1, 6, 6], "texture": "#1"},
				"east": {"uv": [1, 1, 6, 6], "texture": "#1"},
				"south": {"uv": [1, 1, 6, 6], "texture": "#1"},
				"west": {"uv": [1, 1, 6, 6], "texture": "#1"},
				"up": {"uv": [1, 1, 6, 6], "texture": "#1"},
				"down": {"uv": [1, 1, 6, 6], "texture": "#1"}
			}
		},
		{
			"from": [5.44446, 1.22183, 13.75],
			"to": [6.44446, 2.22183, 14],
			"rotation": {"angle": 0, "axis": "y", "origin": [10.3409, 2.07538, 8]},
			"faces": {
				"north": {"uv": [1, 1, 6, 6], "texture": "#1"},
				"east": {"uv": [1, 1, 6, 6], "texture": "#1"},
				"south": {"uv": [1, 1, 6, 6], "texture": "#1"},
				"west": {"uv": [1, 1, 6, 6], "texture": "#1"},
				"up": {"uv": [1, 1, 6, 6], "rotation": 180, "texture": "#1"},
				"down": {"uv": [1, 1, 6, 6], "rotation": 180, "texture": "#1"}
			}
		},
		{
			"from": [7.67103, -0.17103, 14.75],
			"to": [8.67103, 0.82897, 15],
			"rotation": {"angle": 45, "axis": "z", "origin": [6.98353, 1.51647, 1.125]},
			"faces": {
				"north": {"uv": [1, 1, 6, 6], "texture": "#1"},
				"east": {"uv": [1, 1, 6, 6], "texture": "#1"},
				"south": {"uv": [1, 1, 6, 6], "texture": "#1"},
				"west": {"uv": [1, 1, 6, 6], "texture": "#1"},
				"up": {"uv": [1, 1, 6, 6], "texture": "#1"},
				"down": {"uv": [1, 1, 6, 6], "texture": "#1"}
			}
		},
		{
			"from": [7.67103, -0.17103, 1],
			"to": [8.67103, 0.82897, 1.25],
			"rotation": {"angle": 45, "axis": "z", "origin": [6.98353, 1.51647, 1.125]},
			"faces": {
				"north": {"uv": [1, 1, 6, 6], "texture": "#1"},
				"east": {"uv": [1, 1, 6, 6], "texture": "#1"},
				"south": {"uv": [1, 1, 6, 6], "texture": "#1"},
				"west": {"uv": [1, 1, 6, 6], "texture": "#1"},
				"up": {"uv": [1, 1, 6, 6], "texture": "#1"},
				"down": {"uv": [1, 1, 6, 6], "texture": "#1"}
			}
		},
		{
			"from": [7.6875, 1.25, 14.75],
			"to": [8.6875, 2.25, 15],
			"rotation": {"angle": 45, "axis": "z", "origin": [8, 0.5, 0.375]},
			"faces": {
				"north": {"uv": [1, 1, 6, 6], "texture": "#1"},
				"east": {"uv": [1, 1, 6, 6], "texture": "#1"},
				"south": {"uv": [1, 1, 6, 6], "texture": "#1"},
				"west": {"uv": [1, 1, 6, 6], "texture": "#1"},
				"up": {"uv": [1, 1, 6, 6], "texture": "#1"},
				"down": {"uv": [1, 1, 6, 6], "texture": "#1"}
			}
		},
		{
			"from": [7.6875, 1.25, 1],
			"to": [8.6875, 2.25, 1.25],
			"rotation": {"angle": 45, "axis": "z", "origin": [8, 0.5, 0.375]},
			"faces": {
				"north": {"uv": [1, 1, 6, 6], "texture": "#1"},
				"east": {"uv": [1, 1, 6, 6], "texture": "#1"},
				"south": {"uv": [1, 1, 6, 6], "texture": "#1"},
				"west": {"uv": [1, 1, 6, 6], "texture": "#1"},
				"up": {"uv": [1, 1, 6, 6], "texture": "#1"},
				"down": {"uv": [1, 1, 6, 6], "texture": "#1"}
			}
		}
	],
	"display": {
		"head": {
			"rotation": [-180, 0, 0],
			"translation": [0, -2, 0],
			"scale": [1.5, 1.5, 1.5]
		}
	},
	"groups": [
		{
			"name": "group",
			"origin": [12.57143, 0.25, 8],
			"children": [0, 1, 2, 3, 4, 5, 6, 7, 8, 9, 10, 11, 12, 13, 14, 15, 16, 17, 18]
		},
		{
			"name": "group",
			"origin": [8, 0.5, 0.375],
			"children": [19, 20, 21, 22, 23, 24, 25, 26, 27, 28, 29, 30, 31, 32, 33, 34, 35, 36, 37, 38, 39, 40, 41, 42]
		}
	]
}