{
	"credit": "Made with Blockbench",
	"textures": {
		"0": "custom/iron_block",
		"1": "custom/blade_block",
		"particle": "custom/iron_block"
	},
	"elements": [
		{
			"from": [-16, 1.5, 7.5],
			"to": [-2, 3, 8.5],
			"rotation": {"angle": 0, "axis": "y", "origin": [0, -9, -0.5]},
			"faces": {
				"north": {"uv": [1, 1, 9, 5], "texture": "#0"},
				"east": {"uv": [1, 1, 9, 5], "texture": "#0"},
				"south": {"uv": [1, 1, 9, 5], "texture": "#0"},
				"west": {"uv": [1, 1, 9, 5], "texture": "#0"},
				"up": {"uv": [0, 0, 2, 1], "texture": "#0"},
				"down": {"uv": [0, 0, 2, 1], "texture": "#0"}
			}
		},
		{
			"from": [-16, 0, 7.5],
			"to": [-6, 1.5, 8.5],
			"rotation": {"angle": 0, "axis": "y", "origin": [0, -9, -0.5]},
			"faces": {
				"north": {"uv": [1, 1, 9, 5], "texture": "#0"},
				"east": {"uv": [1, 1, 9, 5], "texture": "#0"},
				"south": {"uv": [1, 1, 9, 5], "texture": "#0"},
				"west": {"uv": [1, 1, 9, 5], "texture": "#0"},
				"up": {"uv": [0, 0, 2, 1], "texture": "#0"},
				"down": {"uv": [0, 0, 2, 1], "texture": "#0"}
			}
		},
		{
			"from": [-16, -1.5, 7.5],
			"to": [-9, 0, 8.5],
			"rotation": {"angle": 0, "axis": "y", "origin": [0, -9, -0.5]},
			"faces": {
				"north": {"uv": [1, 1, 9, 5], "texture": "#0"},
				"east": {"uv": [1, 1, 9, 5], "texture": "#0"},
				"south": {"uv": [1, 1, 9, 5], "texture": "#0"},
				"west": {"uv": [1, 1, 9, 5], "texture": "#0"},
				"up": {"uv": [0, 0, 2, 1], "texture": "#0"},
				"down": {"uv": [0, 0, 2, 1], "texture": "#0"}
			}
		},
		{
			"from": [-16, -3, 7.5],
			"to": [-13, -1.5, 8.5],
			"rotation": {"angle": 0, "axis": "y", "origin": [0, -9, -0.5]},
			"faces": {
				"north": {"uv": [1, 1, 9, 5], "texture": "#0"},
				"east": {"uv": [1, 1, 9, 5], "texture": "#0"},
				"south": {"uv": [1, 1, 9, 5], "texture": "#0"},
				"west": {"uv": [1, 1, 9, 5], "texture": "#0"},
				"up": {"uv": [0, 0, 2, 1], "texture": "#0"},
				"down": {"uv": [0, 0, 2, 1], "texture": "#0"}
			}
		},
		{
			"from": [-16, 3, 7.5],
			"to": [1, 4.5, 8.5],
			"rotation": {"angle": 0, "axis": "y", "origin": [0, -9, -0.5]},
			"faces": {
				"north": {"uv": [1, 1, 9, 5], "texture": "#0"},
				"east": {"uv": [1, 1, 9, 5], "texture": "#0"},
				"south": {"uv": [1, 1, 9, 5], "texture": "#0"},
				"west": {"uv": [1, 1, 9, 5], "texture": "#0"},
				"up": {"uv": [0, 0, 2, 1], "texture": "#0"},
				"down": {"uv": [0, 0, 2, 1], "texture": "#0"}
			}
		},
		{
			"from": [-16, 4.5, 7.5],
			"to": [5, 6, 8.5],
			"rotation": {"angle": 0, "axis": "y", "origin": [0, -9, -0.5]},
			"faces": {
				"north": {"uv": [1, 1, 9, 5], "texture": "#0"},
				"east": {"uv": [1, 1, 9, 5], "texture": "#0"},
				"south": {"uv": [1, 1, 9, 5], "texture": "#0"},
				"west": {"uv": [1, 1, 9, 5], "texture": "#0"},
				"up": {"uv": [0, 0, 2, 1], "texture": "#0"},
				"down": {"uv": [0, 0, 2, 1], "texture": "#0"}
			}
		},
		{
			"from": [-16, 6, 7.5],
			"to": [9, 7.5, 8.5],
			"rotation": {"angle": 0, "axis": "y", "origin": [0, -9, -0.5]},
			"faces": {
				"north": {"uv": [1, 1, 9, 5], "texture": "#0"},
				"east": {"uv": [1, 1, 9, 5], "texture": "#0"},
				"south": {"uv": [1, 1, 9, 5], "texture": "#0"},
				"west": {"uv": [1, 1, 9, 5], "texture": "#0"},
				"up": {"uv": [0, 0, 2, 1], "texture": "#0"},
				"down": {"uv": [0, 0, 2, 1], "texture": "#0"}
			}
		},
		{
			"from": [-16, 7.5, 7.5],
			"to": [12, 9, 8.5],
			"rotation": {"angle": 0, "axis": "y", "origin": [0, -9, -0.5]},
			"faces": {
				"north": {"uv": [1, 1, 9, 5], "texture": "#0"},
				"east": {"uv": [1, 1, 9, 5], "texture": "#0"},
				"south": {"uv": [1, 1, 9, 5], "texture": "#0"},
				"west": {"uv": [1, 1, 9, 5], "texture": "#0"},
				"up": {"uv": [0, 0, 2, 1], "texture": "#0"},
				"down": {"uv": [0, 0, 2, 1], "texture": "#0"}
			}
		},
		{
			"from": [-16, 9, 7.5],
			"to": [16.125, 11, 8.5],
			"rotation": {"angle": 0, "axis": "y", "origin": [0, -9, -0.5]},
			"faces": {
				"north": {"uv": [1, 1, 9, 5], "texture": "#0"},
				"east": {"uv": [1, 1, 9, 5], "texture": "#0"},
				"south": {"uv": [1, 1, 9, 5], "texture": "#0"},
				"west": {"uv": [1, 1, 9, 5], "texture": "#0"},
				"up": {"uv": [0, 0, 1.125, 1], "texture": "#0"},
				"down": {"uv": [0, 0, 1.125, 1], "texture": "#0"}
			}
		},
		{
			"from": [-16, 5.03769, 7.4675],
			"to": [17.62348, 7.28769, 8.5525],
			"rotation": {"angle": 22.5, "axis": "z", "origin": [7.37348, 2.78769, 8.01]},
			"faces": {
				"north": {"uv": [7, 1, 9, 16], "rotation": 270, "texture": "#1"},
				"east": {"uv": [7, 1, 8, 5], "rotation": 90, "texture": "#1"},
				"south": {"uv": [9, 1, 7, 16], "rotation": 90, "texture": "#1"},
				"west": {"uv": [7, 1, 9, 3], "rotation": 90, "texture": "#1"},
				"up": {"uv": [0, 0, 0.96, 16], "rotation": 90, "texture": "#1"},
				"down": {"uv": [6, 8, 7, 16], "rotation": 90, "texture": "#1"}
			}
		}
	],
	"groups": [
		{
			"name": "group",
			"origin": [12.5, 15.5, 8.5],
			"children": [0, 1, 2, 3, 4, 5, 6, 7, 8, 9]
		}
	]
}