{
	"credit": "Made with Blockbench",
	"texture_size": [64, 32],
	"textures": {
		"1": "custom/wizard",
		"2": "custom/blackstone",
		"3": "custom/gravel",
		"particle": "custom/wizard"
	},
	"elements": [
		{
			"name": "Head",
			"from": [4, 24, 4],
			"to": [12, 32, 12],
			"rotation": {"angle": 0, "axis": "y", "origin": [8.75, 14.54864, 6.04603]},
			"faces": {
				"north": {"uv": [2, 4, 4, 8], "texture": "#1"},
				"east": {"uv": [0, 4, 2, 8], "texture": "#1"},
				"south": {"uv": [6, 4, 8, 8], "texture": "#1"},
				"west": {"uv": [4, 4, 6, 8], "texture": "#1"},
				"up": {"uv": [4, 4, 2, 0], "texture": "#1"},
				"down": {"uv": [6, 0, 4, 4], "texture": "#1"}
			}
		},
		{
			"name": "Body",
			"from": [4, 12, 6],
			"to": [12, 24, 10],
			"rotation": {"angle": 0, "axis": "y", "origin": [8.75, 14.54864, 6.04603]},
			"faces": {
				"north": {"uv": [5, 10, 7, 16], "texture": "#1"},
				"east": {"uv": [4, 10, 5, 16], "texture": "#1"},
				"south": {"uv": [8, 10, 10, 16], "texture": "#1"},
				"west": {"uv": [7, 10, 8, 16], "texture": "#1"},
				"up": {"uv": [7, 10, 5, 8], "texture": "#1"},
				"down": {"uv": [9, 8, 7, 10], "texture": "#1"}
			}
		},
		{
			"name": "Right Arm",
			"from": [12, 10.37078, -0.01279],
			"to": [16, 22.37078, 3.98721],
			"rotation": {"angle": 45, "axis": "x", "origin": [8.75, 14.54864, 6.04603]},
			"faces": {
				"north": {"uv": [11, 10, 12, 16], "texture": "#1"},
				"east": {"uv": [10, 10, 11, 16], "texture": "#1"},
				"south": {"uv": [13, 10, 14, 16], "texture": "#1"},
				"west": {"uv": [12, 10, 13, 16], "texture": "#1"},
				"up": {"uv": [12, 10, 11, 8], "texture": "#1"},
				"down": {"uv": [13, 8, 12, 10], "texture": "#1"}
			}
		},
		{
			"name": "Left Arm",
			"from": [0, 12, 6],
			"to": [4, 24, 10],
			"rotation": {"angle": 0, "axis": "y", "origin": [8.75, 14.54864, 6.04603]},
			"faces": {
				"north": {"uv": [11, 10, 12, 16], "texture": "#1"},
				"east": {"uv": [10, 10, 11, 16], "texture": "#1"},
				"south": {"uv": [13, 10, 14, 16], "texture": "#1"},
				"west": {"uv": [12, 10, 13, 16], "texture": "#1"},
				"up": {"uv": [12, 10, 11, 8], "texture": "#1"},
				"down": {"uv": [13, 8, 12, 10], "texture": "#1"}
			}
		},
		{
			"name": "Right Leg",
			"from": [7.9, 0, 6],
			"to": [11.9, 12, 10],
			"rotation": {"angle": 0, "axis": "y", "origin": [8.75, 14.54864, 6.04603]},
			"faces": {
				"north": {"uv": [1, 10, 2, 16], "texture": "#1"},
				"east": {"uv": [0, 10, 1, 16], "texture": "#1"},
				"south": {"uv": [3, 10, 4, 16], "texture": "#1"},
				"west": {"uv": [2, 10, 3, 16], "texture": "#1"},
				"up": {"uv": [2, 10, 1, 8], "texture": "#1"},
				"down": {"uv": [3, 8, 2, 10], "texture": "#1"}
			}
		},
		{
			"name": "Left Leg",
			"from": [4.1, 0, 6],
			"to": [8.1, 12, 10],
			"rotation": {"angle": 0, "axis": "y", "origin": [8.75, 14.54864, 6.04603]},
			"faces": {
				"north": {"uv": [1, 10, 2, 16], "texture": "#1"},
				"east": {"uv": [0, 10, 1, 16], "texture": "#1"},
				"south": {"uv": [3, 10, 4, 16], "texture": "#1"},
				"west": {"uv": [2, 10, 3, 16], "texture": "#1"},
				"up": {"uv": [2, 10, 1, 8], "texture": "#1"},
				"down": {"uv": [3, 8, 2, 10], "texture": "#1"}
			}
		},
		{
			"from": [13.25, 16, 3.16843],
			"to": [14.75, 32, 4.66843],
			"rotation": {"angle": -45, "axis": "x", "origin": [8.75, 14.54864, 6.04603]},
			"faces": {
				"north": {"uv": [2.75, 5, 3, 13], "texture": "#2"},
				"east": {"uv": [2.5, 5, 2.75, 13], "texture": "#2"},
				"south": {"uv": [3.25, 5, 3.5, 13], "texture": "#2"},
				"west": {"uv": [3, 5, 3.25, 13], "texture": "#2"},
				"up": {"uv": [3, 5, 2.75, 4.5], "texture": "#2"},
				"down": {"uv": [3.25, 4.5, 3, 5], "texture": "#2"}
			}
		},
		{
			"from": [0, 0, 0],
			"to": [16, 0, 16],
			"rotation": {"angle": 0, "axis": "y", "origin": [8.75, 14.54864, 6.04603]},
			"faces": {
				"north": {"uv": [4, 8, 8, 8], "texture": "#3"},
				"east": {"uv": [0, 8, 4, 8], "texture": "#3"},
				"south": {"uv": [12, 8, 16, 8], "texture": "#3"},
				"west": {"uv": [8, 8, 12, 8], "texture": "#3"},
				"up": {"uv": [8, 8, 4, 0], "texture": "#3"},
				"down": {"uv": [12, 0, 8, 8], "texture": "#3"}
			}
		}
	],
	"groups": [
		{
			"name": "Head",
			"origin": [0, 24, 0],
			"children": [0]
		},
		{
			"name": "Body",
			"origin": [0, 24, 0],
			"children": [1]
		},
		{
			"name": "RightArm",
			"origin": [5, 22, 0],
			"children": [2]
		},
		{
			"name": "LeftArm",
			"origin": [-5, 22, 0],
			"children": [3]
		},
		{
			"name": "RightLeg",
			"origin": [1.9, 12, 0],
			"children": [4]
		},
		{
			"name": "LeftLeg",
			"origin": [-1.9, 12, 0],
			"children": [5]
		}, 6, 7]
}