{
	"credit": "Made with Blockbench",
	"textures": {
		"0": "custom/iron_block",
		"particle": "custom/iron_block"
	},
	"elements": [
		{
			"from": [7.75, 17, 7.75],
			"to": [8.25, 18, 8.25],
			"rotation": {"angle": 0, "axis": "x", "origin": [8, 0.5, 7.25]},
			"faces": {
				"north": {"uv": [0, 0, 0.5, 1], "texture": "#0"},
				"east": {"uv": [0, 0, 0.5, 1], "texture": "#0"},
				"south": {"uv": [0, 0, 0.5, 1], "texture": "#0"},
				"west": {"uv": [0, 0, 0.5, 1], "texture": "#0"},
				"up": {"uv": [0, 0, 0.5, 0.5], "texture": "#0"},
				"down": {"uv": [0, 0, 0.5, 0.5], "texture": "#0"}
			}
		},
		{
			"from": [7.25, 15, 7.25],
			"to": [8.75, 16, 8.75],
			"rotation": {"angle": 0, "axis": "x", "origin": [8, 0.5, 7.25]},
			"faces": {
				"north": {"uv": [0, 0, 1.5, 1], "texture": "#0"},
				"east": {"uv": [0, 0, 1.5, 1], "texture": "#0"},
				"south": {"uv": [0, 0, 1.5, 1], "texture": "#0"},
				"west": {"uv": [0, 0, 1.5, 1], "texture": "#0"},
				"up": {"uv": [0, 0, 1.5, 1.5], "texture": "#0"},
				"down": {"uv": [0, 0, 1.5, 1.5], "texture": "#0"}
			}
		},
		{
			"from": [7.5, 16, 7.5],
			"to": [8.5, 17, 8.5],
			"rotation": {"angle": 0, "axis": "x", "origin": [8, 0.5, 7.25]},
			"faces": {
				"north": {"uv": [0, 0, 1, 1], "texture": "#0"},
				"east": {"uv": [0, 0, 1, 1], "texture": "#0"},
				"south": {"uv": [0, 0, 1, 1], "texture": "#0"},
				"west": {"uv": [0, 0, 1, 1], "texture": "#0"},
				"up": {"uv": [0, 0, 1, 1], "texture": "#0"},
				"down": {"uv": [0, 0, 1, 1], "texture": "#0"}
			}
		},
		{
			"from": [6.5, 12, 6.5],
			"to": [9.5, 13, 9.5],
			"rotation": {"angle": 0, "axis": "x", "origin": [8, 0.5, 7.25]},
			"faces": {
				"north": {"uv": [0, 0, 3, 1], "texture": "#0"},
				"east": {"uv": [0, 0, 3, 1], "texture": "#0"},
				"south": {"uv": [0, 0, 3, 1], "texture": "#0"},
				"west": {"uv": [0, 0, 3, 1], "texture": "#0"},
				"up": {"uv": [0, 0, 3, 3], "texture": "#0"},
				"down": {"uv": [0, 0, 3, 3], "texture": "#0"}
			}
		},
		{
			"from": [6.75, 13, 6.75],
			"to": [9.25, 14, 9.25],
			"rotation": {"angle": 0, "axis": "x", "origin": [8, 0.5, 7.25]},
			"faces": {
				"north": {"uv": [0, 0, 2.5, 1], "texture": "#0"},
				"east": {"uv": [0, 0, 2.5, 1], "texture": "#0"},
				"south": {"uv": [0, 0, 2.5, 1], "texture": "#0"},
				"west": {"uv": [0, 0, 2.5, 1], "texture": "#0"},
				"up": {"uv": [0, 0, 2.5, 2.5], "texture": "#0"},
				"down": {"uv": [0, 0, 2.5, 2.5], "texture": "#0"}
			}
		},
		{
			"from": [7, 14, 7],
			"to": [9, 15, 9],
			"rotation": {"angle": 0, "axis": "x", "origin": [8, 0.5, 7.25]},
			"faces": {
				"north": {"uv": [0, 0, 2, 1], "texture": "#0"},
				"east": {"uv": [0, 0, 2, 1], "texture": "#0"},
				"south": {"uv": [0, 0, 2, 1], "texture": "#0"},
				"west": {"uv": [0, 0, 2, 1], "texture": "#0"},
				"up": {"uv": [0, 0, 2, 2], "texture": "#0"},
				"down": {"uv": [0, 0, 2, 2], "texture": "#0"}
			}
		},
		{
			"from": [3.5, 0, 3.5],
			"to": [12.5, 1, 12.5],
			"rotation": {"angle": 0, "axis": "x", "origin": [8, 0.5, 7.25]},
			"faces": {
				"north": {"uv": [0, 0, 9, 1], "texture": "#0"},
				"east": {"uv": [0, 0, 9, 1], "texture": "#0"},
				"south": {"uv": [0, 0, 9, 1], "texture": "#0"},
				"west": {"uv": [0, 0, 9, 1], "texture": "#0"},
				"up": {"uv": [0, 0, 9, 9], "texture": "#0"},
				"down": {"uv": [0, 0, 9, 9], "texture": "#0"}
			}
		},
		{
			"from": [3.75, 1, 3.75],
			"to": [12.25, 2, 12.25],
			"rotation": {"angle": 0, "axis": "x", "origin": [8, 0.5, 7.25]},
			"faces": {
				"north": {"uv": [0, 0, 8.5, 1], "texture": "#0"},
				"east": {"uv": [0, 0, 8.5, 1], "texture": "#0"},
				"south": {"uv": [0, 0, 8.5, 1], "texture": "#0"},
				"west": {"uv": [0, 0, 8.5, 1], "texture": "#0"},
				"up": {"uv": [0, 0, 8.5, 8.5], "texture": "#0"},
				"down": {"uv": [0, 0, 8.5, 8.5], "texture": "#0"}
			}
		},
		{
			"from": [4, 2, 4],
			"to": [12, 3, 12],
			"rotation": {"angle": 0, "axis": "x", "origin": [8, 0.5, 7.25]},
			"faces": {
				"north": {"uv": [0, 0, 8, 1], "texture": "#0"},
				"east": {"uv": [0, 0, 8, 1], "texture": "#0"},
				"south": {"uv": [0, 0, 8, 1], "texture": "#0"},
				"west": {"uv": [0, 0, 8, 1], "texture": "#0"},
				"up": {"uv": [0, 0, 8, 8], "texture": "#0"},
				"down": {"uv": [0, 0, 8, 8], "texture": "#0"}
			}
		},
		{
			"from": [4.75, 5, 4.75],
			"to": [11.25, 6, 11.25],
			"rotation": {"angle": 0, "axis": "x", "origin": [8, 0.5, 7.25]},
			"faces": {
				"north": {"uv": [0, 0, 6.5, 1], "texture": "#0"},
				"east": {"uv": [0, 0, 6.5, 1], "texture": "#0"},
				"south": {"uv": [0, 0, 6.5, 1], "texture": "#0"},
				"west": {"uv": [0, 0, 6.5, 1], "texture": "#0"},
				"up": {"uv": [0, 0, 6.5, 6.5], "texture": "#0"},
				"down": {"uv": [0, 0, 6.5, 6.5], "texture": "#0"}
			}
		},
		{
			"from": [4.25, 3, 4.25],
			"to": [11.75, 4, 11.75],
			"rotation": {"angle": 0, "axis": "x", "origin": [8, 0.5, 7.25]},
			"faces": {
				"north": {"uv": [0, 0, 7.5, 1], "texture": "#0"},
				"east": {"uv": [0, 0, 7.5, 1], "texture": "#0"},
				"south": {"uv": [0, 0, 7.5, 1], "texture": "#0"},
				"west": {"uv": [0, 0, 7.5, 1], "texture": "#0"},
				"up": {"uv": [0, 0, 7.5, 7.5], "texture": "#0"},
				"down": {"uv": [0, 0, 7.5, 7.5], "texture": "#0"}
			}
		},
		{
			"from": [4.5, 4, 4.5],
			"to": [11.5, 5, 11.5],
			"rotation": {"angle": 0, "axis": "x", "origin": [8, 0.5, 7.25]},
			"faces": {
				"north": {"uv": [0, 0, 7, 1], "texture": "#0"},
				"east": {"uv": [0, 0, 7, 1], "texture": "#0"},
				"south": {"uv": [0, 0, 7, 1], "texture": "#0"},
				"west": {"uv": [0, 0, 7, 1], "texture": "#0"},
				"up": {"uv": [0, 0, 7, 7], "texture": "#0"},
				"down": {"uv": [0, 0, 7, 7], "texture": "#0"}
			}
		},
		{
			"from": [6.25, 11, 6.25],
			"to": [9.75, 12, 9.75],
			"rotation": {"angle": 0, "axis": "x", "origin": [8, 0.5, 7.25]},
			"faces": {
				"north": {"uv": [0, 0, 3.5, 1], "texture": "#0"},
				"east": {"uv": [0, 0, 3.5, 1], "texture": "#0"},
				"south": {"uv": [0, 0, 3.5, 1], "texture": "#0"},
				"west": {"uv": [0, 0, 3.5, 1], "texture": "#0"},
				"up": {"uv": [0, 0, 3.5, 3.5], "texture": "#0"},
				"down": {"uv": [0, 0, 3.5, 3.5], "texture": "#0"}
			}
		},
		{
			"from": [5.75, 9, 5.75],
			"to": [10.25, 10, 10.25],
			"rotation": {"angle": 0, "axis": "x", "origin": [8, 0.5, 7.25]},
			"faces": {
				"north": {"uv": [0, 0, 4.5, 1], "texture": "#0"},
				"east": {"uv": [0, 0, 4.5, 1], "texture": "#0"},
				"south": {"uv": [0, 0, 4.5, 1], "texture": "#0"},
				"west": {"uv": [0, 0, 4.5, 1], "texture": "#0"},
				"up": {"uv": [0, 0, 4.5, 4.5], "texture": "#0"},
				"down": {"uv": [0, 0, 4.5, 4.5], "texture": "#0"}
			}
		},
		{
			"from": [6, 10, 6],
			"to": [10, 11, 10],
			"rotation": {"angle": 0, "axis": "x", "origin": [8, 0.5, 7.25]},
			"faces": {
				"north": {"uv": [0, 0, 4, 1], "texture": "#0"},
				"east": {"uv": [0, 0, 4, 1], "texture": "#0"},
				"south": {"uv": [0, 0, 4, 1], "texture": "#0"},
				"west": {"uv": [0, 0, 4, 1], "texture": "#0"},
				"up": {"uv": [0, 0, 4, 4], "texture": "#0"},
				"down": {"uv": [0, 0, 4, 4], "texture": "#0"}
			}
		},
		{
			"from": [5, 6, 5],
			"to": [11, 7, 11],
			"rotation": {"angle": 0, "axis": "x", "origin": [8, 0.5, 7.25]},
			"faces": {
				"north": {"uv": [0, 0, 6, 1], "texture": "#0"},
				"east": {"uv": [0, 0, 6, 1], "texture": "#0"},
				"south": {"uv": [0, 0, 6, 1], "texture": "#0"},
				"west": {"uv": [0, 0, 6, 1], "texture": "#0"},
				"up": {"uv": [0, 0, 6, 6], "texture": "#0"},
				"down": {"uv": [0, 0, 6, 6], "texture": "#0"}
			}
		},
		{
			"from": [5.25, 7, 5.25],
			"to": [10.75, 8, 10.75],
			"rotation": {"angle": 0, "axis": "x", "origin": [8, 0.5, 7.25]},
			"faces": {
				"north": {"uv": [0, 0, 5.5, 1], "texture": "#0"},
				"east": {"uv": [0, 0, 5.5, 1], "texture": "#0"},
				"south": {"uv": [0, 0, 5.5, 1], "texture": "#0"},
				"west": {"uv": [0, 0, 5.5, 1], "texture": "#0"},
				"up": {"uv": [0, 0, 5.5, 5.5], "texture": "#0"},
				"down": {"uv": [0, 0, 5.5, 5.5], "texture": "#0"}
			}
		},
		{
			"from": [5.5, 8, 5.5],
			"to": [10.5, 9, 10.5],
			"rotation": {"angle": 0, "axis": "x", "origin": [8, 0.5, 7.25]},
			"faces": {
				"north": {"uv": [0, 0, 5, 1], "texture": "#0"},
				"east": {"uv": [0, 0, 5, 1], "texture": "#0"},
				"south": {"uv": [0, 0, 5, 1], "texture": "#0"},
				"west": {"uv": [0, 0, 5, 1], "texture": "#0"},
				"up": {"uv": [0, 0, 5, 5], "texture": "#0"},
				"down": {"uv": [0, 0, 5, 5], "texture": "#0"}
			}
		}
	],
	"groups": [
		{
			"name": "group",
			"origin": [8, 0.5, 7.25],
			"children": [0, 1, 2, 3, 4, 5, 6, 7, 8, 9, 10, 11, 12, 13, 14, 15, 16, 17]
		}
	]
}