{
	"credit": "Made with Blockbench",
	"textures": {
		"0": "custom/iron_block",
		"particle": "custom/iron_block"
	},
	"elements": [
		{
			"from": [7.75, 0, 7.75],
			"to": [8.25, 1, 8.25],
			"rotation": {"angle": 0, "axis": "x", "origin": [8, 9, 8]},
			"faces": {
				"north": {"uv": [0, 0, 0.5, 1], "rotation": 180, "texture": "#0"},
				"east": {"uv": [0, 0, 0.5, 1], "rotation": 180, "texture": "#0"},
				"south": {"uv": [0, 0, 0.5, 1], "rotation": 180, "texture": "#0"},
				"west": {"uv": [0, 0, 0.5, 1], "rotation": 180, "texture": "#0"},
				"up": {"uv": [0, 0, 0.5, 0.5], "texture": "#0"},
				"down": {"uv": [0, 0, 0.5, 0.5], "texture": "#0"}
			}
		},
		{
			"from": [7.25, 2, 7.25],
			"to": [8.75, 3, 8.75],
			"rotation": {"angle": 0, "axis": "x", "origin": [8, 9, 8]},
			"faces": {
				"north": {"uv": [0, 0, 1.5, 1], "rotation": 180, "texture": "#0"},
				"east": {"uv": [0, 0, 1.5, 1], "rotation": 180, "texture": "#0"},
				"south": {"uv": [0, 0, 1.5, 1], "rotation": 180, "texture": "#0"},
				"west": {"uv": [0, 0, 1.5, 1], "rotation": 180, "texture": "#0"},
				"up": {"uv": [0, 0, 1.5, 1.5], "texture": "#0"},
				"down": {"uv": [0, 0, 1.5, 1.5], "texture": "#0"}
			}
		},
		{
			"from": [7.5, 1, 7.5],
			"to": [8.5, 2, 8.5],
			"rotation": {"angle": 0, "axis": "x", "origin": [8, 9, 8]},
			"faces": {
				"north": {"uv": [0, 0, 1, 1], "rotation": 180, "texture": "#0"},
				"east": {"uv": [0, 0, 1, 1], "rotation": 180, "texture": "#0"},
				"south": {"uv": [0, 0, 1, 1], "rotation": 180, "texture": "#0"},
				"west": {"uv": [0, 0, 1, 1], "rotation": 180, "texture": "#0"},
				"up": {"uv": [0, 0, 1, 1], "texture": "#0"},
				"down": {"uv": [0, 0, 1, 1], "texture": "#0"}
			}
		},
		{
			"from": [6.5, 5, 6.5],
			"to": [9.5, 6, 9.5],
			"rotation": {"angle": 0, "axis": "x", "origin": [8, 9, 8]},
			"faces": {
				"north": {"uv": [0, 0, 3, 1], "rotation": 180, "texture": "#0"},
				"east": {"uv": [0, 0, 3, 1], "rotation": 180, "texture": "#0"},
				"south": {"uv": [0, 0, 3, 1], "rotation": 180, "texture": "#0"},
				"west": {"uv": [0, 0, 3, 1], "rotation": 180, "texture": "#0"},
				"up": {"uv": [0, 0, 3, 3], "texture": "#0"},
				"down": {"uv": [0, 0, 3, 3], "texture": "#0"}
			}
		},
		{
			"from": [6.75, 4, 6.75],
			"to": [9.25, 5, 9.25],
			"rotation": {"angle": 0, "axis": "x", "origin": [8, 9, 8]},
			"faces": {
				"north": {"uv": [0, 0, 2.5, 1], "rotation": 180, "texture": "#0"},
				"east": {"uv": [0, 0, 2.5, 1], "rotation": 180, "texture": "#0"},
				"south": {"uv": [0, 0, 2.5, 1], "rotation": 180, "texture": "#0"},
				"west": {"uv": [0, 0, 2.5, 1], "rotation": 180, "texture": "#0"},
				"up": {"uv": [0, 0, 2.5, 2.5], "texture": "#0"},
				"down": {"uv": [0, 0, 2.5, 2.5], "texture": "#0"}
			}
		},
		{
			"from": [7, 3, 7],
			"to": [9, 4, 9],
			"rotation": {"angle": 0, "axis": "x", "origin": [8, 9, 8]},
			"faces": {
				"north": {"uv": [0, 0, 2, 1], "rotation": 180, "texture": "#0"},
				"east": {"uv": [0, 0, 2, 1], "rotation": 180, "texture": "#0"},
				"south": {"uv": [0, 0, 2, 1], "rotation": 180, "texture": "#0"},
				"west": {"uv": [0, 0, 2, 1], "rotation": 180, "texture": "#0"},
				"up": {"uv": [0, 0, 2, 2], "texture": "#0"},
				"down": {"uv": [0, 0, 2, 2], "texture": "#0"}
			}
		},
		{
			"from": [3.5, 17, 3.5],
			"to": [12.5, 18, 12.5],
			"rotation": {"angle": 0, "axis": "x", "origin": [8, 9, 8]},
			"faces": {
				"north": {"uv": [0, 0, 9, 1], "rotation": 180, "texture": "#0"},
				"east": {"uv": [0, 0, 9, 1], "rotation": 180, "texture": "#0"},
				"south": {"uv": [0, 0, 9, 1], "rotation": 180, "texture": "#0"},
				"west": {"uv": [0, 0, 9, 1], "rotation": 180, "texture": "#0"},
				"up": {"uv": [0, 0, 9, 9], "texture": "#0"},
				"down": {"uv": [0, 0, 9, 9], "texture": "#0"}
			}
		},
		{
			"from": [3.75, 16, 3.75],
			"to": [12.25, 17, 12.25],
			"rotation": {"angle": 0, "axis": "x", "origin": [8, 9, 8]},
			"faces": {
				"north": {"uv": [0, 0, 8.5, 1], "rotation": 180, "texture": "#0"},
				"east": {"uv": [0, 0, 8.5, 1], "rotation": 180, "texture": "#0"},
				"south": {"uv": [0, 0, 8.5, 1], "rotation": 180, "texture": "#0"},
				"west": {"uv": [0, 0, 8.5, 1], "rotation": 180, "texture": "#0"},
				"up": {"uv": [0, 0, 8.5, 8.5], "texture": "#0"},
				"down": {"uv": [0, 0, 8.5, 8.5], "texture": "#0"}
			}
		},
		{
			"from": [4, 15, 4],
			"to": [12, 16, 12],
			"rotation": {"angle": 0, "axis": "x", "origin": [8, 9, 8]},
			"faces": {
				"north": {"uv": [0, 0, 8, 1], "rotation": 180, "texture": "#0"},
				"east": {"uv": [0, 0, 8, 1], "rotation": 180, "texture": "#0"},
				"south": {"uv": [0, 0, 8, 1], "rotation": 180, "texture": "#0"},
				"west": {"uv": [0, 0, 8, 1], "rotation": 180, "texture": "#0"},
				"up": {"uv": [0, 0, 8, 8], "texture": "#0"},
				"down": {"uv": [0, 0, 8, 8], "texture": "#0"}
			}
		},
		{
			"from": [4.75, 12, 4.75],
			"to": [11.25, 13, 11.25],
			"rotation": {"angle": 0, "axis": "x", "origin": [8, 9, 8]},
			"faces": {
				"north": {"uv": [0, 0, 6.5, 1], "rotation": 180, "texture": "#0"},
				"east": {"uv": [0, 0, 6.5, 1], "rotation": 180, "texture": "#0"},
				"south": {"uv": [0, 0, 6.5, 1], "rotation": 180, "texture": "#0"},
				"west": {"uv": [0, 0, 6.5, 1], "rotation": 180, "texture": "#0"},
				"up": {"uv": [0, 0, 6.5, 6.5], "texture": "#0"},
				"down": {"uv": [0, 0, 6.5, 6.5], "texture": "#0"}
			}
		},
		{
			"from": [4.25, 14, 4.25],
			"to": [11.75, 15, 11.75],
			"rotation": {"angle": 0, "axis": "x", "origin": [8, 9, 8]},
			"faces": {
				"north": {"uv": [0, 0, 7.5, 1], "rotation": 180, "texture": "#0"},
				"east": {"uv": [0, 0, 7.5, 1], "rotation": 180, "texture": "#0"},
				"south": {"uv": [0, 0, 7.5, 1], "rotation": 180, "texture": "#0"},
				"west": {"uv": [0, 0, 7.5, 1], "rotation": 180, "texture": "#0"},
				"up": {"uv": [0, 0, 7.5, 7.5], "texture": "#0"},
				"down": {"uv": [0, 0, 7.5, 7.5], "texture": "#0"}
			}
		},
		{
			"from": [4.5, 13, 4.5],
			"to": [11.5, 14, 11.5],
			"rotation": {"angle": 0, "axis": "x", "origin": [8, 9, 8]},
			"faces": {
				"north": {"uv": [0, 0, 7, 1], "rotation": 180, "texture": "#0"},
				"east": {"uv": [0, 0, 7, 1], "rotation": 180, "texture": "#0"},
				"south": {"uv": [0, 0, 7, 1], "rotation": 180, "texture": "#0"},
				"west": {"uv": [0, 0, 7, 1], "rotation": 180, "texture": "#0"},
				"up": {"uv": [0, 0, 7, 7], "texture": "#0"},
				"down": {"uv": [0, 0, 7, 7], "texture": "#0"}
			}
		},
		{
			"from": [6.25, 6, 6.25],
			"to": [9.75, 7, 9.75],
			"rotation": {"angle": 0, "axis": "x", "origin": [8, 9, 8]},
			"faces": {
				"north": {"uv": [0, 0, 3.5, 1], "rotation": 180, "texture": "#0"},
				"east": {"uv": [0, 0, 3.5, 1], "rotation": 180, "texture": "#0"},
				"south": {"uv": [0, 0, 3.5, 1], "rotation": 180, "texture": "#0"},
				"west": {"uv": [0, 0, 3.5, 1], "rotation": 180, "texture": "#0"},
				"up": {"uv": [0, 0, 3.5, 3.5], "texture": "#0"},
				"down": {"uv": [0, 0, 3.5, 3.5], "texture": "#0"}
			}
		},
		{
			"from": [5.75, 8, 5.75],
			"to": [10.25, 9, 10.25],
			"rotation": {"angle": 0, "axis": "x", "origin": [8, 9, 8]},
			"faces": {
				"north": {"uv": [0, 0, 4.5, 1], "rotation": 180, "texture": "#0"},
				"east": {"uv": [0, 0, 4.5, 1], "rotation": 180, "texture": "#0"},
				"south": {"uv": [0, 0, 4.5, 1], "rotation": 180, "texture": "#0"},
				"west": {"uv": [0, 0, 4.5, 1], "rotation": 180, "texture": "#0"},
				"up": {"uv": [0, 0, 4.5, 4.5], "texture": "#0"},
				"down": {"uv": [0, 0, 4.5, 4.5], "texture": "#0"}
			}
		},
		{
			"from": [6, 7, 6],
			"to": [10, 8, 10],
			"rotation": {"angle": 0, "axis": "x", "origin": [8, 9, 8]},
			"faces": {
				"north": {"uv": [0, 0, 4, 1], "rotation": 180, "texture": "#0"},
				"east": {"uv": [0, 0, 4, 1], "rotation": 180, "texture": "#0"},
				"south": {"uv": [0, 0, 4, 1], "rotation": 180, "texture": "#0"},
				"west": {"uv": [0, 0, 4, 1], "rotation": 180, "texture": "#0"},
				"up": {"uv": [0, 0, 4, 4], "texture": "#0"},
				"down": {"uv": [0, 0, 4, 4], "texture": "#0"}
			}
		},
		{
			"from": [5, 11, 5],
			"to": [11, 12, 11],
			"rotation": {"angle": 0, "axis": "x", "origin": [8, 9, 8]},
			"faces": {
				"north": {"uv": [0, 0, 6, 1], "rotation": 180, "texture": "#0"},
				"east": {"uv": [0, 0, 6, 1], "rotation": 180, "texture": "#0"},
				"south": {"uv": [0, 0, 6, 1], "rotation": 180, "texture": "#0"},
				"west": {"uv": [0, 0, 6, 1], "rotation": 180, "texture": "#0"},
				"up": {"uv": [0, 0, 6, 6], "texture": "#0"},
				"down": {"uv": [0, 0, 6, 6], "texture": "#0"}
			}
		},
		{
			"from": [5.25, 10, 5.25],
			"to": [10.75, 11, 10.75],
			"rotation": {"angle": 0, "axis": "x", "origin": [8, 9, 8]},
			"faces": {
				"north": {"uv": [0, 0, 5.5, 1], "rotation": 180, "texture": "#0"},
				"east": {"uv": [0, 0, 5.5, 1], "rotation": 180, "texture": "#0"},
				"south": {"uv": [0, 0, 5.5, 1], "rotation": 180, "texture": "#0"},
				"west": {"uv": [0, 0, 5.5, 1], "rotation": 180, "texture": "#0"},
				"up": {"uv": [0, 0, 5.5, 5.5], "texture": "#0"},
				"down": {"uv": [0, 0, 5.5, 5.5], "texture": "#0"}
			}
		},
		{
			"from": [5.5, 9, 5.5],
			"to": [10.5, 10, 10.5],
			"rotation": {"angle": 0, "axis": "x", "origin": [8, 9, 8]},
			"faces": {
				"north": {"uv": [0, 0, 5, 1], "rotation": 180, "texture": "#0"},
				"east": {"uv": [0, 0, 5, 1], "rotation": 180, "texture": "#0"},
				"south": {"uv": [0, 0, 5, 1], "rotation": 180, "texture": "#0"},
				"west": {"uv": [0, 0, 5, 1], "rotation": 180, "texture": "#0"},
				"up": {"uv": [0, 0, 5, 5], "texture": "#0"},
				"down": {"uv": [0, 0, 5, 5], "texture": "#0"}
			}
		}
	],
	"groups": [
		{
			"name": "group",
			"origin": [8, 0.5, 7.25],
			"children": [0, 1, 2, 3, 4, 5, 6, 7, 8, 9, 10, 11, 12, 13, 14, 15, 16, 17]
		}
	]
}