{
	"credit": "Made with Blockbench",
	"texture_size": [32, 32],
	"textures": {
		"0": "custom/iron_block",
		"2": "custom/blackstone",
		"4": "custom/water",
		"particle": "custom/iron_block"
	},
	"elements": [
		{
			"from": [6.25, 0, 6.25],
			"to": [10.25, 0.5, 9.75],
			"rotation": {"angle": 0, "axis": "y", "origin": [15.5, 8, 15.5]},
			"faces": {
				"north": {"uv": [0, 0, 16, 16], "texture": "#0"},
				"east": {"uv": [0, 0, 16, 15], "texture": "#0"},
				"south": {"uv": [0, 0, 16, 15], "texture": "#0"},
				"west": {"uv": [0, 0, 16, 15], "texture": "#0"},
				"up": {"uv": [0, 0, 16, 16], "texture": "#0"},
				"down": {"uv": [0, 0, 16, 16], "texture": "#0"}
			}
		},
		{
			"from": [6.5, 0.25, 6.75],
			"to": [9.75, 1.25, 9.25],
			"rotation": {"angle": 0, "axis": "y", "origin": [15.5, 8.25, 15.5]},
			"faces": {
				"north": {"uv": [0, 0, 16, 16], "texture": "#0"},
				"east": {"uv": [0, 0, 16, 15], "texture": "#0"},
				"south": {"uv": [0, 0, 16, 15], "texture": "#0"},
				"west": {"uv": [0, 0, 16, 15], "texture": "#0"},
				"up": {"uv": [0, 0, 16, 16], "texture": "#0"},
				"down": {"uv": [0, 0, 16, 16], "texture": "#0"}
			}
		},
		{
			"from": [6.75, 1, 7],
			"to": [9, 3, 9],
			"rotation": {"angle": 0, "axis": "y", "origin": [15.5, 9, 15.5]},
			"faces": {
				"north": {"uv": [0, 0, 16, 16], "texture": "#0"},
				"east": {"uv": [0, 0, 16, 15], "texture": "#0"},
				"south": {"uv": [0, 0, 16, 15], "texture": "#0"},
				"west": {"uv": [0, 0, 16, 15], "texture": "#0"},
				"up": {"uv": [0, 0, 16, 16], "texture": "#0"},
				"down": {"uv": [0, 0, 16, 16], "texture": "#0"}
			}
		},
		{
			"from": [5.75, 3, 6],
			"to": [10, 3.5, 9.75],
			"rotation": {"angle": 0, "axis": "y", "origin": [15, 10.5, 15]},
			"faces": {
				"north": {"uv": [0, 0, 8, 8], "texture": "#0"},
				"east": {"uv": [0, 0, 8, 8], "texture": "#0"},
				"south": {"uv": [0, 0, 8, 8], "texture": "#0"},
				"west": {"uv": [0, 0, 8, 8], "texture": "#0"},
				"up": {"uv": [0, 0, 16, 16], "texture": "#0"},
				"down": {"uv": [0, 0, 16, 16], "texture": "#0"}
			}
		},
		{
			"from": [10, 3, 6.5],
			"to": [10.5, 4.1875, 9.25],
			"rotation": {"angle": 0, "axis": "y", "origin": [16, 10.5, 15]},
			"faces": {
				"north": {"uv": [0, 0, 8, 8], "texture": "#0"},
				"east": {"uv": [0, 0, 8, 8], "texture": "#0"},
				"south": {"uv": [0, 0, 8, 8], "texture": "#0"},
				"west": {"uv": [0, 0, 8, 8], "texture": "#0"},
				"up": {"uv": [0, 0, 8, 8], "texture": "#0"},
				"down": {"uv": [0, 0, 8, 8], "texture": "#0"}
			}
		},
		{
			"from": [9.5, 3, 5.9375],
			"to": [10.0625, 4.3125, 6.5],
			"rotation": {"angle": 0, "axis": "y", "origin": [15.5, 10.5, 12.25]},
			"faces": {
				"north": {"uv": [0, 0, 8, 8], "texture": "#0"},
				"east": {"uv": [0, 0, 8, 8], "texture": "#0"},
				"south": {"uv": [0, 0, 8, 8], "texture": "#0"},
				"west": {"uv": [0, 0, 8, 8], "texture": "#0"},
				"up": {"uv": [0, 0, 8, 8], "texture": "#0"},
				"down": {"uv": [0, 0, 8, 8], "texture": "#0"}
			}
		},
		{
			"from": [9.5, 3, 9.25],
			"to": [10.0625, 4.3125, 9.8125],
			"rotation": {"angle": 0, "axis": "y", "origin": [15.5, 10.5, 15.5625]},
			"faces": {
				"north": {"uv": [0, 0, 8, 8], "texture": "#0"},
				"east": {"uv": [0, 0, 8, 8], "texture": "#0"},
				"south": {"uv": [0, 0, 8, 8], "texture": "#0"},
				"west": {"uv": [0, 0, 8, 8], "texture": "#0"},
				"up": {"uv": [0, 0, 8, 8], "texture": "#0"},
				"down": {"uv": [0, 0, 8, 8], "texture": "#0"}
			}
		},
		{
			"from": [9.5, 4.1875, 6.5],
			"to": [10.1875, 4.8125, 9.25],
			"rotation": {"angle": 0, "axis": "y", "origin": [15.6875, 11.6875, 15]},
			"faces": {
				"north": {"uv": [0, 0, 8, 8], "texture": "#0"},
				"east": {"uv": [0, 0, 8, 8], "texture": "#0"},
				"south": {"uv": [0, 0, 8, 8], "texture": "#0"},
				"west": {"uv": [0, 0, 8, 8], "texture": "#0"},
				"up": {"uv": [0, 0, 8, 8], "texture": "#0"},
				"down": {"uv": [0, 0, 8, 8], "texture": "#0"}
			}
		},
		{
			"from": [6.75, 3, 5.5],
			"to": [9.5, 4.1875, 6],
			"rotation": {"angle": 0, "axis": "y", "origin": [15.25, 10.5, 0]},
			"faces": {
				"north": {"uv": [0, 0, 8, 8], "texture": "#0"},
				"east": {"uv": [0, 0, 8, 8], "texture": "#0"},
				"south": {"uv": [0, 0, 8, 8], "texture": "#0"},
				"west": {"uv": [0, 0, 8, 8], "texture": "#0"},
				"up": {"uv": [0, 0, 8, 8], "rotation": 270, "texture": "#0"},
				"down": {"uv": [0, 0, 8, 8], "rotation": 90, "texture": "#0"}
			}
		},
		{
			"from": [6.75, 4.1875, 5.8125],
			"to": [9.5, 4.8125, 6.5],
			"rotation": {"angle": 0, "axis": "y", "origin": [15.25, 11.6875, 0.3125]},
			"faces": {
				"north": {"uv": [0, 0, 8, 8], "texture": "#0"},
				"east": {"uv": [0, 0, 8, 8], "texture": "#0"},
				"south": {"uv": [0, 0, 8, 8], "texture": "#0"},
				"west": {"uv": [0, 0, 8, 8], "texture": "#0"},
				"up": {"uv": [0, 0, 8, 8], "rotation": 270, "texture": "#0"},
				"down": {"uv": [0, 0, 8, 8], "rotation": 90, "texture": "#0"}
			}
		},
		{
			"from": [6.75, 3, 9.75],
			"to": [9.5, 4.1875, 10.25],
			"rotation": {"angle": 0, "axis": "y", "origin": [15.25, 10.5, 4.25]},
			"faces": {
				"north": {"uv": [0, 0, 8, 8], "texture": "#0"},
				"east": {"uv": [0, 0, 8, 8], "texture": "#0"},
				"south": {"uv": [0, 0, 8, 8], "texture": "#0"},
				"west": {"uv": [0, 0, 8, 8], "texture": "#0"},
				"up": {"uv": [0, 0, 8, 8], "rotation": 270, "texture": "#0"},
				"down": {"uv": [0, 0, 8, 8], "rotation": 90, "texture": "#0"}
			}
		},
		{
			"from": [6.75, 4.1875, 9.25],
			"to": [9.5, 4.8125, 9.9375],
			"rotation": {"angle": 0, "axis": "y", "origin": [15.25, 11.6875, 3.9375]},
			"faces": {
				"north": {"uv": [0, 0, 8, 8], "texture": "#0"},
				"east": {"uv": [0, 0, 8, 8], "texture": "#0"},
				"south": {"uv": [0, 0, 8, 8], "texture": "#0"},
				"west": {"uv": [0, 0, 8, 8], "texture": "#0"},
				"up": {"uv": [0, 0, 8, 8], "rotation": 270, "texture": "#0"},
				"down": {"uv": [0, 0, 8, 8], "rotation": 90, "texture": "#0"}
			}
		},
		{
			"name": "Water",
			"from": [7.625, 3.5, 7.4375],
			"to": [9.3125, 3.5625, 8.4375],
			"rotation": {"angle": 0, "axis": "y", "origin": [15.75, 10.5625, 15.0625]},
			"faces": {
				"north": {"uv": [0, 0, 0.5, 0.5], "texture": "#missing"},
				"east": {"uv": [0, 0, 0.5, 0.5], "texture": "#missing"},
				"south": {"uv": [0, 0, 0.5, 0.5], "texture": "#missing"},
				"west": {"uv": [0, 0, 0.5, 0.5], "texture": "#missing"},
				"up": {"uv": [0, 0, 9, 16], "texture": "#4"},
				"down": {"uv": [0, 0, 0.5, 0.5], "texture": "#missing"}
			}
		},
		{
			"from": [5, 3.25, 5.625],
			"to": [6.75, 8.8125, 10.125],
			"rotation": {"angle": 0, "axis": "y", "origin": [13, 11.25, 15.375]},
			"faces": {
				"north": {"uv": [0, 0, 16, 16], "texture": "#0"},
				"east": {"uv": [0, 0, 16, 16], "texture": "#0"},
				"south": {"uv": [0, 0, 16, 16], "texture": "#0"},
				"west": {"uv": [0, 0, 16, 16], "texture": "#0"},
				"up": {"uv": [0, 0, 16, 16], "texture": "#0"},
				"down": {"uv": [0, 0, 16, 16], "texture": "#0"}
			}
		},
		{
			"name": "Handle",
			"from": [6.75, 8, 6],
			"to": [7, 8.25, 7],
			"rotation": {"angle": 0, "axis": "y", "origin": [14, 15.25, 14]},
			"faces": {
				"north": {"uv": [0, 0, 5, 4], "texture": "#2"},
				"east": {"uv": [0, 0, 15, 5], "texture": "#2"},
				"south": {"uv": [0, 0, 15, 5], "texture": "#2"},
				"west": {"uv": [0, 0, 15, 5], "texture": "#2"},
				"up": {"uv": [0, 0, 7, 15], "texture": "#2"},
				"down": {"uv": [0, 0, 5, 12], "texture": "#2"}
			}
		},
		{
			"name": "Handle",
			"from": [6.75, 7.75, 7],
			"to": [7, 8.25, 7.25],
			"rotation": {"angle": 0, "axis": "y", "origin": [14, 15.25, 15]},
			"faces": {
				"north": {"uv": [0, 0, 4, 9], "texture": "#2"},
				"east": {"uv": [0, 0, 6, 5], "texture": "#2"},
				"south": {"uv": [0, 0, 5, 5], "texture": "#2"},
				"west": {"uv": [6, 3, 9, 8], "texture": "#2"},
				"up": {"uv": [0, 0, 8, 4], "texture": "#2"},
				"down": {"uv": [1, 2, 4, 5], "texture": "#2"}
			}
		}
	],
	"display": {
		"thirdperson_righthand": {
			"rotation": [79, 119, 0],
			"translation": [0, 2.75, 3.5]
		},
		"thirdperson_lefthand": {
			"rotation": [79, -57, 0],
			"translation": [0, 3, 4.75]
		},
		"firstperson_righthand": {
			"rotation": [0, -154, 0],
			"translation": [-1.25, 5.75, 0]
		},
		"firstperson_lefthand": {
			"rotation": [0, 33, 0],
			"translation": [0, 6.5, 0]
		},
		"gui": {
			"rotation": [10, -41, 0],
			"translation": [0, 6.75, 0],
			"scale": [2, 2, 2]
		},
		"head": {
			"rotation": [0, 90, 0],
			"translation": [0.5, 9.25, -0.5],
			"scale": [4, 4, 4]
		}
	},
	"groups": [
		{
			"name": "Ground",
			"origin": [8, 8, 8],
			"children": [0, 1, 2]
		},
		{
			"name": "Middle_Part",
			"origin": [8, 8, 8],
			"children": [3, 4, 5, 6, 7, 8, 9, 10, 11]
		}, 12,
		{
			"name": "Back",
			"origin": [8, 8, 8],
			"children": [13]
		},
		{
			"name": "Handle",
			"origin": [14, 15.25, 14],
			"children": [14, 15]
		}
	]
}