{
	"credit": "Made with Blockbench",
	"texture_size": [32, 32],
	"textures": {
		"0": "custom/black",
		"1": "custom/dynamite_red",
		"2": "custom/dynamite_yellow",
		"3": "custom/blackstone",
		"4": "custom/stone",
		"particle": "custom/black"
	},
	"elements": [
		{
			"from": [7.4375, 3.75, 4.9375],
			"to": [8.5625, 4.25, 7.0625],
			"rotation": {"angle": 0, "axis": "y", "origin": [8, 3.25, 6]},
			"faces": {
				"north": {"uv": [0, 0, 0.5625, 0.25], "texture": "#0"},
				"east": {"uv": [0, 0, 1.0625, 0.25], "texture": "#0"},
				"south": {"uv": [0, 0, 0.5625, 0.25], "texture": "#0"},
				"west": {"uv": [0, 0, 1.0625, 0.25], "texture": "#0"},
				"up": {"uv": [0, 0, 1.0625, 0.5625], "rotation": 270, "texture": "#0"},
				"down": {"uv": [0, 0, 1.0625, 0.5625], "rotation": 90, "texture": "#0"}
			}
		},
		{
			"from": [7.4375, 0.75, 4.9375],
			"to": [8.5625, 1.25, 7.0625],
			"rotation": {"angle": 0, "axis": "y", "origin": [8, 3.25, 6]},
			"faces": {
				"north": {"uv": [0, 0, 0.5625, 0.25], "texture": "#0"},
				"east": {"uv": [0, 0, 1.0625, 0.25], "texture": "#0"},
				"south": {"uv": [0, 0, 0.5625, 0.25], "texture": "#0"},
				"west": {"uv": [0, 0, 1.0625, 0.25], "texture": "#0"},
				"up": {"uv": [0, 0, 1.0625, 0.5625], "rotation": 270, "texture": "#0"},
				"down": {"uv": [0, 0, 1.0625, 0.5625], "rotation": 90, "texture": "#0"}
			}
		},
		{
			"from": [7.1875, 0.755, 5.1875],
			"to": [8.8125, 1.245, 6.8125],
			"faces": {
				"north": {"uv": [0, 0, 0.8125, 0.245], "texture": "#0"},
				"east": {"uv": [0, 0, 0.8125, 0.245], "texture": "#0"},
				"south": {"uv": [0, 0, 0.8125, 0.245], "texture": "#0"},
				"west": {"uv": [0, 0, 0.8125, 0.245], "texture": "#0"},
				"up": {"uv": [0, 0, 0.8125, 0.8125], "texture": "#0"},
				"down": {"uv": [0, 0, 0.8125, 0.8125], "texture": "#0"}
			}
		},
		{
			"from": [7.1875, 3.755, 5.1875],
			"to": [8.8125, 4.245, 6.8125],
			"faces": {
				"north": {"uv": [0, 0, 0.8125, 0.245], "texture": "#0"},
				"east": {"uv": [0, 0, 0.8125, 0.245], "texture": "#0"},
				"south": {"uv": [0, 0, 0.8125, 0.245], "texture": "#0"},
				"west": {"uv": [0, 0, 0.8125, 0.245], "texture": "#0"},
				"up": {"uv": [0, 0, 0.8125, 0.8125], "texture": "#0"},
				"down": {"uv": [0, 0, 0.8125, 0.8125], "texture": "#0"}
			}
		},
		{
			"from": [6.9375, 0.75, 5.4375],
			"to": [9.0625, 1.25, 6.5625],
			"faces": {
				"north": {"uv": [0, 0, 1.0625, 0.25], "texture": "#0"},
				"east": {"uv": [0, 0, 0.5625, 0.25], "texture": "#0"},
				"south": {"uv": [0, 0, 1.0625, 0.25], "texture": "#0"},
				"west": {"uv": [0, 0, 0.5625, 0.25], "texture": "#0"},
				"up": {"uv": [0, 0, 1.0625, 0.5625], "texture": "#0"},
				"down": {"uv": [0, 0, 1.0625, 0.5625], "texture": "#0"}
			}
		},
		{
			"from": [6.9375, 3.75, 5.4375],
			"to": [9.0625, 4.25, 6.5625],
			"faces": {
				"north": {"uv": [0, 0, 1.0625, 0.25], "texture": "#0"},
				"east": {"uv": [0, 0, 0.5625, 0.25], "texture": "#0"},
				"south": {"uv": [0, 0, 1.0625, 0.25], "texture": "#0"},
				"west": {"uv": [0, 0, 0.5625, 0.25], "texture": "#0"},
				"up": {"uv": [0, 0, 1.0625, 0.5625], "texture": "#0"},
				"down": {"uv": [0, 0, 1.0625, 0.5625], "texture": "#0"}
			}
		},
		{
			"from": [7.5, 0, 6.75],
			"to": [8.5, 5, 7],
			"rotation": {"angle": 0, "axis": "y", "origin": [8, 0.5, 6]},
			"faces": {
				"north": {"uv": [0, 0, 0.5, 2.5], "texture": "#1"},
				"east": {"uv": [0, 0, 4.5, 15.5], "texture": "#1"},
				"south": {"uv": [0, 0, 4.5, 15.5], "texture": "#1"},
				"west": {"uv": [0, 0, 4, 15.5], "texture": "#1"},
				"up": {"uv": [9.5, 8.5, 16, 16], "rotation": 270, "texture": "#1"},
				"down": {"uv": [0, 0, 7, 7.5], "rotation": 90, "texture": "#1"}
			}
		},
		{
			"from": [7, 0, 5.5],
			"to": [7.25, 5, 6.5],
			"faces": {
				"north": {"uv": [0, 0, 5, 15.5], "texture": "#1"},
				"east": {"uv": [0, 0, 0.5, 2.5], "texture": "#1"},
				"south": {"uv": [0, 0, 4.5, 15.5], "texture": "#1"},
				"west": {"uv": [0, 0, 4, 15.5], "texture": "#1"},
				"up": {"uv": [9.5, 8.5, 16, 16], "texture": "#1"},
				"down": {"uv": [0, 0, 7, 7.5], "texture": "#1"}
			}
		},
		{
			"from": [7.5, 0, 5],
			"to": [8.5, 5, 5.25],
			"rotation": {"angle": 0, "axis": "y", "origin": [8, 0.5, 6]},
			"faces": {
				"north": {"uv": [0, 0, 5, 15.5], "texture": "#1"},
				"east": {"uv": [0, 0, 4.5, 15.5], "texture": "#1"},
				"south": {"uv": [0, 0, 0.5, 2.5], "texture": "#1"},
				"west": {"uv": [0, 0, 4, 15.5], "texture": "#1"},
				"up": {"uv": [9.5, 8.5, 16, 16], "rotation": 270, "texture": "#1"},
				"down": {"uv": [0, 0, 7, 7.5], "rotation": 90, "texture": "#1"}
			}
		},
		{
			"from": [8.75, 0, 5.5],
			"to": [9, 5, 6.5],
			"faces": {
				"north": {"uv": [0, 0, 5, 15.5], "texture": "#1"},
				"east": {"uv": [0, 0, 4.5, 15.5], "texture": "#1"},
				"south": {"uv": [0, 0, 4.5, 15.5], "texture": "#1"},
				"west": {"uv": [0, 0, 0.5, 2.5], "texture": "#1"},
				"up": {"uv": [9.5, 8.5, 16, 16], "texture": "#1"},
				"down": {"uv": [0, 0, 7, 7.5], "texture": "#1"}
			}
		},
		{
			"from": [7.25, 0, 5.25],
			"to": [8.75, 5, 6.75],
			"faces": {
				"north": {"uv": [0, 0, 5, 15.5], "texture": "#1"},
				"east": {"uv": [0, 0, 4.5, 15.5], "texture": "#1"},
				"south": {"uv": [0, 0, 4.5, 15.5], "texture": "#1"},
				"west": {"uv": [0, 0, 4, 15.5], "texture": "#1"},
				"up": {"uv": [9.5, 8.5, 16, 16], "texture": "#1"},
				"down": {"uv": [0, 0, 7, 7.5], "texture": "#1"}
			}
		},
		{
			"name": "InsideYellow",
			"from": [7.3125, 5, 5.3125],
			"to": [8.6875, 5.005, 6.6875],
			"faces": {
				"north": {"uv": [0, 0, 0.6875, 0.0025], "texture": "#missing"},
				"east": {"uv": [0, 0, 0.6875, 0.0025], "texture": "#missing"},
				"south": {"uv": [0, 0, 0.6875, 0.0025], "texture": "#missing"},
				"west": {"uv": [0, 0, 0.6875, 0.0025], "texture": "#missing"},
				"up": {"uv": [0, 0, 6, 5.5], "texture": "#2"},
				"down": {"uv": [0, 0, 0.6875, 0.6875], "texture": "#missing"}
			}
		},
		{
			"from": [7.875, 5, 5.875],
			"to": [8.125, 5.5, 6.125],
			"rotation": {"angle": 0, "axis": "y", "origin": [8, 5.4375, 6.79167]},
			"faces": {
				"north": {"uv": [0, 0, 7, 12], "texture": "#3"},
				"east": {"uv": [0, 0, 8, 13], "texture": "#3"},
				"south": {"uv": [0, 0, 7, 11], "texture": "#3"},
				"west": {"uv": [0, 0, 7, 11], "texture": "#3"},
				"up": {"uv": [0, 0, 3, 7], "texture": "#3"},
				"down": {"uv": [0, 0, 6, 8], "texture": "#3"}
			}
		},
		{
			"from": [7.875, 5, 9.89583],
			"to": [8.125, 5.5, 10.14583],
			"rotation": {"angle": 0, "axis": "y", "origin": [8, 5.4375, 6.79167]},
			"faces": {
				"north": {"uv": [0, 0, 7, 12], "texture": "#3"},
				"east": {"uv": [0, 0, 8, 13], "texture": "#3"},
				"south": {"uv": [0, 0, 7, 11], "texture": "#3"},
				"west": {"uv": [0, 0, 7, 11], "texture": "#3"},
				"up": {"uv": [0, 0, 3, 7], "rotation": 180, "texture": "#3"},
				"down": {"uv": [0, 0, 6, 8], "rotation": 180, "texture": "#3"}
			}
		},
		{
			"from": [7.875, 5, 7.875],
			"to": [8.125, 6.75, 8.125],
			"faces": {
				"north": {"uv": [0, 0, 7, 12], "texture": "#3"},
				"east": {"uv": [0, 0, 8, 13], "texture": "#3"},
				"south": {"uv": [0, 0, 7, 11], "texture": "#3"},
				"west": {"uv": [0, 0, 7, 11], "texture": "#3"},
				"up": {"uv": [0, 0, 3, 7], "texture": "#3"},
				"down": {"uv": [0, 0, 6, 8], "texture": "#3"}
			}
		},
		{
			"from": [8.125, 6.75, 7.875],
			"to": [8.375, 7.25, 8.125],
			"faces": {
				"north": {"uv": [0, 0, 7, 12], "texture": "#3"},
				"east": {"uv": [0, 0, 8, 13], "texture": "#3"},
				"south": {"uv": [0, 0, 7, 11], "texture": "#3"},
				"west": {"uv": [0, 0, 7, 11], "texture": "#3"},
				"up": {"uv": [0, 0, 3, 7], "texture": "#3"},
				"down": {"uv": [0, 0, 6, 8], "texture": "#3"}
			}
		},
		{
			"from": [8.375, 7.25, 7.875],
			"to": [8.625, 7.5, 8.125],
			"faces": {
				"north": {"uv": [0, 0, 7, 12], "texture": "#3"},
				"east": {"uv": [0, 0, 8, 13], "texture": "#3"},
				"south": {"uv": [0, 0, 7, 11], "texture": "#3"},
				"west": {"uv": [0, 0, 7, 11], "texture": "#3"},
				"up": {"uv": [0, 0, 3, 7], "texture": "#3"},
				"down": {"uv": [0, 0, 6, 8], "texture": "#3"}
			}
		},
		{
			"from": [9.125, 7.25, 7.875],
			"to": [9.375, 7.5, 8.125],
			"faces": {
				"north": {"uv": [0, 0, 7, 12], "texture": "#3"},
				"east": {"uv": [0, 0, 8, 13], "texture": "#3"},
				"south": {"uv": [0, 0, 7, 11], "texture": "#3"},
				"west": {"uv": [0, 0, 7, 11], "texture": "#3"},
				"up": {"uv": [0, 0, 3, 7], "texture": "#3"},
				"down": {"uv": [0, 0, 6, 8], "texture": "#3"}
			}
		},
		{
			"from": [8.625, 7.5, 7.875],
			"to": [9.125, 7.75, 8.125],
			"faces": {
				"north": {"uv": [0, 0, 7, 12], "texture": "#3"},
				"east": {"uv": [0, 0, 8, 13], "texture": "#3"},
				"south": {"uv": [0, 0, 7, 11], "texture": "#3"},
				"west": {"uv": [0, 0, 7, 11], "texture": "#3"},
				"up": {"uv": [0, 0, 3, 7], "texture": "#3"},
				"down": {"uv": [0, 0, 6, 8], "texture": "#3"}
			}
		},
		{
			"from": [7.875, 5.5, 6.125],
			"to": [8.125, 5.75, 6.375],
			"rotation": {"angle": 0, "axis": "y", "origin": [8, 5.4375, 6.79167]},
			"faces": {
				"north": {"uv": [0, 0, 7, 12], "texture": "#3"},
				"east": {"uv": [0, 0, 8, 13], "texture": "#3"},
				"south": {"uv": [0, 0, 7, 11], "texture": "#3"},
				"west": {"uv": [0, 0, 7, 11], "texture": "#3"},
				"up": {"uv": [0, 0, 3, 7], "texture": "#3"},
				"down": {"uv": [0, 0, 6, 8], "texture": "#3"}
			}
		},
		{
			"from": [7.875, 5.75, 6.375],
			"to": [8.125, 6, 6.875],
			"rotation": {"angle": 0, "axis": "y", "origin": [8, 5.4375, 6.79167]},
			"faces": {
				"north": {"uv": [0, 0, 7, 12], "texture": "#3"},
				"east": {"uv": [0, 0, 8, 13], "texture": "#3"},
				"south": {"uv": [0, 0, 7, 11], "texture": "#3"},
				"west": {"uv": [0, 0, 7, 11], "texture": "#3"},
				"up": {"uv": [0, 0, 3, 7], "texture": "#3"},
				"down": {"uv": [0, 0, 6, 8], "texture": "#3"}
			}
		},
		{
			"from": [7.875, 5.75, 9.125],
			"to": [8.125, 6, 9.6875],
			"rotation": {"angle": 0, "axis": "y", "origin": [8, 5.4375, 6.79167]},
			"faces": {
				"north": {"uv": [0, 0, 7, 12], "texture": "#3"},
				"east": {"uv": [0, 0, 8, 13], "texture": "#3"},
				"south": {"uv": [0, 0, 7, 11], "texture": "#3"},
				"west": {"uv": [0, 0, 7, 11], "texture": "#3"},
				"up": {"uv": [0, 0, 3, 7], "texture": "#3"},
				"down": {"uv": [0, 0, 6, 8], "texture": "#3"}
			}
		},
		{
			"from": [7.875, 6, 6.875],
			"to": [8.125, 6.25, 7.875],
			"rotation": {"angle": 0, "axis": "y", "origin": [8, 5.4375, 6.79167]},
			"faces": {
				"north": {"uv": [0, 0, 7, 12], "texture": "#3"},
				"east": {"uv": [0, 0, 8, 13], "texture": "#3"},
				"south": {"uv": [0, 0, 7, 11], "texture": "#3"},
				"west": {"uv": [0, 0, 7, 11], "texture": "#3"},
				"up": {"uv": [0, 0, 3, 7], "texture": "#3"},
				"down": {"uv": [0, 0, 6, 8], "texture": "#3"}
			}
		},
		{
			"from": [7.875, 6, 8.125],
			"to": [8.125, 6.25, 9.125],
			"rotation": {"angle": 0, "axis": "y", "origin": [8, 5.4375, 6.79167]},
			"faces": {
				"north": {"uv": [0, 0, 7, 12], "texture": "#3"},
				"east": {"uv": [0, 0, 8, 13], "texture": "#3"},
				"south": {"uv": [0, 0, 7, 11], "texture": "#3"},
				"west": {"uv": [0, 0, 7, 11], "texture": "#3"},
				"up": {"uv": [0, 0, 3, 7], "texture": "#3"},
				"down": {"uv": [0, 0, 6, 8], "texture": "#3"}
			}
		},
		{
			"from": [7.875, 5.5, 9.64583],
			"to": [8.125, 5.75, 9.89583],
			"rotation": {"angle": 0, "axis": "y", "origin": [8, 5.4375, 6.79167]},
			"faces": {
				"north": {"uv": [0, 0, 7, 12], "texture": "#3"},
				"east": {"uv": [0, 0, 8, 13], "texture": "#3"},
				"south": {"uv": [0, 0, 7, 11], "texture": "#3"},
				"west": {"uv": [0, 0, 7, 11], "texture": "#3"},
				"up": {"uv": [0, 0, 3, 7], "rotation": 180, "texture": "#3"},
				"down": {"uv": [0, 0, 6, 8], "rotation": 180, "texture": "#3"}
			}
		},
		{
			"from": [9.625, 5, 6.875],
			"to": [9.875, 5.5, 7.125],
			"rotation": {"angle": 0, "axis": "y", "origin": [8, 5.4375, 6.79167]},
			"faces": {
				"north": {"uv": [0, 0, 7, 12], "texture": "#3"},
				"east": {"uv": [0, 0, 8, 13], "texture": "#3"},
				"south": {"uv": [0, 0, 7, 11], "texture": "#3"},
				"west": {"uv": [0, 0, 7, 11], "texture": "#3"},
				"up": {"uv": [0, 0, 3, 7], "texture": "#3"},
				"down": {"uv": [0, 0, 6, 8], "texture": "#3"}
			}
		},
		{
			"from": [6.125, 5, 8.89583],
			"to": [6.375, 5.5, 9.14583],
			"rotation": {"angle": 0, "axis": "y", "origin": [8, 5.4375, 6.79167]},
			"faces": {
				"north": {"uv": [0, 0, 7, 12], "texture": "#3"},
				"east": {"uv": [0, 0, 8, 13], "texture": "#3"},
				"south": {"uv": [0, 0, 7, 11], "texture": "#3"},
				"west": {"uv": [0, 0, 7, 11], "texture": "#3"},
				"up": {"uv": [0, 0, 3, 7], "rotation": 180, "texture": "#3"},
				"down": {"uv": [0, 0, 6, 8], "rotation": 180, "texture": "#3"}
			}
		},
		{
			"from": [9.625, 5.5, 7.125],
			"to": [9.875, 5.75, 7.375],
			"rotation": {"angle": 0, "axis": "y", "origin": [8, 5.4375, 6.79167]},
			"faces": {
				"north": {"uv": [0, 0, 7, 12], "texture": "#3"},
				"east": {"uv": [0, 0, 8, 13], "texture": "#3"},
				"south": {"uv": [0, 0, 7, 11], "texture": "#3"},
				"west": {"uv": [0, 0, 7, 11], "texture": "#3"},
				"up": {"uv": [0, 0, 3, 7], "texture": "#3"},
				"down": {"uv": [0, 0, 6, 8], "texture": "#3"}
			}
		},
		{
			"from": [9.375, 5.5, 7.125],
			"to": [9.625, 5.75, 7.375],
			"rotation": {"angle": 0, "axis": "y", "origin": [8, 5.4375, 6.79167]},
			"faces": {
				"north": {"uv": [0, 0, 7, 12], "texture": "#3"},
				"east": {"uv": [0, 0, 8, 13], "texture": "#3"},
				"south": {"uv": [0, 0, 7, 11], "texture": "#3"},
				"west": {"uv": [0, 0, 7, 11], "texture": "#3"},
				"up": {"uv": [0, 0, 3, 7], "texture": "#3"},
				"down": {"uv": [0, 0, 6, 8], "texture": "#3"}
			}
		},
		{
			"from": [9.375, 5.75, 7.375],
			"to": [9.625, 6, 8.6875],
			"rotation": {"angle": 0, "axis": "y", "origin": [8, 5.4375, 6.79167]},
			"faces": {
				"north": {"uv": [0, 0, 7, 12], "texture": "#3"},
				"east": {"uv": [0, 0, 8, 13], "texture": "#3"},
				"south": {"uv": [0, 0, 7, 11], "texture": "#3"},
				"west": {"uv": [0, 0, 7, 11], "texture": "#3"},
				"up": {"uv": [0, 0, 3, 7], "texture": "#3"},
				"down": {"uv": [0, 0, 6, 8], "texture": "#3"}
			}
		},
		{
			"from": [6.125, 5.5, 8.64583],
			"to": [6.375, 5.75, 8.89583],
			"rotation": {"angle": 0, "axis": "y", "origin": [8, 5.4375, 6.79167]},
			"faces": {
				"north": {"uv": [0, 0, 7, 12], "texture": "#3"},
				"east": {"uv": [0, 0, 8, 13], "texture": "#3"},
				"south": {"uv": [0, 0, 7, 11], "texture": "#3"},
				"west": {"uv": [0, 0, 7, 11], "texture": "#3"},
				"up": {"uv": [0, 0, 3, 7], "rotation": 180, "texture": "#3"},
				"down": {"uv": [0, 0, 6, 8], "rotation": 180, "texture": "#3"}
			}
		},
		{
			"from": [6.375, 5.5, 8.64583],
			"to": [6.625, 5.75, 8.89583],
			"rotation": {"angle": 0, "axis": "y", "origin": [8, 5.4375, 6.79167]},
			"faces": {
				"north": {"uv": [0, 0, 7, 12], "texture": "#3"},
				"east": {"uv": [0, 0, 8, 13], "texture": "#3"},
				"south": {"uv": [0, 0, 7, 11], "texture": "#3"},
				"west": {"uv": [0, 0, 7, 11], "texture": "#3"},
				"up": {"uv": [0, 0, 3, 7], "rotation": 180, "texture": "#3"},
				"down": {"uv": [0, 0, 6, 8], "rotation": 180, "texture": "#3"}
			}
		},
		{
			"from": [6.125, 5, 6.875],
			"to": [6.375, 5.5, 7.125],
			"rotation": {"angle": 0, "axis": "y", "origin": [8, 5.4375, 6.79167]},
			"faces": {
				"north": {"uv": [0, 0, 7, 12], "texture": "#3"},
				"east": {"uv": [0, 0, 8, 13], "texture": "#3"},
				"south": {"uv": [0, 0, 7, 11], "texture": "#3"},
				"west": {"uv": [0, 0, 7, 11], "texture": "#3"},
				"up": {"uv": [0, 0, 3, 7], "texture": "#3"},
				"down": {"uv": [0, 0, 6, 8], "texture": "#3"}
			}
		},
		{
			"from": [9.625, 5, 8.89583],
			"to": [9.875, 5.5, 9.14583],
			"rotation": {"angle": 0, "axis": "y", "origin": [8, 5.4375, 6.79167]},
			"faces": {
				"north": {"uv": [0, 0, 7, 12], "texture": "#3"},
				"east": {"uv": [0, 0, 8, 13], "texture": "#3"},
				"south": {"uv": [0, 0, 7, 11], "texture": "#3"},
				"west": {"uv": [0, 0, 7, 11], "texture": "#3"},
				"up": {"uv": [0, 0, 3, 7], "rotation": 180, "texture": "#3"},
				"down": {"uv": [0, 0, 6, 8], "rotation": 180, "texture": "#3"}
			}
		},
		{
			"from": [6.125, 5.5, 7.125],
			"to": [6.375, 5.75, 7.375],
			"rotation": {"angle": 0, "axis": "y", "origin": [8, 5.4375, 6.79167]},
			"faces": {
				"north": {"uv": [0, 0, 7, 12], "texture": "#3"},
				"east": {"uv": [0, 0, 8, 13], "texture": "#3"},
				"south": {"uv": [0, 0, 7, 11], "texture": "#3"},
				"west": {"uv": [0, 0, 7, 11], "texture": "#3"},
				"up": {"uv": [0, 0, 3, 7], "texture": "#3"},
				"down": {"uv": [0, 0, 6, 8], "texture": "#3"}
			}
		},
		{
			"from": [6.375, 5.5, 7.125],
			"to": [6.625, 5.75, 7.375],
			"rotation": {"angle": 0, "axis": "y", "origin": [8, 5.4375, 6.79167]},
			"faces": {
				"north": {"uv": [0, 0, 7, 12], "texture": "#3"},
				"east": {"uv": [0, 0, 8, 13], "texture": "#3"},
				"south": {"uv": [0, 0, 7, 11], "texture": "#3"},
				"west": {"uv": [0, 0, 7, 11], "texture": "#3"},
				"up": {"uv": [0, 0, 3, 7], "texture": "#3"},
				"down": {"uv": [0, 0, 6, 8], "texture": "#3"}
			}
		},
		{
			"from": [6.375, 5.75, 7.375],
			"to": [6.625, 6, 8.625],
			"rotation": {"angle": 0, "axis": "y", "origin": [8, 5.4375, 6.79167]},
			"faces": {
				"north": {"uv": [0, 0, 7, 12], "texture": "#3"},
				"east": {"uv": [0, 0, 8, 13], "texture": "#3"},
				"south": {"uv": [0, 0, 7, 11], "texture": "#3"},
				"west": {"uv": [0, 0, 7, 11], "texture": "#3"},
				"up": {"uv": [0, 0, 3, 7], "texture": "#3"},
				"down": {"uv": [0, 0, 6, 8], "texture": "#3"}
			}
		},
		{
			"from": [6.625, 5.75, 7.875],
			"to": [7.375, 6, 8.125],
			"rotation": {"angle": 0, "axis": "y", "origin": [8, 5.4375, 6.79167]},
			"faces": {
				"north": {"uv": [0, 0, 7, 12], "texture": "#3"},
				"east": {"uv": [0, 0, 8, 13], "texture": "#3"},
				"south": {"uv": [0, 0, 7, 11], "texture": "#3"},
				"west": {"uv": [0, 0, 7, 11], "texture": "#3"},
				"up": {"uv": [0, 0, 3, 7], "texture": "#3"},
				"down": {"uv": [0, 0, 6, 8], "texture": "#3"}
			}
		},
		{
			"from": [8.625, 5.75, 7.875],
			"to": [9.375, 6, 8.125],
			"rotation": {"angle": 0, "axis": "y", "origin": [8, 5.4375, 6.79167]},
			"faces": {
				"north": {"uv": [0, 0, 7, 12], "texture": "#3"},
				"east": {"uv": [0, 0, 8, 13], "texture": "#3"},
				"south": {"uv": [0, 0, 7, 11], "texture": "#3"},
				"west": {"uv": [0, 0, 7, 11], "texture": "#3"},
				"up": {"uv": [0, 0, 3, 7], "texture": "#3"},
				"down": {"uv": [0, 0, 6, 8], "texture": "#3"}
			}
		},
		{
			"from": [8.125, 6, 7.625],
			"to": [8.625, 6.25, 8.375],
			"rotation": {"angle": 0, "axis": "y", "origin": [8, 5.4375, 6.79167]},
			"faces": {
				"north": {"uv": [0, 0, 7, 12], "texture": "#3"},
				"east": {"uv": [0, 0, 8, 13], "texture": "#3"},
				"south": {"uv": [0, 0, 7, 11], "texture": "#3"},
				"west": {"uv": [0, 0, 7, 11], "texture": "#3"},
				"up": {"uv": [0, 0, 3, 7], "texture": "#3"},
				"down": {"uv": [0, 0, 6, 8], "texture": "#3"}
			}
		},
		{
			"from": [7.375, 6, 7.625],
			"to": [7.875, 6.25, 8.375],
			"rotation": {"angle": 0, "axis": "y", "origin": [8, 5.4375, 6.79167]},
			"faces": {
				"north": {"uv": [0, 0, 7, 12], "texture": "#3"},
				"east": {"uv": [0, 0, 8, 13], "texture": "#3"},
				"south": {"uv": [0, 0, 7, 11], "texture": "#3"},
				"west": {"uv": [0, 0, 7, 11], "texture": "#3"},
				"up": {"uv": [0, 0, 3, 7], "texture": "#3"},
				"down": {"uv": [0, 0, 6, 8], "texture": "#3"}
			}
		},
		{
			"from": [9.625, 5.5, 8.64583],
			"to": [9.875, 5.75, 8.89583],
			"rotation": {"angle": 0, "axis": "y", "origin": [8, 5.4375, 6.79167]},
			"faces": {
				"north": {"uv": [0, 0, 7, 12], "texture": "#3"},
				"east": {"uv": [0, 0, 8, 13], "texture": "#3"},
				"south": {"uv": [0, 0, 7, 11], "texture": "#3"},
				"west": {"uv": [0, 0, 7, 11], "texture": "#3"},
				"up": {"uv": [0, 0, 3, 7], "rotation": 180, "texture": "#3"},
				"down": {"uv": [0, 0, 6, 8], "rotation": 180, "texture": "#3"}
			}
		},
		{
			"from": [9.375, 5.5, 8.64583],
			"to": [9.625, 5.75, 8.89583],
			"rotation": {"angle": 0, "axis": "y", "origin": [8, 5.4375, 6.79167]},
			"faces": {
				"north": {"uv": [0, 0, 7, 12], "texture": "#3"},
				"east": {"uv": [0, 0, 8, 13], "texture": "#3"},
				"south": {"uv": [0, 0, 7, 11], "texture": "#3"},
				"west": {"uv": [0, 0, 7, 11], "texture": "#3"},
				"up": {"uv": [0, 0, 3, 7], "rotation": 180, "texture": "#3"},
				"down": {"uv": [0, 0, 6, 8], "rotation": 180, "texture": "#3"}
			}
		},
		{
			"from": [9.1875, 3.75, 5.9375],
			"to": [10.3125, 4.25, 8.0625],
			"rotation": {"angle": 0, "axis": "y", "origin": [8, 3.25, 6]},
			"faces": {
				"north": {"uv": [0, 0, 0.5625, 0.25], "texture": "#0"},
				"east": {"uv": [0, 0, 1.0625, 0.25], "texture": "#0"},
				"south": {"uv": [0, 0, 0.5625, 0.25], "texture": "#0"},
				"west": {"uv": [0, 0, 1.0625, 0.25], "texture": "#0"},
				"up": {"uv": [0, 0, 1.0625, 0.5625], "rotation": 270, "texture": "#0"},
				"down": {"uv": [0, 0, 1.0625, 0.5625], "rotation": 90, "texture": "#0"}
			}
		},
		{
			"from": [9.1875, 3.75, 7.9375],
			"to": [10.3125, 4.25, 10.0625],
			"rotation": {"angle": 0, "axis": "y", "origin": [8, 3.25, 6]},
			"faces": {
				"north": {"uv": [0, 0, 0.5625, 0.25], "texture": "#0"},
				"east": {"uv": [0, 0, 1.0625, 0.25], "texture": "#0"},
				"south": {"uv": [0, 0, 0.5625, 0.25], "texture": "#0"},
				"west": {"uv": [0, 0, 1.0625, 0.25], "texture": "#0"},
				"up": {"uv": [0, 0, 1.0625, 0.5625], "rotation": 270, "texture": "#0"},
				"down": {"uv": [0, 0, 1.0625, 0.5625], "rotation": 90, "texture": "#0"}
			}
		},
		{
			"from": [9.1875, 0.75, 5.9375],
			"to": [10.3125, 1.25, 8.0625],
			"rotation": {"angle": 0, "axis": "y", "origin": [8, 3.25, 6]},
			"faces": {
				"north": {"uv": [0, 0, 0.5625, 0.25], "texture": "#0"},
				"east": {"uv": [0, 0, 1.0625, 0.25], "texture": "#0"},
				"south": {"uv": [0, 0, 0.5625, 0.25], "texture": "#0"},
				"west": {"uv": [0, 0, 1.0625, 0.25], "texture": "#0"},
				"up": {"uv": [0, 0, 1.0625, 0.5625], "rotation": 270, "texture": "#0"},
				"down": {"uv": [0, 0, 1.0625, 0.5625], "rotation": 90, "texture": "#0"}
			}
		},
		{
			"from": [9.1875, 0.75, 7.9375],
			"to": [10.3125, 1.25, 10.0625],
			"rotation": {"angle": 0, "axis": "y", "origin": [8, 3.25, 6]},
			"faces": {
				"north": {"uv": [0, 0, 0.5625, 0.25], "texture": "#0"},
				"east": {"uv": [0, 0, 1.0625, 0.25], "texture": "#0"},
				"south": {"uv": [0, 0, 0.5625, 0.25], "texture": "#0"},
				"west": {"uv": [0, 0, 1.0625, 0.25], "texture": "#0"},
				"up": {"uv": [0, 0, 1.0625, 0.5625], "rotation": 270, "texture": "#0"},
				"down": {"uv": [0, 0, 1.0625, 0.5625], "rotation": 90, "texture": "#0"}
			}
		},
		{
			"from": [8.9375, 0.755, 6.1875],
			"to": [10.5625, 1.245, 7.8125],
			"faces": {
				"north": {"uv": [0, 0, 0.8125, 0.245], "texture": "#0"},
				"east": {"uv": [0, 0, 0.8125, 0.245], "texture": "#0"},
				"south": {"uv": [0, 0, 0.8125, 0.245], "texture": "#0"},
				"west": {"uv": [0, 0, 0.8125, 0.245], "texture": "#0"},
				"up": {"uv": [0, 0, 0.8125, 0.8125], "texture": "#0"},
				"down": {"uv": [0, 0, 0.8125, 0.8125], "texture": "#0"}
			}
		},
		{
			"from": [8.9375, 0.755, 8.1875],
			"to": [10.5625, 1.245, 9.8125],
			"faces": {
				"north": {"uv": [0, 0, 0.8125, 0.245], "texture": "#0"},
				"east": {"uv": [0, 0, 0.8125, 0.245], "texture": "#0"},
				"south": {"uv": [0, 0, 0.8125, 0.245], "texture": "#0"},
				"west": {"uv": [0, 0, 0.8125, 0.245], "texture": "#0"},
				"up": {"uv": [0, 0, 0.8125, 0.8125], "texture": "#0"},
				"down": {"uv": [0, 0, 0.8125, 0.8125], "texture": "#0"}
			}
		},
		{
			"from": [8.9375, 3.755, 6.1875],
			"to": [10.5625, 4.245, 7.8125],
			"faces": {
				"north": {"uv": [0, 0, 0.8125, 0.245], "texture": "#0"},
				"east": {"uv": [0, 0, 0.8125, 0.245], "texture": "#0"},
				"south": {"uv": [0, 0, 0.8125, 0.245], "texture": "#0"},
				"west": {"uv": [0, 0, 0.8125, 0.245], "texture": "#0"},
				"up": {"uv": [0, 0, 0.8125, 0.8125], "texture": "#0"},
				"down": {"uv": [0, 0, 0.8125, 0.8125], "texture": "#0"}
			}
		},
		{
			"from": [8.9375, 3.755, 8.1875],
			"to": [10.5625, 4.245, 9.8125],
			"faces": {
				"north": {"uv": [0, 0, 0.8125, 0.245], "texture": "#0"},
				"east": {"uv": [0, 0, 0.8125, 0.245], "texture": "#0"},
				"south": {"uv": [0, 0, 0.8125, 0.245], "texture": "#0"},
				"west": {"uv": [0, 0, 0.8125, 0.245], "texture": "#0"},
				"up": {"uv": [0, 0, 0.8125, 0.8125], "texture": "#0"},
				"down": {"uv": [0, 0, 0.8125, 0.8125], "texture": "#0"}
			}
		},
		{
			"from": [8.6875, 0.75, 6.4375],
			"to": [10.8125, 1.25, 7.5625],
			"faces": {
				"north": {"uv": [0, 0, 1.0625, 0.25], "texture": "#0"},
				"east": {"uv": [0, 0, 0.5625, 0.25], "texture": "#0"},
				"south": {"uv": [0, 0, 1.0625, 0.25], "texture": "#0"},
				"west": {"uv": [0, 0, 0.5625, 0.25], "texture": "#0"},
				"up": {"uv": [0, 0, 1.0625, 0.5625], "texture": "#0"},
				"down": {"uv": [0, 0, 1.0625, 0.5625], "texture": "#0"}
			}
		},
		{
			"from": [8.6875, 0.75, 8.4375],
			"to": [10.8125, 1.25, 9.5625],
			"faces": {
				"north": {"uv": [0, 0, 1.0625, 0.25], "texture": "#0"},
				"east": {"uv": [0, 0, 0.5625, 0.25], "texture": "#0"},
				"south": {"uv": [0, 0, 1.0625, 0.25], "texture": "#0"},
				"west": {"uv": [0, 0, 0.5625, 0.25], "texture": "#0"},
				"up": {"uv": [0, 0, 1.0625, 0.5625], "texture": "#0"},
				"down": {"uv": [0, 0, 1.0625, 0.5625], "texture": "#0"}
			}
		},
		{
			"from": [8.6875, 3.75, 6.4375],
			"to": [10.8125, 4.25, 7.5625],
			"faces": {
				"north": {"uv": [0, 0, 1.0625, 0.25], "texture": "#0"},
				"east": {"uv": [0, 0, 0.5625, 0.25], "texture": "#0"},
				"south": {"uv": [0, 0, 1.0625, 0.25], "texture": "#0"},
				"west": {"uv": [0, 0, 0.5625, 0.25], "texture": "#0"},
				"up": {"uv": [0, 0, 1.0625, 0.5625], "texture": "#0"},
				"down": {"uv": [0, 0, 1.0625, 0.5625], "texture": "#0"}
			}
		},
		{
			"from": [8.6875, 3.75, 8.4375],
			"to": [10.8125, 4.25, 9.5625],
			"faces": {
				"north": {"uv": [0, 0, 1.0625, 0.25], "texture": "#0"},
				"east": {"uv": [0, 0, 0.5625, 0.25], "texture": "#0"},
				"south": {"uv": [0, 0, 1.0625, 0.25], "texture": "#0"},
				"west": {"uv": [0, 0, 0.5625, 0.25], "texture": "#0"},
				"up": {"uv": [0, 0, 1.0625, 0.5625], "texture": "#0"},
				"down": {"uv": [0, 0, 1.0625, 0.5625], "texture": "#0"}
			}
		},
		{
			"from": [9.25, 0, 7.75],
			"to": [10.25, 5, 8],
			"rotation": {"angle": 0, "axis": "y", "origin": [8, 0.5, 6]},
			"faces": {
				"north": {"uv": [0, 0, 0.5, 2.5], "texture": "#1"},
				"east": {"uv": [0, 0, 4.5, 15.5], "texture": "#1"},
				"south": {"uv": [0, 0, 4.5, 15.5], "texture": "#1"},
				"west": {"uv": [0, 0, 4, 15.5], "texture": "#1"},
				"up": {"uv": [9.5, 8.5, 16, 16], "rotation": 270, "texture": "#1"},
				"down": {"uv": [0, 0, 7, 7.5], "rotation": 90, "texture": "#1"}
			}
		},
		{
			"from": [9.25, 0, 9.75],
			"to": [10.25, 5, 10],
			"rotation": {"angle": 0, "axis": "y", "origin": [8, 0.5, 6]},
			"faces": {
				"north": {"uv": [0, 0, 0.5, 2.5], "texture": "#1"},
				"east": {"uv": [0, 0, 4.5, 15.5], "texture": "#1"},
				"south": {"uv": [0, 0, 4.5, 15.5], "texture": "#1"},
				"west": {"uv": [0, 0, 4, 15.5], "texture": "#1"},
				"up": {"uv": [9.5, 8.5, 16, 16], "rotation": 270, "texture": "#1"},
				"down": {"uv": [0, 0, 7, 7.5], "rotation": 90, "texture": "#1"}
			}
		},
		{
			"from": [8.75, 0, 6.5],
			"to": [9, 5, 7.5],
			"faces": {
				"north": {"uv": [0, 0, 5, 15.5], "texture": "#1"},
				"east": {"uv": [0, 0, 0.5, 2.5], "texture": "#1"},
				"south": {"uv": [0, 0, 4.5, 15.5], "texture": "#1"},
				"west": {"uv": [0, 0, 4, 15.5], "texture": "#1"},
				"up": {"uv": [9.5, 8.5, 16, 16], "texture": "#1"},
				"down": {"uv": [0, 0, 7, 7.5], "texture": "#1"}
			}
		},
		{
			"from": [8.75, 0, 8.5],
			"to": [9, 5, 9.5],
			"faces": {
				"north": {"uv": [0, 0, 5, 15.5], "texture": "#1"},
				"east": {"uv": [0, 0, 0.5, 2.5], "texture": "#1"},
				"south": {"uv": [0, 0, 4.5, 15.5], "texture": "#1"},
				"west": {"uv": [0, 0, 4, 15.5], "texture": "#1"},
				"up": {"uv": [9.5, 8.5, 16, 16], "texture": "#1"},
				"down": {"uv": [0, 0, 7, 7.5], "texture": "#1"}
			}
		},
		{
			"from": [9.25, 0, 6],
			"to": [10.25, 5, 6.25],
			"rotation": {"angle": 0, "axis": "y", "origin": [8, 0.5, 6]},
			"faces": {
				"north": {"uv": [0, 0, 5, 15.5], "texture": "#1"},
				"east": {"uv": [0, 0, 4.5, 15.5], "texture": "#1"},
				"south": {"uv": [0, 0, 0.5, 2.5], "texture": "#1"},
				"west": {"uv": [0, 0, 4, 15.5], "texture": "#1"},
				"up": {"uv": [9.5, 8.5, 16, 16], "rotation": 270, "texture": "#1"},
				"down": {"uv": [0, 0, 7, 7.5], "rotation": 90, "texture": "#1"}
			}
		},
		{
			"from": [9.25, 0, 8],
			"to": [10.25, 5, 8.25],
			"rotation": {"angle": 0, "axis": "y", "origin": [8, 0.5, 6]},
			"faces": {
				"north": {"uv": [0, 0, 5, 15.5], "texture": "#1"},
				"east": {"uv": [0, 0, 4.5, 15.5], "texture": "#1"},
				"south": {"uv": [0, 0, 0.5, 2.5], "texture": "#1"},
				"west": {"uv": [0, 0, 4, 15.5], "texture": "#1"},
				"up": {"uv": [9.5, 8.5, 16, 16], "rotation": 270, "texture": "#1"},
				"down": {"uv": [0, 0, 7, 7.5], "rotation": 90, "texture": "#1"}
			}
		},
		{
			"from": [10.5, 0, 6.5],
			"to": [10.75, 5, 7.5],
			"faces": {
				"north": {"uv": [0, 0, 5, 15.5], "texture": "#1"},
				"east": {"uv": [0, 0, 4.5, 15.5], "texture": "#1"},
				"south": {"uv": [0, 0, 4.5, 15.5], "texture": "#1"},
				"west": {"uv": [0, 0, 0.5, 2.5], "texture": "#1"},
				"up": {"uv": [9.5, 8.5, 16, 16], "texture": "#1"},
				"down": {"uv": [0, 0, 7, 7.5], "texture": "#1"}
			}
		},
		{
			"from": [10.5, 0, 8.5],
			"to": [10.75, 5, 9.5],
			"faces": {
				"north": {"uv": [0, 0, 5, 15.5], "texture": "#1"},
				"east": {"uv": [0, 0, 4.5, 15.5], "texture": "#1"},
				"south": {"uv": [0, 0, 4.5, 15.5], "texture": "#1"},
				"west": {"uv": [0, 0, 0.5, 2.5], "texture": "#1"},
				"up": {"uv": [9.5, 8.5, 16, 16], "texture": "#1"},
				"down": {"uv": [0, 0, 7, 7.5], "texture": "#1"}
			}
		},
		{
			"from": [9, 0, 6.25],
			"to": [10.5, 5, 7.75],
			"faces": {
				"north": {"uv": [0, 0, 5, 15.5], "texture": "#1"},
				"east": {"uv": [0, 0, 4.5, 15.5], "texture": "#1"},
				"south": {"uv": [0, 0, 4.5, 15.5], "texture": "#1"},
				"west": {"uv": [0, 0, 4, 15.5], "texture": "#1"},
				"up": {"uv": [9.5, 8.5, 16, 16], "texture": "#1"},
				"down": {"uv": [0, 0, 7, 7.5], "texture": "#1"}
			}
		},
		{
			"from": [9, 0, 8.25],
			"to": [10.5, 5, 9.75],
			"faces": {
				"north": {"uv": [0, 0, 5, 15.5], "texture": "#1"},
				"east": {"uv": [0, 0, 4.5, 15.5], "texture": "#1"},
				"south": {"uv": [0, 0, 4.5, 15.5], "texture": "#1"},
				"west": {"uv": [0, 0, 4, 15.5], "texture": "#1"},
				"up": {"uv": [9.5, 8.5, 16, 16], "texture": "#1"},
				"down": {"uv": [0, 0, 7, 7.5], "texture": "#1"}
			}
		},
		{
			"name": "InsideYellow",
			"from": [9.0625, 5, 6.3125],
			"to": [10.4375, 5.005, 7.6875],
			"faces": {
				"north": {"uv": [0, 0, 0.6875, 0.0025], "texture": "#missing"},
				"east": {"uv": [0, 0, 0.6875, 0.0025], "texture": "#missing"},
				"south": {"uv": [0, 0, 0.6875, 0.0025], "texture": "#missing"},
				"west": {"uv": [0, 0, 0.6875, 0.0025], "texture": "#missing"},
				"up": {"uv": [0, 0, 6, 5.5], "texture": "#2"},
				"down": {"uv": [0, 0, 0.6875, 0.6875], "texture": "#missing"}
			}
		},
		{
			"name": "InsideYellow",
			"from": [9.0625, 5, 8.3125],
			"to": [10.4375, 5.005, 9.6875],
			"faces": {
				"north": {"uv": [0, 0, 0.6875, 0.0025], "texture": "#missing"},
				"east": {"uv": [0, 0, 0.6875, 0.0025], "texture": "#missing"},
				"south": {"uv": [0, 0, 0.6875, 0.0025], "texture": "#missing"},
				"west": {"uv": [0, 0, 0.6875, 0.0025], "texture": "#missing"},
				"up": {"uv": [0, 0, 6, 5.5], "texture": "#2"},
				"down": {"uv": [0, 0, 0.6875, 0.6875], "texture": "#missing"}
			}
		},
		{
			"from": [5.6875, 3.75, 5.9375],
			"to": [6.8125, 4.25, 8.0625],
			"rotation": {"angle": 0, "axis": "y", "origin": [8, 3.25, 6]},
			"faces": {
				"north": {"uv": [0, 0, 0.5625, 0.25], "texture": "#0"},
				"east": {"uv": [0, 0, 1.0625, 0.25], "texture": "#0"},
				"south": {"uv": [0, 0, 0.5625, 0.25], "texture": "#0"},
				"west": {"uv": [0, 0, 1.0625, 0.25], "texture": "#0"},
				"up": {"uv": [0, 0, 1.0625, 0.5625], "rotation": 270, "texture": "#0"},
				"down": {"uv": [0, 0, 1.0625, 0.5625], "rotation": 90, "texture": "#0"}
			}
		},
		{
			"from": [5.6875, 3.75, 7.9375],
			"to": [6.8125, 4.25, 10.0625],
			"rotation": {"angle": 0, "axis": "y", "origin": [8, 3.25, 6]},
			"faces": {
				"north": {"uv": [0, 0, 0.5625, 0.25], "texture": "#0"},
				"east": {"uv": [0, 0, 1.0625, 0.25], "texture": "#0"},
				"south": {"uv": [0, 0, 0.5625, 0.25], "texture": "#0"},
				"west": {"uv": [0, 0, 1.0625, 0.25], "texture": "#0"},
				"up": {"uv": [0, 0, 1.0625, 0.5625], "rotation": 270, "texture": "#0"},
				"down": {"uv": [0, 0, 1.0625, 0.5625], "rotation": 90, "texture": "#0"}
			}
		},
		{
			"from": [5.6875, 0.75, 5.9375],
			"to": [6.8125, 1.25, 8.0625],
			"rotation": {"angle": 0, "axis": "y", "origin": [8, 3.25, 6]},
			"faces": {
				"north": {"uv": [0, 0, 0.5625, 0.25], "texture": "#0"},
				"east": {"uv": [0, 0, 1.0625, 0.25], "texture": "#0"},
				"south": {"uv": [0, 0, 0.5625, 0.25], "texture": "#0"},
				"west": {"uv": [0, 0, 1.0625, 0.25], "texture": "#0"},
				"up": {"uv": [0, 0, 1.0625, 0.5625], "rotation": 270, "texture": "#0"},
				"down": {"uv": [0, 0, 1.0625, 0.5625], "rotation": 90, "texture": "#0"}
			}
		},
		{
			"from": [5.6875, 0.75, 7.9375],
			"to": [6.8125, 1.25, 10.0625],
			"rotation": {"angle": 0, "axis": "y", "origin": [8, 3.25, 6]},
			"faces": {
				"north": {"uv": [0, 0, 0.5625, 0.25], "texture": "#0"},
				"east": {"uv": [0, 0, 1.0625, 0.25], "texture": "#0"},
				"south": {"uv": [0, 0, 0.5625, 0.25], "texture": "#0"},
				"west": {"uv": [0, 0, 1.0625, 0.25], "texture": "#0"},
				"up": {"uv": [0, 0, 1.0625, 0.5625], "rotation": 270, "texture": "#0"},
				"down": {"uv": [0, 0, 1.0625, 0.5625], "rotation": 90, "texture": "#0"}
			}
		},
		{
			"from": [5.4375, 0.755, 6.1875],
			"to": [7.0625, 1.245, 7.8125],
			"faces": {
				"north": {"uv": [0, 0, 0.8125, 0.245], "texture": "#0"},
				"east": {"uv": [0, 0, 0.8125, 0.245], "texture": "#0"},
				"south": {"uv": [0, 0, 0.8125, 0.245], "texture": "#0"},
				"west": {"uv": [0, 0, 0.8125, 0.245], "texture": "#0"},
				"up": {"uv": [0, 0, 0.8125, 0.8125], "texture": "#0"},
				"down": {"uv": [0, 0, 0.8125, 0.8125], "texture": "#0"}
			}
		},
		{
			"from": [5.4375, 0.755, 8.1875],
			"to": [7.0625, 1.245, 9.8125],
			"faces": {
				"north": {"uv": [0, 0, 0.8125, 0.245], "texture": "#0"},
				"east": {"uv": [0, 0, 0.8125, 0.245], "texture": "#0"},
				"south": {"uv": [0, 0, 0.8125, 0.245], "texture": "#0"},
				"west": {"uv": [0, 0, 0.8125, 0.245], "texture": "#0"},
				"up": {"uv": [0, 0, 0.8125, 0.8125], "texture": "#0"},
				"down": {"uv": [0, 0, 0.8125, 0.8125], "texture": "#0"}
			}
		},
		{
			"from": [5.4375, 3.755, 6.1875],
			"to": [7.0625, 4.245, 7.8125],
			"faces": {
				"north": {"uv": [0, 0, 0.8125, 0.245], "texture": "#0"},
				"east": {"uv": [0, 0, 0.8125, 0.245], "texture": "#0"},
				"south": {"uv": [0, 0, 0.8125, 0.245], "texture": "#0"},
				"west": {"uv": [0, 0, 0.8125, 0.245], "texture": "#0"},
				"up": {"uv": [0, 0, 0.8125, 0.8125], "texture": "#0"},
				"down": {"uv": [0, 0, 0.8125, 0.8125], "texture": "#0"}
			}
		},
		{
			"from": [5.4375, 3.755, 8.1875],
			"to": [7.0625, 4.245, 9.8125],
			"faces": {
				"north": {"uv": [0, 0, 0.8125, 0.245], "texture": "#0"},
				"east": {"uv": [0, 0, 0.8125, 0.245], "texture": "#0"},
				"south": {"uv": [0, 0, 0.8125, 0.245], "texture": "#0"},
				"west": {"uv": [0, 0, 0.8125, 0.245], "texture": "#0"},
				"up": {"uv": [0, 0, 0.8125, 0.8125], "texture": "#0"},
				"down": {"uv": [0, 0, 0.8125, 0.8125], "texture": "#0"}
			}
		},
		{
			"from": [5.1875, 0.75, 6.4375],
			"to": [7.3125, 1.25, 7.5625],
			"faces": {
				"north": {"uv": [0, 0, 1.0625, 0.25], "texture": "#0"},
				"east": {"uv": [0, 0, 0.5625, 0.25], "texture": "#0"},
				"south": {"uv": [0, 0, 1.0625, 0.25], "texture": "#0"},
				"west": {"uv": [0, 0, 0.5625, 0.25], "texture": "#0"},
				"up": {"uv": [0, 0, 1.0625, 0.5625], "texture": "#0"},
				"down": {"uv": [0, 0, 1.0625, 0.5625], "texture": "#0"}
			}
		},
		{
			"from": [5.1875, 0.75, 8.4375],
			"to": [7.3125, 1.25, 9.5625],
			"faces": {
				"north": {"uv": [0, 0, 1.0625, 0.25], "texture": "#0"},
				"east": {"uv": [0, 0, 0.5625, 0.25], "texture": "#0"},
				"south": {"uv": [0, 0, 1.0625, 0.25], "texture": "#0"},
				"west": {"uv": [0, 0, 0.5625, 0.25], "texture": "#0"},
				"up": {"uv": [0, 0, 1.0625, 0.5625], "texture": "#0"},
				"down": {"uv": [0, 0, 1.0625, 0.5625], "texture": "#0"}
			}
		},
		{
			"from": [5.1875, 3.75, 6.4375],
			"to": [7.3125, 4.25, 7.5625],
			"faces": {
				"north": {"uv": [0, 0, 1.0625, 0.25], "texture": "#0"},
				"east": {"uv": [0, 0, 0.5625, 0.25], "texture": "#0"},
				"south": {"uv": [0, 0, 1.0625, 0.25], "texture": "#0"},
				"west": {"uv": [0, 0, 0.5625, 0.25], "texture": "#0"},
				"up": {"uv": [0, 0, 1.0625, 0.5625], "texture": "#0"},
				"down": {"uv": [0, 0, 1.0625, 0.5625], "texture": "#0"}
			}
		},
		{
			"from": [5.1875, 3.75, 8.4375],
			"to": [7.3125, 4.25, 9.5625],
			"faces": {
				"north": {"uv": [0, 0, 1.0625, 0.25], "texture": "#0"},
				"east": {"uv": [0, 0, 0.5625, 0.25], "texture": "#0"},
				"south": {"uv": [0, 0, 1.0625, 0.25], "texture": "#0"},
				"west": {"uv": [0, 0, 0.5625, 0.25], "texture": "#0"},
				"up": {"uv": [0, 0, 1.0625, 0.5625], "texture": "#0"},
				"down": {"uv": [0, 0, 1.0625, 0.5625], "texture": "#0"}
			}
		},
		{
			"from": [5.75, 0, 7.75],
			"to": [6.75, 5, 8],
			"rotation": {"angle": 0, "axis": "y", "origin": [8, 0.5, 6]},
			"faces": {
				"north": {"uv": [0, 0, 0.5, 2.5], "texture": "#1"},
				"east": {"uv": [0, 0, 4.5, 15.5], "texture": "#1"},
				"south": {"uv": [0, 0, 4.5, 15.5], "texture": "#1"},
				"west": {"uv": [0, 0, 4, 15.5], "texture": "#1"},
				"up": {"uv": [9.5, 8.5, 16, 16], "rotation": 270, "texture": "#1"},
				"down": {"uv": [0, 0, 7, 7.5], "rotation": 90, "texture": "#1"}
			}
		},
		{
			"from": [5.75, 0, 9.75],
			"to": [6.75, 5, 10],
			"rotation": {"angle": 0, "axis": "y", "origin": [8, 0.5, 6]},
			"faces": {
				"north": {"uv": [0, 0, 0.5, 2.5], "texture": "#1"},
				"east": {"uv": [0, 0, 4.5, 15.5], "texture": "#1"},
				"south": {"uv": [0, 0, 4.5, 15.5], "texture": "#1"},
				"west": {"uv": [0, 0, 4, 15.5], "texture": "#1"},
				"up": {"uv": [9.5, 8.5, 16, 16], "rotation": 270, "texture": "#1"},
				"down": {"uv": [0, 0, 7, 7.5], "rotation": 90, "texture": "#1"}
			}
		},
		{
			"from": [5.25, 0, 6.5],
			"to": [5.5, 5, 7.5],
			"faces": {
				"north": {"uv": [0, 0, 5, 15.5], "texture": "#1"},
				"east": {"uv": [0, 0, 0.5, 2.5], "texture": "#1"},
				"south": {"uv": [0, 0, 4.5, 15.5], "texture": "#1"},
				"west": {"uv": [0, 0, 4, 15.5], "texture": "#1"},
				"up": {"uv": [9.5, 8.5, 16, 16], "texture": "#1"},
				"down": {"uv": [0, 0, 7, 7.5], "texture": "#1"}
			}
		},
		{
			"from": [5.25, 0, 8.5],
			"to": [5.5, 5, 9.5],
			"faces": {
				"north": {"uv": [0, 0, 5, 15.5], "texture": "#1"},
				"east": {"uv": [0, 0, 0.5, 2.5], "texture": "#1"},
				"south": {"uv": [0, 0, 4.5, 15.5], "texture": "#1"},
				"west": {"uv": [0, 0, 4, 15.5], "texture": "#1"},
				"up": {"uv": [9.5, 8.5, 16, 16], "texture": "#1"},
				"down": {"uv": [0, 0, 7, 7.5], "texture": "#1"}
			}
		},
		{
			"from": [5.75, 0, 6],
			"to": [6.75, 5, 6.25],
			"rotation": {"angle": 0, "axis": "y", "origin": [8, 0.5, 6]},
			"faces": {
				"north": {"uv": [0, 0, 5, 15.5], "texture": "#1"},
				"east": {"uv": [0, 0, 4.5, 15.5], "texture": "#1"},
				"south": {"uv": [0, 0, 0.5, 2.5], "texture": "#1"},
				"west": {"uv": [0, 0, 4, 15.5], "texture": "#1"},
				"up": {"uv": [9.5, 8.5, 16, 16], "rotation": 270, "texture": "#1"},
				"down": {"uv": [0, 0, 7, 7.5], "rotation": 90, "texture": "#1"}
			}
		},
		{
			"from": [5.75, 0, 8],
			"to": [6.75, 5, 8.25],
			"rotation": {"angle": 0, "axis": "y", "origin": [8, 0.5, 6]},
			"faces": {
				"north": {"uv": [0, 0, 5, 15.5], "texture": "#1"},
				"east": {"uv": [0, 0, 4.5, 15.5], "texture": "#1"},
				"south": {"uv": [0, 0, 0.5, 2.5], "texture": "#1"},
				"west": {"uv": [0, 0, 4, 15.5], "texture": "#1"},
				"up": {"uv": [9.5, 8.5, 16, 16], "rotation": 270, "texture": "#1"},
				"down": {"uv": [0, 0, 7, 7.5], "rotation": 90, "texture": "#1"}
			}
		},
		{
			"from": [7, 0, 6.5],
			"to": [7.25, 5, 7.5],
			"faces": {
				"north": {"uv": [0, 0, 5, 15.5], "texture": "#1"},
				"east": {"uv": [0, 0, 4.5, 15.5], "texture": "#1"},
				"south": {"uv": [0, 0, 4.5, 15.5], "texture": "#1"},
				"west": {"uv": [0, 0, 0.5, 2.5], "texture": "#1"},
				"up": {"uv": [9.5, 8.5, 16, 16], "texture": "#1"},
				"down": {"uv": [0, 0, 7, 7.5], "texture": "#1"}
			}
		},
		{
			"from": [7, 0, 8.5],
			"to": [7.25, 5, 9.5],
			"faces": {
				"north": {"uv": [0, 0, 5, 15.5], "texture": "#1"},
				"east": {"uv": [0, 0, 4.5, 15.5], "texture": "#1"},
				"south": {"uv": [0, 0, 4.5, 15.5], "texture": "#1"},
				"west": {"uv": [0, 0, 0.5, 2.5], "texture": "#1"},
				"up": {"uv": [9.5, 8.5, 16, 16], "texture": "#1"},
				"down": {"uv": [0, 0, 7, 7.5], "texture": "#1"}
			}
		},
		{
			"from": [5.5, 0, 6.25],
			"to": [7, 5, 7.75],
			"faces": {
				"north": {"uv": [0, 0, 5, 15.5], "texture": "#1"},
				"east": {"uv": [0, 0, 4.5, 15.5], "texture": "#1"},
				"south": {"uv": [0, 0, 4.5, 15.5], "texture": "#1"},
				"west": {"uv": [0, 0, 4, 15.5], "texture": "#1"},
				"up": {"uv": [9.5, 8.5, 16, 16], "texture": "#1"},
				"down": {"uv": [0, 0, 7, 7.5], "texture": "#1"}
			}
		},
		{
			"from": [5.5, 0, 8.25],
			"to": [7, 5, 9.75],
			"faces": {
				"north": {"uv": [0, 0, 5, 15.5], "texture": "#1"},
				"east": {"uv": [0, 0, 4.5, 15.5], "texture": "#1"},
				"south": {"uv": [0, 0, 4.5, 15.5], "texture": "#1"},
				"west": {"uv": [0, 0, 4, 15.5], "texture": "#1"},
				"up": {"uv": [9.5, 8.5, 16, 16], "texture": "#1"},
				"down": {"uv": [0, 0, 7, 7.5], "texture": "#1"}
			}
		},
		{
			"name": "InsideYellow",
			"from": [5.5625, 5, 6.3125],
			"to": [6.9375, 5.005, 7.6875],
			"faces": {
				"north": {"uv": [0, 0, 0.6875, 0.0025], "texture": "#missing"},
				"east": {"uv": [0, 0, 0.6875, 0.0025], "texture": "#missing"},
				"south": {"uv": [0, 0, 0.6875, 0.0025], "texture": "#missing"},
				"west": {"uv": [0, 0, 0.6875, 0.0025], "texture": "#missing"},
				"up": {"uv": [0, 0, 6, 5.5], "texture": "#2"},
				"down": {"uv": [0, 0, 0.6875, 0.6875], "texture": "#missing"}
			}
		},
		{
			"name": "InsideYellow",
			"from": [5.5625, 5, 8.3125],
			"to": [6.9375, 5.005, 9.6875],
			"faces": {
				"north": {"uv": [0, 0, 0.6875, 0.0025], "texture": "#missing"},
				"east": {"uv": [0, 0, 0.6875, 0.0025], "texture": "#missing"},
				"south": {"uv": [0, 0, 0.6875, 0.0025], "texture": "#missing"},
				"west": {"uv": [0, 0, 0.6875, 0.0025], "texture": "#missing"},
				"up": {"uv": [0, 0, 6, 5.5], "texture": "#2"},
				"down": {"uv": [0, 0, 0.6875, 0.6875], "texture": "#missing"}
			}
		},
		{
			"from": [7.4375, 3.75, 6.9375],
			"to": [8.5625, 4.25, 9.0625],
			"rotation": {"angle": 0, "axis": "y", "origin": [8, 3.25, 6]},
			"faces": {
				"north": {"uv": [0, 0, 0.5625, 0.25], "texture": "#0"},
				"east": {"uv": [0, 0, 1.0625, 0.25], "texture": "#0"},
				"south": {"uv": [0, 0, 0.5625, 0.25], "texture": "#0"},
				"west": {"uv": [0, 0, 1.0625, 0.25], "texture": "#0"},
				"up": {"uv": [0, 0, 1.0625, 0.5625], "rotation": 270, "texture": "#0"},
				"down": {"uv": [0, 0, 1.0625, 0.5625], "rotation": 90, "texture": "#0"}
			}
		},
		{
			"from": [7.4375, 0.75, 6.9375],
			"to": [8.5625, 1.25, 9.0625],
			"rotation": {"angle": 0, "axis": "y", "origin": [8, 3.25, 6]},
			"faces": {
				"north": {"uv": [0, 0, 0.5625, 0.25], "texture": "#0"},
				"east": {"uv": [0, 0, 1.0625, 0.25], "texture": "#0"},
				"south": {"uv": [0, 0, 0.5625, 0.25], "texture": "#0"},
				"west": {"uv": [0, 0, 1.0625, 0.25], "texture": "#0"},
				"up": {"uv": [0, 0, 1.0625, 0.5625], "rotation": 270, "texture": "#0"},
				"down": {"uv": [0, 0, 1.0625, 0.5625], "rotation": 90, "texture": "#0"}
			}
		},
		{
			"from": [7.1875, 0.755, 7.1875],
			"to": [8.8125, 1.245, 8.8125],
			"faces": {
				"north": {"uv": [0, 0, 0.8125, 0.245], "texture": "#0"},
				"east": {"uv": [0, 0, 0.8125, 0.245], "texture": "#0"},
				"south": {"uv": [0, 0, 0.8125, 0.245], "texture": "#0"},
				"west": {"uv": [0, 0, 0.8125, 0.245], "texture": "#0"},
				"up": {"uv": [0, 0, 0.8125, 0.8125], "texture": "#0"},
				"down": {"uv": [0, 0, 0.8125, 0.8125], "texture": "#0"}
			}
		},
		{
			"from": [7.1875, 3.755, 7.1875],
			"to": [8.8125, 4.245, 8.8125],
			"faces": {
				"north": {"uv": [0, 0, 0.8125, 0.245], "texture": "#0"},
				"east": {"uv": [0, 0, 0.8125, 0.245], "texture": "#0"},
				"south": {"uv": [0, 0, 0.8125, 0.245], "texture": "#0"},
				"west": {"uv": [0, 0, 0.8125, 0.245], "texture": "#0"},
				"up": {"uv": [0, 0, 0.8125, 0.8125], "texture": "#0"},
				"down": {"uv": [0, 0, 0.8125, 0.8125], "texture": "#0"}
			}
		},
		{
			"from": [6.9375, 0.75, 7.4375],
			"to": [9.0625, 1.25, 8.5625],
			"faces": {
				"north": {"uv": [0, 0, 1.0625, 0.25], "texture": "#0"},
				"east": {"uv": [0, 0, 0.5625, 0.25], "texture": "#0"},
				"south": {"uv": [0, 0, 1.0625, 0.25], "texture": "#0"},
				"west": {"uv": [0, 0, 0.5625, 0.25], "texture": "#0"},
				"up": {"uv": [0, 0, 1.0625, 0.5625], "texture": "#0"},
				"down": {"uv": [0, 0, 1.0625, 0.5625], "texture": "#0"}
			}
		},
		{
			"from": [6.9375, 3.75, 7.4375],
			"to": [9.0625, 4.25, 8.5625],
			"faces": {
				"north": {"uv": [0, 0, 1.0625, 0.25], "texture": "#0"},
				"east": {"uv": [0, 0, 0.5625, 0.25], "texture": "#0"},
				"south": {"uv": [0, 0, 1.0625, 0.25], "texture": "#0"},
				"west": {"uv": [0, 0, 0.5625, 0.25], "texture": "#0"},
				"up": {"uv": [0, 0, 1.0625, 0.5625], "texture": "#0"},
				"down": {"uv": [0, 0, 1.0625, 0.5625], "texture": "#0"}
			}
		},
		{
			"from": [7.5, 0, 8.75],
			"to": [8.5, 5, 9],
			"rotation": {"angle": 0, "axis": "y", "origin": [8, 0.5, 6]},
			"faces": {
				"north": {"uv": [0, 0, 0.5, 2.5], "texture": "#1"},
				"east": {"uv": [0, 0, 4.5, 15.5], "texture": "#1"},
				"south": {"uv": [0, 0, 4.5, 15.5], "texture": "#1"},
				"west": {"uv": [0, 0, 4, 15.5], "texture": "#1"},
				"up": {"uv": [9.5, 8.5, 16, 16], "rotation": 270, "texture": "#1"},
				"down": {"uv": [0, 0, 7, 7.5], "rotation": 90, "texture": "#1"}
			}
		},
		{
			"from": [7, 0, 7.5],
			"to": [7.25, 5, 8.5],
			"faces": {
				"north": {"uv": [0, 0, 5, 15.5], "texture": "#1"},
				"east": {"uv": [0, 0, 0.5, 2.5], "texture": "#1"},
				"south": {"uv": [0, 0, 4.5, 15.5], "texture": "#1"},
				"west": {"uv": [0, 0, 4, 15.5], "texture": "#1"},
				"up": {"uv": [9.5, 8.5, 16, 16], "texture": "#1"},
				"down": {"uv": [0, 0, 7, 7.5], "texture": "#1"}
			}
		},
		{
			"from": [7.5, 0, 7],
			"to": [8.5, 5, 7.25],
			"rotation": {"angle": 0, "axis": "y", "origin": [8, 0.5, 6]},
			"faces": {
				"north": {"uv": [0, 0, 5, 15.5], "texture": "#1"},
				"east": {"uv": [0, 0, 4.5, 15.5], "texture": "#1"},
				"south": {"uv": [0, 0, 0.5, 2.5], "texture": "#1"},
				"west": {"uv": [0, 0, 4, 15.5], "texture": "#1"},
				"up": {"uv": [9.5, 8.5, 16, 16], "rotation": 270, "texture": "#1"},
				"down": {"uv": [0, 0, 7, 7.5], "rotation": 90, "texture": "#1"}
			}
		},
		{
			"from": [8.75, 0, 7.5],
			"to": [9, 5, 8.5],
			"faces": {
				"north": {"uv": [0, 0, 5, 15.5], "texture": "#1"},
				"east": {"uv": [0, 0, 4.5, 15.5], "texture": "#1"},
				"south": {"uv": [0, 0, 4.5, 15.5], "texture": "#1"},
				"west": {"uv": [0, 0, 0.5, 2.5], "texture": "#1"},
				"up": {"uv": [9.5, 8.5, 16, 16], "texture": "#1"},
				"down": {"uv": [0, 0, 7, 7.5], "texture": "#1"}
			}
		},
		{
			"from": [7.25, 0, 7.25],
			"to": [8.75, 5, 8.75],
			"faces": {
				"north": {"uv": [0, 0, 5, 15.5], "texture": "#1"},
				"east": {"uv": [0, 0, 4.5, 15.5], "texture": "#1"},
				"south": {"uv": [0, 0, 4.5, 15.5], "texture": "#1"},
				"west": {"uv": [0, 0, 4, 15.5], "texture": "#1"},
				"up": {"uv": [9.5, 8.5, 16, 16], "texture": "#1"},
				"down": {"uv": [0, 0, 7, 7.5], "texture": "#1"}
			}
		},
		{
			"name": "InsideYellow",
			"from": [7.3125, 5, 7.3125],
			"to": [8.6875, 5.005, 8.6875],
			"faces": {
				"north": {"uv": [0, 0, 0.6875, 0.0025], "texture": "#missing"},
				"east": {"uv": [0, 0, 0.6875, 0.0025], "texture": "#missing"},
				"south": {"uv": [0, 0, 0.6875, 0.0025], "texture": "#missing"},
				"west": {"uv": [0, 0, 0.6875, 0.0025], "texture": "#missing"},
				"up": {"uv": [0, 0, 6, 5.5], "texture": "#2"},
				"down": {"uv": [0, 0, 0.6875, 0.6875], "texture": "#missing"}
			}
		},
		{
			"from": [7.4375, 3.75, 8.9375],
			"to": [8.5625, 4.25, 11.0625],
			"rotation": {"angle": 0, "axis": "y", "origin": [8, 3.25, 6]},
			"faces": {
				"north": {"uv": [0, 0, 0.5625, 0.25], "texture": "#0"},
				"east": {"uv": [0, 0, 1.0625, 0.25], "texture": "#0"},
				"south": {"uv": [0, 0, 0.5625, 0.25], "texture": "#0"},
				"west": {"uv": [0, 0, 1.0625, 0.25], "texture": "#0"},
				"up": {"uv": [0, 0, 1.0625, 0.5625], "rotation": 270, "texture": "#0"},
				"down": {"uv": [0, 0, 1.0625, 0.5625], "rotation": 90, "texture": "#0"}
			}
		},
		{
			"from": [7.4375, 0.75, 8.9375],
			"to": [8.5625, 1.25, 11.0625],
			"rotation": {"angle": 0, "axis": "y", "origin": [8, 3.25, 6]},
			"faces": {
				"north": {"uv": [0, 0, 0.5625, 0.25], "texture": "#0"},
				"east": {"uv": [0, 0, 1.0625, 0.25], "texture": "#0"},
				"south": {"uv": [0, 0, 0.5625, 0.25], "texture": "#0"},
				"west": {"uv": [0, 0, 1.0625, 0.25], "texture": "#0"},
				"up": {"uv": [0, 0, 1.0625, 0.5625], "rotation": 270, "texture": "#0"},
				"down": {"uv": [0, 0, 1.0625, 0.5625], "rotation": 90, "texture": "#0"}
			}
		},
		{
			"from": [7.1875, 0.755, 9.1875],
			"to": [8.8125, 1.245, 10.8125],
			"faces": {
				"north": {"uv": [0, 0, 0.8125, 0.245], "texture": "#0"},
				"east": {"uv": [0, 0, 0.8125, 0.245], "texture": "#0"},
				"south": {"uv": [0, 0, 0.8125, 0.245], "texture": "#0"},
				"west": {"uv": [0, 0, 0.8125, 0.245], "texture": "#0"},
				"up": {"uv": [0, 0, 0.8125, 0.8125], "texture": "#0"},
				"down": {"uv": [0, 0, 0.8125, 0.8125], "texture": "#0"}
			}
		},
		{
			"from": [7.1875, 3.755, 9.1875],
			"to": [8.8125, 4.245, 10.8125],
			"faces": {
				"north": {"uv": [0, 0, 0.8125, 0.245], "texture": "#0"},
				"east": {"uv": [0, 0, 0.8125, 0.245], "texture": "#0"},
				"south": {"uv": [0, 0, 0.8125, 0.245], "texture": "#0"},
				"west": {"uv": [0, 0, 0.8125, 0.245], "texture": "#0"},
				"up": {"uv": [0, 0, 0.8125, 0.8125], "texture": "#0"},
				"down": {"uv": [0, 0, 0.8125, 0.8125], "texture": "#0"}
			}
		},
		{
			"from": [6.9375, 0.75, 9.4375],
			"to": [9.0625, 1.25, 10.5625],
			"faces": {
				"north": {"uv": [0, 0, 1.0625, 0.25], "texture": "#0"},
				"east": {"uv": [0, 0, 0.5625, 0.25], "texture": "#0"},
				"south": {"uv": [0, 0, 1.0625, 0.25], "texture": "#0"},
				"west": {"uv": [0, 0, 0.5625, 0.25], "texture": "#0"},
				"up": {"uv": [0, 0, 1.0625, 0.5625], "texture": "#0"},
				"down": {"uv": [0, 0, 1.0625, 0.5625], "texture": "#0"}
			}
		},
		{
			"from": [6.9375, 3.75, 9.4375],
			"to": [9.0625, 4.25, 10.5625],
			"faces": {
				"north": {"uv": [0, 0, 1.0625, 0.25], "texture": "#0"},
				"east": {"uv": [0, 0, 0.5625, 0.25], "texture": "#0"},
				"south": {"uv": [0, 0, 1.0625, 0.25], "texture": "#0"},
				"west": {"uv": [0, 0, 0.5625, 0.25], "texture": "#0"},
				"up": {"uv": [0, 0, 1.0625, 0.5625], "texture": "#0"},
				"down": {"uv": [0, 0, 1.0625, 0.5625], "texture": "#0"}
			}
		},
		{
			"from": [7.5, 0, 10.75],
			"to": [8.5, 5, 11],
			"rotation": {"angle": 0, "axis": "y", "origin": [8, 0.5, 6]},
			"faces": {
				"north": {"uv": [0, 0, 0.5, 2.5], "texture": "#1"},
				"east": {"uv": [0, 0, 4.5, 15.5], "texture": "#1"},
				"south": {"uv": [0, 0, 4.5, 15.5], "texture": "#1"},
				"west": {"uv": [0, 0, 4, 15.5], "texture": "#1"},
				"up": {"uv": [9.5, 8.5, 16, 16], "rotation": 270, "texture": "#1"},
				"down": {"uv": [0, 0, 7, 7.5], "rotation": 90, "texture": "#1"}
			}
		},
		{
			"from": [7, 0, 9.5],
			"to": [7.25, 5, 10.5],
			"faces": {
				"north": {"uv": [0, 0, 5, 15.5], "texture": "#1"},
				"east": {"uv": [0, 0, 0.5, 2.5], "texture": "#1"},
				"south": {"uv": [0, 0, 4.5, 15.5], "texture": "#1"},
				"west": {"uv": [0, 0, 4, 15.5], "texture": "#1"},
				"up": {"uv": [9.5, 8.5, 16, 16], "texture": "#1"},
				"down": {"uv": [0, 0, 7, 7.5], "texture": "#1"}
			}
		},
		{
			"from": [7.5, 0, 9],
			"to": [8.5, 5, 9.25],
			"rotation": {"angle": 0, "axis": "y", "origin": [8, 0.5, 6]},
			"faces": {
				"north": {"uv": [0, 0, 5, 15.5], "texture": "#1"},
				"east": {"uv": [0, 0, 4.5, 15.5], "texture": "#1"},
				"south": {"uv": [0, 0, 0.5, 2.5], "texture": "#1"},
				"west": {"uv": [0, 0, 4, 15.5], "texture": "#1"},
				"up": {"uv": [9.5, 8.5, 16, 16], "rotation": 270, "texture": "#1"},
				"down": {"uv": [0, 0, 7, 7.5], "rotation": 90, "texture": "#1"}
			}
		},
		{
			"from": [8.75, 0, 9.5],
			"to": [9, 5, 10.5],
			"faces": {
				"north": {"uv": [0, 0, 5, 15.5], "texture": "#1"},
				"east": {"uv": [0, 0, 4.5, 15.5], "texture": "#1"},
				"south": {"uv": [0, 0, 4.5, 15.5], "texture": "#1"},
				"west": {"uv": [0, 0, 0.5, 2.5], "texture": "#1"},
				"up": {"uv": [9.5, 8.5, 16, 16], "texture": "#1"},
				"down": {"uv": [0, 0, 7, 7.5], "texture": "#1"}
			}
		},
		{
			"from": [7.25, 0, 9.25],
			"to": [8.75, 5, 10.75],
			"faces": {
				"north": {"uv": [0, 0, 5, 15.5], "texture": "#1"},
				"east": {"uv": [0, 0, 4.5, 15.5], "texture": "#1"},
				"south": {"uv": [0, 0, 4.5, 15.5], "texture": "#1"},
				"west": {"uv": [0, 0, 4, 15.5], "texture": "#1"},
				"up": {"uv": [9.5, 8.5, 16, 16], "texture": "#1"},
				"down": {"uv": [0, 0, 7, 7.5], "texture": "#1"}
			}
		},
		{
			"name": "InsideYellow",
			"from": [7.3125, 5, 9.3125],
			"to": [8.6875, 5.005, 10.6875],
			"faces": {
				"north": {"uv": [0, 0, 0.6875, 0.0025], "texture": "#missing"},
				"east": {"uv": [0, 0, 0.6875, 0.0025], "texture": "#missing"},
				"south": {"uv": [0, 0, 0.6875, 0.0025], "texture": "#missing"},
				"west": {"uv": [0, 0, 0.6875, 0.0025], "texture": "#missing"},
				"up": {"uv": [0, 0, 6, 5.5], "texture": "#2"},
				"down": {"uv": [0, 0, 0.6875, 0.6875], "texture": "#missing"}
			}
		},
		{
			"from": [0, 0, 0],
			"to": [16, 0.005, 16],
			"faces": {
				"north": {"uv": [0, 0, 8, 0.0025], "texture": "#missing"},
				"east": {"uv": [0, 0, 8, 0.0025], "texture": "#missing"},
				"south": {"uv": [0, 0, 8, 0.0025], "texture": "#missing"},
				"west": {"uv": [0, 0, 8, 0.0025], "texture": "#missing"},
				"up": {"uv": [0, 0, 16, 16], "texture": "#4"},
				"down": {"uv": [0, 0, 8, 8], "texture": "#missing"}
			}
		}
	],
	"groups": [
		{
			"name": "Dynamite",
			"origin": [8, 8, 8],
			"children": [
				{
					"name": "Dynamite",
					"origin": [8, 8, 8],
					"children": [
						{
							"name": "BlackOutside",
							"origin": [0, 0, 0],
							"children": [0, 1, 2, 3, 4, 5]
						},
						{
							"name": "RedOutside",
							"origin": [0, 0, 0],
							"children": [6, 7, 8, 9, 10]
						}, 11]
				},
				{
					"name": "ExplosiveLine",
					"origin": [0, 0, 0],
					"children": [12, 13, 14, 15, 16, 17, 18, 19, 20, 21, 22, 23, 24, 25, 26, 27, 28, 29, 30, 31, 32, 33, 34, 35, 36, 37, 38, 39, 40, 41, 42]
				},
				{
					"name": "Dynamite",
					"origin": [8, 8, 8],
					"children": [
						{
							"name": "BlackOutside",
							"origin": [0, 0, 0],
							"children": [43, 44, 45, 46, 47, 48, 49, 50, 51, 52, 53, 54]
						},
						{
							"name": "RedOutside",
							"origin": [0, 0, 0],
							"children": [55, 56, 57, 58, 59, 60, 61, 62, 63, 64]
						}, 65, 66]
				},
				{
					"name": "Dynamite",
					"origin": [8, 8, 8],
					"children": [
						{
							"name": "BlackOutside",
							"origin": [0, 0, 0],
							"children": [67, 68, 69, 70, 71, 72, 73, 74, 75, 76, 77, 78]
						},
						{
							"name": "RedOutside",
							"origin": [0, 0, 0],
							"children": [79, 80, 81, 82, 83, 84, 85, 86, 87, 88]
						}, 89, 90]
				},
				{
					"name": "Dynamite",
					"origin": [8, 8, 8],
					"children": [
						{
							"name": "BlackOutside",
							"origin": [0, 0, 0],
							"children": [91, 92, 93, 94, 95, 96]
						},
						{
							"name": "RedOutside",
							"origin": [0, 0, 0],
							"children": [97, 98, 99, 100, 101]
						}, 102]
				},
				{
					"name": "Dynamite",
					"origin": [8, 8, 8],
					"children": [
						{
							"name": "BlackOutside",
							"origin": [0, 0, 0],
							"children": [103, 104, 105, 106, 107, 108]
						},
						{
							"name": "RedOutside",
							"origin": [0, 0, 0],
							"children": [109, 110, 111, 112, 113]
						}, 114]
				}
			]
		}, 115]
}