{
	"credit": "Made with Blockbench",
	"texture_size": [32, 32],
	"textures": {
		"0": "custom/rogi",
		"1": "custom/iron_block",
		"2": "custom/spruce_planks",
		"particle": "custom/rogi"
	},
	"elements": [
		{
			"from": [4, 3, 5],
			"to": [5, 4, 11],
			"rotation": {"angle": 0, "axis": "y", "origin": [8, 0.5, 8]},
			"faces": {
				"north": {"uv": [0, 3, 5, 6.5], "texture": "#1"},
				"east": {"uv": [0, 0, 6, 3.5], "texture": "#1"},
				"south": {"uv": [0, 0, 6, 3.5], "texture": "#1"},
				"west": {"uv": [0, 0, 5.5, 4], "texture": "#1"},
				"up": {"uv": [0, 0, 5.5, 4], "rotation": 90, "texture": "#1"},
				"down": {"uv": [0, 0, 6, 4], "rotation": 270, "texture": "#1"}
			}
		},
		{
			"from": [4.25, 3, 4.25],
			"to": [5, 4, 5],
			"rotation": {"angle": 0, "axis": "y", "origin": [8, 0.5, 8]},
			"faces": {
				"north": {"uv": [0, 3, 5, 6.5], "texture": "#1"},
				"east": {"uv": [0, 0, 6, 3.5], "texture": "#1"},
				"south": {"uv": [0, 0, 6, 3.5], "texture": "#1"},
				"west": {"uv": [0, 0, 5.5, 4], "texture": "#1"},
				"up": {"uv": [0, 0, 5.5, 4], "rotation": 90, "texture": "#1"},
				"down": {"uv": [0, 0, 6, 4], "rotation": 270, "texture": "#1"}
			}
		},
		{
			"from": [4.25, 3, 11],
			"to": [5, 4, 11.75],
			"rotation": {"angle": 0, "axis": "y", "origin": [8, 0.5, 8]},
			"faces": {
				"north": {"uv": [0, 3, 5, 6.5], "texture": "#1"},
				"east": {"uv": [0, 0, 6, 3.5], "texture": "#1"},
				"south": {"uv": [0, 0, 6, 3.5], "texture": "#1"},
				"west": {"uv": [0, 0, 5.5, 4], "texture": "#1"},
				"up": {"uv": [0, 0, 5.5, 4], "rotation": 90, "texture": "#1"},
				"down": {"uv": [0, 0, 6, 4], "rotation": 270, "texture": "#1"}
			}
		},
		{
			"from": [11, 3, 4.25],
			"to": [11.75, 4, 5],
			"rotation": {"angle": 0, "axis": "y", "origin": [8, 0.5, 8]},
			"faces": {
				"north": {"uv": [0, 3, 5, 6.5], "texture": "#1"},
				"east": {"uv": [0, 0, 6, 3.5], "texture": "#1"},
				"south": {"uv": [0, 0, 6, 3.5], "texture": "#1"},
				"west": {"uv": [0, 0, 5.5, 4], "texture": "#1"},
				"up": {"uv": [0, 0, 5.5, 4], "rotation": 90, "texture": "#1"},
				"down": {"uv": [0, 0, 6, 4], "rotation": 270, "texture": "#1"}
			}
		},
		{
			"from": [11, 3, 11],
			"to": [11.75, 4, 11.75],
			"rotation": {"angle": 0, "axis": "y", "origin": [8, 0.5, 8]},
			"faces": {
				"north": {"uv": [0, 3, 5, 6.5], "texture": "#1"},
				"east": {"uv": [0, 0, 6, 3.5], "texture": "#1"},
				"south": {"uv": [0, 0, 6, 3.5], "texture": "#1"},
				"west": {"uv": [0, 0, 5.5, 4], "texture": "#1"},
				"up": {"uv": [0, 0, 5.5, 4], "rotation": 90, "texture": "#1"},
				"down": {"uv": [0, 0, 6, 4], "rotation": 270, "texture": "#1"}
			}
		},
		{
			"from": [5, 3, 4],
			"to": [11, 4, 5],
			"rotation": {"angle": 0, "axis": "y", "origin": [8, 0.5, 3.5]},
			"faces": {
				"north": {"uv": [0, 3, 15.5, 6], "texture": "#1"},
				"east": {"uv": [0, 0, 6, 3.5], "texture": "#1"},
				"south": {"uv": [0, 0, 6, 3.5], "texture": "#1"},
				"west": {"uv": [0, 0, 5.5, 4], "texture": "#1"},
				"up": {"uv": [0, 0, 5.5, 4], "texture": "#1"},
				"down": {"uv": [0, 0, 6, 4], "texture": "#1"}
			}
		},
		{
			"from": [11, 3, 5],
			"to": [12, 4, 11],
			"rotation": {"angle": 0, "axis": "y", "origin": [8, 0.5, 8]},
			"faces": {
				"north": {"uv": [0, 3, 5, 6.5], "texture": "#1"},
				"east": {"uv": [0, 0, 6, 3.5], "texture": "#1"},
				"south": {"uv": [0, 0, 6, 3.5], "texture": "#1"},
				"west": {"uv": [0, 0, 5.5, 4], "texture": "#1"},
				"up": {"uv": [0, 0, 5.5, 4], "rotation": 90, "texture": "#1"},
				"down": {"uv": [0, 0, 6, 4], "rotation": 270, "texture": "#1"}
			}
		},
		{
			"from": [5, 3, 11],
			"to": [11, 4, 12],
			"rotation": {"angle": 0, "axis": "y", "origin": [8, 0.5, 3.5]},
			"faces": {
				"north": {"uv": [0, 3, 5, 6.5], "texture": "#1"},
				"east": {"uv": [0, 0, 6, 3.5], "texture": "#1"},
				"south": {"uv": [0, 0, 6, 3.5], "texture": "#1"},
				"west": {"uv": [0, 0, 5.5, 4], "texture": "#1"},
				"up": {"uv": [0, 0, 5.5, 4], "texture": "#1"},
				"down": {"uv": [0, 0, 6, 4], "texture": "#1"}
			}
		},
		{
			"from": [5, 4, 4.5],
			"to": [11, 6, 5],
			"rotation": {"angle": 0, "axis": "y", "origin": [8, 0.5, 3.5]},
			"faces": {
				"north": {"uv": [0, 0, 16, 6], "texture": "#2"},
				"east": {"uv": [2, 0, 4, 6], "texture": "#2"},
				"south": {"uv": [0, 0, 16, 6], "texture": "#2"},
				"west": {"uv": [0, 0, 3, 6], "texture": "#2"},
				"up": {"uv": [0, 2, 16, 4], "texture": "#2"},
				"down": {"uv": [0, 0, 16, 15], "texture": "#2"}
			}
		},
		{
			"from": [5, 6, 5],
			"to": [11, 7.25, 11],
			"rotation": {"angle": 0, "axis": "y", "origin": [8, 0.5, 3.5]},
			"faces": {
				"north": {"uv": [0, 0, 16, 6], "texture": "#2"},
				"east": {"uv": [0, 0, 15, 6], "texture": "#2"},
				"south": {"uv": [0, 0, 16, 6], "texture": "#2"},
				"west": {"uv": [0, 0, 15, 6], "texture": "#2"},
				"up": {"uv": [0, 0, 16, 15], "texture": "#2"},
				"down": {"uv": [0, 0, 16, 15], "texture": "#2"}
			}
		},
		{
			"from": [4.5, 4, 5],
			"to": [5, 6, 11],
			"rotation": {"angle": 0, "axis": "y", "origin": [8, 4.5, 8]},
			"faces": {
				"north": {"uv": [0, 0, 16, 6], "texture": "#2"},
				"east": {"uv": [0, 0, 15, 6], "texture": "#2"},
				"south": {"uv": [0, 0, 16, 6], "texture": "#2"},
				"west": {"uv": [0, 0, 15, 6], "texture": "#2"},
				"up": {"uv": [0, 2, 16, 4], "rotation": 90, "texture": "#2"},
				"down": {"uv": [0, 0, 16, 15], "rotation": 270, "texture": "#2"}
			}
		},
		{
			"from": [5, 4, 11],
			"to": [11, 6, 11.5],
			"rotation": {"angle": 0, "axis": "y", "origin": [8, 0.5, 3.5]},
			"faces": {
				"north": {"uv": [0, 0, 16, 6], "texture": "#2"},
				"east": {"uv": [2, 0, 4, 6], "texture": "#2"},
				"south": {"uv": [0, 0, 16, 6], "texture": "#2"},
				"west": {"uv": [0, 0, 3, 6], "texture": "#2"},
				"up": {"uv": [0, 2, 16, 4], "texture": "#2"},
				"down": {"uv": [0, 0, 16, 15], "texture": "#2"}
			}
		},
		{
			"from": [11, 4, 5],
			"to": [11.5, 6, 11],
			"rotation": {"angle": 0, "axis": "y", "origin": [8, 4.5, 8]},
			"faces": {
				"north": {"uv": [0, 0, 16, 6], "texture": "#2"},
				"east": {"uv": [0, 0, 15, 6], "texture": "#2"},
				"south": {"uv": [0, 0, 16, 6], "texture": "#2"},
				"west": {"uv": [0, 0, 15, 6], "texture": "#2"},
				"up": {"uv": [0, 2, 16, 4], "rotation": 90, "texture": "#2"},
				"down": {"uv": [0, 0, 16, 15], "rotation": 270, "texture": "#2"}
			}
		},
		{
			"from": [7.3125, 6, 4.75],
			"to": [8.6875, 7.5, 11.25],
			"rotation": {"angle": 0, "axis": "y", "origin": [8, 0.5, 3.5]},
			"faces": {
				"north": {"uv": [0, 10, 7, 16], "texture": "#1"},
				"east": {"uv": [3, 7, 9, 13], "texture": "#1"},
				"south": {"uv": [2, 3, 7, 9], "texture": "#1"},
				"west": {"uv": [2, 3, 8, 9], "texture": "#1"},
				"up": {"uv": [3, 4, 13, 13], "texture": "#1"},
				"down": {"uv": [3, 4, 11, 13], "texture": "#1"}
			}
		},
		{
			"from": [7.125, 4, 4.25],
			"to": [8.875, 6.25, 11.75],
			"rotation": {"angle": 0, "axis": "y", "origin": [8, 0.5, 3.5]},
			"faces": {
				"north": {"uv": [0, 10, 7, 16], "texture": "#1"},
				"east": {"uv": [3, 7, 9, 13], "texture": "#1"},
				"south": {"uv": [2, 3, 7, 9], "texture": "#1"},
				"west": {"uv": [2, 3, 8, 9], "texture": "#1"},
				"up": {"uv": [3, 4, 13, 13], "texture": "#1"},
				"down": {"uv": [3, 4, 11, 13], "texture": "#1"}
			}
		},
		{
			"from": [6.9375, 3.0625, 3.75],
			"to": [9.0625, 4.25, 12.25],
			"rotation": {"angle": 0, "axis": "y", "origin": [8, 0.5, 3.5]},
			"faces": {
				"north": {"uv": [0, 10, 7, 16], "texture": "#1"},
				"east": {"uv": [3, 7, 9, 13], "texture": "#1"},
				"south": {"uv": [2, 3, 7, 9], "texture": "#1"},
				"west": {"uv": [2, 3, 8, 9], "texture": "#1"},
				"up": {"uv": [3, 4, 13, 13], "texture": "#1"},
				"down": {"uv": [3, 4, 11, 13], "texture": "#1"}
			}
		},
		{
			"from": [10.3125, 5.75, 7.25],
			"to": [12.4375, 7.5, 8.75],
			"rotation": {"angle": 0, "axis": "y", "origin": [8, 0.5, 3.5]},
			"faces": {
				"north": {"uv": [0, 6, 4, 12.5], "texture": "#0"},
				"east": {"uv": [0, 5, 4.5, 12.5], "texture": "#0"},
				"south": {"uv": [0, 6.5, 4, 12.5], "texture": "#0"},
				"west": {"uv": [0, 5.5, 4, 12.5], "texture": "#0"},
				"up": {"uv": [8.5, 3.5, 13, 8.5], "texture": "#0"},
				"down": {"uv": [11, 11, 16, 16], "texture": "#0"}
			}
		},
		{
			"from": [12.4375, 6.75, 7.5],
			"to": [14.4375, 8.5, 8.5],
			"rotation": {"angle": 0, "axis": "y", "origin": [8, 0.5, 3.5]},
			"faces": {
				"north": {"uv": [0, 6, 4, 12.5], "texture": "#0"},
				"east": {"uv": [0, 5, 4.5, 12.5], "texture": "#0"},
				"south": {"uv": [0, 6.5, 4, 12.5], "texture": "#0"},
				"west": {"uv": [0, 5.5, 4, 12.5], "texture": "#0"},
				"up": {"uv": [8.5, 3.5, 13, 8.5], "texture": "#0"},
				"down": {"uv": [11, 11, 16, 16], "texture": "#0"}
			}
		},
		{
			"from": [13.4375, 8.5, 7.75],
			"to": [14.4375, 10.25, 8.25],
			"rotation": {"angle": 0, "axis": "y", "origin": [8, 0.5, 3.5]},
			"faces": {
				"north": {"uv": [0, 6, 4, 12.5], "texture": "#0"},
				"east": {"uv": [0, 5, 4.5, 12.5], "texture": "#0"},
				"south": {"uv": [0, 6.5, 4, 12.5], "texture": "#0"},
				"west": {"uv": [0, 5.5, 4, 12.5], "texture": "#0"},
				"up": {"uv": [8.5, 3.5, 13, 8.5], "texture": "#0"},
				"down": {"uv": [11, 11, 16, 16], "texture": "#0"}
			}
		},
		{
			"from": [12.4375, 9.25, 7.75],
			"to": [13.4375, 11.25, 8.25],
			"rotation": {"angle": 0, "axis": "y", "origin": [8, 0.5, 3.5]},
			"faces": {
				"north": {"uv": [0, 6, 4, 12.5], "texture": "#0"},
				"east": {"uv": [0, 5, 4.5, 12.5], "texture": "#0"},
				"south": {"uv": [0, 6.5, 4, 12.5], "texture": "#0"},
				"west": {"uv": [0, 5.5, 4, 12.5], "texture": "#0"},
				"up": {"uv": [8.5, 3.5, 13, 8.5], "texture": "#0"},
				"down": {"uv": [11, 11, 16, 16], "texture": "#0"}
			}
		},
		{
			"from": [3.59375, 5.75, 7.25],
			"to": [5.71875, 7.5, 8.75],
			"rotation": {"angle": 0, "axis": "y", "origin": [13.14063, 8.46875, 8]},
			"faces": {
				"north": {"uv": [0, 6, 4, 12.5], "texture": "#0"},
				"east": {"uv": [0, 5, 4.5, 12.5], "texture": "#0"},
				"south": {"uv": [0, 6.5, 4, 12.5], "texture": "#0"},
				"west": {"uv": [0, 5.5, 4, 12.5], "texture": "#0"},
				"up": {"uv": [8.5, 3.5, 13, 8.5], "rotation": 180, "texture": "#0"},
				"down": {"uv": [11, 11, 16, 16], "rotation": 180, "texture": "#0"}
			}
		},
		{
			"from": [1.59375, 6.75, 7.5],
			"to": [3.59375, 8.5, 8.5],
			"rotation": {"angle": 0, "axis": "y", "origin": [13.14063, 8.46875, 8]},
			"faces": {
				"north": {"uv": [0, 6, 4, 12.5], "texture": "#0"},
				"east": {"uv": [0, 5, 4.5, 12.5], "texture": "#0"},
				"south": {"uv": [0, 6.5, 4, 12.5], "texture": "#0"},
				"west": {"uv": [0, 5.5, 4, 12.5], "texture": "#0"},
				"up": {"uv": [8.5, 3.5, 13, 8.5], "rotation": 180, "texture": "#0"},
				"down": {"uv": [11, 11, 16, 16], "rotation": 180, "texture": "#0"}
			}
		},
		{
			"from": [1.59375, 8.5, 7.75],
			"to": [2.59375, 10.25, 8.25],
			"rotation": {"angle": 0, "axis": "y", "origin": [13.14063, 8.46875, 8]},
			"faces": {
				"north": {"uv": [0, 6, 4, 12.5], "texture": "#0"},
				"east": {"uv": [0, 5, 4.5, 12.5], "texture": "#0"},
				"south": {"uv": [0, 6.5, 4, 12.5], "texture": "#0"},
				"west": {"uv": [0, 5.5, 4, 12.5], "texture": "#0"},
				"up": {"uv": [8.5, 3.5, 13, 8.5], "rotation": 180, "texture": "#0"},
				"down": {"uv": [11, 11, 16, 16], "rotation": 180, "texture": "#0"}
			}
		},
		{
			"from": [2.59375, 9.25, 7.75],
			"to": [3.59375, 11.25, 8.25],
			"rotation": {"angle": 0, "axis": "y", "origin": [13.14063, 8.46875, 8]},
			"faces": {
				"north": {"uv": [0, 6, 4, 12.5], "texture": "#0"},
				"east": {"uv": [0, 5, 4.5, 12.5], "texture": "#0"},
				"south": {"uv": [0, 6.5, 4, 12.5], "texture": "#0"},
				"west": {"uv": [0, 5.5, 4, 12.5], "texture": "#0"},
				"up": {"uv": [8.5, 3.5, 13, 8.5], "rotation": 180, "texture": "#0"},
				"down": {"uv": [11, 11, 16, 16], "rotation": 180, "texture": "#0"}
			}
		}
	],
	"display": {
		"head": {
			"translation": [0, 11.75, 0],
			"scale": [2.3, 2.3, 2.3]
		}
	},
	"groups": [
		{
			"name": "group",
			"origin": [8, 0.5, 3.5],
			"children": [0, 1, 2, 3, 4, 5, 6, 7]
		},
		{
			"name": "group",
			"origin": [8, 4.5, 8],
			"children": [8, 9, 10, 11, 12]
		},
		{
			"name": "group",
			"origin": [8, 0.5, 3.5],
			"children": [13, 14, 15]
		},
		{
			"name": "group",
			"origin": [8, 0.5, 3.5],
			"children": [16, 17, 18, 19]
		},
		{
			"name": "group",
			"origin": [8, 0.5, 3.5],
			"children": [20, 21, 22, 23]
		}
	]
}