{
	"credit": "Made with Blockbench",
	"textures": {
		"0": "custom/Block",
		"1": "custom/button_inside",
		"4": "custom/Blue",
		"particle": "custom/Block"
	},
	"elements": [
		{
			"from": [3.25, 8.5, 8.25],
			"to": [8.75, 9, 8.75],
			"faces": {
				"north": {"uv": [0, 0, 5.5, 0.5], "texture": "#1"},
				"east": {"uv": [0, 0, 0.5, 0.5], "texture": "#1"},
				"south": {"uv": [0, 0, 5.5, 0.5], "texture": "#1"},
				"west": {"uv": [0, 0, 0.5, 0.5], "texture": "#1"},
				"up": {"uv": [0, 0, 5.5, 0.5], "texture": "#1"},
				"down": {"uv": [0, 0, 5.5, 0.5], "texture": "#1"}
			}
		},
		{
			"from": [3.25, 7.5, 8.25],
			"to": [8.75, 8, 8.75],
			"faces": {
				"north": {"uv": [0, 0, 5.5, 0.5], "texture": "#1"},
				"east": {"uv": [0, 0, 0.5, 0.5], "texture": "#1"},
				"south": {"uv": [0, 0, 5.5, 0.5], "texture": "#1"},
				"west": {"uv": [0, 0, 0.5, 0.5], "texture": "#1"},
				"up": {"uv": [0, 0, 5.5, 0.5], "texture": "#1"},
				"down": {"uv": [0, 0, 5.5, 0.5], "texture": "#1"}
			}
		},
		{
			"from": [3.25, 6.5, 8.25],
			"to": [8.75, 7, 8.75],
			"faces": {
				"north": {"uv": [0, 0, 5.5, 0.5], "texture": "#1"},
				"east": {"uv": [0, 0, 0.5, 0.5], "texture": "#1"},
				"south": {"uv": [0, 0, 5.5, 0.5], "texture": "#1"},
				"west": {"uv": [0, 0, 0.5, 0.5], "texture": "#1"},
				"up": {"uv": [0, 0, 5.5, 0.5], "texture": "#1"},
				"down": {"uv": [0, 0, 5.5, 0.5], "texture": "#1"}
			}
		},
		{
			"from": [3.25, 5.5, 8.25],
			"to": [12.25, 6, 8.75],
			"faces": {
				"north": {"uv": [0, 0, 9, 0.5], "texture": "#1"},
				"east": {"uv": [0, 0, 0.5, 0.5], "texture": "#1"},
				"south": {"uv": [0, 0, 9, 0.5], "texture": "#1"},
				"west": {"uv": [0, 0, 0.5, 0.5], "texture": "#1"},
				"up": {"uv": [0, 0, 9, 0.5], "texture": "#1"},
				"down": {"uv": [0, 0, 9, 0.5], "texture": "#1"}
			}
		},
		{
			"from": [3.25, 4.5, 8.25],
			"to": [12.25, 5, 8.75],
			"faces": {
				"north": {"uv": [0, 0, 9, 0.5], "texture": "#1"},
				"east": {"uv": [0, 0, 0.5, 0.5], "texture": "#1"},
				"south": {"uv": [0, 0, 9, 0.5], "texture": "#1"},
				"west": {"uv": [0, 0, 0.5, 0.5], "texture": "#1"},
				"up": {"uv": [0, 0, 9, 0.5], "texture": "#1"},
				"down": {"uv": [0, 0, 9, 0.5], "texture": "#1"}
			}
		},
		{
			"from": [3.25, 3.5, 8.25],
			"to": [12.25, 4, 8.75],
			"faces": {
				"north": {"uv": [0, 0, 9, 0.5], "texture": "#1"},
				"east": {"uv": [0, 0, 0.5, 0.5], "texture": "#1"},
				"south": {"uv": [0, 0, 9, 0.5], "texture": "#1"},
				"west": {"uv": [0, 0, 0.5, 0.5], "texture": "#1"},
				"up": {"uv": [0, 0, 9, 0.5], "texture": "#1"},
				"down": {"uv": [0, 0, 9, 0.5], "texture": "#1"}
			}
		},
		{
			"from": [3.25, 4, 8.25],
			"to": [12.25, 4.5, 8.75],
			"faces": {
				"north": {"uv": [0, 0, 9, 0.5], "texture": "#0"},
				"east": {"uv": [0, 0, 0.5, 0.5], "texture": "#0"},
				"south": {"uv": [0, 0, 9, 0.5], "texture": "#0"},
				"west": {"uv": [0, 0, 0.5, 0.5], "texture": "#0"},
				"up": {"uv": [0, 0, 9, 0.5], "texture": "#0"},
				"down": {"uv": [0, 0, 9, 0.5], "texture": "#0"}
			}
		},
		{
			"from": [3.25, 5, 8.25],
			"to": [12.25, 5.5, 8.75],
			"faces": {
				"north": {"uv": [0, 0, 9, 0.5], "texture": "#0"},
				"east": {"uv": [0, 0, 0.5, 0.5], "texture": "#0"},
				"south": {"uv": [0, 0, 9, 0.5], "texture": "#0"},
				"west": {"uv": [0, 0, 0.5, 0.5], "texture": "#0"},
				"up": {"uv": [0, 0, 9, 0.5], "texture": "#0"},
				"down": {"uv": [0, 0, 9, 0.5], "texture": "#0"}
			}
		},
		{
			"from": [3.25, 6, 8.25],
			"to": [12.25, 6.5, 8.75],
			"faces": {
				"north": {"uv": [0, 0, 9, 0.5], "texture": "#0"},
				"east": {"uv": [0, 0, 0.5, 0.5], "texture": "#0"},
				"south": {"uv": [0, 0, 9, 0.5], "texture": "#0"},
				"west": {"uv": [0, 0, 0.5, 0.5], "texture": "#0"},
				"up": {"uv": [0, 0, 9, 0.5], "texture": "#0"},
				"down": {"uv": [0, 0, 9, 0.5], "texture": "#0"}
			}
		},
		{
			"from": [3.25, 7, 8.25],
			"to": [8.75, 7.5, 8.75],
			"faces": {
				"north": {"uv": [0, 0, 5.5, 0.5], "texture": "#0"},
				"east": {"uv": [0, 0, 0.5, 0.5], "texture": "#0"},
				"south": {"uv": [0, 0, 5.5, 0.5], "texture": "#0"},
				"west": {"uv": [0, 0, 0.5, 0.5], "texture": "#0"},
				"up": {"uv": [0, 0, 5.5, 0.5], "texture": "#0"},
				"down": {"uv": [0, 0, 5.5, 0.5], "texture": "#0"}
			}
		},
		{
			"from": [3.25, 8, 8.25],
			"to": [8.75, 8.5, 8.75],
			"faces": {
				"north": {"uv": [0, 0, 5.5, 0.5], "texture": "#0"},
				"east": {"uv": [0, 0, 0.5, 0.5], "texture": "#0"},
				"south": {"uv": [0, 0, 5.5, 0.5], "texture": "#0"},
				"west": {"uv": [0, 0, 0.5, 0.5], "texture": "#0"},
				"up": {"uv": [0, 0, 5.5, 0.5], "texture": "#0"},
				"down": {"uv": [0, 0, 5.5, 0.5], "texture": "#0"}
			}
		},
		{
			"from": [8.75, 6.5, 8.25],
			"to": [12.25, 9, 8.75],
			"faces": {
				"north": {"uv": [0, 3, 3.5, 5.5], "texture": "#4"},
				"east": {"uv": [0.125, 4.375, 4.25, 7], "texture": "#4"},
				"south": {"uv": [0, 3.625, 3.5, 6.125], "texture": "#4"},
				"west": {"uv": [3.25, 1.875, 6.375, 4.375], "texture": "#4"},
				"up": {"uv": [0, 5.125, 3.375, 8.375], "texture": "#4"},
				"down": {"uv": [0, 4.625, 3.75, 8.625], "texture": "#4"}
			}
		}
	],
	"display": {
		"head": {
			"translation": [0.5, 14.5, -0.5]
		}
	},
	"groups": [
		{
			"name": "group",
			"origin": [0, 0, 0],
			"children": [0, 1, 2, 3, 4, 5]
		},
		{
			"name": "group",
			"origin": [0, 0, 0],
			"children": [6, 7, 8, 9, 10]
		}, 11]
}