{
	"credit": "Made with Blockbench",
	"texture_size": [32, 32],
	"textures": {
		"0": "custom/oak_planks",
		"1": "custom/blade_block",
		"particle": "custom/oak_planks"
	},
	"elements": [
		{
			"from": [6.87868, -0.12132, 7.25],
			"to": [7.87868, 10.62868, 8],
			"rotation": {"angle": 0, "axis": "z", "origin": [3.37868, 4.37868, 7.5]},
			"faces": {
				"north": {"uv": [4, 0, 7, 16], "texture": "#0"},
				"east": {"uv": [13, 0, 15, 16], "texture": "#0"},
				"south": {"uv": [8, 0, 11, 16], "texture": "#0"},
				"west": {"uv": [0, 0, 3, 16], "texture": "#0"},
				"up": {"uv": [0, 4, 3, 7], "texture": "#0"},
				"down": {"uv": [0, 0, 3, 3], "texture": "#0"}
			}
		},
		{
			"from": [6.6875, 9.375, 7.0625],
			"to": [8.375, 10.375, 8.1875],
			"faces": {
				"north": {"uv": [1, 1, 5, 5], "texture": "#1"},
				"east": {"uv": [1, 1, 5, 5], "texture": "#1"},
				"south": {"uv": [1, 1, 5, 5], "texture": "#1"},
				"west": {"uv": [1, 1, 5, 5], "texture": "#1"},
				"up": {"uv": [1, 4, 5, 8], "texture": "#1"},
				"down": {"uv": [1, 1, 5, 5], "texture": "#1"}
			}
		},
		{
			"from": [7.91149, 8.56529, 7.3125],
			"to": [10.53649, 9.06529, 7.9375],
			"rotation": {"angle": -45, "axis": "z", "origin": [8.94274, 9.06529, 7.5]},
			"faces": {
				"north": {"uv": [1, 1, 5, 5], "texture": "#1"},
				"east": {"uv": [1, 1, 5, 5], "texture": "#1"},
				"south": {"uv": [1, 1, 5, 5], "texture": "#1"},
				"west": {"uv": [1, 1, 5, 5], "texture": "#1"},
				"up": {"uv": [1, 4, 5, 8], "texture": "#1"},
				"down": {"uv": [1, 1, 5, 5], "texture": "#1"}
			}
		},
		{
			"from": [9.0731, 9.55013, 7.375],
			"to": [10.7606, 10.05013, 7.875],
			"rotation": {"angle": 45, "axis": "z", "origin": [8.85435, 8.80013, 7.625]},
			"faces": {
				"north": {"uv": [1, 1, 5, 5], "texture": "#1"},
				"east": {"uv": [1, 1, 5, 5], "texture": "#1"},
				"south": {"uv": [1, 1, 5, 5], "texture": "#1"},
				"west": {"uv": [1, 1, 5, 5], "texture": "#1"},
				"up": {"uv": [1, 4, 5, 8], "texture": "#1"},
				"down": {"uv": [1, 1, 5, 5], "texture": "#1"}
			}
		},
		{
			"from": [9.0731, 9.05013, 7.375],
			"to": [10.2606, 9.55013, 7.875],
			"rotation": {"angle": 45, "axis": "z", "origin": [8.85435, 8.80013, 7.625]},
			"faces": {
				"north": {"uv": [1, 1, 5, 5], "texture": "#1"},
				"east": {"uv": [1, 1, 5, 5], "texture": "#1"},
				"south": {"uv": [1, 1, 5, 5], "texture": "#1"},
				"west": {"uv": [1, 1, 5, 5], "texture": "#1"},
				"up": {"uv": [1, 4, 5, 8], "texture": "#1"},
				"down": {"uv": [1, 1, 5, 5], "texture": "#1"}
			}
		},
		{
			"from": [9.0731, 8.55013, 7.375],
			"to": [9.7606, 9.05013, 7.875],
			"rotation": {"angle": 45, "axis": "z", "origin": [8.85435, 8.80013, 7.625]},
			"faces": {
				"north": {"uv": [1, 1, 5, 5], "texture": "#1"},
				"east": {"uv": [1, 1, 5, 5], "texture": "#1"},
				"south": {"uv": [1, 1, 5, 5], "texture": "#1"},
				"west": {"uv": [1, 1, 5, 5], "texture": "#1"},
				"up": {"uv": [1, 4, 5, 8], "texture": "#1"},
				"down": {"uv": [1, 1, 5, 5], "texture": "#1"}
			}
		},
		{
			"from": [9.0731, 8.05013, 7.375],
			"to": [9.5106, 8.55013, 7.875],
			"rotation": {"angle": 45, "axis": "z", "origin": [8.85435, 8.80013, 7.625]},
			"faces": {
				"north": {"uv": [1, 1, 5, 5], "texture": "#1"},
				"east": {"uv": [1, 1, 5, 5], "texture": "#1"},
				"south": {"uv": [1, 1, 5, 5], "texture": "#1"},
				"west": {"uv": [1, 1, 5, 5], "texture": "#1"},
				"up": {"uv": [1, 4, 5, 8], "texture": "#1"},
				"down": {"uv": [1, 1, 5, 5], "texture": "#1"}
			}
		},
		{
			"from": [9.2351, 8.08896, 7.5],
			"to": [10.0476, 11.65146, 7.75],
			"rotation": {"angle": 0, "axis": "z", "origin": [10.0476, 8.93271, 7.625]},
			"faces": {
				"north": {"uv": [7, 8, 12, 1], "rotation": 90, "texture": "#1", "cullface": "north"},
				"east": {"uv": [5, 7, 13, 11], "rotation": 270, "texture": "#1"},
				"south": {"uv": [10, 1, 15, 6], "rotation": 270, "texture": "#1"},
				"west": {"uv": [1, 4, 5, 8], "rotation": 270, "texture": "#1"},
				"up": {"uv": [1, 1, 5, 5], "rotation": 270, "texture": "#1"},
				"down": {"uv": [1, 1, 5, 5], "rotation": 270, "texture": "#1"}
			}
		},
		{
			"from": [9.1981, 10.05013, 7.3125],
			"to": [11.8231, 10.55013, 7.9375],
			"rotation": {"angle": 45, "axis": "z", "origin": [8.85435, 8.80013, 7.625]},
			"faces": {
				"north": {"uv": [1, 1, 5, 5], "texture": "#1"},
				"east": {"uv": [1, 1, 5, 5], "texture": "#1"},
				"south": {"uv": [1, 1, 5, 5], "texture": "#1"},
				"west": {"uv": [1, 1, 5, 5], "texture": "#1"},
				"up": {"uv": [1, 4, 5, 8], "texture": "#1"},
				"down": {"uv": [1, 1, 5, 5], "texture": "#1"}
			}
		},
		{
			"from": [7.86129, 8.82299, 7.4375],
			"to": [8.36129, 10.94799, 7.8125],
			"rotation": {"angle": 0, "axis": "z", "origin": [8.61129, 11.38549, 7.625]},
			"faces": {
				"north": {"uv": [1, 1, 5, 5], "rotation": 90, "texture": "#1"},
				"east": {"uv": [1, 1, 5, 5], "rotation": 270, "texture": "#1"},
				"south": {"uv": [1, 1, 5, 5], "rotation": 270, "texture": "#1"},
				"west": {"uv": [1, 4, 5, 8], "rotation": 270, "texture": "#1"},
				"up": {"uv": [1, 1, 5, 5], "rotation": 270, "texture": "#1"},
				"down": {"uv": [1, 1, 5, 5], "rotation": 270, "texture": "#1"}
			}
		},
		{
			"from": [8.36129, 8.44799, 7.4375],
			"to": [8.86129, 11.32299, 7.8125],
			"rotation": {"angle": 0, "axis": "z", "origin": [8.61129, 11.38549, 7.625]},
			"faces": {
				"north": {"uv": [1, 1, 5, 5], "rotation": 90, "texture": "#1"},
				"east": {"uv": [1, 1, 5, 5], "rotation": 270, "texture": "#1"},
				"south": {"uv": [1, 1, 5, 5], "rotation": 270, "texture": "#1"},
				"west": {"uv": [1, 4, 5, 8], "rotation": 270, "texture": "#1"},
				"up": {"uv": [1, 1, 5, 5], "rotation": 270, "texture": "#1"},
				"down": {"uv": [1, 1, 5, 5], "rotation": 270, "texture": "#1"}
			}
		},
		{
			"from": [8.86129, 8.01049, 7.4375],
			"to": [9.29879, 11.76049, 7.8125],
			"rotation": {"angle": 0, "axis": "z", "origin": [8.61129, 11.38549, 7.625]},
			"faces": {
				"north": {"uv": [1, 1, 5, 5], "rotation": 90, "texture": "#1"},
				"east": {"uv": [1, 1, 5, 5], "rotation": 270, "texture": "#1"},
				"south": {"uv": [1, 1, 5, 5], "rotation": 270, "texture": "#1"},
				"west": {"uv": [1, 4, 5, 8], "rotation": 270, "texture": "#1"},
				"up": {"uv": [1, 1, 5, 5], "rotation": 270, "texture": "#1"},
				"down": {"uv": [1, 1, 5, 5], "rotation": 270, "texture": "#1"}
			}
		}
	],
	"display": {
		"head": {
			"rotation": [0, 0, -68],
			"translation": [-4.25, 8.25, 0.75],
			"scale": [1.9, 1.9, 1.9]
		}
	}
}