{
	"credit": "Made with Blockbench",
	"texture_size": [32, 32],
	"textures": {
		"0": "custom/headphones purple",
		"particle": "custom/headphones purple"
	},
	"elements": [
		{
			"from": [2.5, 1.25, 5.5],
			"to": [4.125, 5.75, 10],
			"faces": {
				"north": {"uv": [6, 0, 4.5, 4.5], "texture": "#0"},
				"east": {"uv": [4.5, 4.5, 0, 9], "texture": "#0"},
				"south": {"uv": [4.5, 0, 6, 4.5], "texture": "#0"},
				"west": {"uv": [16, 0, 11.5, 4.5], "texture": "#0"},
				"up": {"uv": [4.5, 0, 6, 4.5], "texture": "#0"},
				"down": {"uv": [4.5, 1, 6, 3.5], "texture": "#0"}
			}
		},
		{
			"from": [11.875, 1.25, 5.5],
			"to": [13.5, 5.75, 10],
			"faces": {
				"north": {"uv": [4.5, 0, 6, 4.5], "texture": "#0"},
				"east": {"uv": [11.5, 0, 16, 4.5], "texture": "#0"},
				"south": {"uv": [6, 0, 4.5, 4.5], "texture": "#0"},
				"west": {"uv": [0, 4.5, 4.5, 9], "texture": "#0"},
				"up": {"uv": [4.5, 0, 6, 4.5], "texture": "#0"},
				"down": {"uv": [4.5, 1, 6, 3.5], "texture": "#0"}
			}
		},
		{
			"from": [12, 5, 7],
			"to": [12.5, 8, 8.75],
			"faces": {
				"north": {"uv": [4, 0, 5.5, 6], "texture": "#0"},
				"east": {"uv": [5, 0, 6, 5], "texture": "#0"},
				"south": {"uv": [4.5, 0, 6, 5], "texture": "#0"},
				"west": {"uv": [5, 0.5, 6, 3], "texture": "#0"},
				"up": {"uv": [0, 0, 0.25, 0.5], "texture": "#0"},
				"down": {"uv": [0, 0, 0.25, 0.5], "texture": "#0"}
			}
		},
		{
			"from": [4, 8, 7],
			"to": [12, 8.5, 8.75],
			"faces": {
				"north": {"uv": [4.5, 0, 6, 4.5], "texture": "#0"},
				"east": {"uv": [0, 0, 0.5, 0.25], "texture": "#0"},
				"south": {"uv": [0, 0, 4, 0.25], "texture": "#0"},
				"west": {"uv": [0, 0, 0.5, 0.25], "texture": "#0"},
				"up": {"uv": [0, 4.5, 4, 5.5], "texture": "#0"},
				"down": {"uv": [0, 4.5, 4, 5.5], "texture": "#0"}
			}
		},
		{
			"from": [12, 8, 7],
			"to": [12.375, 8.375, 8.75],
			"faces": {
				"north": {"uv": [4.5, 0, 6, 4.5], "texture": "#0"},
				"east": {"uv": [0, 0, 0.5, 0.1875], "texture": "#0"},
				"south": {"uv": [0, 0, 0.1875, 0.1875], "texture": "#0"},
				"west": {"uv": [0, 0, 0.5, 0.1875], "texture": "#0"},
				"up": {"uv": [0, 0, 0.1875, 0.5], "texture": "#0"},
				"down": {"uv": [0, 0, 0.1875, 0.5], "texture": "#0"}
			}
		},
		{
			"from": [3.625, 8, 7],
			"to": [4, 8.375, 8.75],
			"faces": {
				"north": {"uv": [4.5, 0, 6, 4.5], "texture": "#0"},
				"east": {"uv": [0, 0, 0.5, 0.1875], "texture": "#0"},
				"south": {"uv": [0, 0, 0.1875, 0.1875], "texture": "#0"},
				"west": {"uv": [0, 0, 0.5, 0.1875], "texture": "#0"},
				"up": {"uv": [0, 0, 0.1875, 0.5], "texture": "#0"},
				"down": {"uv": [0, 0, 0.1875, 0.5], "texture": "#0"}
			}
		},
		{
			"from": [3.5, 5, 7],
			"to": [4, 8, 8.75],
			"faces": {
				"north": {"uv": [4.5, 0, 6, 4.5], "texture": "#0"},
				"east": {"uv": [4.5, 0, 6, 4.5], "texture": "#0"},
				"south": {"uv": [4.5, 0, 6, 5], "texture": "#0"},
				"west": {"uv": [4.5, 0, 6, 4], "texture": "#0"},
				"up": {"uv": [0, 0, 0.25, 0.5], "texture": "#0"},
				"down": {"uv": [0, 0, 0.25, 0.5], "texture": "#0"}
			}
		}
	],
	"display": {
		"head": {
			"translation": [0, 6.5, 0.5],
			"scale": [1.7, 1.7, 1.7]
		}
	},
	"groups": [0, 1,
		{
			"name": "group",
			"origin": [0, 0, 0],
			"children": [2, 3, 4, 5, 6]
		}
	]
}