{
	"credit": "Made with Blockbench",
	"texture_size": [32, 32],
	"textures": {
		"0": "custom/iron_block",
		"1": "custom/black",
		"2": "custom/Nose",
		"3": "custom/yellow_concrete",
		"particle": "custom/iron_block"
	},
	"elements": [
		{
			"from": [7.875, 3, 6.5],
			"to": [8.125, 4.5, 7],
			"rotation": {"angle": 0, "axis": "y", "origin": [8, 4, 8]},
			"faces": {
				"north": {"uv": [0, 0, 0.125, 0.75], "texture": "#1"},
				"east": {"uv": [0, 0, 0.25, 0.75], "texture": "#1"},
				"south": {"uv": [0, 0, 0.125, 0.75], "texture": "#1"},
				"west": {"uv": [0, 0, 0.25, 0.75], "texture": "#1"},
				"up": {"uv": [0, 0, 0.125, 0.25], "texture": "#1"},
				"down": {"uv": [0, 0, 0.125, 0.25], "texture": "#1"}
			}
		},
		{
			"from": [6.5, 3, 7.875],
			"to": [7, 4.5, 8.125],
			"rotation": {"angle": 0, "axis": "y", "origin": [8, 4, 8]},
			"faces": {
				"north": {"uv": [0, 0, 0.25, 0.75], "texture": "#1"},
				"east": {"uv": [0, 0, 0.125, 0.75], "texture": "#1"},
				"south": {"uv": [0, 0, 0.25, 0.75], "texture": "#1"},
				"west": {"uv": [0, 0, 0.125, 0.75], "texture": "#1"},
				"up": {"uv": [0, 0, 0.125, 0.25], "rotation": 270, "texture": "#1"},
				"down": {"uv": [0, 0, 0.125, 0.25], "rotation": 90, "texture": "#1"}
			}
		},
		{
			"from": [7.875, 3, 9],
			"to": [8.125, 4.5, 9.5],
			"rotation": {"angle": 0, "axis": "y", "origin": [8, 4, 8]},
			"faces": {
				"north": {"uv": [0, 0, 0.125, 0.75], "texture": "#1"},
				"east": {"uv": [0, 0, 0.25, 0.75], "texture": "#1"},
				"south": {"uv": [0, 0, 0.125, 0.75], "texture": "#1"},
				"west": {"uv": [0, 0, 0.25, 0.75], "texture": "#1"},
				"up": {"uv": [0, 0, 0.125, 0.25], "rotation": 180, "texture": "#1"},
				"down": {"uv": [0, 0, 0.125, 0.25], "rotation": 180, "texture": "#1"}
			}
		},
		{
			"from": [9, 3, 7.875],
			"to": [9.5, 4.5, 8.125],
			"rotation": {"angle": 0, "axis": "y", "origin": [8, 4, 8]},
			"faces": {
				"north": {"uv": [0, 0, 0.25, 0.75], "texture": "#1"},
				"east": {"uv": [0, 0, 0.125, 0.75], "texture": "#1"},
				"south": {"uv": [0, 0, 0.25, 0.75], "texture": "#1"},
				"west": {"uv": [0, 0, 0.125, 0.75], "texture": "#1"},
				"up": {"uv": [0, 0, 0.125, 0.25], "rotation": 90, "texture": "#1"},
				"down": {"uv": [0, 0, 0.125, 0.25], "rotation": 270, "texture": "#1"}
			}
		},
		{
			"from": [7.875, 3, 6.25],
			"to": [8.125, 4, 6.5],
			"rotation": {"angle": 0, "axis": "y", "origin": [8, 4, 8]},
			"faces": {
				"north": {"uv": [0, 0, 0.125, 0.5], "texture": "#1"},
				"east": {"uv": [0, 0, 0.125, 0.5], "texture": "#1"},
				"south": {"uv": [0, 0, 0.125, 0.5], "texture": "#1"},
				"west": {"uv": [0, 0, 0.125, 0.5], "texture": "#1"},
				"up": {"uv": [0, 0, 0.125, 0.125], "texture": "#1"},
				"down": {"uv": [0, 0, 0.125, 0.125], "texture": "#1"}
			}
		},
		{
			"from": [6.25, 3, 7.875],
			"to": [6.5, 4, 8.125],
			"rotation": {"angle": 0, "axis": "y", "origin": [8, 4, 8]},
			"faces": {
				"north": {"uv": [0, 0, 0.125, 0.5], "texture": "#1"},
				"east": {"uv": [0, 0, 0.125, 0.5], "texture": "#1"},
				"south": {"uv": [0, 0, 0.125, 0.5], "texture": "#1"},
				"west": {"uv": [0, 0, 0.125, 0.5], "texture": "#1"},
				"up": {"uv": [0, 0, 0.125, 0.125], "rotation": 270, "texture": "#1"},
				"down": {"uv": [0, 0, 0.125, 0.125], "rotation": 90, "texture": "#1"}
			}
		},
		{
			"from": [7.875, 3, 9.5],
			"to": [8.125, 4, 9.75],
			"rotation": {"angle": 0, "axis": "y", "origin": [8, 4, 8]},
			"faces": {
				"north": {"uv": [0, 0, 0.125, 0.5], "texture": "#1"},
				"east": {"uv": [0, 0, 0.125, 0.5], "texture": "#1"},
				"south": {"uv": [0, 0, 0.125, 0.5], "texture": "#1"},
				"west": {"uv": [0, 0, 0.125, 0.5], "texture": "#1"},
				"up": {"uv": [0, 0, 0.125, 0.125], "rotation": 180, "texture": "#1"},
				"down": {"uv": [0, 0, 0.125, 0.125], "rotation": 180, "texture": "#1"}
			}
		},
		{
			"from": [9.5, 3, 7.875],
			"to": [9.75, 4, 8.125],
			"rotation": {"angle": 0, "axis": "y", "origin": [8, 4, 8]},
			"faces": {
				"north": {"uv": [0, 0, 0.125, 0.5], "texture": "#1"},
				"east": {"uv": [0, 0, 0.125, 0.5], "texture": "#1"},
				"south": {"uv": [0, 0, 0.125, 0.5], "texture": "#1"},
				"west": {"uv": [0, 0, 0.125, 0.5], "texture": "#1"},
				"up": {"uv": [0, 0, 0.125, 0.125], "rotation": 90, "texture": "#1"},
				"down": {"uv": [0, 0, 0.125, 0.125], "rotation": 270, "texture": "#1"}
			}
		},
		{
			"from": [8.125, 3, 6.75],
			"to": [8.375, 3.75, 7],
			"rotation": {"angle": 0, "axis": "y", "origin": [8, 4, 8]},
			"faces": {
				"north": {"uv": [0, 0, 0.125, 0.375], "texture": "#1"},
				"east": {"uv": [0, 0, 0.125, 0.375], "texture": "#1"},
				"south": {"uv": [0, 0, 0.125, 0.375], "texture": "#1"},
				"west": {"uv": [0, 0, 0.125, 0.375], "texture": "#1"},
				"up": {"uv": [0, 0, 0.125, 0.125], "texture": "#1"},
				"down": {"uv": [0, 0, 0.125, 0.125], "texture": "#1"}
			}
		},
		{
			"from": [6.75, 3, 7.625],
			"to": [7, 3.75, 7.875],
			"rotation": {"angle": 0, "axis": "y", "origin": [8, 4, 8]},
			"faces": {
				"north": {"uv": [0, 0, 0.125, 0.375], "texture": "#1"},
				"east": {"uv": [0, 0, 0.125, 0.375], "texture": "#1"},
				"south": {"uv": [0, 0, 0.125, 0.375], "texture": "#1"},
				"west": {"uv": [0, 0, 0.125, 0.375], "texture": "#1"},
				"up": {"uv": [0, 0, 0.125, 0.125], "rotation": 270, "texture": "#1"},
				"down": {"uv": [0, 0, 0.125, 0.125], "rotation": 90, "texture": "#1"}
			}
		},
		{
			"from": [7.625, 3, 9],
			"to": [7.875, 3.75, 9.25],
			"rotation": {"angle": 0, "axis": "y", "origin": [8, 4, 8]},
			"faces": {
				"north": {"uv": [0, 0, 0.125, 0.375], "texture": "#1"},
				"east": {"uv": [0, 0, 0.125, 0.375], "texture": "#1"},
				"south": {"uv": [0, 0, 0.125, 0.375], "texture": "#1"},
				"west": {"uv": [0, 0, 0.125, 0.375], "texture": "#1"},
				"up": {"uv": [0, 0, 0.125, 0.125], "rotation": 180, "texture": "#1"},
				"down": {"uv": [0, 0, 0.125, 0.125], "rotation": 180, "texture": "#1"}
			}
		},
		{
			"from": [9, 3, 8.125],
			"to": [9.25, 3.75, 8.375],
			"rotation": {"angle": 0, "axis": "y", "origin": [8, 4, 8]},
			"faces": {
				"north": {"uv": [0, 0, 0.125, 0.375], "texture": "#1"},
				"east": {"uv": [0, 0, 0.125, 0.375], "texture": "#1"},
				"south": {"uv": [0, 0, 0.125, 0.375], "texture": "#1"},
				"west": {"uv": [0, 0, 0.125, 0.375], "texture": "#1"},
				"up": {"uv": [0, 0, 0.125, 0.125], "rotation": 90, "texture": "#1"},
				"down": {"uv": [0, 0, 0.125, 0.125], "rotation": 270, "texture": "#1"}
			}
		},
		{
			"from": [7.625, 3, 6.75],
			"to": [7.875, 3.75, 7],
			"rotation": {"angle": 0, "axis": "y", "origin": [8, 4, 8]},
			"faces": {
				"north": {"uv": [0, 0, 0.125, 0.375], "texture": "#1"},
				"east": {"uv": [0, 0, 0.125, 0.375], "texture": "#1"},
				"south": {"uv": [0, 0, 0.125, 0.375], "texture": "#1"},
				"west": {"uv": [0, 0, 0.125, 0.375], "texture": "#1"},
				"up": {"uv": [0, 0, 0.125, 0.125], "texture": "#1"},
				"down": {"uv": [0, 0, 0.125, 0.125], "texture": "#1"}
			}
		},
		{
			"from": [6.75, 3, 8.125],
			"to": [7, 3.75, 8.375],
			"rotation": {"angle": 0, "axis": "y", "origin": [8, 4, 8]},
			"faces": {
				"north": {"uv": [0, 0, 0.125, 0.375], "texture": "#1"},
				"east": {"uv": [0, 0, 0.125, 0.375], "texture": "#1"},
				"south": {"uv": [0, 0, 0.125, 0.375], "texture": "#1"},
				"west": {"uv": [0, 0, 0.125, 0.375], "texture": "#1"},
				"up": {"uv": [0, 0, 0.125, 0.125], "rotation": 270, "texture": "#1"},
				"down": {"uv": [0, 0, 0.125, 0.125], "rotation": 90, "texture": "#1"}
			}
		},
		{
			"from": [8.125, 3, 9],
			"to": [8.375, 3.75, 9.25],
			"rotation": {"angle": 0, "axis": "y", "origin": [8, 4, 8]},
			"faces": {
				"north": {"uv": [0, 0, 0.125, 0.375], "texture": "#1"},
				"east": {"uv": [0, 0, 0.125, 0.375], "texture": "#1"},
				"south": {"uv": [0, 0, 0.125, 0.375], "texture": "#1"},
				"west": {"uv": [0, 0, 0.125, 0.375], "texture": "#1"},
				"up": {"uv": [0, 0, 0.125, 0.125], "rotation": 180, "texture": "#1"},
				"down": {"uv": [0, 0, 0.125, 0.125], "rotation": 180, "texture": "#1"}
			}
		},
		{
			"from": [9, 3, 7.625],
			"to": [9.25, 3.75, 7.875],
			"rotation": {"angle": 0, "axis": "y", "origin": [8, 4, 8]},
			"faces": {
				"north": {"uv": [0, 0, 0.125, 0.375], "texture": "#1"},
				"east": {"uv": [0, 0, 0.125, 0.375], "texture": "#1"},
				"south": {"uv": [0, 0, 0.125, 0.375], "texture": "#1"},
				"west": {"uv": [0, 0, 0.125, 0.375], "texture": "#1"},
				"up": {"uv": [0, 0, 0.125, 0.125], "rotation": 90, "texture": "#1"},
				"down": {"uv": [0, 0, 0.125, 0.125], "rotation": 270, "texture": "#1"}
			}
		},
		{
			"from": [7, 3, 7],
			"to": [9, 6, 9],
			"rotation": {"angle": 0, "axis": "y", "origin": [16, 11, 15]},
			"faces": {
				"north": {"uv": [0, 0, 16, 16], "texture": "#0"},
				"east": {"uv": [0, 0, 16, 16], "texture": "#0"},
				"south": {"uv": [0, 0, 16, 16], "texture": "#0"},
				"west": {"uv": [0, 0, 16, 16], "texture": "#0"},
				"up": {"uv": [0, 0, 16, 16], "texture": "#0"},
				"down": {"uv": [0, 0, 16, 16], "texture": "#0"}
			}
		},
		{
			"from": [7.0625, 6, 7.0625],
			"to": [8.9375, 6.1875, 8.9375],
			"rotation": {"angle": 0, "axis": "y", "origin": [15.5, 14, 16]},
			"faces": {
				"north": {"uv": [0, 0, 1, 1.75], "texture": "#2"},
				"east": {"uv": [0, 0, 0.75, 1.25], "texture": "#2"},
				"south": {"uv": [0, 0, 0.75, 1.5], "texture": "#2"},
				"west": {"uv": [0, 0, 0.75, 1.25], "texture": "#2"},
				"up": {"uv": [0, 0, 1.75, 1.5], "texture": "#2"},
				"down": {"uv": [0, 0, 2, 2], "texture": "#2"}
			}
		},
		{
			"from": [7.5, 6.25, 7.5],
			"to": [8.5, 6.75, 8.5],
			"rotation": {"angle": 0, "axis": "y", "origin": [15.5, 14.25, 16]},
			"faces": {
				"north": {"uv": [0, 0, 1, 1.75], "texture": "#2"},
				"east": {"uv": [0, 0, 0.75, 1.25], "texture": "#2"},
				"south": {"uv": [0, 0, 0.75, 1.5], "texture": "#2"},
				"west": {"uv": [0, 0, 0.75, 1.25], "texture": "#2"},
				"up": {"uv": [0, 0, 1.75, 1.5], "texture": "#2"},
				"down": {"uv": [0, 0, 2, 2], "texture": "#2"}
			}
		},
		{
			"from": [7.3125, 6.1875, 7.3125],
			"to": [8.6875, 6.4375, 8.6875],
			"rotation": {"angle": 0, "axis": "y", "origin": [15.5, 14.25, 16]},
			"faces": {
				"north": {"uv": [0, 0, 1, 1.75], "texture": "#2"},
				"east": {"uv": [0, 0, 0.75, 1.25], "texture": "#2"},
				"south": {"uv": [0, 0, 0.75, 1.5], "texture": "#2"},
				"west": {"uv": [0, 0, 0.75, 1.25], "texture": "#2"},
				"up": {"uv": [0, 0, 1.75, 1.5], "texture": "#2"},
				"down": {"uv": [0, 0, 2, 2], "texture": "#2"}
			}
		},
		{
			"from": [7.75, 6.75, 7.75],
			"to": [8.25, 7.25, 8.25],
			"rotation": {"angle": 0, "axis": "y", "origin": [15.5, 14.75, 16]},
			"faces": {
				"north": {"uv": [0, 0, 1, 1.75], "texture": "#2"},
				"east": {"uv": [0, 0, 0.75, 1.25], "texture": "#2"},
				"south": {"uv": [0, 0, 0.75, 1.5], "texture": "#2"},
				"west": {"uv": [0, 0, 0.75, 1.25], "texture": "#2"},
				"up": {"uv": [0, 0, 1.75, 1.5], "texture": "#2"},
				"down": {"uv": [0, 0, 2, 2], "texture": "#2"}
			}
		},
		{
			"from": [7.875, 7.25, 7.875],
			"to": [8.125, 7.75, 8.125],
			"rotation": {"angle": 0, "axis": "y", "origin": [15.625, 15.25, 16.125]},
			"faces": {
				"north": {"uv": [0, 0, 1, 1.75], "texture": "#2"},
				"east": {"uv": [0, 0, 0.75, 1.25], "texture": "#2"},
				"south": {"uv": [0, 0, 0.75, 1.5], "texture": "#2"},
				"west": {"uv": [0, 0, 0.75, 1.25], "texture": "#2"},
				"up": {"uv": [0, 0, 1.75, 1.5], "texture": "#2"},
				"down": {"uv": [0, 0, 2, 2], "texture": "#2"}
			}
		},
		{
			"from": [8.75, 2.75, 7.5],
			"to": [9, 3, 8.5],
			"rotation": {"angle": 0, "axis": "y", "origin": [1.75, 10.75, 8]},
			"faces": {
				"north": {"uv": [0, 0, 0.125, 0.125], "texture": "#3"},
				"east": {"uv": [0, 0, 0.5, 0.125], "texture": "#3"},
				"south": {"uv": [0, 0, 0.125, 0.125], "texture": "#3"},
				"west": {"uv": [0, 0, 0.5, 0.125], "texture": "#3"},
				"up": {"uv": [0, 0, 0.5, 0.125], "rotation": 90, "texture": "#3"},
				"down": {"uv": [0, 0, 0.5, 0.125], "rotation": 270, "texture": "#3"}
			}
		},
		{
			"from": [8.5, 2.75, 8.5],
			"to": [8.75, 3, 8.75],
			"rotation": {"angle": 0, "axis": "y", "origin": [1.5, 10.75, 9]},
			"faces": {
				"north": {"uv": [0, 0, 0.125, 0.125], "texture": "#3"},
				"east": {"uv": [0, 0, 0.125, 0.125], "texture": "#3"},
				"south": {"uv": [0, 0, 0.125, 0.125], "texture": "#3"},
				"west": {"uv": [0, 0, 0.125, 0.125], "texture": "#3"},
				"up": {"uv": [0, 0, 0.125, 0.125], "rotation": 90, "texture": "#3"},
				"down": {"uv": [0, 0, 0.125, 0.125], "rotation": 270, "texture": "#3"}
			}
		},
		{
			"from": [7.25, 2.75, 8.5],
			"to": [7.5, 3, 8.75],
			"rotation": {"angle": 0, "axis": "y", "origin": [0.25, 10.75, 9]},
			"faces": {
				"north": {"uv": [0, 0, 0.125, 0.125], "texture": "#3"},
				"east": {"uv": [0, 0, 0.125, 0.125], "texture": "#3"},
				"south": {"uv": [0, 0, 0.125, 0.125], "texture": "#3"},
				"west": {"uv": [0, 0, 0.125, 0.125], "texture": "#3"},
				"up": {"uv": [0, 0, 0.125, 0.125], "rotation": 90, "texture": "#3"},
				"down": {"uv": [0, 0, 0.125, 0.125], "rotation": 270, "texture": "#3"}
			}
		},
		{
			"from": [8.5, 2.75, 7.25],
			"to": [8.75, 3, 7.5],
			"rotation": {"angle": 0, "axis": "y", "origin": [1.5, 10.75, 7.75]},
			"faces": {
				"north": {"uv": [0, 0, 0.125, 0.125], "texture": "#3"},
				"east": {"uv": [0, 0, 0.125, 0.125], "texture": "#3"},
				"south": {"uv": [0, 0, 0.125, 0.125], "texture": "#3"},
				"west": {"uv": [0, 0, 0.125, 0.125], "texture": "#3"},
				"up": {"uv": [0, 0, 0.125, 0.125], "rotation": 90, "texture": "#3"},
				"down": {"uv": [0, 0, 0.125, 0.125], "rotation": 270, "texture": "#3"}
			}
		},
		{
			"from": [7.25, 2.75, 7.25],
			"to": [7.5, 3, 7.5],
			"rotation": {"angle": 0, "axis": "y", "origin": [0.25, 10.75, 7.75]},
			"faces": {
				"north": {"uv": [0, 0, 0.125, 0.125], "texture": "#3"},
				"east": {"uv": [0, 0, 0.125, 0.125], "texture": "#3"},
				"south": {"uv": [0, 0, 0.125, 0.125], "texture": "#3"},
				"west": {"uv": [0, 0, 0.125, 0.125], "texture": "#3"},
				"up": {"uv": [0, 0, 0.125, 0.125], "rotation": 90, "texture": "#3"},
				"down": {"uv": [0, 0, 0.125, 0.125], "rotation": 270, "texture": "#3"}
			}
		},
		{
			"from": [7, 2.75, 7.5],
			"to": [7.25, 3, 8.5],
			"rotation": {"angle": 0, "axis": "y", "origin": [0, 10.75, 8]},
			"faces": {
				"north": {"uv": [0, 0, 0.125, 0.125], "texture": "#3"},
				"east": {"uv": [0, 0, 0.5, 0.125], "texture": "#3"},
				"south": {"uv": [0, 0, 0.125, 0.125], "texture": "#3"},
				"west": {"uv": [0, 0, 0.5, 0.125], "texture": "#3"},
				"up": {"uv": [0, 0, 0.5, 0.125], "rotation": 90, "texture": "#3"},
				"down": {"uv": [0, 0, 0.5, 0.125], "rotation": 270, "texture": "#3"}
			}
		},
		{
			"from": [7.5, 2.75, 8.75],
			"to": [8.5, 3, 9],
			"rotation": {"angle": 0, "axis": "y", "origin": [8, 10.75, 16]},
			"faces": {
				"north": {"uv": [0, 0, 0.5, 0.125], "texture": "#3"},
				"east": {"uv": [0, 0, 0.125, 0.125], "texture": "#3"},
				"south": {"uv": [0, 0, 0.5, 0.125], "texture": "#3"},
				"west": {"uv": [0, 0, 0.125, 0.125], "texture": "#3"},
				"up": {"uv": [0, 0, 0.5, 0.125], "texture": "#3"},
				"down": {"uv": [0, 0, 0.5, 0.125], "texture": "#3"}
			}
		},
		{
			"from": [7.5, 2.75, 7],
			"to": [8.5, 3, 7.25],
			"rotation": {"angle": 0, "axis": "y", "origin": [8, 10.75, 14.25]},
			"faces": {
				"north": {"uv": [0, 0, 0.5, 0.125], "texture": "#3"},
				"east": {"uv": [0, 0, 0.125, 0.125], "texture": "#3"},
				"south": {"uv": [0, 0, 0.5, 0.125], "texture": "#3"},
				"west": {"uv": [0, 0, 0.125, 0.125], "texture": "#3"},
				"up": {"uv": [0, 0, 0.5, 0.125], "texture": "#3"},
				"down": {"uv": [0, 0, 0.5, 0.125], "texture": "#3"}
			}
		},
		{
			"from": [7.25, 2.9375, 7.25],
			"to": [8.75, 2.9375, 8.75],
			"rotation": {"angle": 0, "axis": "y", "origin": [8, 10.6875, 16]},
			"faces": {
				"north": {"uv": [0, 0, 0.75, 0], "texture": "#3"},
				"east": {"uv": [0, 0, 0.75, 0], "texture": "#3"},
				"south": {"uv": [0, 0, 0.75, 0], "texture": "#3"},
				"west": {"uv": [0, 0, 0.75, 0], "texture": "#3"},
				"up": {"uv": [0, 0, 0.75, 0.75], "texture": "#3"},
				"down": {"uv": [0, 0, 0.75, 0.75], "texture": "#1"}
			}
		}
	],
	"groups": [
		{
			"name": "Rocket",
			"origin": [8, 8, 8],
			"children": [
				{
					"name": "MiddlePart",
					"origin": [8, 8, 8],
					"children": [0, 1, 2, 3, 4, 5, 6, 7, 8, 9, 10, 11, 12, 13, 14, 15, 16]
				},
				{
					"name": "UpperPart",
					"origin": [8, 8, 8],
					"children": [17, 18, 19, 20, 21]
				},
				{
					"name": "LowerPart",
					"origin": [8, 10.625, 16],
					"children": [22, 23, 24, 25, 26, 27, 28, 29, 30]
				}
			]
		}
	]
}