{
	"credit": "Made with Blockbench",
	"texture_size": [32, 32],
	"textures": {
		"0": "custom/iron_block",
		"1": "custom/black",
		"2": "custom/Nose",
		"3": "custom/yellow_concrete",
		"particle": "custom/iron_block"
	},
	"elements": [
		{
			"from": [1, 19, 1],
			"to": [15, 22.5, 15],
			"rotation": {"angle": 0, "axis": "y", "origin": [12, 27, 18]},
			"faces": {
				"north": {"uv": [0, 0, 16, 3], "texture": "#2"},
				"east": {"uv": [0, 0, 16, 3], "texture": "#2"},
				"south": {"uv": [0, 0, 16, 3], "texture": "#2"},
				"west": {"uv": [0, 0, 16, 3], "texture": "#2"},
				"up": {"uv": [0, 0, 16, 16], "texture": "#2"},
				"down": {"uv": [0, 0, 16, 16], "texture": "#2"}
			}
		},
		{
			"from": [3, 19.5, 3],
			"to": [13, 24.5, 13],
			"rotation": {"angle": 0, "axis": "y", "origin": [12, 27.5, 18]},
			"faces": {
				"north": {"uv": [0, 0, 16, 3], "texture": "#2"},
				"east": {"uv": [0, 0, 16, 3], "texture": "#2"},
				"south": {"uv": [0, 0, 16, 3], "texture": "#2"},
				"west": {"uv": [0, 0, 16, 3], "texture": "#2"},
				"up": {"uv": [0, 0, 16, 16], "texture": "#2"},
				"down": {"uv": [0, 0, 16, 16], "texture": "#2"}
			}
		},
		{
			"from": [4.5, 21.5, 4.5],
			"to": [11.5, 26.5, 11.5],
			"rotation": {"angle": 0, "axis": "y", "origin": [12, 29.5, 18]},
			"faces": {
				"north": {"uv": [0, 0, 16, 3], "texture": "#2"},
				"east": {"uv": [0, 0, 16, 3], "texture": "#2"},
				"south": {"uv": [0, 0, 16, 3], "texture": "#2"},
				"west": {"uv": [0, 0, 16, 3], "texture": "#2"},
				"up": {"uv": [0, 0, 16, 16], "texture": "#2"},
				"down": {"uv": [0, 0, 16, 16], "texture": "#2"}
			}
		},
		{
			"from": [6.5, 23.5, 6.5],
			"to": [9.5, 28.5, 9.5],
			"rotation": {"angle": 0, "axis": "y", "origin": [12, 31.5, 18]},
			"faces": {
				"north": {"uv": [0, 0, 16, 3], "texture": "#2"},
				"east": {"uv": [0, 0, 16, 3], "texture": "#2"},
				"south": {"uv": [0, 0, 16, 3], "texture": "#2"},
				"west": {"uv": [0, 0, 16, 3], "texture": "#2"},
				"up": {"uv": [0, 0, 16, 16], "texture": "#2"},
				"down": {"uv": [0, 0, 16, 16], "texture": "#2"}
			}
		},
		{
			"from": [7.5, 25.5, 7.5],
			"to": [8.5, 32, 8.5],
			"rotation": {"angle": 0, "axis": "y", "origin": [12, 33.5, 18]},
			"faces": {
				"north": {"uv": [0, 0, 16, 3], "texture": "#2"},
				"east": {"uv": [0, 0, 16, 3], "texture": "#2"},
				"south": {"uv": [0, 0, 16, 3], "texture": "#2"},
				"west": {"uv": [0, 0, 16, 3], "texture": "#2"},
				"up": {"uv": [0, 0, 16, 16], "texture": "#2"},
				"down": {"uv": [0, 0, 16, 16], "texture": "#2"}
			}
		},
		{
			"from": [-0.75, 3, 7],
			"to": [0, 19.5, 9],
			"rotation": {"angle": 0, "axis": "y", "origin": [8.05469, 6.6875, 8.03125]},
			"faces": {
				"north": {"uv": [0, 0, 7.5, 16], "texture": "#1"},
				"east": {"uv": [0, 0, 7.5, 16], "texture": "#1"},
				"south": {"uv": [0, 0, 7.5, 16], "texture": "#1"},
				"west": {"uv": [0, 0, 7.5, 16], "texture": "#1"},
				"up": {"uv": [0, 0, 7.5, 7.5], "texture": "#1"},
				"down": {"uv": [0, 0, 7.5, 7.5], "texture": "#1"}
			}
		},
		{
			"from": [7.02344, 3, 16.08594],
			"to": [9.02344, 19.5, 16.83594],
			"rotation": {"angle": 0, "axis": "y", "origin": [8.05469, 6.6875, 8.03125]},
			"faces": {
				"north": {"uv": [0, 0, 7.5, 16], "texture": "#1"},
				"east": {"uv": [0, 0, 7.5, 16], "texture": "#1"},
				"south": {"uv": [0, 0, 7.5, 16], "texture": "#1"},
				"west": {"uv": [0, 0, 7.5, 16], "texture": "#1"},
				"up": {"uv": [0, 0, 7.5, 7.5], "rotation": 270, "texture": "#1"},
				"down": {"uv": [0, 0, 7.5, 7.5], "rotation": 90, "texture": "#1"}
			}
		},
		{
			"from": [16.10938, 3, 7.0625],
			"to": [16.85938, 19.5, 9.0625],
			"rotation": {"angle": 0, "axis": "y", "origin": [8.05469, 6.6875, 8.03125]},
			"faces": {
				"north": {"uv": [0, 0, 7.5, 16], "texture": "#1"},
				"east": {"uv": [0, 0, 7.5, 16], "texture": "#1"},
				"south": {"uv": [0, 0, 7.5, 16], "texture": "#1"},
				"west": {"uv": [0, 0, 7.5, 16], "texture": "#1"},
				"up": {"uv": [0, 0, 7.5, 7.5], "rotation": 180, "texture": "#1"},
				"down": {"uv": [0, 0, 7.5, 7.5], "rotation": 180, "texture": "#1"}
			}
		},
		{
			"from": [7.08594, 3, -0.77344],
			"to": [9.08594, 19.5, -0.02344],
			"rotation": {"angle": 0, "axis": "y", "origin": [8.05469, 6.6875, 8.03125]},
			"faces": {
				"north": {"uv": [0, 0, 7.5, 16], "texture": "#1"},
				"east": {"uv": [0, 0, 7.5, 16], "texture": "#1"},
				"south": {"uv": [0, 0, 7.5, 16], "texture": "#1"},
				"west": {"uv": [0, 0, 7.5, 16], "texture": "#1"},
				"up": {"uv": [0, 0, 7.5, 7.5], "rotation": 90, "texture": "#1"},
				"down": {"uv": [0, 0, 7.5, 7.5], "rotation": 270, "texture": "#1"}
			}
		},
		{
			"from": [-2.4375, 3, 7.5625],
			"to": [-0.9375, 11.5, 8.5625],
			"rotation": {"angle": 0, "axis": "y", "origin": [8.05469, 6.6875, 8.03125]},
			"faces": {
				"north": {"uv": [0, 0, 7.5, 16], "texture": "#1"},
				"east": {"uv": [0, 0, 7.5, 16], "texture": "#1"},
				"south": {"uv": [0, 0, 7.5, 16], "texture": "#1"},
				"west": {"uv": [0, 0, 7.5, 16], "texture": "#1"},
				"up": {"uv": [0, 0, 7.5, 7.5], "texture": "#1"},
				"down": {"uv": [0, 0, 7.5, 7.5], "texture": "#1"}
			}
		},
		{
			"from": [7.58594, 3, 17.02344],
			"to": [8.58594, 11.5, 18.52344],
			"rotation": {"angle": 0, "axis": "y", "origin": [8.05469, 6.6875, 8.03125]},
			"faces": {
				"north": {"uv": [0, 0, 7.5, 16], "texture": "#1"},
				"east": {"uv": [0, 0, 7.5, 16], "texture": "#1"},
				"south": {"uv": [0, 0, 7.5, 16], "texture": "#1"},
				"west": {"uv": [0, 0, 7.5, 16], "texture": "#1"},
				"up": {"uv": [0, 0, 7.5, 7.5], "rotation": 270, "texture": "#1"},
				"down": {"uv": [0, 0, 7.5, 7.5], "rotation": 90, "texture": "#1"}
			}
		},
		{
			"from": [17.04688, 3, 7.5],
			"to": [18.54688, 11.5, 8.5],
			"rotation": {"angle": 0, "axis": "y", "origin": [8.05469, 6.6875, 8.03125]},
			"faces": {
				"north": {"uv": [0, 0, 7.5, 16], "texture": "#1"},
				"east": {"uv": [0, 0, 7.5, 16], "texture": "#1"},
				"south": {"uv": [0, 0, 7.5, 16], "texture": "#1"},
				"west": {"uv": [0, 0, 7.5, 16], "texture": "#1"},
				"up": {"uv": [0, 0, 7.5, 7.5], "rotation": 180, "texture": "#1"},
				"down": {"uv": [0, 0, 7.5, 7.5], "rotation": 180, "texture": "#1"}
			}
		},
		{
			"from": [7.52344, 3, -2.46094],
			"to": [8.52344, 11.5, -0.96094],
			"rotation": {"angle": 0, "axis": "y", "origin": [8.05469, 6.6875, 8.03125]},
			"faces": {
				"north": {"uv": [0, 0, 7.5, 16], "texture": "#1"},
				"east": {"uv": [0, 0, 7.5, 16], "texture": "#1"},
				"south": {"uv": [0, 0, 7.5, 16], "texture": "#1"},
				"west": {"uv": [0, 0, 7.5, 16], "texture": "#1"},
				"up": {"uv": [0, 0, 7.5, 7.5], "rotation": 90, "texture": "#1"},
				"down": {"uv": [0, 0, 7.5, 7.5], "rotation": 270, "texture": "#1"}
			}
		},
		{
			"from": [-3.9375, 2, 7.8125],
			"to": [-2.4375, 7.5, 8.3125],
			"rotation": {"angle": 0, "axis": "y", "origin": [8.05469, 6.6875, 8.03125]},
			"faces": {
				"north": {"uv": [0, 0, 7.5, 16], "texture": "#1"},
				"east": {"uv": [0, 0, 7.5, 16], "texture": "#1"},
				"south": {"uv": [0, 0, 7.5, 16], "texture": "#1"},
				"west": {"uv": [0, 0, 7.5, 16], "texture": "#1"},
				"up": {"uv": [0, 0, 7.5, 7.5], "texture": "#1"},
				"down": {"uv": [0, 0, 7.5, 7.5], "texture": "#1"}
			}
		},
		{
			"from": [7.83594, 2, 18.52344],
			"to": [8.33594, 7.5, 20.02344],
			"rotation": {"angle": 0, "axis": "y", "origin": [8.05469, 6.6875, 8.03125]},
			"faces": {
				"north": {"uv": [0, 0, 7.5, 16], "texture": "#1"},
				"east": {"uv": [0, 0, 7.5, 16], "texture": "#1"},
				"south": {"uv": [0, 0, 7.5, 16], "texture": "#1"},
				"west": {"uv": [0, 0, 7.5, 16], "texture": "#1"},
				"up": {"uv": [0, 0, 7.5, 7.5], "rotation": 270, "texture": "#1"},
				"down": {"uv": [0, 0, 7.5, 7.5], "rotation": 90, "texture": "#1"}
			}
		},
		{
			"from": [18.54688, 2, 7.75],
			"to": [20.04688, 7.5, 8.25],
			"rotation": {"angle": 0, "axis": "y", "origin": [8.05469, 6.6875, 8.03125]},
			"faces": {
				"north": {"uv": [0, 0, 7.5, 16], "texture": "#1"},
				"east": {"uv": [0, 0, 7.5, 16], "texture": "#1"},
				"south": {"uv": [0, 0, 7.5, 16], "texture": "#1"},
				"west": {"uv": [0, 0, 7.5, 16], "texture": "#1"},
				"up": {"uv": [0, 0, 7.5, 7.5], "rotation": 180, "texture": "#1"},
				"down": {"uv": [0, 0, 7.5, 7.5], "rotation": 180, "texture": "#1"}
			}
		},
		{
			"from": [7.77344, 2, -3.96094],
			"to": [8.27344, 7.5, -2.46094],
			"rotation": {"angle": 0, "axis": "y", "origin": [8.05469, 6.6875, 8.03125]},
			"faces": {
				"north": {"uv": [0, 0, 7.5, 16], "texture": "#1"},
				"east": {"uv": [0, 0, 7.5, 16], "texture": "#1"},
				"south": {"uv": [0, 0, 7.5, 16], "texture": "#1"},
				"west": {"uv": [0, 0, 7.5, 16], "texture": "#1"},
				"up": {"uv": [0, 0, 7.5, 7.5], "rotation": 90, "texture": "#1"},
				"down": {"uv": [0, 0, 7.5, 7.5], "rotation": 270, "texture": "#1"}
			}
		},
		{
			"from": [-1.0625, 3, 5],
			"to": [0, 14, 11],
			"rotation": {"angle": 0, "axis": "y", "origin": [8.05469, 6.6875, 8.03125]},
			"faces": {
				"north": {"uv": [0, 0, 7.5, 16], "texture": "#1"},
				"east": {"uv": [0, 0, 7.5, 16], "texture": "#1"},
				"south": {"uv": [0, 0, 7.5, 16], "texture": "#1"},
				"west": {"uv": [0, 0, 7.5, 16], "texture": "#1"},
				"up": {"uv": [0, 0, 7.5, 7.5], "texture": "#1"},
				"down": {"uv": [0, 0, 7.5, 7.5], "texture": "#1"}
			}
		},
		{
			"from": [5.02344, 3, 16.08594],
			"to": [11.02344, 14, 17.14844],
			"rotation": {"angle": 0, "axis": "y", "origin": [8.05469, 6.6875, 8.03125]},
			"faces": {
				"north": {"uv": [0, 0, 7.5, 16], "texture": "#1"},
				"east": {"uv": [0, 0, 7.5, 16], "texture": "#1"},
				"south": {"uv": [0, 0, 7.5, 16], "texture": "#1"},
				"west": {"uv": [0, 0, 7.5, 16], "texture": "#1"},
				"up": {"uv": [0, 0, 7.5, 7.5], "rotation": 270, "texture": "#1"},
				"down": {"uv": [0, 0, 7.5, 7.5], "rotation": 90, "texture": "#1"}
			}
		},
		{
			"from": [16.10938, 3, 5.0625],
			"to": [17.17188, 14, 11.0625],
			"rotation": {"angle": 0, "axis": "y", "origin": [8.05469, 6.6875, 8.03125]},
			"faces": {
				"north": {"uv": [0, 0, 7.5, 16], "texture": "#1"},
				"east": {"uv": [0, 0, 7.5, 16], "texture": "#1"},
				"south": {"uv": [0, 0, 7.5, 16], "texture": "#1"},
				"west": {"uv": [0, 0, 7.5, 16], "texture": "#1"},
				"up": {"uv": [0, 0, 7.5, 7.5], "rotation": 180, "texture": "#1"},
				"down": {"uv": [0, 0, 7.5, 7.5], "rotation": 180, "texture": "#1"}
			}
		},
		{
			"from": [5.08594, 3, -1.08594],
			"to": [11.08594, 14, -0.02344],
			"rotation": {"angle": 0, "axis": "y", "origin": [8.05469, 6.6875, 8.03125]},
			"faces": {
				"north": {"uv": [0, 0, 7.5, 16], "texture": "#1"},
				"east": {"uv": [0, 0, 7.5, 16], "texture": "#1"},
				"south": {"uv": [0, 0, 7.5, 16], "texture": "#1"},
				"west": {"uv": [0, 0, 7.5, 16], "texture": "#1"},
				"up": {"uv": [0, 0, 7.5, 7.5], "rotation": 90, "texture": "#1"},
				"down": {"uv": [0, 0, 7.5, 7.5], "rotation": 270, "texture": "#1"}
			}
		},
		{
			"from": [0, 3, 0],
			"to": [16, 22, 16],
			"rotation": {"angle": 0, "axis": "x", "origin": [6.25, 3.86593, 5]},
			"faces": {
				"north": {"uv": [0, 0, 16, 16], "texture": "#0"},
				"east": {"uv": [0, 0, 16, 16], "texture": "#0"},
				"south": {"uv": [0, 0, 16, 16], "texture": "#0"},
				"west": {"uv": [0, 0, 16, 16], "texture": "#0"},
				"up": {"uv": [0, 0, 16, 16], "texture": "#0"},
				"down": {"uv": [0, 0, 16, 16], "texture": "#0"}
			}
		},
		{
			"from": [1, 2, 4],
			"to": [2, 3, 12],
			"rotation": {"angle": 0, "axis": "y", "origin": [9, 10, 15]},
			"faces": {
				"north": {"uv": [0, 0, 0.5, 0.5], "texture": "#3"},
				"east": {"uv": [0, 0, 4, 0.5], "texture": "#3"},
				"south": {"uv": [0, 0, 0.5, 0.5], "texture": "#3"},
				"west": {"uv": [0, 0, 4, 0.5], "texture": "#3"},
				"up": {"uv": [0, 0, 0.5, 4], "texture": "#3"},
				"down": {"uv": [0, 0, 0.5, 4], "texture": "#3"}
			}
		},
		{
			"from": [4, 2, 1],
			"to": [12, 3, 2],
			"rotation": {"angle": 0, "axis": "y", "origin": [8, 2.5, 8]},
			"faces": {
				"north": {"uv": [0, 0, 4, 0.5], "texture": "#3"},
				"east": {"uv": [0, 0, 0.5, 0.5], "texture": "#3"},
				"south": {"uv": [0, 0, 4, 0.5], "texture": "#3"},
				"west": {"uv": [0, 0, 0.5, 0.5], "texture": "#3"},
				"up": {"uv": [0, 0, 0.5, 4], "rotation": 90, "texture": "#3"},
				"down": {"uv": [0, 0, 0.5, 4], "rotation": 270, "texture": "#3"}
			}
		},
		{
			"from": [14, 2, 4],
			"to": [15, 3, 12],
			"rotation": {"angle": 0, "axis": "y", "origin": [22, 10, 15]},
			"faces": {
				"north": {"uv": [0, 0, 0.5, 0.5], "texture": "#3"},
				"east": {"uv": [0, 0, 4, 0.5], "texture": "#3"},
				"south": {"uv": [0, 0, 0.5, 0.5], "texture": "#3"},
				"west": {"uv": [0, 0, 4, 0.5], "texture": "#3"},
				"up": {"uv": [0, 0, 0.5, 4], "texture": "#3"},
				"down": {"uv": [0, 0, 0.5, 4], "texture": "#3"}
			}
		},
		{
			"from": [2, 2.75, 3],
			"to": [14, 3, 13],
			"rotation": {"angle": 0, "axis": "y", "origin": [15, 10, 15]},
			"faces": {
				"north": {"uv": [0, 0, 6, 0.125], "texture": "#3"},
				"east": {"uv": [0, 0, 5, 0.125], "texture": "#3"},
				"south": {"uv": [0, 0, 6, 0.125], "texture": "#3"},
				"west": {"uv": [0, 0, 5, 0.125], "texture": "#3"},
				"up": {"uv": [0, 0, 6, 5], "texture": "#3"},
				"down": {"uv": [0, 0, 6, 5], "texture": "#1"}
			}
		},
		{
			"from": [3, 2.875, 2],
			"to": [13, 3, 14],
			"rotation": {"angle": 0, "axis": "y", "origin": [15, 10, 1]},
			"faces": {
				"north": {"uv": [0, 0, 5, 0.0625], "texture": "#3"},
				"east": {"uv": [0, 0, 6, 0.0625], "texture": "#3"},
				"south": {"uv": [0, 0, 5, 0.0625], "texture": "#3"},
				"west": {"uv": [0, 0, 6, 0.0625], "texture": "#3"},
				"up": {"uv": [0, 0, 6, 5], "rotation": 270, "texture": "#3"},
				"down": {"uv": [0, 0, 6, 5], "rotation": 90, "texture": "#1"}
			}
		},
		{
			"from": [4, 2, 14],
			"to": [12, 3, 15],
			"rotation": {"angle": 0, "axis": "y", "origin": [8, 2.5, 8]},
			"faces": {
				"north": {"uv": [0, 0, 4, 0.5], "texture": "#3"},
				"east": {"uv": [0, 0, 0.5, 0.5], "texture": "#3"},
				"south": {"uv": [0, 0, 4, 0.5], "texture": "#3"},
				"west": {"uv": [0, 0, 0.5, 0.5], "texture": "#3"},
				"up": {"uv": [0, 0, 0.5, 4], "rotation": 90, "texture": "#3"},
				"down": {"uv": [0, 0, 0.5, 4], "rotation": 270, "texture": "#3"}
			}
		},
		{
			"from": [0, 2, 14.25],
			"to": [4.25, 3, 15.25],
			"rotation": {"angle": -45, "axis": "y", "origin": [4.25, 2.5, 14.75]},
			"faces": {
				"north": {"uv": [0, 0, 2.125, 0.5], "texture": "#3"},
				"east": {"uv": [0, 0, 0.5, 0.5], "texture": "#3"},
				"south": {"uv": [0, 0, 2.125, 0.5], "texture": "#3"},
				"west": {"uv": [0, 0, 0.5, 0.5], "texture": "#3"},
				"up": {"uv": [0, 0, 0.5, 2.125], "rotation": 90, "texture": "#3"},
				"down": {"uv": [0, 0, 0.5, 2.125], "rotation": 270, "texture": "#3"}
			}
		},
		{
			"from": [11.20971, 2, 4.33471],
			"to": [12.20971, 3, 8.58471],
			"rotation": {"angle": 45, "axis": "y", "origin": [7.9974, 2.5, 2.7474]},
			"faces": {
				"north": {"uv": [0, 0, 0.5, 0.5], "texture": "#3"},
				"east": {"uv": [0, 0, 2.125, 0.5], "texture": "#3"},
				"south": {"uv": [0, 0, 0.5, 0.5], "texture": "#3"},
				"west": {"uv": [0, 0, 2.125, 0.5], "texture": "#3"},
				"up": {"uv": [0, 0, 0.5, 2.125], "texture": "#3"},
				"down": {"uv": [0, 0, 0.5, 2.125], "texture": "#3"}
			}
		},
		{
			"from": [11.1224, 2, 12.7474],
			"to": [15.3724, 3, 13.7474],
			"rotation": {"angle": 45, "axis": "y", "origin": [13.2474, 2.5, 13.2474]},
			"faces": {
				"north": {"uv": [0, 0, 2.125, 0.5], "texture": "#3"},
				"east": {"uv": [0, 0, 0.5, 0.5], "texture": "#3"},
				"south": {"uv": [0, 0, 2.125, 0.5], "texture": "#3"},
				"west": {"uv": [0, 0, 0.5, 0.5], "texture": "#3"},
				"up": {"uv": [0, 0, 0.5, 2.125], "rotation": 90, "texture": "#3"},
				"down": {"uv": [0, 0, 0.5, 2.125], "rotation": 270, "texture": "#3"}
			}
		},
		{
			"from": [2.16009, 2, -1.46491],
			"to": [6.41009, 3, -0.46491],
			"rotation": {"angle": 45, "axis": "y", "origin": [7.9974, 2.5, 2.7474]},
			"faces": {
				"north": {"uv": [0, 0, 2.125, 0.5], "texture": "#3"},
				"east": {"uv": [0, 0, 0.5, 0.5], "texture": "#3"},
				"south": {"uv": [0, 0, 2.125, 0.5], "texture": "#3"},
				"west": {"uv": [0, 0, 0.5, 0.5], "texture": "#3"},
				"up": {"uv": [0, 0, 0.5, 2.125], "rotation": 270, "texture": "#3"},
				"down": {"uv": [0, 0, 0.5, 2.125], "rotation": 90, "texture": "#3"}
			}
		}
	],
	"display": {
		"head": {
			"rotation": [-90, 14, 0],
			"translation": [0, 13, 4],
			"scale": [0.5, 0.75, 0.5]
		}
	},
	"groups": [
		{
			"name": "Rocket",
			"origin": [8, 8, 8],
			"children": [
				{
					"name": "UpperPart",
					"origin": [8, 8, 8],
					"children": [0, 1, 2, 3, 4]
				},
				{
					"name": "MiddlePart",
					"origin": [8, 8, 8],
					"children": [5, 6, 7, 8, 9, 10, 11, 12, 13, 14, 15, 16, 17, 18, 19, 20, 21]
				},
				{
					"name": "BottomPart",
					"origin": [8, 8, 8],
					"children": [22, 23, 24, 25, 26, 27, 28, 29, 30, 31]
				}
			]
		}
	]
}