{
	"credit": "Made with Blockbench",
	"texture_size": [32, 32],
	"textures": {
		"0": "custom/Pacman",
		"1": "custom/round",
		"particle": "custom/Pacman"
	},
	"elements": [
		{
			"from": [3.5, 8.5625, 3.9375],
			"to": [12.5, 11.375, 10.9375],
			"rotation": {"angle": 22.5, "axis": "x", "origin": [8, 10.625, 7.4375]},
			"faces": {
				"north": {"uv": [0, 0, 4.5, 1.40625], "rotation": 180, "texture": "#0"},
				"east": {"uv": [0, 0, 3.5, 1.40625], "rotation": 180, "texture": "#0"},
				"south": {"uv": [0, 0, 4.5, 1.40625], "rotation": 180, "texture": "#0"},
				"west": {"uv": [0, 0, 3.5, 1.40625], "rotation": 180, "texture": "#0"},
				"up": {"uv": [0, 0, 4.5, 3.5], "texture": "#0"},
				"down": {"uv": [0, 0, 4.5, 3.5], "texture": "#0"}
			}
		},
		{
			"from": [4.5, 12.375, 4.9375],
			"to": [11.5, 13.375, 9.9375],
			"rotation": {"angle": 22.5, "axis": "x", "origin": [8, 10.625, 7.4375]},
			"faces": {
				"north": {"uv": [0, 0, 3.5, 0.5], "rotation": 180, "texture": "#0"},
				"east": {"uv": [0, 0, 2.5, 0.5], "rotation": 180, "texture": "#0"},
				"south": {"uv": [0, 0, 3.5, 0.5], "rotation": 180, "texture": "#0"},
				"west": {"uv": [0, 0, 2.5, 0.5], "rotation": 180, "texture": "#0"},
				"up": {"uv": [0, 0, 3.5, 2.5], "texture": "#0"},
				"down": {"uv": [0, 0, 3.5, 2.5], "texture": "#0"}
			}
		},
		{
			"from": [3.5, 11.375, 3.9375],
			"to": [12.5, 12.375, 10.9375],
			"rotation": {"angle": 22.5, "axis": "x", "origin": [8, 10.625, 7.4375]},
			"faces": {
				"north": {"uv": [0, 0, 4.5, 0.5], "rotation": 180, "texture": "#0"},
				"east": {"uv": [0, 0, 3.5, 0.5], "rotation": 180, "texture": "#0"},
				"south": {"uv": [0, 0, 4.5, 0.5], "rotation": 180, "texture": "#0"},
				"west": {"uv": [0, 0, 3.5, 0.5], "rotation": 180, "texture": "#0"},
				"up": {"uv": [0, 0, 4.5, 3.5], "texture": "#0"},
				"down": {"uv": [0, 0, 4.5, 3.5], "texture": "#0"}
			}
		},
		{
			"from": [4.5, 8.5, 2.9375],
			"to": [11.5, 11.375, 11.9375],
			"rotation": {"angle": 22.5, "axis": "x", "origin": [8, 10.625, 7.4375]},
			"faces": {
				"north": {"uv": [0, 0, 3.5, 1.4375], "rotation": 180, "texture": "#0"},
				"east": {"uv": [0, 0, 4.5, 1.4375], "rotation": 180, "texture": "#0"},
				"south": {"uv": [0, 0, 3.5, 1.4375], "rotation": 180, "texture": "#0"},
				"west": {"uv": [0, 0, 4.5, 1.4375], "rotation": 180, "texture": "#0"},
				"up": {"uv": [0, 0, 3.5, 4.5], "texture": "#0"},
				"down": {"uv": [0, 0, 3.5, 4.5], "texture": "#0"}
			}
		},
		{
			"from": [4.5625, 8.4375, 3],
			"to": [11.4375, 11.3125, 11.9375],
			"rotation": {"angle": 22.5, "axis": "x", "origin": [8, 10.5625, 7.4375]},
			"faces": {
				"north": {"uv": [0, 0, 3.4375, 1.4375], "rotation": 180, "texture": "#0"},
				"east": {"uv": [0, 0, 4.46875, 1.4375], "rotation": 180, "texture": "#0"},
				"south": {"uv": [0, 0, 3.4375, 1.4375], "rotation": 180, "texture": "#0"},
				"west": {"uv": [0, 0, 4.46875, 1.4375], "rotation": 180, "texture": "#0"},
				"up": {"uv": [0, 0, 3.4375, 4.46875], "texture": "#0"},
				"down": {"uv": [0, 0, 3.4375, 4.46875], "texture": "#1"}
			}
		},
		{
			"from": [5.5, 8.4375, 11.9375],
			"to": [10.5, 10.375, 12.9375],
			"rotation": {"angle": 22.5, "axis": "x", "origin": [8, 10.625, 7.4375]},
			"faces": {
				"north": {"uv": [0, 0, 2.5, 0.96875], "rotation": 180, "texture": "#0"},
				"east": {"uv": [0, 0, 0.5, 0.96875], "rotation": 180, "texture": "#0"},
				"south": {"uv": [0, 0, 2.5, 0.96875], "rotation": 180, "texture": "#0"},
				"west": {"uv": [0, 0, 0.5, 0.96875], "rotation": 180, "texture": "#0"},
				"up": {"uv": [0, 0, 2.5, 0.5], "texture": "#0"},
				"down": {"uv": [0, 0, 2.5, 0.5], "texture": "#0"}
			}
		},
		{
			"from": [2.5, 8.4375, 4.9375],
			"to": [3.5, 10.375, 9.9375],
			"rotation": {"angle": 22.5, "axis": "x", "origin": [8, 10.625, 7.4375]},
			"faces": {
				"north": {"uv": [0, 0, 0.5, 0.96875], "rotation": 180, "texture": "#0"},
				"east": {"uv": [0, 0, 2.5, 0.96875], "rotation": 180, "texture": "#0"},
				"south": {"uv": [0, 0, 0.5, 0.96875], "rotation": 180, "texture": "#0"},
				"west": {"uv": [0, 0, 2.5, 0.96875], "rotation": 180, "texture": "#0"},
				"up": {"uv": [0, 0, 2.5, 0.5], "rotation": 270, "texture": "#0"},
				"down": {"uv": [0, 0, 2.5, 0.5], "rotation": 90, "texture": "#0"}
			}
		},
		{
			"from": [12.5, 8.4375, 4.9375],
			"to": [13.5, 10.375, 9.9375],
			"rotation": {"angle": 22.5, "axis": "x", "origin": [8, 10.625, 7.4375]},
			"faces": {
				"north": {"uv": [0, 0, 0.5, 0.96875], "rotation": 180, "texture": "#0"},
				"east": {"uv": [0, 0, 2.5, 0.96875], "rotation": 180, "texture": "#0"},
				"south": {"uv": [0, 0, 0.5, 0.96875], "rotation": 180, "texture": "#0"},
				"west": {"uv": [0, 0, 2.5, 0.96875], "rotation": 180, "texture": "#0"},
				"up": {"uv": [0, 0, 2.5, 0.5], "rotation": 270, "texture": "#0"},
				"down": {"uv": [0, 0, 2.5, 0.5], "rotation": 90, "texture": "#0"}
			}
		},
		{
			"from": [11.4375, 8.125, 3],
			"to": [12.5, 10.375, 9.9375],
			"rotation": {"angle": 22.5, "axis": "x", "origin": [7, 10.625, 7.4375]},
			"faces": {
				"north": {"uv": [0, 0, 0.53125, 1.125], "rotation": 180, "texture": "#0"},
				"east": {"uv": [0, 0, 3.46875, 1.125], "rotation": 180, "texture": "#0"},
				"south": {"uv": [0, 0, 0.53125, 1.125], "rotation": 180, "texture": "#0"},
				"west": {"uv": [0, 0, 3.46875, 1.125], "rotation": 180, "texture": "#0"},
				"up": {"uv": [0, 0, 3.46875, 0.53125], "rotation": 270, "texture": "#0"},
				"down": {"uv": [0, 0, 3.46875, 0.53125], "rotation": 90, "texture": "#0"}
			}
		},
		{
			"from": [3.5, 8.125, 3],
			"to": [4.5625, 10.375, 9.9375],
			"rotation": {"angle": 22.5, "axis": "x", "origin": [-0.9375, 10.625, 7.4375]},
			"faces": {
				"north": {"uv": [0, 0, 0.53125, 1.125], "rotation": 180, "texture": "#0"},
				"east": {"uv": [0, 0, 3.46875, 1.125], "rotation": 180, "texture": "#0"},
				"south": {"uv": [0, 0, 0.53125, 1.125], "rotation": 180, "texture": "#0"},
				"west": {"uv": [0, 0, 3.46875, 1.125], "rotation": 180, "texture": "#0"},
				"up": {"uv": [0, 0, 3.46875, 0.53125], "rotation": 270, "texture": "#0"},
				"down": {"uv": [0, 0, 3.46875, 0.53125], "rotation": 90, "texture": "#0"}
			}
		},
		{
			"from": [12.5, 9.9375, 5.9375],
			"to": [13.5, 10.9375, 8.9375],
			"rotation": {"angle": 22.5, "axis": "x", "origin": [8, 10.1875, 8.4375]},
			"faces": {
				"north": {"uv": [0, 0, 0.5, 0.5], "rotation": 180, "texture": "#0"},
				"east": {"uv": [0, 0, 1.5, 0.5], "rotation": 180, "texture": "#0"},
				"south": {"uv": [0, 0, 0.5, 0.5], "rotation": 180, "texture": "#0"},
				"west": {"uv": [0, 0, 1.5, 0.5], "rotation": 180, "texture": "#0"},
				"up": {"uv": [0, 0, 1.5, 0.5], "rotation": 270, "texture": "#0"},
				"down": {"uv": [0, 0, 1.5, 0.5], "rotation": 90, "texture": "#0"}
			}
		},
		{
			"from": [2.5, 10.375, 5.9375],
			"to": [3.5, 11.375, 8.9375],
			"rotation": {"angle": 22.5, "axis": "x", "origin": [8, 10.625, 7.4375]},
			"faces": {
				"north": {"uv": [0, 0, 0.5, 0.5], "rotation": 180, "texture": "#0"},
				"east": {"uv": [0, 0, 1.5, 0.5], "rotation": 180, "texture": "#0"},
				"south": {"uv": [0, 0, 0.5, 0.5], "rotation": 180, "texture": "#0"},
				"west": {"uv": [0, 0, 1.5, 0.5], "rotation": 180, "texture": "#0"},
				"up": {"uv": [0, 0, 1.5, 0.5], "rotation": 270, "texture": "#0"},
				"down": {"uv": [0, 0, 1.5, 0.5], "rotation": 90, "texture": "#0"}
			}
		},
		{
			"from": [6.25, 12.4375, 4.1875],
			"to": [7, 14.4375, 5.75],
			"rotation": {"angle": 22.5, "axis": "x", "origin": [6.5, 12.9375, 5]},
			"faces": {
				"north": {"uv": [0, 0, 0.375, 1], "texture": "#1"},
				"east": {"uv": [0, 0, 0.78125, 1], "texture": "#1"},
				"south": {"uv": [0, 0, 0.375, 1], "texture": "#1"},
				"west": {"uv": [0, 0, 0.78125, 1], "texture": "#1"},
				"up": {"uv": [0, 0, 0.375, 0.78125], "texture": "#1"},
				"down": {"uv": [0, 0, 0.375, 0.78125], "texture": "#1"}
			}
		},
		{
			"from": [9, 12.4375, 4.1875],
			"to": [9.75, 14.4375, 5.75],
			"rotation": {"angle": 22.5, "axis": "x", "origin": [9.25, 12.9375, 5]},
			"faces": {
				"north": {"uv": [0, 0, 0.375, 1], "texture": "#1"},
				"east": {"uv": [0, 0, 0.78125, 1], "texture": "#1"},
				"south": {"uv": [0, 0, 0.375, 1], "texture": "#1"},
				"west": {"uv": [0, 0, 0.78125, 1], "texture": "#1"},
				"up": {"uv": [0, 0, 0.375, 0.78125], "texture": "#1"},
				"down": {"uv": [0, 0, 0.375, 0.78125], "texture": "#1"}
			}
		},
		{
			"from": [4.8125, 13.875, 4.8125],
			"to": [6.8125, 14.625, 5.25],
			"rotation": {"angle": -22.5, "axis": "z", "origin": [6.3125, 14.125, 5.3125]},
			"faces": {
				"north": {"uv": [0, 0, 0.375, 1], "rotation": 90, "texture": "#1"},
				"east": {"uv": [0, 0, 0.375, 0.21875], "rotation": 270, "texture": "#1"},
				"south": {"uv": [0, 0, 0.375, 1], "rotation": 270, "texture": "#1"},
				"west": {"uv": [0, 0, 0.375, 0.21875], "rotation": 270, "texture": "#1"},
				"up": {"uv": [0, 0, 0.21875, 1], "rotation": 270, "texture": "#1"},
				"down": {"uv": [0, 0, 0.21875, 1], "rotation": 270, "texture": "#1"}
			}
		},
		{
			"from": [9.3125, 14.25, 4.8125],
			"to": [11.3125, 15, 5.25],
			"rotation": {"angle": 22.5, "axis": "z", "origin": [10.8125, 14.5, 5.3125]},
			"faces": {
				"north": {"uv": [0, 0, 0.375, 1], "rotation": 90, "texture": "#1"},
				"east": {"uv": [0, 0, 0.375, 0.21875], "rotation": 270, "texture": "#1"},
				"south": {"uv": [0, 0, 0.375, 1], "rotation": 270, "texture": "#1"},
				"west": {"uv": [0, 0, 0.375, 0.21875], "rotation": 270, "texture": "#1"},
				"up": {"uv": [0, 0, 0.21875, 1], "rotation": 270, "texture": "#1"},
				"down": {"uv": [0, 0, 0.21875, 1], "rotation": 270, "texture": "#1"}
			}
		},
		{
			"from": [4.8125, 12.625, 4.4375],
			"to": [6.8125, 13.625, 6.375],
			"rotation": {"angle": 22.5, "axis": "z", "origin": [6.3125, 13.375, 5.125]},
			"faces": {
				"north": {"uv": [0, 0, 0.5, 1], "rotation": 90, "texture": "#1"},
				"east": {"uv": [0, 0, 0.5, 0.96875], "rotation": 270, "texture": "#1"},
				"south": {"uv": [0, 0, 0.5, 1], "rotation": 270, "texture": "#1"},
				"west": {"uv": [0, 0, 0.5, 0.96875], "rotation": 270, "texture": "#1"},
				"up": {"uv": [0, 0, 0.96875, 1], "rotation": 270, "texture": "#1"},
				"down": {"uv": [0, 0, 0.96875, 1], "rotation": 270, "texture": "#1"}
			}
		},
		{
			"from": [9.3125, 12.125, 4.4375],
			"to": [11.3125, 13.3125, 6.1875],
			"rotation": {"angle": -22.5, "axis": "z", "origin": [10.8125, 13.0625, 5.125]},
			"faces": {
				"north": {"uv": [0, 0, 0.59375, 1], "rotation": 90, "texture": "#1"},
				"east": {"uv": [0, 0, 0.59375, 0.875], "rotation": 270, "texture": "#1"},
				"south": {"uv": [0, 0, 0.59375, 1], "rotation": 270, "texture": "#1"},
				"west": {"uv": [0, 0, 0.59375, 0.875], "rotation": 270, "texture": "#1"},
				"up": {"uv": [0, 0, 0.875, 1], "rotation": 270, "texture": "#1"},
				"down": {"uv": [0, 0, 0.875, 1], "rotation": 270, "texture": "#1"}
			}
		},
		{
			"from": [4.5, 2, 5.1875],
			"to": [11.5, 3, 10.1875],
			"rotation": {"angle": -22.5, "axis": "x", "origin": [8, 2.5, 8.6875]},
			"faces": {
				"north": {"uv": [0, 0, 3.5, 0.5], "texture": "#0"},
				"east": {"uv": [0, 0, 2.5, 0.5], "texture": "#0"},
				"south": {"uv": [0, 0, 3.5, 0.5], "texture": "#0"},
				"west": {"uv": [0, 0, 2.5, 0.5], "texture": "#0"},
				"up": {"uv": [0, 0, 3.5, 2.5], "texture": "#0"},
				"down": {"uv": [0, 0, 3.5, 2.5], "texture": "#0"}
			}
		},
		{
			"from": [3.5, 3, 4.1875],
			"to": [12.5, 4, 11.1875],
			"rotation": {"angle": -22.5, "axis": "x", "origin": [8, 3.5, 8.6875]},
			"faces": {
				"north": {"uv": [0, 0, 4.5, 0.5], "texture": "#0"},
				"east": {"uv": [0, 0, 3.5, 0.5], "texture": "#0"},
				"south": {"uv": [0, 0, 4.5, 0.5], "texture": "#0"},
				"west": {"uv": [0, 0, 3.5, 0.5], "texture": "#0"},
				"up": {"uv": [0, 0, 4.5, 3.5], "texture": "#0"},
				"down": {"uv": [0, 0, 4.5, 3.5], "texture": "#0"}
			}
		},
		{
			"from": [4.5, 4, 3.1875],
			"to": [11.5, 6.875, 12.1875],
			"rotation": {"angle": -22.5, "axis": "x", "origin": [8, 4.5, 8.6875]},
			"faces": {
				"north": {"uv": [0, 0, 3.5, 1.4375], "texture": "#0"},
				"east": {"uv": [0, 0, 4.5, 1.4375], "texture": "#0"},
				"south": {"uv": [0, 0, 3.5, 1.4375], "texture": "#0"},
				"west": {"uv": [0, 0, 4.5, 1.4375], "texture": "#0"},
				"up": {"uv": [0, 0, 3.5, 4.5], "texture": "#0"},
				"down": {"uv": [0, 0, 3.5, 4.5], "texture": "#0"}
			}
		},
		{
			"from": [4.5625, 4.0625, 3.25],
			"to": [11.4375, 6.9375, 12.1875],
			"rotation": {"angle": -22.5, "axis": "x", "origin": [8, 4.5625, 8.6875]},
			"faces": {
				"north": {"uv": [0, 0, 3.4375, 1.4375], "texture": "#0"},
				"east": {"uv": [0, 0, 4.46875, 1.4375], "texture": "#0"},
				"south": {"uv": [0, 0, 3.4375, 1.4375], "texture": "#0"},
				"west": {"uv": [0, 0, 4.46875, 1.4375], "texture": "#0"},
				"up": {"uv": [0, 0, 3.4375, 4.46875], "texture": "#1"},
				"down": {"uv": [0, 0, 3.4375, 4.46875], "texture": "#0"}
			}
		},
		{
			"from": [4.5, 6.375, 11.1875],
			"to": [11.5, 8.25, 12.1875],
			"rotation": {"angle": -22.5, "axis": "x", "origin": [8, 4.5, 8.6875]},
			"faces": {
				"north": {"uv": [0, 0, 3.5, 0.9375], "texture": "#0"},
				"east": {"uv": [0, 0, 0.5, 0.9375], "texture": "#0"},
				"south": {"uv": [0, 0, 3.5, 0.9375], "texture": "#0"},
				"west": {"uv": [0, 0, 0.5, 0.9375], "texture": "#0"},
				"up": {"uv": [0, 0, 3.5, 0.5], "texture": "#0"},
				"down": {"uv": [0, 0, 3.5, 0.5], "texture": "#0"}
			}
		},
		{
			"from": [4.5625, 6.375, 11.125],
			"to": [11.4375, 8.25, 12.125],
			"rotation": {"angle": -22.5, "axis": "x", "origin": [8, 4.5, 8.625]},
			"faces": {
				"north": {"uv": [0, 0, 3.4375, 0.9375], "texture": "#1"},
				"east": {"uv": [0, 0, 0.5, 0.9375], "texture": "#0"},
				"south": {"uv": [0, 0, 3.4375, 0.9375], "texture": "#0"},
				"west": {"uv": [0, 0, 0.5, 0.9375], "texture": "#0"},
				"up": {"uv": [0, 0, 3.4375, 0.5], "texture": "#0"},
				"down": {"uv": [0, 0, 3.4375, 0.5], "texture": "#0"}
			}
		},
		{
			"from": [4.5625, 5, 2.1875],
			"to": [11.4375, 6.9375, 3.1875],
			"rotation": {"angle": -22.5, "axis": "x", "origin": [8, 4.5, 7.6875]},
			"faces": {
				"north": {"uv": [0, 0, 3.4375, 0.96875], "texture": "#0"},
				"east": {"uv": [0, 0, 0.5, 0.96875], "texture": "#0"},
				"south": {"uv": [0, 0, 3.4375, 0.96875], "texture": "#0"},
				"west": {"uv": [0, 0, 0.5, 0.96875], "texture": "#0"},
				"up": {"uv": [0, 0, 3.4375, 0.5], "texture": "#0"},
				"down": {"uv": [0, 0, 3.4375, 0.5], "texture": "#0"}
			}
		},
		{
			"from": [4.5625, 8.3125, 0.9375],
			"to": [11.4375, 10.625, 1.9375],
			"rotation": {"angle": 22.5, "axis": "x", "origin": [8, 8.1875, 6.4375]},
			"faces": {
				"north": {"uv": [0, 0, 3.4375, 1.15625], "texture": "#0"},
				"east": {"uv": [0, 0, 0.5, 1.15625], "texture": "#0"},
				"south": {"uv": [0, 0, 3.4375, 1.15625], "texture": "#0"},
				"west": {"uv": [0, 0, 0.5, 1.15625], "texture": "#0"},
				"up": {"uv": [0, 0, 3.4375, 0.5], "texture": "#0"},
				"down": {"uv": [0, 0, 3.4375, 0.5], "texture": "#0"}
			}
		},
		{
			"from": [2.5, 5, 5.1875],
			"to": [3.5, 6.9375, 10.1875],
			"rotation": {"angle": -22.5, "axis": "x", "origin": [-2, 4.5, 7.6875]},
			"faces": {
				"north": {"uv": [0, 0, 0.5, 0.96875], "texture": "#0"},
				"east": {"uv": [0, 0, 2.5, 0.96875], "texture": "#0"},
				"south": {"uv": [0, 0, 0.5, 0.96875], "texture": "#0"},
				"west": {"uv": [0, 0, 2.5, 0.96875], "texture": "#0"},
				"up": {"uv": [0, 0, 2.5, 0.5], "rotation": 90, "texture": "#0"},
				"down": {"uv": [0, 0, 2.5, 0.5], "rotation": 270, "texture": "#0"}
			}
		},
		{
			"from": [12.5, 5, 5.1875],
			"to": [13.5, 6.9375, 10.1875],
			"rotation": {"angle": -22.5, "axis": "x", "origin": [8, 4.5, 7.6875]},
			"faces": {
				"north": {"uv": [0, 0, 0.5, 0.96875], "texture": "#0"},
				"east": {"uv": [0, 0, 2.5, 0.96875], "texture": "#0"},
				"south": {"uv": [0, 0, 0.5, 0.96875], "texture": "#0"},
				"west": {"uv": [0, 0, 2.5, 0.96875], "texture": "#0"},
				"up": {"uv": [0, 0, 2.5, 0.5], "rotation": 90, "texture": "#0"},
				"down": {"uv": [0, 0, 2.5, 0.5], "rotation": 270, "texture": "#0"}
			}
		},
		{
			"from": [3.5, 5, 3.125],
			"to": [4.5625, 6.9375, 10.1875],
			"rotation": {"angle": -22.5, "axis": "x", "origin": [-1, 4.5, 7.6875]},
			"faces": {
				"north": {"uv": [0, 0, 0.53125, 0.96875], "texture": "#0"},
				"east": {"uv": [0, 0, 3.53125, 0.96875], "texture": "#0"},
				"south": {"uv": [0, 0, 0.53125, 0.96875], "texture": "#0"},
				"west": {"uv": [0, 0, 3.53125, 0.96875], "texture": "#0"},
				"up": {"uv": [0, 0, 3.53125, 0.53125], "rotation": 90, "texture": "#0"},
				"down": {"uv": [0, 0, 3.53125, 0.53125], "rotation": 270, "texture": "#0"}
			}
		},
		{
			"from": [11.4375, 5, 3.125],
			"to": [12.5, 6.9375, 10.1875],
			"rotation": {"angle": -22.5, "axis": "x", "origin": [7, 4.5, 7.6875]},
			"faces": {
				"north": {"uv": [0, 0, 0.53125, 0.96875], "texture": "#0"},
				"east": {"uv": [0, 0, 3.53125, 0.96875], "texture": "#0"},
				"south": {"uv": [0, 0, 0.53125, 0.96875], "texture": "#0"},
				"west": {"uv": [0, 0, 3.53125, 0.96875], "texture": "#0"},
				"up": {"uv": [0, 0, 3.53125, 0.53125], "rotation": 90, "texture": "#0"},
				"down": {"uv": [0, 0, 3.53125, 0.53125], "rotation": 270, "texture": "#0"}
			}
		},
		{
			"from": [12.5, 4, 6.1875],
			"to": [13.5, 5, 9.1875],
			"rotation": {"angle": -22.5, "axis": "x", "origin": [8, 3.5, 6.6875]},
			"faces": {
				"north": {"uv": [0, 0, 0.5, 0.5], "texture": "#0"},
				"east": {"uv": [0, 0, 1.5, 0.5], "texture": "#0"},
				"south": {"uv": [0, 0, 0.5, 0.5], "texture": "#0"},
				"west": {"uv": [0, 0, 1.5, 0.5], "texture": "#0"},
				"up": {"uv": [0, 0, 1.5, 0.5], "rotation": 90, "texture": "#0"},
				"down": {"uv": [0, 0, 1.5, 0.5], "rotation": 270, "texture": "#0"}
			}
		},
		{
			"from": [2.5, 4, 6.1875],
			"to": [3.5, 5, 9.1875],
			"rotation": {"angle": -22.5, "axis": "x", "origin": [-2, 3.5, 7.6875]},
			"faces": {
				"north": {"uv": [0, 0, 0.5, 0.5], "texture": "#0"},
				"east": {"uv": [0, 0, 1.5, 0.5], "texture": "#0"},
				"south": {"uv": [0, 0, 0.5, 0.5], "texture": "#0"},
				"west": {"uv": [0, 0, 1.5, 0.5], "texture": "#0"},
				"up": {"uv": [0, 0, 1.5, 0.5], "rotation": 90, "texture": "#0"},
				"down": {"uv": [0, 0, 1.5, 0.5], "rotation": 270, "texture": "#0"}
			}
		},
		{
			"from": [3.5, 4, 4.1875],
			"to": [12.5, 6.8125, 11.1875],
			"rotation": {"angle": -22.5, "axis": "x", "origin": [9, 4.5, 8.6875]},
			"faces": {
				"north": {"uv": [0, 0, 4.5, 1.40625], "texture": "#0"},
				"east": {"uv": [0, 0, 3.5, 1.40625], "texture": "#0"},
				"south": {"uv": [0, 0, 4.5, 1.40625], "texture": "#0"},
				"west": {"uv": [0, 0, 3.5, 1.40625], "texture": "#0"},
				"up": {"uv": [0, 0, 4.5, 3.5], "texture": "#0"},
				"down": {"uv": [0, 0, 4.5, 3.5], "texture": "#0"}
			}
		}
	],
	"display": {
		"thirdperson_righthand": {
			"rotation": [68, 0, 0]
		},
		"thirdperson_lefthand": {
			"rotation": [62, 0, 0]
		},
		"ground": {
			"translation": [0, 3.25, 0]
		},
		"head": {
			"translation": [0, 1.5, 2.5],
			"scale": [2, 2, 2]
		}
	},
	"groups": [
		{
			"name": "group",
			"origin": [8, 8, 8],
			"children": [
				{
					"name": "group",
					"origin": [8, 9.75, 7],
					"children": [0, 1, 2, 3, 4, 5, 6, 7, 8, 9, 10, 11, 12, 13, 14, 15, 16, 17]
				},
				{
					"name": "group",
					"origin": [9, 2.5, 8],
					"children": [18, 19, 20, 21, 22, 23, 24, 25, 26, 27, 28, 29, 30, 31, 32]
				}
			]
		}
	]
}