{
	"credit": "Made with Blockbench",
	"texture_size": [32, 32],
	"textures": {
		"0": "custom/oak_planks",
		"1": "custom/iron_block2",
		"particle": "custom/oak_planks"
	},
	"elements": [
		{
			"from": [-16, -3, 15],
			"to": [32, 32, 16],
			"faces": {
				"north": {"uv": [0, 0, 16, 16], "texture": "#0"},
				"east": {"uv": [0, 0, 0.5, 16], "texture": "#0"},
				"south": {"uv": [0, 0, 16, 16], "texture": "#0"},
				"west": {"uv": [0, 0, 0.5, 16], "texture": "#0"},
				"up": {"uv": [0, 0, 16, 0.5], "texture": "#0"},
				"down": {"uv": [0, 0, 16, 0.5], "texture": "#0"}
			}
		},
		{
			"from": [27, 28, 12.75],
			"to": [29, 30, 13.75],
			"faces": {
				"north": {"uv": [1, 1, 8, 8], "texture": "#1"},
				"east": {"uv": [1, 1, 6, 6], "texture": "#1"},
				"south": {"uv": [1, 1, 5, 5], "texture": "#1"},
				"west": {"uv": [1, 1, 6, 5], "texture": "#1"},
				"up": {"uv": [1, 1, 6, 6], "texture": "#1"},
				"down": {"uv": [1, 1, 4, 4], "texture": "#1"}
			}
		},
		{
			"from": [-13, 28, 12.75],
			"to": [-11, 30, 13.75],
			"faces": {
				"north": {"uv": [1, 1, 8, 8], "texture": "#1"},
				"east": {"uv": [1, 1, 6, 6], "texture": "#1"},
				"south": {"uv": [1, 1, 5, 5], "texture": "#1"},
				"west": {"uv": [1, 1, 6, 5], "texture": "#1"},
				"up": {"uv": [1, 1, 6, 6], "texture": "#1"},
				"down": {"uv": [1, 1, 4, 4], "texture": "#1"}
			}
		},
		{
			"from": [27.5, 28.5, 13.75],
			"to": [28.5, 29.5, 15.875],
			"faces": {
				"north": {"uv": [0, 0, 0.5, 0.5], "texture": "#1"},
				"east": {"uv": [1, 1, 6, 6], "texture": "#1"},
				"south": {"uv": [1, 1, 5, 5], "texture": "#1"},
				"west": {"uv": [1, 1, 6, 5], "texture": "#1"},
				"up": {"uv": [1, 1, 4, 4], "texture": "#1"},
				"down": {"uv": [1, 1, 4, 4], "texture": "#1"}
			}
		},
		{
			"from": [-12.5, 28.5, 13.75],
			"to": [-11.5, 29.5, 15.875],
			"faces": {
				"north": {"uv": [0, 0, 0.5, 0.5], "texture": "#1"},
				"east": {"uv": [1, 1, 6, 6], "texture": "#1"},
				"south": {"uv": [1, 1, 5, 5], "texture": "#1"},
				"west": {"uv": [1, 1, 6, 5], "texture": "#1"},
				"up": {"uv": [1, 1, 4, 4], "texture": "#1"},
				"down": {"uv": [1, 1, 4, 4], "texture": "#1"}
			}
		}
	]
}