{
	"credit": "Made with Blockbench",
	"textures": {
		"2": "custom/yellow2",
		"3": "custom/dark_yellow2",
		"particle": "custom/yellow2"
	},
	"elements": [
		{
			"from": [4.975, 3, 6.75],
			"to": [6.975, 4, 8.25],
			"rotation": {"angle": 0, "axis": "y", "origin": [12.3, 8.13333, 7.5]},
			"faces": {
				"north": {"uv": [0, 0, 2, 1], "texture": "#2"},
				"east": {"uv": [0, 0, 1.5, 1], "texture": "#2"},
				"south": {"uv": [0, 0, 2, 1], "texture": "#2"},
				"west": {"uv": [0, 0, 1.5, 1], "texture": "#2"},
				"up": {"uv": [0, 0, 2, 1.5], "rotation": 180, "texture": "#2"},
				"down": {"uv": [0, 0, 2, 1.5], "rotation": 180, "texture": "#2"}
			}
		},
		{
			"from": [2.975, 2, 6.75],
			"to": [4.975, 3, 8.25],
			"rotation": {"angle": 0, "axis": "y", "origin": [12.3, 8.13333, 7.5]},
			"faces": {
				"north": {"uv": [0, 0, 2, 1], "texture": "#2"},
				"east": {"uv": [0, 0, 1.5, 1], "texture": "#2"},
				"south": {"uv": [0, 0, 2, 1], "texture": "#2"},
				"west": {"uv": [0, 0, 1.5, 1], "texture": "#2"},
				"up": {"uv": [0, 0, 2, 1.5], "rotation": 180, "texture": "#2"},
				"down": {"uv": [0, 0, 2, 1.5], "rotation": 180, "texture": "#2"}
			}
		},
		{
			"from": [-0.025, 2, 6.75],
			"to": [0.975, 3, 8.25],
			"rotation": {"angle": 0, "axis": "y", "origin": [12.3, 8.13333, 7.5]},
			"faces": {
				"north": {"uv": [0, 0, 1, 1], "texture": "#2"},
				"east": {"uv": [0, 0, 1.5, 1], "texture": "#2"},
				"south": {"uv": [0, 0, 1, 1], "texture": "#2"},
				"west": {"uv": [0, 0, 1.5, 1], "texture": "#2"},
				"up": {"uv": [0, 0, 1, 1.5], "rotation": 180, "texture": "#2"},
				"down": {"uv": [0, 0, 1, 1.5], "rotation": 180, "texture": "#2"}
			}
		},
		{
			"from": [0.975, 3, 6.5],
			"to": [1.975, 5, 8.5],
			"rotation": {"angle": 0, "axis": "y", "origin": [12.3, 8.13333, 7.5]},
			"faces": {
				"north": {"uv": [0, 0, 1, 2], "texture": "#2"},
				"east": {"uv": [0, 0, 2, 2], "texture": "#2"},
				"south": {"uv": [0, 0, 1, 2], "texture": "#2"},
				"west": {"uv": [0, 0, 2, 2], "texture": "#2"},
				"up": {"uv": [0, 0, 1, 2], "rotation": 180, "texture": "#2"},
				"down": {"uv": [0, 0, 1, 2], "rotation": 180, "texture": "#2"}
			}
		},
		{
			"from": [1.975, 5, 6],
			"to": [2.975, 7, 8.75],
			"rotation": {"angle": 0, "axis": "y", "origin": [12.3, 8.13333, 7.5]},
			"faces": {
				"north": {"uv": [0, 0, 1, 2], "texture": "#2"},
				"east": {"uv": [0, 0, 2.75, 2], "texture": "#2"},
				"south": {"uv": [0, 0, 1, 2], "texture": "#2"},
				"west": {"uv": [0, 0, 2.75, 2], "texture": "#2"},
				"up": {"uv": [0, 0, 1, 2.75], "rotation": 180, "texture": "#2"},
				"down": {"uv": [0, 0, 1, 2.75], "rotation": 180, "texture": "#2"}
			}
		},
		{
			"from": [2.975, 7, 5.5],
			"to": [3.975, 9, 9.25],
			"rotation": {"angle": 0, "axis": "y", "origin": [12.3, 8.13333, 7.5]},
			"faces": {
				"north": {"uv": [0, 0, 1, 2], "texture": "#2"},
				"east": {"uv": [0, 0, 3.75, 2], "texture": "#2"},
				"south": {"uv": [0, 0, 1, 2], "texture": "#2"},
				"west": {"uv": [0, 0, 3.75, 2], "texture": "#2"},
				"up": {"uv": [0, 0, 1, 3.75], "rotation": 180, "texture": "#2"},
				"down": {"uv": [0, 0, 1, 3.75], "rotation": 180, "texture": "#2"}
			}
		},
		{
			"from": [5.975, 14, 6.5],
			"to": [6.975, 16, 8.5],
			"rotation": {"angle": 0, "axis": "y", "origin": [12.3, 8.13333, 7.5]},
			"faces": {
				"north": {"uv": [0, 0, 1, 2], "texture": "#2"},
				"east": {"uv": [0, 0, 2, 2], "texture": "#2"},
				"south": {"uv": [0, 0, 1, 2], "texture": "#2"},
				"west": {"uv": [0, 0, 2, 2], "texture": "#2"},
				"up": {"uv": [0, 0, 1, 2], "rotation": 180, "texture": "#2"},
				"down": {"uv": [0, 0, 1, 2], "rotation": 180, "texture": "#2"}
			}
		},
		{
			"from": [4.975, 13, 6.25],
			"to": [5.975, 14, 8.75],
			"rotation": {"angle": 0, "axis": "y", "origin": [12.3, 8.13333, 7.5]},
			"faces": {
				"north": {"uv": [0, 0, 1, 1], "texture": "#2"},
				"east": {"uv": [0, 0, 2.5, 1], "texture": "#2"},
				"south": {"uv": [0, 0, 1, 1], "texture": "#2"},
				"west": {"uv": [0, 0, 2.5, 1], "texture": "#2"},
				"up": {"uv": [0, 0, 1, 2.5], "rotation": 180, "texture": "#2"},
				"down": {"uv": [0, 0, 1, 2.5], "rotation": 180, "texture": "#2"}
			}
		},
		{
			"from": [1.975, 9, 6],
			"to": [2.975, 10, 8.75],
			"rotation": {"angle": 0, "axis": "y", "origin": [12.3, 8.13333, 7.5]},
			"faces": {
				"north": {"uv": [0, 0, 1, 1], "texture": "#2"},
				"east": {"uv": [0, 0, 2.75, 1], "texture": "#2"},
				"south": {"uv": [0, 0, 1, 1], "texture": "#2"},
				"west": {"uv": [0, 0, 2.75, 1], "texture": "#2"},
				"up": {"uv": [0, 0, 1, 2.75], "rotation": 180, "texture": "#2"},
				"down": {"uv": [0, 0, 1, 2.75], "rotation": 180, "texture": "#2"}
			}
		},
		{
			"from": [0.975, 10, 6.25],
			"to": [1.975, 11, 8.5],
			"rotation": {"angle": 0, "axis": "y", "origin": [12.3, 8.13333, 7.5]},
			"faces": {
				"north": {"uv": [0, 0, 1, 1], "texture": "#2"},
				"east": {"uv": [0, 0, 2.25, 1], "texture": "#2"},
				"south": {"uv": [0, 0, 1, 1], "texture": "#2"},
				"west": {"uv": [0, 0, 2.25, 1], "texture": "#2"},
				"up": {"uv": [0, 0, 1, 2.25], "rotation": 180, "texture": "#2"},
				"down": {"uv": [0, 0, 1, 2.25], "rotation": 180, "texture": "#2"}
			}
		},
		{
			"from": [-0.025, 11, 6.75],
			"to": [0.975, 13, 8.25],
			"rotation": {"angle": 0, "axis": "y", "origin": [12.3, 8.13333, 7.5]},
			"faces": {
				"north": {"uv": [0, 0, 1, 2], "texture": "#2"},
				"east": {"uv": [0, 0, 1.5, 2], "texture": "#2"},
				"south": {"uv": [0, 0, 1, 2], "texture": "#2"},
				"west": {"uv": [0, 0, 1.5, 2], "texture": "#2"},
				"up": {"uv": [0, 0, 1, 1.5], "rotation": 180, "texture": "#2"},
				"down": {"uv": [0, 0, 1, 1.5], "rotation": 180, "texture": "#2"}
			}
		},
		{
			"from": [0.975, 12, 6.5],
			"to": [5.975, 13, 8.5],
			"rotation": {"angle": 0, "axis": "y", "origin": [12.3, 8.13333, 7.5]},
			"faces": {
				"north": {"uv": [0, 0, 5, 1], "texture": "#2"},
				"east": {"uv": [0, 0, 2, 1], "texture": "#2"},
				"south": {"uv": [0, 0, 5, 1], "texture": "#2"},
				"west": {"uv": [0, 0, 2, 1], "texture": "#2"},
				"up": {"uv": [0, 0, 5, 2], "rotation": 180, "texture": "#2"},
				"down": {"uv": [0, 0, 5, 2], "rotation": 180, "texture": "#2"}
			}
		},
		{
			"from": [-0.025, 1, 7],
			"to": [2.975, 2, 8],
			"rotation": {"angle": 0, "axis": "y", "origin": [12.3, 8.13333, 7.5]},
			"faces": {
				"north": {"uv": [0, 0, 3, 1], "texture": "#2"},
				"east": {"uv": [0, 0, 1, 1], "texture": "#2"},
				"south": {"uv": [0, 0, 3, 1], "texture": "#2"},
				"west": {"uv": [0, 0, 1, 1], "texture": "#2"},
				"up": {"uv": [0, 0, 3, 1], "rotation": 180, "texture": "#2"},
				"down": {"uv": [0, 0, 3, 1], "rotation": 180, "texture": "#2"}
			}
		},
		{
			"from": [6.975, 16, 6.75],
			"to": [8.975, 17, 8.25],
			"rotation": {"angle": 0, "axis": "y", "origin": [12.3, 8.13333, 7.5]},
			"faces": {
				"north": {"uv": [0, 0, 2, 1], "texture": "#2"},
				"east": {"uv": [0, 0, 1.5, 1], "texture": "#2"},
				"south": {"uv": [0, 0, 2, 1], "texture": "#2"},
				"west": {"uv": [0, 0, 1.5, 1], "texture": "#2"},
				"up": {"uv": [0, 0, 2, 1.5], "rotation": 180, "texture": "#2"},
				"down": {"uv": [0, 0, 2, 1.5], "rotation": 180, "texture": "#2"}
			}
		},
		{
			"from": [9, 3, 6.75],
			"to": [11, 4, 8.25],
			"faces": {
				"north": {"uv": [0, 0, 2, 1], "texture": "#2"},
				"east": {"uv": [0, 0, 1.5, 1], "texture": "#2"},
				"south": {"uv": [0, 0, 2, 1], "texture": "#2"},
				"west": {"uv": [0, 0, 1.5, 1], "texture": "#2"},
				"up": {"uv": [0, 0, 2, 1.5], "texture": "#2"},
				"down": {"uv": [0, 0, 2, 1.5], "texture": "#2"}
			}
		},
		{
			"from": [11, 2, 6.75],
			"to": [13, 3, 8.25],
			"faces": {
				"north": {"uv": [0, 0, 2, 1], "texture": "#2"},
				"east": {"uv": [0, 0, 1.5, 1], "texture": "#2"},
				"south": {"uv": [0, 0, 2, 1], "texture": "#2"},
				"west": {"uv": [0, 0, 1.5, 1], "texture": "#2"},
				"up": {"uv": [0, 0, 2, 1.5], "texture": "#2"},
				"down": {"uv": [0, 0, 2, 1.5], "texture": "#2"}
			}
		},
		{
			"from": [15, 2, 6.75],
			"to": [16, 3, 8.25],
			"faces": {
				"north": {"uv": [0, 0, 1, 1], "texture": "#2"},
				"east": {"uv": [0, 0, 1.5, 1], "texture": "#2"},
				"south": {"uv": [0, 0, 1, 1], "texture": "#2"},
				"west": {"uv": [0, 0, 1.5, 1], "texture": "#2"},
				"up": {"uv": [0, 0, 1, 1.5], "texture": "#2"},
				"down": {"uv": [0, 0, 1, 1.5], "texture": "#2"}
			}
		},
		{
			"from": [14, 3, 6.5],
			"to": [15, 5, 8.5],
			"faces": {
				"north": {"uv": [0, 0, 1, 2], "texture": "#2"},
				"east": {"uv": [0, 0, 2, 2], "texture": "#2"},
				"south": {"uv": [0, 0, 1, 2], "texture": "#2"},
				"west": {"uv": [0, 0, 2, 2], "texture": "#2"},
				"up": {"uv": [0, 0, 1, 2], "texture": "#2"},
				"down": {"uv": [0, 0, 1, 2], "texture": "#2"}
			}
		},
		{
			"from": [13, 5, 6],
			"to": [14, 7, 8.75],
			"faces": {
				"north": {"uv": [0, 0, 1, 2], "texture": "#2"},
				"east": {"uv": [0, 0, 2.75, 2], "texture": "#2"},
				"south": {"uv": [0, 0, 1, 2], "texture": "#2"},
				"west": {"uv": [0, 0, 2.75, 2], "texture": "#2"},
				"up": {"uv": [0, 0, 1, 2.75], "texture": "#2"},
				"down": {"uv": [0, 0, 1, 2.75], "texture": "#2"}
			}
		},
		{
			"from": [12, 7, 5.5],
			"to": [13, 9, 9.25],
			"faces": {
				"north": {"uv": [0, 0, 1, 2], "texture": "#2"},
				"east": {"uv": [0, 0, 3.75, 2], "texture": "#2"},
				"south": {"uv": [0, 0, 1, 2], "texture": "#2"},
				"west": {"uv": [0, 0, 3.75, 2], "texture": "#2"},
				"up": {"uv": [0, 0, 1, 3.75], "texture": "#2"},
				"down": {"uv": [0, 0, 1, 3.75], "texture": "#2"}
			}
		},
		{
			"from": [9, 14, 6.5],
			"to": [10, 16, 8.5],
			"faces": {
				"north": {"uv": [0, 0, 1, 2], "texture": "#2"},
				"east": {"uv": [0, 0, 2, 2], "texture": "#2"},
				"south": {"uv": [0, 0, 1, 2], "texture": "#2"},
				"west": {"uv": [0, 0, 2, 2], "texture": "#2"},
				"up": {"uv": [0, 0, 1, 2], "texture": "#2"},
				"down": {"uv": [0, 0, 1, 2], "texture": "#2"}
			}
		},
		{
			"from": [10, 13, 6.25],
			"to": [11, 14, 8.75],
			"faces": {
				"north": {"uv": [0, 0, 1, 1], "texture": "#2"},
				"east": {"uv": [0, 0, 2.5, 1], "texture": "#2"},
				"south": {"uv": [0, 0, 1, 1], "texture": "#2"},
				"west": {"uv": [0, 0, 2.5, 1], "texture": "#2"},
				"up": {"uv": [0, 0, 1, 2.5], "texture": "#2"},
				"down": {"uv": [0, 0, 1, 2.5], "texture": "#2"}
			}
		},
		{
			"from": [13, 9, 7],
			"to": [14, 10, 8],
			"faces": {
				"north": {"uv": [0, 0, 1, 1], "texture": "#2"},
				"east": {"uv": [0, 0, 1, 1], "texture": "#2"},
				"south": {"uv": [0, 0, 1, 1], "texture": "#2"},
				"west": {"uv": [0, 0, 1, 1], "texture": "#2"},
				"up": {"uv": [0, 0, 1, 1], "texture": "#2"},
				"down": {"uv": [0, 0, 1, 1], "texture": "#2"}
			}
		},
		{
			"from": [14, 10, 6.75],
			"to": [15, 11, 8.25],
			"faces": {
				"north": {"uv": [0, 0, 1, 1], "texture": "#2"},
				"east": {"uv": [0, 0, 1.5, 1], "texture": "#2"},
				"south": {"uv": [0, 0, 1, 1], "texture": "#2"},
				"west": {"uv": [0, 0, 1.5, 1], "texture": "#2"},
				"up": {"uv": [0, 0, 1, 1.5], "texture": "#2"},
				"down": {"uv": [0, 0, 1, 1.5], "texture": "#2"}
			}
		},
		{
			"from": [15, 11, 6.75],
			"to": [16, 13, 8.25],
			"faces": {
				"north": {"uv": [0, 0, 1, 2], "texture": "#2"},
				"east": {"uv": [0, 0, 1.5, 2], "texture": "#2"},
				"south": {"uv": [0, 0, 1, 2], "texture": "#2"},
				"west": {"uv": [0, 0, 1.5, 2], "texture": "#2"},
				"up": {"uv": [0, 0, 1, 1.5], "texture": "#2"},
				"down": {"uv": [0, 0, 1, 1.5], "texture": "#2"}
			}
		},
		{
			"from": [10, 12, 6.5],
			"to": [15, 13, 8.5],
			"faces": {
				"north": {"uv": [0, 0, 5, 1], "texture": "#2"},
				"east": {"uv": [0, 0, 2, 1], "texture": "#2"},
				"south": {"uv": [0, 0, 5, 1], "texture": "#2"},
				"west": {"uv": [0, 0, 2, 1], "texture": "#2"},
				"up": {"uv": [0, 0, 5, 2], "texture": "#2"},
				"down": {"uv": [0, 0, 5, 2], "texture": "#2"}
			}
		},
		{
			"from": [13, 1, 7],
			"to": [16, 2, 8],
			"faces": {
				"north": {"uv": [0, 0, 3, 1], "texture": "#2"},
				"east": {"uv": [0, 0, 1, 1], "texture": "#2"},
				"south": {"uv": [0, 0, 3, 1], "texture": "#2"},
				"west": {"uv": [0, 0, 1, 1], "texture": "#2"},
				"up": {"uv": [0, 0, 3, 1], "texture": "#2"},
				"down": {"uv": [0, 0, 3, 1], "texture": "#2"}
			}
		},
		{
			"from": [7, 4, 5],
			"to": [9, 5, 10],
			"faces": {
				"north": {"uv": [0, 0, 2, 1], "texture": "#2"},
				"east": {"uv": [0, 0, 5, 1], "texture": "#2"},
				"south": {"uv": [0, 0, 2, 1], "texture": "#2"},
				"west": {"uv": [0, 0, 5, 1], "texture": "#2"},
				"up": {"uv": [0, 0, 2, 5], "texture": "#2"},
				"down": {"uv": [0, 0, 2, 5], "texture": "#2"}
			}
		},
		{
			"from": [1, 11, 6],
			"to": [15, 12, 9],
			"faces": {
				"north": {"uv": [0, 0, 14, 1], "texture": "#2"},
				"east": {"uv": [0, 0, 3, 1], "texture": "#2"},
				"south": {"uv": [0, 0, 14, 1], "texture": "#2"},
				"west": {"uv": [0, 0, 3, 1], "texture": "#2"},
				"up": {"uv": [0, 0, 14, 3], "texture": "#2"},
				"down": {"uv": [0, 0, 14, 3], "texture": "#2"}
			}
		},
		{
			"from": [3, 10, 5.5],
			"to": [13, 11, 9.5],
			"faces": {
				"north": {"uv": [0, 0, 10, 1], "texture": "#2"},
				"east": {"uv": [0, 0, 4, 1], "texture": "#2"},
				"south": {"uv": [0, 0, 10, 1], "texture": "#2"},
				"west": {"uv": [0, 0, 4, 1], "texture": "#2"},
				"up": {"uv": [0, 0, 10, 4], "texture": "#2"},
				"down": {"uv": [0, 0, 10, 4], "texture": "#2"}
			}
		},
		{
			"from": [4, 9, 5],
			"to": [12, 10, 9.75],
			"faces": {
				"north": {"uv": [0, 0, 8, 1], "texture": "#2"},
				"east": {"uv": [0, 0, 4.75, 1], "texture": "#2"},
				"south": {"uv": [0, 0, 8, 1], "texture": "#2"},
				"west": {"uv": [0, 0, 4.75, 1], "texture": "#2"},
				"up": {"uv": [0, 0, 8, 4.75], "texture": "#2"},
				"down": {"uv": [0, 0, 8, 4.75], "texture": "#2"}
			}
		},
		{
			"from": [4, 5, 5.25],
			"to": [12, 7, 9.75],
			"faces": {
				"north": {"uv": [0, 0, 8, 2], "texture": "#2"},
				"east": {"uv": [0, 0, 4.5, 2], "texture": "#2"},
				"south": {"uv": [0, 0, 8, 2], "texture": "#2"},
				"west": {"uv": [0, 0, 4.5, 2], "texture": "#2"},
				"up": {"uv": [0, 0, 8, 4.5], "texture": "#2"},
				"down": {"uv": [0, 0, 8, 4.5], "texture": "#2"}
			}
		},
		{
			"from": [5, 7, 5],
			"to": [11, 9, 9.75],
			"faces": {
				"north": {"uv": [0, 0, 6, 2], "texture": "#2"},
				"east": {"uv": [0, 0, 4.75, 2], "texture": "#2"},
				"south": {"uv": [0, 0, 6, 2], "texture": "#2"},
				"west": {"uv": [0, 0, 4.75, 2], "texture": "#2"},
				"up": {"uv": [0, 0, 6, 4.75], "texture": "#2"},
				"down": {"uv": [0, 0, 6, 4.75], "texture": "#2"}
			}
		},
		{
			"from": [6, 12, 6],
			"to": [10, 14, 9],
			"faces": {
				"north": {"uv": [4, 0, 8, 2], "texture": "#2"},
				"east": {"uv": [0, 0, 3, 2], "texture": "#2"},
				"south": {"uv": [4, 0, 8, 2], "texture": "#2"},
				"west": {"uv": [0, 0, 3, 2], "texture": "#2"},
				"up": {"uv": [0, 0, 4, 3], "texture": "#2"},
				"down": {"uv": [0, 0, 4, 3], "texture": "#2"}
			}
		},
		{
			"from": [7, 14, 6.25],
			"to": [9, 16, 8.75],
			"faces": {
				"north": {"uv": [0, 0, 2, 2], "texture": "#2"},
				"east": {"uv": [0, 0, 2.5, 2], "texture": "#2"},
				"south": {"uv": [0, 0, 2, 2], "texture": "#2"},
				"west": {"uv": [0, 0, 2.5, 2], "texture": "#2"},
				"up": {"uv": [0, 0, 2, 2.5], "texture": "#2"},
				"down": {"uv": [0, 0, 2, 2.5], "texture": "#2"}
			}
		},
		{
			"from": [11, 4, 5.5],
			"to": [13, 5, 9.5],
			"faces": {
				"north": {"uv": [0, 0, 2, 1], "texture": "#2"},
				"east": {"uv": [0, 0, 4, 1], "texture": "#2"},
				"south": {"uv": [0, 0, 2, 1], "texture": "#2"},
				"west": {"uv": [0, 0, 4, 1], "texture": "#2"},
				"up": {"uv": [0, 0, 2, 4], "texture": "#2"},
				"down": {"uv": [0, 0, 2, 4], "texture": "#2"}
			}
		},
		{
			"from": [3, 4, 5.5],
			"to": [5, 5, 9.5],
			"faces": {
				"north": {"uv": [0, 0, 2, 1], "texture": "#2"},
				"east": {"uv": [0, 0, 4, 1], "texture": "#2"},
				"south": {"uv": [0, 0, 2, 1], "texture": "#2"},
				"west": {"uv": [0, 0, 4, 1], "texture": "#2"},
				"up": {"uv": [0, 0, 2, 4], "texture": "#2"},
				"down": {"uv": [0, 0, 2, 4], "texture": "#2"}
			}
		},
		{
			"from": [1, 2, 6.25],
			"to": [3, 3, 8.75],
			"faces": {
				"north": {"uv": [0, 0, 2, 1], "texture": "#3"},
				"east": {"uv": [0, 0, 2.5, 1], "texture": "#3"},
				"south": {"uv": [0, 0, 2, 1], "texture": "#3"},
				"west": {"uv": [0, 0, 2.5, 1], "texture": "#3"},
				"up": {"uv": [0, 0, 2, 2.5], "texture": "#3"},
				"down": {"uv": [0, 0, 2, 2.5], "texture": "#3"}
			}
		},
		{
			"from": [5, 4, 5.5],
			"to": [7, 5, 9.5],
			"faces": {
				"north": {"uv": [0, 0, 2, 1], "texture": "#3"},
				"east": {"uv": [0, 0, 4, 1], "texture": "#3"},
				"south": {"uv": [0, 0, 2, 1], "texture": "#3"},
				"west": {"uv": [0, 0, 4, 1], "texture": "#3"},
				"up": {"uv": [0, 0, 2, 4], "texture": "#3"},
				"down": {"uv": [0, 0, 2, 4], "texture": "#3"}
			}
		},
		{
			"from": [9, 4, 5.5],
			"to": [11, 5, 9.5],
			"faces": {
				"north": {"uv": [0, 0, 2, 1], "texture": "#3"},
				"east": {"uv": [0, 0, 4, 1], "texture": "#3"},
				"south": {"uv": [0, 0, 2, 1], "texture": "#3"},
				"west": {"uv": [0, 0, 4, 1], "texture": "#3"},
				"up": {"uv": [0, 0, 2, 4], "texture": "#3"},
				"down": {"uv": [0, 0, 2, 4], "texture": "#3"}
			}
		},
		{
			"from": [13, 4, 5.75],
			"to": [14, 5, 9.25],
			"faces": {
				"north": {"uv": [0, 0, 1, 1], "texture": "#3"},
				"east": {"uv": [0, 0, 3.5, 1], "texture": "#3"},
				"south": {"uv": [0, 0, 1, 1], "texture": "#3"},
				"west": {"uv": [0, 0, 3.5, 1], "texture": "#3"},
				"up": {"uv": [0, 0, 1, 3.5], "texture": "#3"},
				"down": {"uv": [0, 0, 1, 3.5], "texture": "#3"}
			}
		},
		{
			"from": [2, 4, 5.75],
			"to": [3, 5, 9.25],
			"faces": {
				"north": {"uv": [0, 0, 1, 1], "texture": "#3"},
				"east": {"uv": [0, 0, 3.5, 1], "texture": "#3"},
				"south": {"uv": [0, 0, 1, 1], "texture": "#3"},
				"west": {"uv": [0, 0, 3.5, 1], "texture": "#3"},
				"up": {"uv": [0, 0, 1, 3.5], "texture": "#3"},
				"down": {"uv": [0, 0, 1, 3.5], "texture": "#3"}
			}
		},
		{
			"from": [3, 5, 5.5],
			"to": [4, 7, 9.5],
			"faces": {
				"north": {"uv": [0, 0, 1, 2], "texture": "#3"},
				"east": {"uv": [0, 0, 4, 2], "texture": "#3"},
				"south": {"uv": [0, 0, 1, 2], "texture": "#3"},
				"west": {"uv": [0, 0, 4, 2], "texture": "#3"},
				"up": {"uv": [0, 0, 1, 4], "texture": "#3"},
				"down": {"uv": [0, 0, 1, 4], "texture": "#3"}
			}
		},
		{
			"from": [12, 5, 5.5],
			"to": [13, 7, 9.5],
			"faces": {
				"north": {"uv": [0, 0, 1, 2], "texture": "#3"},
				"east": {"uv": [0, 0, 4, 2], "texture": "#3"},
				"south": {"uv": [0, 0, 1, 2], "texture": "#3"},
				"west": {"uv": [0, 0, 4, 2], "texture": "#3"},
				"up": {"uv": [0, 0, 1, 4], "texture": "#3"},
				"down": {"uv": [0, 0, 1, 4], "texture": "#3"}
			}
		},
		{
			"from": [11, 7, 5],
			"to": [12, 9, 9.75],
			"faces": {
				"north": {"uv": [0, 0, 1, 2], "texture": "#3"},
				"east": {"uv": [0, 0, 4.75, 2], "texture": "#3"},
				"south": {"uv": [0, 0, 1, 2], "texture": "#3"},
				"west": {"uv": [0, 0, 4.75, 2], "texture": "#3"},
				"up": {"uv": [0, 0, 1, 4.75], "texture": "#3"},
				"down": {"uv": [0, 0, 1, 4.75], "texture": "#3"}
			}
		},
		{
			"from": [12, 9, 5.25],
			"to": [13, 10, 9.5],
			"faces": {
				"north": {"uv": [0, 0, 1, 1], "texture": "#3"},
				"east": {"uv": [0, 0, 4.25, 1], "texture": "#3"},
				"south": {"uv": [0, 0, 1, 1], "texture": "#3"},
				"west": {"uv": [0, 0, 4.25, 1], "texture": "#3"},
				"up": {"uv": [0, 0, 1, 4.25], "texture": "#3"},
				"down": {"uv": [0, 0, 1, 4.25], "texture": "#3"}
			}
		},
		{
			"from": [13, 10, 5.75],
			"to": [14, 11, 9.25],
			"faces": {
				"north": {"uv": [0, 0, 1, 1], "texture": "#3"},
				"east": {"uv": [0, 0, 3.5, 1], "texture": "#3"},
				"south": {"uv": [0, 0, 1, 1], "texture": "#3"},
				"west": {"uv": [0, 0, 3.5, 1], "texture": "#3"},
				"up": {"uv": [0, 0, 1, 3.5], "texture": "#3"},
				"down": {"uv": [0, 0, 1, 3.5], "texture": "#3"}
			}
		},
		{
			"from": [2, 10, 5.75],
			"to": [3, 11, 9.25],
			"faces": {
				"north": {"uv": [0, 0, 1, 1], "texture": "#3"},
				"east": {"uv": [0, 0, 3.5, 1], "texture": "#3"},
				"south": {"uv": [0, 0, 1, 1], "texture": "#3"},
				"west": {"uv": [0, 0, 3.5, 1], "texture": "#3"},
				"up": {"uv": [0, 0, 1, 3.5], "texture": "#3"},
				"down": {"uv": [0, 0, 1, 3.5], "texture": "#3"}
			}
		},
		{
			"from": [3, 9, 5.25],
			"to": [4, 10, 9.5],
			"faces": {
				"north": {"uv": [0, 0, 1, 1], "texture": "#3"},
				"east": {"uv": [0, 0, 4.25, 1], "texture": "#3"},
				"south": {"uv": [0, 0, 1, 1], "texture": "#3"},
				"west": {"uv": [0, 0, 4.25, 1], "texture": "#3"},
				"up": {"uv": [0, 0, 1, 4.25], "texture": "#3"},
				"down": {"uv": [0, 0, 1, 4.25], "texture": "#3"}
			}
		},
		{
			"from": [4, 7, 5],
			"to": [5, 9, 9.75],
			"faces": {
				"north": {"uv": [0, 0, 1, 2], "texture": "#3"},
				"east": {"uv": [0, 0, 4.75, 2], "texture": "#3"},
				"south": {"uv": [0, 0, 1, 2], "texture": "#3"},
				"west": {"uv": [0, 0, 4.75, 2], "texture": "#3"},
				"up": {"uv": [0, 0, 1, 4.75], "texture": "#3"},
				"down": {"uv": [0, 0, 1, 4.75], "texture": "#3"}
			}
		},
		{
			"from": [13, 2, 6.25],
			"to": [15, 3, 8.75],
			"faces": {
				"north": {"uv": [0, 0, 2, 1], "texture": "#3"},
				"east": {"uv": [0, 0, 2.5, 1], "texture": "#3"},
				"south": {"uv": [0, 0, 2, 1], "texture": "#3"},
				"west": {"uv": [0, 0, 2.5, 1], "texture": "#3"},
				"up": {"uv": [0, 0, 2, 2.5], "texture": "#3"},
				"down": {"uv": [0, 0, 2, 2.5], "texture": "#3"}
			}
		},
		{
			"from": [11, 3, 5.75],
			"to": [14, 4, 9.25],
			"faces": {
				"north": {"uv": [0, 0, 3, 1], "texture": "#3"},
				"east": {"uv": [0, 0, 3.5, 1], "texture": "#3"},
				"south": {"uv": [0, 0, 3, 1], "texture": "#3"},
				"west": {"uv": [0, 0, 3.5, 1], "texture": "#3"},
				"up": {"uv": [0, 0, 3, 3.5], "texture": "#3"},
				"down": {"uv": [0, 0, 3, 3.5], "texture": "#3"}
			}
		},
		{
			"from": [2, 3, 5.75],
			"to": [5, 4, 9.25],
			"faces": {
				"north": {"uv": [0, 0, 3, 1], "texture": "#3"},
				"east": {"uv": [0, 0, 3.5, 1], "texture": "#3"},
				"south": {"uv": [0, 0, 3, 1], "texture": "#3"},
				"west": {"uv": [0, 0, 3.5, 1], "texture": "#3"},
				"up": {"uv": [0, 0, 3, 3.5], "texture": "#3"},
				"down": {"uv": [0, 0, 3, 3.5], "texture": "#3"}
			}
		}
	],
	"display": {
		"ground": {
			"translation": [0, 3, 0]
		},
		"head": {
			"translation": [0, 14, 0]
		}
	},
	"groups": [
		{
			"name": "black outside",
			"origin": [8, 8, 8],
			"children": [
				{
					"name": "group",
					"origin": [8, 8, 8],
					"children": [0, 1, 2, 3, 4, 5, 6, 7, 8, 9, 10, 11, 12, 13]
				},
				{
					"name": "group",
					"origin": [8, 8, 8],
					"children": [14, 15, 16, 17, 18, 19, 20, 21, 22, 23, 24, 25, 26, 27]
				}
			]
		},
		{
			"name": "light yellow inside",
			"origin": [8, 8, 8],
			"children": [28, 29, 30, 31, 32, 33, 34, 35, 36]
		},
		{
			"name": "dark yellow inside",
			"origin": [8, 8, 8],
			"children": [37, 38, 39, 40, 41, 42, 43, 44, 45, 46, 47, 48, 49, 50, 51, 52]
		}
	]
}