{
	"credit": "Made with Blockbench",
	"texture_size": [273, 317],
	"textures": {
		"1": "custom/pudzian",
		"2": "custom/black",
		"particle": "custom/black"
	},
	"elements": [
		{
			"from": [1.5, 0, 3.75],
			"to": [14.5, 13, 4.25],
			"faces": {
				"north": {"uv": [0.23443, 0, 15.76557, 16], "texture": "#1"},
				"east": {"uv": [0, 13.59707, 1.28938, 16.05861], "texture": "#1"},
				"south": {"uv": [0, 11.78022, 0.99634, 16], "texture": "#1"},
				"west": {"uv": [0, 13.18681, 1.52381, 16], "texture": "#1"},
				"up": {"uv": [0, 0, 2.57875, 0.99634], "texture": "#1"},
				"down": {"uv": [0, 0, 2.75458, 1.28938], "texture": "#1"}
			}
		},
		{
			"from": [1.5, 7.25, 4.25],
			"to": [2.25, 8.25, 14.25],
			"faces": {
				"north": {"uv": [0, 0, 0.375, 0.5], "texture": "#2"},
				"east": {"uv": [0, 0, 5, 0.5], "texture": "#2"},
				"south": {"uv": [0, 0, 0.375, 0.5], "texture": "#2"},
				"west": {"uv": [0, 0, 5, 0.5], "texture": "#2"},
				"up": {"uv": [0, 0, 0.375, 5], "texture": "#2"},
				"down": {"uv": [0, 0, 0.375, 5], "texture": "#2"}
			}
		},
		{
			"from": [13.75, 7.25, 4.25],
			"to": [14.5, 8.25, 14.25],
			"faces": {
				"north": {"uv": [0, 0, 0.375, 0.5], "texture": "#2"},
				"east": {"uv": [0, 0, 5, 0.5], "texture": "#2"},
				"south": {"uv": [0, 0, 0.375, 0.5], "texture": "#2"},
				"west": {"uv": [0, 0, 5, 0.5], "texture": "#2"},
				"up": {"uv": [0, 0, 0.375, 5], "texture": "#2"},
				"down": {"uv": [0, 0, 0.375, 5], "texture": "#2"}
			}
		}
	],
	"display": {
		"thirdperson_righthand": {
			"scale": [0.5, 0.5, 0.5]
		},
		"head": {
			"translation": [0, 1.5, -3]
		}
	}
}