{
	"credit": "Made with Blockbench",
	"textures": {
		"0": "custom/quartz_bricks",
		"particle": "custom/quartz_bricks"
	},
	"elements": [
		{
			"from": [4, 0, 0],
			"to": [12, 16, 16],
			"rotation": {"angle": 0, "axis": "y", "origin": [8, 8, 8]},
			"faces": {
				"north": {"uv": [0, 0, 8, 16], "texture": "#0"},
				"east": {"uv": [0, 0, 16, 16], "texture": "#0"},
				"south": {"uv": [0, 0, 8, 16], "texture": "#0"},
				"west": {"uv": [0, 0, 16, 16], "texture": "#0"},
				"up": {"uv": [0, 0, 16, 8], "rotation": 270, "texture": "#0"},
				"down": {"uv": [0, 0, 16, 8], "rotation": 90, "texture": "#0"}
			}
		}
	]
}