{
	"credit": "Made with Blockbench",
	"texture_size": [32, 32],
	"textures": {
		"0": "custom/Lock",
		"particle": "custom/Lock"
	},
	"elements": [
		{
			"from": [2, 21.75, 0.9875],
			"to": [14, 23.75, 1.4875],
			"rotation": {"angle": 0, "axis": "y", "origin": [8, 20.2, 14.86875]},
			"faces": {
				"north": {"uv": [0, 9, 5, 10.5], "texture": "#0"},
				"east": {"uv": [0, 9, 4, 10.5], "rotation": 270, "texture": "#0"},
				"south": {"uv": [0, 9, 10, 10.5], "rotation": 180, "texture": "#0"},
				"west": {"uv": [0, 9, 7, 10.5], "rotation": 90, "texture": "#0"},
				"up": {"uv": [0, 9, 8.5, 10.5], "rotation": 180, "texture": "#0"},
				"down": {"uv": [0, 9, 3.5, 10.5], "texture": "#0"}
			}
		},
		{
			"from": [-2, 1.25, 0.25],
			"to": [18, 15.25, 1.25],
			"rotation": {"angle": 0, "axis": "y", "origin": [8, 0.25, 8]},
			"faces": {
				"north": {"uv": [0, 0, 10, 2], "texture": "#0"},
				"east": {"uv": [10, 8, 9.5, 0], "rotation": 270, "texture": "#0"},
				"south": {"uv": [10, 8, 0, 0], "rotation": 180, "texture": "#0"},
				"west": {"uv": [0, 8, 0.5, 4.5], "rotation": 90, "texture": "#0"},
				"up": {"uv": [0, 0, 10, 1], "rotation": 180, "texture": "#0"},
				"down": {"uv": [0, 7, 10, 8], "texture": "#0"}
			}
		},
		{
			"from": [-1, 2.125, 1.25],
			"to": [17, 14.5, 2.25],
			"rotation": {"angle": 0, "axis": "y", "origin": [8, 0.25, 8]},
			"faces": {
				"north": {"uv": [0, 0, 10, 2], "texture": "#0"},
				"east": {"uv": [10, 8, 9.5, 0], "rotation": 270, "texture": "#0"},
				"south": {"uv": [10, 8, 0, 0], "rotation": 180, "texture": "#0"},
				"west": {"uv": [0, 8, 0.5, 4.5], "rotation": 90, "texture": "#0"},
				"up": {"uv": [0, 0, 10, 1], "rotation": 180, "texture": "#0"},
				"down": {"uv": [0, 7, 10, 8], "texture": "#0"}
			}
		},
		{
			"from": [-1, 14.5, 0.05],
			"to": [2, 21.25, 1.1125],
			"rotation": {"angle": 0, "axis": "y", "origin": [8, 20.2, 14.86875]},
			"faces": {
				"north": {"uv": [0, 9, 5, 10.5], "texture": "#0"},
				"east": {"uv": [0, 9, 4, 10.5], "rotation": 270, "texture": "#0"},
				"south": {"uv": [0, 9, 1.5, 13.5], "rotation": 180, "texture": "#0"},
				"west": {"uv": [0, 9, 7, 10.5], "rotation": 90, "texture": "#0"},
				"up": {"uv": [0, 9, 8.5, 10.5], "rotation": 180, "texture": "#0"},
				"down": {"uv": [0, 9, 3.5, 10.5], "texture": "#0"}
			}
		},
		{
			"from": [-0.5, 14.5, 0.9875],
			"to": [1.5, 21.25, 1.4875],
			"rotation": {"angle": 0, "axis": "y", "origin": [8, 20.2, 14.86875]},
			"faces": {
				"north": {"uv": [0, 9, 5, 10.5], "texture": "#0"},
				"east": {"uv": [0, 9, 4, 10.5], "rotation": 270, "texture": "#0"},
				"south": {"uv": [0, 9, 1.5, 13.5], "rotation": 180, "texture": "#0"},
				"west": {"uv": [0, 9, 7, 10.5], "rotation": 90, "texture": "#0"},
				"up": {"uv": [0, 9, 8.5, 10.5], "rotation": 180, "texture": "#0"},
				"down": {"uv": [0, 9, 3.5, 10.5], "texture": "#0"}
			}
		},
		{
			"from": [0, 19.25, -0.0125],
			"to": [4, 23.25, 0.925],
			"rotation": {"angle": 0, "axis": "y", "origin": [8, 20.2, 14.86875]},
			"faces": {
				"north": {"uv": [0, 9, 5, 10.5], "texture": "#0"},
				"east": {"uv": [0, 9, 4, 10.5], "rotation": 270, "texture": "#0"},
				"south": {"uv": [0, 9, 3, 10.5], "rotation": 180, "texture": "#0"},
				"west": {"uv": [0, 9, 7, 10.5], "rotation": 90, "texture": "#0"},
				"up": {"uv": [0, 9, 8.5, 10.5], "rotation": 180, "texture": "#0"},
				"down": {"uv": [0, 9, 3.5, 10.5], "texture": "#0"}
			}
		},
		{
			"from": [0.5, 19.75, 0.9875],
			"to": [3.5, 22.75, 1.425],
			"rotation": {"angle": 0, "axis": "y", "origin": [8, 20.2, 14.86875]},
			"faces": {
				"north": {"uv": [0, 9, 5, 10.5], "texture": "#0"},
				"east": {"uv": [0, 9, 4, 10.5], "rotation": 270, "texture": "#0"},
				"south": {"uv": [0, 9, 3, 10.5], "rotation": 180, "texture": "#0"},
				"west": {"uv": [0, 9, 7, 10.5], "rotation": 90, "texture": "#0"},
				"up": {"uv": [0, 9, 8.5, 10.5], "rotation": 180, "texture": "#0"},
				"down": {"uv": [0, 9, 3.5, 10.5], "texture": "#0"}
			}
		},
		{
			"from": [12, 19.25, -0.0125],
			"to": [16, 23.25, 0.925],
			"rotation": {"angle": 0, "axis": "y", "origin": [8, 20.2, 14.86875]},
			"faces": {
				"north": {"uv": [0, 9, 5, 10.5], "texture": "#0"},
				"east": {"uv": [0, 9, 4, 10.5], "rotation": 270, "texture": "#0"},
				"south": {"uv": [7, 9, 10, 10.5], "rotation": 180, "texture": "#0"},
				"west": {"uv": [0, 9, 7, 10.5], "rotation": 90, "texture": "#0"},
				"up": {"uv": [0, 9, 8.5, 10.5], "rotation": 180, "texture": "#0"},
				"down": {"uv": [0, 9, 3.5, 10.5], "texture": "#0"}
			}
		},
		{
			"from": [12.5, 19.75, 0.9875],
			"to": [15.5, 22.75, 1.425],
			"rotation": {"angle": 0, "axis": "y", "origin": [8, 20.2, 14.86875]},
			"faces": {
				"north": {"uv": [0, 9, 5, 10.5], "texture": "#0"},
				"east": {"uv": [0, 9, 4, 10.5], "rotation": 270, "texture": "#0"},
				"south": {"uv": [7, 9, 10, 10.5], "rotation": 180, "texture": "#0"},
				"west": {"uv": [0, 9, 7, 10.5], "rotation": 90, "texture": "#0"},
				"up": {"uv": [0, 9, 8.5, 10.5], "rotation": 180, "texture": "#0"},
				"down": {"uv": [0, 9, 3.5, 10.5], "texture": "#0"}
			}
		},
		{
			"from": [14, 14.5, 0.05],
			"to": [17, 21.25, 1.1125],
			"rotation": {"angle": 0, "axis": "y", "origin": [8, 20.2, 14.86875]},
			"faces": {
				"north": {"uv": [0, 9, 5, 10.5], "texture": "#0"},
				"east": {"uv": [0, 9, 4, 10.5], "rotation": 270, "texture": "#0"},
				"south": {"uv": [8.5, 9, 10, 13], "rotation": 180, "texture": "#0"},
				"west": {"uv": [0, 9, 7, 10.5], "rotation": 90, "texture": "#0"},
				"up": {"uv": [0, 9, 8.5, 10.5], "rotation": 180, "texture": "#0"},
				"down": {"uv": [0, 9, 3.5, 10.5], "texture": "#0"}
			}
		},
		{
			"from": [14.5, 14.5, 0.9875],
			"to": [16.5, 21.25, 1.4875],
			"rotation": {"angle": 0, "axis": "y", "origin": [8, 20.2, 14.86875]},
			"faces": {
				"north": {"uv": [0, 9, 5, 10.5], "texture": "#0"},
				"east": {"uv": [0, 9, 4, 10.5], "rotation": 270, "texture": "#0"},
				"south": {"uv": [8.5, 9, 10, 13], "rotation": 180, "texture": "#0"},
				"west": {"uv": [0, 9, 7, 10.5], "rotation": 90, "texture": "#0"},
				"up": {"uv": [0, 9, 8.5, 10.5], "rotation": 180, "texture": "#0"},
				"down": {"uv": [0, 9, 3.5, 10.5], "texture": "#0"}
			}
		},
		{
			"from": [2, 21.25, -0.0125],
			"to": [14, 24.25, 0.9875],
			"rotation": {"angle": 0, "axis": "y", "origin": [8, 20.2, 14.86875]},
			"faces": {
				"north": {"uv": [0, 9, 5, 10.5], "texture": "#0"},
				"east": {"uv": [0, 9, 4, 10.5], "rotation": 270, "texture": "#0"},
				"south": {"uv": [0, 9, 10, 10.5], "rotation": 180, "texture": "#0"},
				"west": {"uv": [0, 9, 7, 10.5], "rotation": 90, "texture": "#0"},
				"up": {"uv": [0, 9, 8.5, 10.5], "rotation": 180, "texture": "#0"},
				"down": {"uv": [0, 9, 3.5, 10.5], "texture": "#0"}
			}
		}
	],
	"groups": [
		{
			"name": "group",
			"origin": [8, 8, 8],
			"children": [0, 1, 2, 3, 4, 5, 6, 7, 8, 9, 10, 11]
		}
	]
}