{
	"credit": "Made with Blockbench",
	"texture_size": [32, 32],
	"textures": {
		"0": "custom/Lock",
		"particle": "custom/Lock"
	},
	"elements": [
		{
			"from": [4, 27.375, 1.2375],
			"to": [16, 29.375, 1.7375],
			"rotation": {"angle": -45, "axis": "z", "origin": [8, 20.2, 1.11875]},
			"faces": {
				"north": {"uv": [0, 9, 5, 10.5], "texture": "#0"},
				"east": {"uv": [0, 9, 4, 10.5], "rotation": 270, "texture": "#0"},
				"south": {"uv": [0, 9, 10, 10.5], "rotation": 180, "texture": "#0"},
				"west": {"uv": [0, 9, 7, 10.5], "rotation": 90, "texture": "#0"},
				"up": {"uv": [0, 9, 8.5, 10.5], "rotation": 180, "texture": "#0"},
				"down": {"uv": [0, 9, 3.5, 10.5], "texture": "#0"}
			}
		},
		{
			"from": [-2, 1.25, 0.25],
			"to": [18, 15.25, 1.25],
			"rotation": {"angle": 0, "axis": "y", "origin": [8, 0.25, 8]},
			"faces": {
				"north": {"uv": [0, 0, 10, 2], "texture": "#0"},
				"east": {"uv": [10, 8, 9.5, 0], "rotation": 270, "texture": "#0"},
				"south": {"uv": [10, 8, 0, 0], "rotation": 180, "texture": "#0"},
				"west": {"uv": [0, 8, 0.5, 4.5], "rotation": 90, "texture": "#0"},
				"up": {"uv": [0, 0, 10, 1], "rotation": 180, "texture": "#0"},
				"down": {"uv": [0, 7, 10, 8], "texture": "#0"}
			}
		},
		{
			"from": [-1, 2.125, 1.25],
			"to": [17, 14.5, 2.25],
			"rotation": {"angle": 0, "axis": "y", "origin": [8, 0.25, 8]},
			"faces": {
				"north": {"uv": [0, 0, 10, 2], "texture": "#0"},
				"east": {"uv": [10, 8, 9.5, 0], "rotation": 270, "texture": "#0"},
				"south": {"uv": [10, 8, 0, 0], "rotation": 180, "texture": "#0"},
				"west": {"uv": [0, 8, 0.5, 4.5], "rotation": 90, "texture": "#0"},
				"up": {"uv": [0, 0, 10, 1], "rotation": 180, "texture": "#0"},
				"down": {"uv": [0, 7, 10, 8], "texture": "#0"}
			}
		},
		{
			"from": [1, 20.125, 0.3],
			"to": [4, 26.875, 1.3625],
			"rotation": {"angle": -45, "axis": "z", "origin": [8, 20.2, 1.11875]},
			"faces": {
				"north": {"uv": [0, 9, 5, 10.5], "texture": "#0"},
				"east": {"uv": [0, 9, 4, 10.5], "rotation": 270, "texture": "#0"},
				"south": {"uv": [0, 9, 1.5, 13.5], "rotation": 180, "texture": "#0"},
				"west": {"uv": [0, 9, 7, 10.5], "rotation": 90, "texture": "#0"},
				"up": {"uv": [0, 9, 8.5, 10.5], "rotation": 180, "texture": "#0"},
				"down": {"uv": [0, 9, 3.5, 10.5], "texture": "#0"}
			}
		},
		{
			"from": [1.5, 20.125, 1.2375],
			"to": [3.5, 26.875, 1.7375],
			"rotation": {"angle": -45, "axis": "z", "origin": [8, 20.2, 1.11875]},
			"faces": {
				"north": {"uv": [0, 9, 5, 10.5], "texture": "#0"},
				"east": {"uv": [0, 9, 4, 10.5], "rotation": 270, "texture": "#0"},
				"south": {"uv": [0, 9, 1.5, 13.5], "rotation": 180, "texture": "#0"},
				"west": {"uv": [0, 9, 7, 10.5], "rotation": 90, "texture": "#0"},
				"up": {"uv": [0, 9, 8.5, 10.5], "rotation": 180, "texture": "#0"},
				"down": {"uv": [0, 9, 3.5, 10.5], "texture": "#0"}
			}
		},
		{
			"from": [2, 24.875, 0.2375],
			"to": [6, 28.875, 1.175],
			"rotation": {"angle": -45, "axis": "z", "origin": [8, 20.2, 1.11875]},
			"faces": {
				"north": {"uv": [0, 9, 5, 10.5], "texture": "#0"},
				"east": {"uv": [0, 9, 4, 10.5], "rotation": 270, "texture": "#0"},
				"south": {"uv": [0, 9, 3, 10.5], "rotation": 180, "texture": "#0"},
				"west": {"uv": [0, 9, 7, 10.5], "rotation": 90, "texture": "#0"},
				"up": {"uv": [0, 9, 8.5, 10.5], "rotation": 180, "texture": "#0"},
				"down": {"uv": [0, 9, 3.5, 10.5], "texture": "#0"}
			}
		},
		{
			"from": [2.5, 25.375, 1.2375],
			"to": [5.5, 28.375, 1.675],
			"rotation": {"angle": -45, "axis": "z", "origin": [8, 20.2, 1.11875]},
			"faces": {
				"north": {"uv": [0, 9, 5, 10.5], "texture": "#0"},
				"east": {"uv": [0, 9, 4, 10.5], "rotation": 270, "texture": "#0"},
				"south": {"uv": [0, 9, 3, 10.5], "rotation": 180, "texture": "#0"},
				"west": {"uv": [0, 9, 7, 10.5], "rotation": 90, "texture": "#0"},
				"up": {"uv": [0, 9, 8.5, 10.5], "rotation": 180, "texture": "#0"},
				"down": {"uv": [0, 9, 3.5, 10.5], "texture": "#0"}
			}
		},
		{
			"from": [14, 24.875, 0.2375],
			"to": [18, 28.875, 1.175],
			"rotation": {"angle": -45, "axis": "z", "origin": [8, 20.2, 1.11875]},
			"faces": {
				"north": {"uv": [0, 9, 5, 10.5], "texture": "#0"},
				"east": {"uv": [0, 9, 4, 10.5], "rotation": 270, "texture": "#0"},
				"south": {"uv": [7, 9, 10, 10.5], "rotation": 180, "texture": "#0"},
				"west": {"uv": [0, 9, 7, 10.5], "rotation": 90, "texture": "#0"},
				"up": {"uv": [0, 9, 8.5, 10.5], "rotation": 180, "texture": "#0"},
				"down": {"uv": [0, 9, 3.5, 10.5], "texture": "#0"}
			}
		},
		{
			"from": [14.5, 25.375, 1.2375],
			"to": [17.5, 28.375, 1.675],
			"rotation": {"angle": -45, "axis": "z", "origin": [8, 20.2, 1.11875]},
			"faces": {
				"north": {"uv": [0, 9, 5, 10.5], "texture": "#0"},
				"east": {"uv": [0, 9, 4, 10.5], "rotation": 270, "texture": "#0"},
				"south": {"uv": [7, 9, 10, 10.5], "rotation": 180, "texture": "#0"},
				"west": {"uv": [0, 9, 7, 10.5], "rotation": 90, "texture": "#0"},
				"up": {"uv": [0, 9, 8.5, 10.5], "rotation": 180, "texture": "#0"},
				"down": {"uv": [0, 9, 3.5, 10.5], "texture": "#0"}
			}
		},
		{
			"from": [16, 20.125, 0.3],
			"to": [19, 26.875, 1.3625],
			"rotation": {"angle": -45, "axis": "z", "origin": [8, 20.2, 1.11875]},
			"faces": {
				"north": {"uv": [0, 9, 5, 10.5], "texture": "#0"},
				"east": {"uv": [0, 9, 4, 10.5], "rotation": 270, "texture": "#0"},
				"south": {"uv": [8.5, 9, 10, 13], "rotation": 180, "texture": "#0"},
				"west": {"uv": [0, 9, 7, 10.5], "rotation": 90, "texture": "#0"},
				"up": {"uv": [0, 9, 8.5, 10.5], "rotation": 180, "texture": "#0"},
				"down": {"uv": [0, 9, 3.5, 10.5], "texture": "#0"}
			}
		},
		{
			"from": [16.5, 20.125, 1.2375],
			"to": [18.5, 26.875, 1.7375],
			"rotation": {"angle": -45, "axis": "z", "origin": [8, 20.2, 1.11875]},
			"faces": {
				"north": {"uv": [0, 9, 5, 10.5], "texture": "#0"},
				"east": {"uv": [0, 9, 4, 10.5], "rotation": 270, "texture": "#0"},
				"south": {"uv": [8.5, 9, 10, 13], "rotation": 180, "texture": "#0"},
				"west": {"uv": [0, 9, 7, 10.5], "rotation": 90, "texture": "#0"},
				"up": {"uv": [0, 9, 8.5, 10.5], "rotation": 180, "texture": "#0"},
				"down": {"uv": [0, 9, 3.5, 10.5], "texture": "#0"}
			}
		},
		{
			"from": [4, 26.875, 0.2375],
			"to": [16, 29.875, 1.2375],
			"rotation": {"angle": -45, "axis": "z", "origin": [8, 20.2, 1.11875]},
			"faces": {
				"north": {"uv": [0, 9, 5, 10.5], "texture": "#0"},
				"east": {"uv": [0, 9, 4, 10.5], "rotation": 270, "texture": "#0"},
				"south": {"uv": [0, 9, 10, 10.5], "rotation": 180, "texture": "#0"},
				"west": {"uv": [0, 9, 7, 10.5], "rotation": 90, "texture": "#0"},
				"up": {"uv": [0, 9, 8.5, 10.5], "rotation": 180, "texture": "#0"},
				"down": {"uv": [0, 9, 3.5, 10.5], "texture": "#0"}
			}
		}
	],
	"groups": [
		{
			"name": "group",
			"origin": [8, 8, 8],
			"children": [0, 1, 2, 3, 4, 5, 6, 7, 8, 9, 10, 11]
		}
	]
}