{
	"credit": "Made with Blockbench",
	"textures": {
		"0": "custom/blade_block",
		"particle": "custom/blade_block"
	},
	"elements": [
		{
			"from": [0, -8, 7.5],
			"to": [2, 8, 8.5],
			"rotation": {"angle": 0, "axis": "y", "origin": [0, -12, -0.5]},
			"faces": {
				"north": {"uv": [12, 0, 16, 16], "texture": "#0"},
				"east": {"uv": [0, 0, 1, 16], "texture": "#0"},
				"south": {"uv": [0, 0, 4, 16], "texture": "#0"},
				"west": {"uv": [0, 0, 1, 16], "texture": "#0"},
				"up": {"uv": [0, 0, 2, 1], "texture": "#0"},
				"down": {"uv": [0, 0, 2, 1], "texture": "#0"}
			}
		},
		{
			"from": [2, -6, 7.5],
			"to": [4, 8, 8.5],
			"rotation": {"angle": 0, "axis": "y", "origin": [0, -12, -0.5]},
			"faces": {
				"north": {"uv": [11, 0, 15, 15], "texture": "#0"},
				"east": {"uv": [0, 0, 1, 14], "texture": "#0"},
				"south": {"uv": [1, 0, 5, 16], "texture": "#0"},
				"west": {"uv": [0, 0, 1, 14], "texture": "#0"},
				"up": {"uv": [0, 0, 2, 1], "texture": "#0"},
				"down": {"uv": [0, 0, 2, 1], "texture": "#0"}
			}
		},
		{
			"from": [4, -4, 7.5],
			"to": [6, 8, 8.5],
			"rotation": {"angle": 0, "axis": "y", "origin": [0, -12, -0.5]},
			"faces": {
				"north": {"uv": [11, 0, 15, 15], "texture": "#0"},
				"east": {"uv": [0, 0, 1, 12], "texture": "#0"},
				"south": {"uv": [1, 0, 5, 16], "texture": "#0"},
				"west": {"uv": [0, 0, 1, 12], "texture": "#0"},
				"up": {"uv": [0, 0, 2, 1], "texture": "#0"},
				"down": {"uv": [0, 0, 2, 1], "texture": "#0"}
			}
		},
		{
			"from": [6, -2, 7.5],
			"to": [8, 8, 8.5],
			"rotation": {"angle": 0, "axis": "y", "origin": [0, -12, -0.5]},
			"faces": {
				"north": {"uv": [11, 0, 15, 16], "texture": "#0"},
				"east": {"uv": [0, 0, 1, 10], "texture": "#0"},
				"south": {"uv": [1, 0, 5, 16], "texture": "#0"},
				"west": {"uv": [0, 0, 1, 10], "texture": "#0"},
				"up": {"uv": [0, 0, 2, 1], "texture": "#0"},
				"down": {"uv": [0, 0, 2, 1], "texture": "#0"}
			}
		},
		{
			"from": [8, 0, 7.5],
			"to": [10, 8, 8.5],
			"rotation": {"angle": 0, "axis": "y", "origin": [0, -12, -0.5]},
			"faces": {
				"north": {"uv": [11, 0, 15, 15], "texture": "#0"},
				"east": {"uv": [0, 0, 1, 8], "texture": "#0"},
				"south": {"uv": [1, 0, 5, 16], "texture": "#0"},
				"west": {"uv": [0, 0, 1, 8], "texture": "#0"},
				"up": {"uv": [0, 0, 2, 1], "texture": "#0"},
				"down": {"uv": [0, 0, 2, 1], "texture": "#0"}
			}
		},
		{
			"from": [10, 2, 7.5],
			"to": [12, 8, 8.5],
			"rotation": {"angle": 0, "axis": "y", "origin": [0, -12, -0.5]},
			"faces": {
				"north": {"uv": [11, 0, 15, 16], "texture": "#0"},
				"east": {"uv": [0, 0, 1, 6], "texture": "#0"},
				"south": {"uv": [1, 0, 5, 16], "texture": "#0"},
				"west": {"uv": [0, 0, 1, 6], "texture": "#0"},
				"up": {"uv": [0, 0, 2, 1], "texture": "#0"},
				"down": {"uv": [0, 0, 2, 1], "texture": "#0"}
			}
		},
		{
			"from": [12, 4, 7.5],
			"to": [14, 8, 8.5],
			"rotation": {"angle": 0, "axis": "y", "origin": [0, -12, -0.5]},
			"faces": {
				"north": {"uv": [11, 0, 15, 16], "texture": "#0"},
				"east": {"uv": [0, 0, 1, 4], "texture": "#0"},
				"south": {"uv": [12, 0, 16, 16], "texture": "#0"},
				"west": {"uv": [0, 0, 1, 4], "texture": "#0"},
				"up": {"uv": [0, 0, 2, 1], "texture": "#0"},
				"down": {"uv": [0, 0, 2, 1], "texture": "#0"}
			}
		},
		{
			"from": [14, 5, 7.5],
			"to": [16.125, 8, 8.5],
			"rotation": {"angle": 0, "axis": "y", "origin": [0, -12, -0.5]},
			"faces": {
				"north": {"uv": [0, 0, 4, 16], "texture": "#0"},
				"east": {"uv": [0, 0, 1, 3], "texture": "#0"},
				"south": {"uv": [0, 0, 1.125, 3], "texture": "#0"},
				"west": {"uv": [0, 0, 1, 3], "texture": "#0"},
				"up": {"uv": [0, 0, 1.125, 1], "texture": "#0"},
				"down": {"uv": [0, 0, 1.125, 1], "texture": "#0"}
			}
		},
		{
			"from": [11.75, -12, 7.53],
			"to": [13.25, 6.5, 8.49],
			"rotation": {"angle": -45, "axis": "z", "origin": [12.5, 3.5, 8]},
			"faces": {
				"north": {"uv": [6, 0, 9, 16], "texture": "#0"},
				"east": {"uv": [6, 0, 9, 16], "texture": "#0"},
				"south": {"uv": [6, 0, 9, 16], "texture": "#0"},
				"west": {"uv": [0, 0, 0.96, 16], "texture": "#0"},
				"up": {"uv": [0, 0, 1.5, 0.96], "texture": "#0"},
				"down": {"uv": [0, 0, 1.5, 0.96], "texture": "#0"}
			}
		}
	],
	"groups": [
		{
			"name": "group",
			"origin": [12.5, 15.5, 8.5],
			"children": [0, 1, 2, 3, 4, 5, 6, 7, 8]
		}
	]
}