{
	"credit": "Made with Blockbench",
	"texture_size": [32, 32],
	"textures": {
		"0": "custom/Inside",
		"1": "custom/Pink",
		"2": "custom/Blue",
		"3": "custom/black",
		"particle": "custom/Inside"
	},
	"elements": [
		{
			"from": [5.4375, 9.75, 8.25],
			"to": [10.1875, 10.25, 8.5],
			"rotation": {"angle": 0, "axis": "y", "origin": [7.6875, 10.5, 8.75]},
			"faces": {
				"north": {"uv": [0, 0, 2.375, 0.25], "rotation": 180, "texture": "#3"},
				"east": {"uv": [0, 0, 0.125, 0.25], "rotation": 180, "texture": "#3"},
				"south": {"uv": [0, 0, 2.375, 0.25], "rotation": 180, "texture": "#3"},
				"west": {"uv": [0, 0, 0.125, 0.25], "rotation": 180, "texture": "#3"},
				"up": {"uv": [0, 0, 2.375, 0.125], "rotation": 180, "texture": "#3"},
				"down": {"uv": [0, 0, 2.375, 0.125], "rotation": 180, "texture": "#3"}
			}
		},
		{
			"from": [12.125, 3, 8.25],
			"to": [12.625, 7.75, 8.5],
			"rotation": {"angle": 0, "axis": "y", "origin": [12.125, 5.5, 8.75]},
			"faces": {
				"north": {"uv": [0, 0, 2.375, 0.25], "rotation": 90, "texture": "#3"},
				"east": {"uv": [0, 0, 2.375, 0.125], "rotation": 270, "texture": "#3"},
				"south": {"uv": [0, 0, 2.375, 0.25], "rotation": 270, "texture": "#3"},
				"west": {"uv": [0, 0, 2.375, 0.125], "rotation": 270, "texture": "#3"},
				"up": {"uv": [0, 0, 0.125, 0.25], "rotation": 270, "texture": "#3"},
				"down": {"uv": [0, 0, 0.125, 0.25], "rotation": 270, "texture": "#3"}
			}
		},
		{
			"from": [5.5, 0.5, 8.25],
			"to": [10.25, 1, 8.5],
			"rotation": {"angle": 0, "axis": "y", "origin": [8, 1, 8.75]},
			"faces": {
				"north": {"uv": [0, 0, 2.375, 0.25], "texture": "#3"},
				"east": {"uv": [0, 0, 0.125, 0.25], "texture": "#3"},
				"south": {"uv": [0, 0, 2.375, 0.25], "texture": "#3"},
				"west": {"uv": [0, 0, 0.125, 0.25], "texture": "#3"},
				"up": {"uv": [0, 0, 2.375, 0.125], "texture": "#3"},
				"down": {"uv": [0, 0, 2.375, 0.125], "texture": "#3"}
			}
		},
		{
			"from": [3.125, 3, 8.25],
			"to": [3.625, 7.75, 8.5],
			"rotation": {"angle": 0, "axis": "y", "origin": [3.125, 5.5, 8.75]},
			"faces": {
				"north": {"uv": [0, 0, 2.375, 0.25], "rotation": 90, "texture": "#3"},
				"east": {"uv": [0, 0, 2.375, 0.125], "rotation": 270, "texture": "#3"},
				"south": {"uv": [0, 0, 2.375, 0.25], "rotation": 270, "texture": "#3"},
				"west": {"uv": [0, 0, 2.375, 0.125], "rotation": 270, "texture": "#3"},
				"up": {"uv": [0, 0, 0.125, 0.25], "rotation": 270, "texture": "#3"},
				"down": {"uv": [0, 0, 0.125, 0.25], "rotation": 270, "texture": "#3"}
			}
		},
		{
			"from": [5.25, 0, 7.5],
			"to": [10.5, 1, 8.25],
			"rotation": {"angle": 0, "axis": "y", "origin": [8, 0.5, 8]},
			"faces": {
				"north": {"uv": [0, 0, 2.625, 0.5], "texture": "#3"},
				"east": {"uv": [0, 0, 0.375, 0.5], "texture": "#3"},
				"south": {"uv": [0, 0, 2.625, 0.5], "texture": "#3"},
				"west": {"uv": [0, 0, 0.375, 0.5], "texture": "#3"},
				"up": {"uv": [0, 0, 2.625, 0.375], "texture": "#3"},
				"down": {"uv": [0, 0, 2.625, 0.375], "texture": "#3"}
			}
		},
		{
			"from": [6, -0.25, 7.5],
			"to": [9.75, 0, 8.25],
			"rotation": {"angle": 0, "axis": "y", "origin": [8, 0.25, 8]},
			"faces": {
				"north": {"uv": [0, 0, 1.875, 0.125], "texture": "#3"},
				"east": {"uv": [0, 0, 0.375, 0.125], "texture": "#3"},
				"south": {"uv": [0, 0, 1.875, 0.125], "texture": "#3"},
				"west": {"uv": [0, 0, 0.375, 0.125], "texture": "#3"},
				"up": {"uv": [0, 0, 1.875, 0.375], "texture": "#3"},
				"down": {"uv": [0, 0, 1.875, 0.375], "texture": "#3"}
			}
		},
		{
			"from": [6, 10.75, 7.5],
			"to": [9.75, 11, 8.25],
			"rotation": {"angle": 0, "axis": "y", "origin": [8, 11.25, 8]},
			"faces": {
				"north": {"uv": [0, 0, 1.875, 0.125], "texture": "#3"},
				"east": {"uv": [0, 0, 0.375, 0.125], "texture": "#3"},
				"south": {"uv": [0, 0, 1.875, 0.125], "texture": "#3"},
				"west": {"uv": [0, 0, 0.375, 0.125], "texture": "#3"},
				"up": {"uv": [0, 0, 1.875, 0.375], "texture": "#3"},
				"down": {"uv": [0, 0, 1.875, 0.375], "texture": "#3"}
			}
		},
		{
			"from": [2.375, 3.5, 7.5],
			"to": [2.625, 7.25, 8.25],
			"rotation": {"angle": 0, "axis": "y", "origin": [2.125, 5.5, 8]},
			"faces": {
				"north": {"uv": [0, 0, 1.875, 0.125], "rotation": 90, "texture": "#3"},
				"east": {"uv": [0, 0, 1.875, 0.375], "rotation": 270, "texture": "#3"},
				"south": {"uv": [0, 0, 1.875, 0.125], "rotation": 270, "texture": "#3"},
				"west": {"uv": [0, 0, 1.875, 0.375], "rotation": 270, "texture": "#3"},
				"up": {"uv": [0, 0, 0.375, 0.125], "rotation": 270, "texture": "#3"},
				"down": {"uv": [0, 0, 0.375, 0.125], "rotation": 270, "texture": "#3"}
			}
		},
		{
			"from": [13.125, 3.5, 7.5],
			"to": [13.375, 7.25, 8.25],
			"rotation": {"angle": 0, "axis": "y", "origin": [12.875, 5.5, 8]},
			"faces": {
				"north": {"uv": [0, 0, 1.875, 0.125], "rotation": 90, "texture": "#3"},
				"east": {"uv": [0, 0, 1.875, 0.375], "rotation": 270, "texture": "#3"},
				"south": {"uv": [0, 0, 1.875, 0.125], "rotation": 270, "texture": "#3"},
				"west": {"uv": [0, 0, 1.875, 0.375], "rotation": 270, "texture": "#3"},
				"up": {"uv": [0, 0, 0.375, 0.125], "rotation": 270, "texture": "#3"},
				"down": {"uv": [0, 0, 0.375, 0.125], "rotation": 270, "texture": "#3"}
			}
		},
		{
			"from": [10.5, 0.5, 7.5],
			"to": [11, 1.25, 8.25],
			"rotation": {"angle": 0, "axis": "y", "origin": [8.5, 1.25, 8]},
			"faces": {
				"north": {"uv": [0, 0, 0.25, 0.375], "texture": "#3"},
				"east": {"uv": [0, 0, 0.375, 0.375], "texture": "#3"},
				"south": {"uv": [0, 0, 0.25, 0.375], "texture": "#3"},
				"west": {"uv": [0, 0, 0.375, 0.375], "texture": "#3"},
				"up": {"uv": [0, 0, 0.25, 0.375], "texture": "#3"},
				"down": {"uv": [0, 0, 0.25, 0.375], "texture": "#3"}
			}
		},
		{
			"from": [4.75, 0.5, 7.5],
			"to": [5.25, 1.25, 8.25],
			"rotation": {"angle": 0, "axis": "y", "origin": [2.75, 1.25, 8]},
			"faces": {
				"north": {"uv": [0, 0, 0.25, 0.375], "texture": "#3"},
				"east": {"uv": [0, 0, 0.375, 0.375], "texture": "#3"},
				"south": {"uv": [0, 0, 0.25, 0.375], "texture": "#3"},
				"west": {"uv": [0, 0, 0.375, 0.375], "texture": "#3"},
				"up": {"uv": [0, 0, 0.25, 0.375], "texture": "#3"},
				"down": {"uv": [0, 0, 0.25, 0.375], "texture": "#3"}
			}
		},
		{
			"from": [4.25, 0.9375, 7.5],
			"to": [4.75, 1.75, 8.25],
			"rotation": {"angle": 0, "axis": "y", "origin": [2.25, 1.75, 8]},
			"faces": {
				"north": {"uv": [0, 0, 0.25, 0.40625], "texture": "#3"},
				"east": {"uv": [0, 0, 0.375, 0.40625], "texture": "#3"},
				"south": {"uv": [0, 0, 0.25, 0.40625], "texture": "#3"},
				"west": {"uv": [0, 0, 0.375, 0.40625], "texture": "#3"},
				"up": {"uv": [0, 0, 0.25, 0.375], "texture": "#3"},
				"down": {"uv": [0, 0, 0.25, 0.375], "texture": "#3"}
			}
		},
		{
			"from": [11, 0.9375, 7.5],
			"to": [11.5, 1.75, 8.25],
			"rotation": {"angle": 0, "axis": "y", "origin": [9, 1.75, 8]},
			"faces": {
				"north": {"uv": [0, 0, 0.25, 0.40625], "texture": "#3"},
				"east": {"uv": [0, 0, 0.375, 0.40625], "texture": "#3"},
				"south": {"uv": [0, 0, 0.25, 0.40625], "texture": "#3"},
				"west": {"uv": [0, 0, 0.375, 0.40625], "texture": "#3"},
				"up": {"uv": [0, 0, 0.25, 0.375], "texture": "#3"},
				"down": {"uv": [0, 0, 0.25, 0.375], "texture": "#3"}
			}
		},
		{
			"from": [3.625, 1.75, 7.5],
			"to": [4.375, 2.25, 8.25],
			"rotation": {"angle": 0, "axis": "y", "origin": [3.625, -0.25, 8]},
			"faces": {
				"north": {"uv": [0, 0, 0.25, 0.375], "rotation": 90, "texture": "#3"},
				"east": {"uv": [0, 0, 0.25, 0.375], "rotation": 270, "texture": "#3"},
				"south": {"uv": [0, 0, 0.25, 0.375], "rotation": 270, "texture": "#3"},
				"west": {"uv": [0, 0, 0.25, 0.375], "rotation": 270, "texture": "#3"},
				"up": {"uv": [0, 0, 0.375, 0.375], "rotation": 270, "texture": "#3"},
				"down": {"uv": [0, 0, 0.375, 0.375], "rotation": 270, "texture": "#3"}
			}
		},
		{
			"from": [11.375, 1.75, 7.5],
			"to": [12.1875, 2.25, 8.25],
			"rotation": {"angle": 0, "axis": "y", "origin": [11.375, -0.25, 8]},
			"faces": {
				"north": {"uv": [0, 0, 0.25, 0.40625], "rotation": 90, "texture": "#3"},
				"east": {"uv": [0, 0, 0.25, 0.375], "rotation": 270, "texture": "#3"},
				"south": {"uv": [0, 0, 0.25, 0.40625], "rotation": 270, "texture": "#3"},
				"west": {"uv": [0, 0, 0.25, 0.375], "rotation": 270, "texture": "#3"},
				"up": {"uv": [0, 0, 0.375, 0.40625], "rotation": 270, "texture": "#3"},
				"down": {"uv": [0, 0, 0.375, 0.40625], "rotation": 270, "texture": "#3"}
			}
		},
		{
			"from": [3.125, 2.25, 7.5],
			"to": [3.875, 2.75, 8.25],
			"rotation": {"angle": 0, "axis": "y", "origin": [3.125, 0.25, 8]},
			"faces": {
				"north": {"uv": [0, 0, 0.25, 0.375], "rotation": 90, "texture": "#3"},
				"east": {"uv": [0, 0, 0.25, 0.375], "rotation": 270, "texture": "#3"},
				"south": {"uv": [0, 0, 0.25, 0.375], "rotation": 270, "texture": "#3"},
				"west": {"uv": [0, 0, 0.25, 0.375], "rotation": 270, "texture": "#3"},
				"up": {"uv": [0, 0, 0.375, 0.375], "rotation": 270, "texture": "#3"},
				"down": {"uv": [0, 0, 0.375, 0.375], "rotation": 270, "texture": "#3"}
			}
		},
		{
			"from": [11.875, 2.25, 7.5],
			"to": [12.625, 2.75, 8.25],
			"rotation": {"angle": 0, "axis": "y", "origin": [11.875, 0.25, 8]},
			"faces": {
				"north": {"uv": [0, 0, 0.25, 0.375], "rotation": 90, "texture": "#3"},
				"east": {"uv": [0, 0, 0.25, 0.375], "rotation": 270, "texture": "#3"},
				"south": {"uv": [0, 0, 0.25, 0.375], "rotation": 270, "texture": "#3"},
				"west": {"uv": [0, 0, 0.25, 0.375], "rotation": 270, "texture": "#3"},
				"up": {"uv": [0, 0, 0.375, 0.375], "rotation": 270, "texture": "#3"},
				"down": {"uv": [0, 0, 0.375, 0.375], "rotation": 270, "texture": "#3"}
			}
		},
		{
			"from": [12.125, 2.75, 7.5],
			"to": [13.125, 8, 8.25],
			"rotation": {"angle": 0, "axis": "y", "origin": [12.625, 5.5, 8]},
			"faces": {
				"north": {"uv": [0, 0, 2.625, 0.5], "rotation": 90, "texture": "#3"},
				"east": {"uv": [0, 0, 2.625, 0.375], "rotation": 270, "texture": "#3"},
				"south": {"uv": [0, 0, 2.625, 0.5], "rotation": 270, "texture": "#3"},
				"west": {"uv": [0, 0, 2.625, 0.375], "rotation": 270, "texture": "#3"},
				"up": {"uv": [0, 0, 0.375, 0.5], "rotation": 270, "texture": "#3"},
				"down": {"uv": [0, 0, 0.375, 0.5], "rotation": 270, "texture": "#3"}
			}
		},
		{
			"from": [2.625, 2.75, 7.5],
			"to": [3.625, 8, 8.25],
			"rotation": {"angle": 0, "axis": "y", "origin": [3.125, 5.5, 8]},
			"faces": {
				"north": {"uv": [0, 0, 2.625, 0.5], "rotation": 90, "texture": "#3"},
				"east": {"uv": [0, 0, 2.625, 0.375], "rotation": 270, "texture": "#3"},
				"south": {"uv": [0, 0, 2.625, 0.5], "rotation": 270, "texture": "#3"},
				"west": {"uv": [0, 0, 2.625, 0.375], "rotation": 270, "texture": "#3"},
				"up": {"uv": [0, 0, 0.375, 0.5], "rotation": 270, "texture": "#3"},
				"down": {"uv": [0, 0, 0.375, 0.5], "rotation": 270, "texture": "#3"}
			}
		},
		{
			"from": [3.0625, 8, 7.5],
			"to": [3.8125, 8.5, 8.25],
			"rotation": {"angle": 0, "axis": "y", "origin": [7.6875, 10.5, 8]},
			"faces": {
				"north": {"uv": [0, 0, 0.25, 0.375], "rotation": 270, "texture": "#3"},
				"east": {"uv": [0, 0, 0.25, 0.375], "rotation": 90, "texture": "#3"},
				"south": {"uv": [0, 0, 0.25, 0.375], "rotation": 90, "texture": "#3"},
				"west": {"uv": [0, 0, 0.25, 0.375], "rotation": 90, "texture": "#3"},
				"up": {"uv": [0, 0, 0.375, 0.375], "rotation": 90, "texture": "#3"},
				"down": {"uv": [0, 0, 0.375, 0.375], "rotation": 90, "texture": "#3"}
			}
		},
		{
			"from": [3.5, 8.5, 7.5],
			"to": [4.3125, 9.0625, 8.25],
			"rotation": {"angle": 0, "axis": "y", "origin": [7.6875, 10.5, 8]},
			"faces": {
				"north": {"uv": [0, 0, 0.28125, 0.40625], "rotation": 270, "texture": "#3"},
				"east": {"uv": [0, 0, 0.28125, 0.375], "rotation": 90, "texture": "#3"},
				"south": {"uv": [0, 0, 0.28125, 0.40625], "rotation": 90, "texture": "#3"},
				"west": {"uv": [0, 0, 0.28125, 0.375], "rotation": 90, "texture": "#3"},
				"up": {"uv": [0, 0, 0.375, 0.40625], "rotation": 90, "texture": "#3"},
				"down": {"uv": [0, 0, 0.375, 0.40625], "rotation": 90, "texture": "#3"}
			}
		},
		{
			"from": [4.1875, 9, 7.5],
			"to": [4.6875, 9.8125, 8.25],
			"rotation": {"angle": 0, "axis": "y", "origin": [7.6875, 10.5, 8]},
			"faces": {
				"north": {"uv": [0, 0, 0.25, 0.40625], "rotation": 180, "texture": "#3"},
				"east": {"uv": [0, 0, 0.375, 0.40625], "rotation": 180, "texture": "#3"},
				"south": {"uv": [0, 0, 0.25, 0.40625], "rotation": 180, "texture": "#3"},
				"west": {"uv": [0, 0, 0.375, 0.40625], "rotation": 180, "texture": "#3"},
				"up": {"uv": [0, 0, 0.25, 0.375], "rotation": 180, "texture": "#3"},
				"down": {"uv": [0, 0, 0.25, 0.375], "rotation": 180, "texture": "#3"}
			}
		},
		{
			"from": [4.6875, 9.5, 7.5],
			"to": [5.1875, 10.25, 8.25],
			"rotation": {"angle": 0, "axis": "y", "origin": [7.6875, 10.5, 8]},
			"faces": {
				"north": {"uv": [0, 0, 0.25, 0.375], "rotation": 180, "texture": "#3"},
				"east": {"uv": [0, 0, 0.375, 0.375], "rotation": 180, "texture": "#3"},
				"south": {"uv": [0, 0, 0.25, 0.375], "rotation": 180, "texture": "#3"},
				"west": {"uv": [0, 0, 0.375, 0.375], "rotation": 180, "texture": "#3"},
				"up": {"uv": [0, 0, 0.25, 0.375], "rotation": 180, "texture": "#3"},
				"down": {"uv": [0, 0, 0.25, 0.375], "rotation": 180, "texture": "#3"}
			}
		},
		{
			"from": [5.1875, 9.75, 7.5],
			"to": [10.4375, 10.75, 8.25],
			"rotation": {"angle": 0, "axis": "y", "origin": [7.6875, 10.5, 8]},
			"faces": {
				"north": {"uv": [0, 0, 2.625, 0.5], "rotation": 180, "texture": "#3"},
				"east": {"uv": [0, 0, 0.375, 0.5], "rotation": 180, "texture": "#3"},
				"south": {"uv": [0, 0, 2.625, 0.5], "rotation": 180, "texture": "#3"},
				"west": {"uv": [0, 0, 0.375, 0.5], "rotation": 180, "texture": "#3"},
				"up": {"uv": [0, 0, 2.625, 0.375], "rotation": 180, "texture": "#3"},
				"down": {"uv": [0, 0, 2.625, 0.375], "rotation": 180, "texture": "#3"}
			}
		},
		{
			"from": [10.4375, 9.5, 7.5],
			"to": [10.9375, 10.25, 8.25],
			"rotation": {"angle": 0, "axis": "y", "origin": [7.6875, 10.5, 8]},
			"faces": {
				"north": {"uv": [0, 0, 0.25, 0.375], "rotation": 180, "texture": "#3"},
				"east": {"uv": [0, 0, 0.375, 0.375], "rotation": 180, "texture": "#3"},
				"south": {"uv": [0, 0, 0.25, 0.375], "rotation": 180, "texture": "#3"},
				"west": {"uv": [0, 0, 0.375, 0.375], "rotation": 180, "texture": "#3"},
				"up": {"uv": [0, 0, 0.25, 0.375], "rotation": 180, "texture": "#3"},
				"down": {"uv": [0, 0, 0.25, 0.375], "rotation": 180, "texture": "#3"}
			}
		},
		{
			"from": [10.9375, 9, 7.5],
			"to": [11.4375, 9.8125, 8.25],
			"rotation": {"angle": 0, "axis": "y", "origin": [7.6875, 10.5, 8]},
			"faces": {
				"north": {"uv": [0, 0, 0.25, 0.40625], "rotation": 180, "texture": "#3"},
				"east": {"uv": [0, 0, 0.375, 0.40625], "rotation": 180, "texture": "#3"},
				"south": {"uv": [0, 0, 0.25, 0.40625], "rotation": 180, "texture": "#3"},
				"west": {"uv": [0, 0, 0.375, 0.40625], "rotation": 180, "texture": "#3"},
				"up": {"uv": [0, 0, 0.25, 0.375], "rotation": 180, "texture": "#3"},
				"down": {"uv": [0, 0, 0.25, 0.375], "rotation": 180, "texture": "#3"}
			}
		},
		{
			"from": [11.4375, 9, 7.5],
			"to": [11.6875, 9.5, 8.25],
			"rotation": {"angle": 0, "axis": "y", "origin": [7.9375, 10.5, 8]},
			"faces": {
				"north": {"uv": [0, 0, 0.125, 0.25], "rotation": 180, "texture": "#3"},
				"east": {"uv": [0, 0, 0.375, 0.25], "rotation": 180, "texture": "#3"},
				"south": {"uv": [0, 0, 0.125, 0.25], "rotation": 180, "texture": "#3"},
				"west": {"uv": [0, 0, 0.375, 0.25], "rotation": 180, "texture": "#3"},
				"up": {"uv": [0, 0, 0.125, 0.375], "rotation": 180, "texture": "#3"},
				"down": {"uv": [0, 0, 0.125, 0.375], "rotation": 180, "texture": "#3"}
			}
		},
		{
			"from": [11.4375, 1.25, 7.5],
			"to": [11.6875, 1.75, 8.25],
			"rotation": {"angle": 0, "axis": "y", "origin": [7.9375, 2.75, 8]},
			"faces": {
				"north": {"uv": [0, 0, 0.125, 0.25], "rotation": 180, "texture": "#3"},
				"east": {"uv": [0, 0, 0.375, 0.25], "rotation": 180, "texture": "#3"},
				"south": {"uv": [0, 0, 0.125, 0.25], "rotation": 180, "texture": "#3"},
				"west": {"uv": [0, 0, 0.375, 0.25], "rotation": 180, "texture": "#3"},
				"up": {"uv": [0, 0, 0.125, 0.375], "rotation": 180, "texture": "#3"},
				"down": {"uv": [0, 0, 0.125, 0.375], "rotation": 180, "texture": "#3"}
			}
		},
		{
			"from": [3.9375, 9, 7.5],
			"to": [4.1875, 9.5, 8.25],
			"rotation": {"angle": 0, "axis": "y", "origin": [0.4375, 10.5, 8]},
			"faces": {
				"north": {"uv": [0, 0, 0.125, 0.25], "rotation": 180, "texture": "#3"},
				"east": {"uv": [0, 0, 0.375, 0.25], "rotation": 180, "texture": "#3"},
				"south": {"uv": [0, 0, 0.125, 0.25], "rotation": 180, "texture": "#3"},
				"west": {"uv": [0, 0, 0.375, 0.25], "rotation": 180, "texture": "#3"},
				"up": {"uv": [0, 0, 0.125, 0.375], "rotation": 180, "texture": "#3"},
				"down": {"uv": [0, 0, 0.125, 0.375], "rotation": 180, "texture": "#3"}
			}
		},
		{
			"from": [4, 1.25, 7.5],
			"to": [4.25, 1.75, 8.25],
			"rotation": {"angle": 0, "axis": "y", "origin": [0.5, 2.75, 8]},
			"faces": {
				"north": {"uv": [0, 0, 0.125, 0.25], "rotation": 180, "texture": "#3"},
				"east": {"uv": [0, 0, 0.375, 0.25], "rotation": 180, "texture": "#3"},
				"south": {"uv": [0, 0, 0.125, 0.25], "rotation": 180, "texture": "#3"},
				"west": {"uv": [0, 0, 0.375, 0.25], "rotation": 180, "texture": "#3"},
				"up": {"uv": [0, 0, 0.125, 0.375], "rotation": 180, "texture": "#3"},
				"down": {"uv": [0, 0, 0.125, 0.375], "rotation": 180, "texture": "#3"}
			}
		},
		{
			"from": [11.3125, 8.5, 7.5],
			"to": [12.1875, 9.0625, 8.25],
			"rotation": {"angle": 0, "axis": "y", "origin": [7.6875, 10.5, 8]},
			"faces": {
				"north": {"uv": [0, 0, 0.28125, 0.4375], "rotation": 270, "texture": "#3"},
				"east": {"uv": [0, 0, 0.28125, 0.375], "rotation": 90, "texture": "#3"},
				"south": {"uv": [0, 0, 0.28125, 0.4375], "rotation": 90, "texture": "#3"},
				"west": {"uv": [0, 0, 0.28125, 0.375], "rotation": 90, "texture": "#3"},
				"up": {"uv": [0, 0, 0.375, 0.4375], "rotation": 90, "texture": "#3"},
				"down": {"uv": [0, 0, 0.375, 0.4375], "rotation": 90, "texture": "#3"}
			}
		},
		{
			"from": [11.8125, 8, 7.5],
			"to": [12.5625, 8.5, 8.25],
			"rotation": {"angle": 0, "axis": "y", "origin": [7.6875, 10.5, 8]},
			"faces": {
				"north": {"uv": [0, 0, 0.25, 0.375], "rotation": 270, "texture": "#3"},
				"east": {"uv": [0, 0, 0.25, 0.375], "rotation": 90, "texture": "#3"},
				"south": {"uv": [0, 0, 0.25, 0.375], "rotation": 90, "texture": "#3"},
				"west": {"uv": [0, 0, 0.25, 0.375], "rotation": 90, "texture": "#3"},
				"up": {"uv": [0, 0, 0.375, 0.375], "rotation": 90, "texture": "#3"},
				"down": {"uv": [0, 0, 0.375, 0.375], "rotation": 90, "texture": "#3"}
			}
		},
		{
			"from": [12.125, 3, 7.25],
			"to": [12.625, 7.75, 7.5],
			"rotation": {"angle": 0, "axis": "y", "origin": [12.125, 5.5, 7.75]},
			"faces": {
				"north": {"uv": [0, 0, 2.375, 0.25], "rotation": 90, "texture": "#3"},
				"east": {"uv": [0, 0, 2.375, 0.125], "rotation": 270, "texture": "#3"},
				"south": {"uv": [0, 0, 2.375, 0.25], "rotation": 270, "texture": "#3"},
				"west": {"uv": [0, 0, 2.375, 0.125], "rotation": 270, "texture": "#3"},
				"up": {"uv": [0, 0, 0.125, 0.25], "rotation": 270, "texture": "#3"},
				"down": {"uv": [0, 0, 0.125, 0.25], "rotation": 270, "texture": "#3"}
			}
		},
		{
			"from": [3.125, 3, 7.25],
			"to": [3.625, 7.75, 7.5],
			"rotation": {"angle": 0, "axis": "y", "origin": [3.125, 5.5, 7.75]},
			"faces": {
				"north": {"uv": [0, 0, 2.375, 0.25], "rotation": 90, "texture": "#3"},
				"east": {"uv": [0, 0, 2.375, 0.125], "rotation": 270, "texture": "#3"},
				"south": {"uv": [0, 0, 2.375, 0.25], "rotation": 270, "texture": "#3"},
				"west": {"uv": [0, 0, 2.375, 0.125], "rotation": 270, "texture": "#3"},
				"up": {"uv": [0, 0, 0.125, 0.25], "rotation": 270, "texture": "#3"},
				"down": {"uv": [0, 0, 0.125, 0.25], "rotation": 270, "texture": "#3"}
			}
		},
		{
			"from": [5.4375, 9.75, 7.25],
			"to": [10.1875, 10.25, 7.5],
			"rotation": {"angle": 0, "axis": "y", "origin": [7.6875, 10.5, 7.75]},
			"faces": {
				"north": {"uv": [0, 0, 2.375, 0.25], "rotation": 180, "texture": "#3"},
				"east": {"uv": [0, 0, 0.125, 0.25], "rotation": 180, "texture": "#3"},
				"south": {"uv": [0, 0, 2.375, 0.25], "rotation": 180, "texture": "#3"},
				"west": {"uv": [0, 0, 0.125, 0.25], "rotation": 180, "texture": "#3"},
				"up": {"uv": [0, 0, 2.375, 0.125], "rotation": 180, "texture": "#3"},
				"down": {"uv": [0, 0, 2.375, 0.125], "rotation": 180, "texture": "#3"}
			}
		},
		{
			"from": [5.5, 0.5, 7.25],
			"to": [10.25, 1, 7.5],
			"rotation": {"angle": 0, "axis": "y", "origin": [8, 1, 7.75]},
			"faces": {
				"north": {"uv": [0, 0, 2.375, 0.25], "texture": "#3"},
				"east": {"uv": [0, 0, 0.125, 0.25], "texture": "#3"},
				"south": {"uv": [0, 0, 2.375, 0.25], "texture": "#3"},
				"west": {"uv": [0, 0, 0.125, 0.25], "texture": "#3"},
				"up": {"uv": [0, 0, 2.375, 0.125], "texture": "#3"},
				"down": {"uv": [0, 0, 2.375, 0.125], "texture": "#3"}
			}
		},
		{
			"from": [3.625, 2.0625, 7.75],
			"to": [5.125, 9, 8],
			"rotation": {"angle": 0, "axis": "y", "origin": [7.625, 5.5, 7.75]},
			"faces": {
				"north": {"uv": [0, 0, 3.46875, 0.75], "rotation": 90, "texture": "#0"},
				"east": {"uv": [0, 0, 3.46875, 0.125], "rotation": 270, "texture": "#0"},
				"south": {"uv": [0, 0, 3.46875, 0.75], "rotation": 270, "texture": "#0"},
				"west": {"uv": [0, 0, 3.46875, 0.125], "rotation": 270, "texture": "#0"},
				"up": {"uv": [0, 0, 0.125, 0.75], "rotation": 270, "texture": "#0"},
				"down": {"uv": [0, 0, 0.125, 0.75], "rotation": 270, "texture": "#0"}
			}
		},
		{
			"from": [4.3125, 8.25, 7.75],
			"to": [11.3125, 9.75, 8],
			"rotation": {"angle": 0, "axis": "y", "origin": [7.75, 5.25, 7.75]},
			"faces": {
				"north": {"uv": [0, 0, 3.5, 0.75], "texture": "#0"},
				"east": {"uv": [0, 0, 0.125, 0.75], "texture": "#0"},
				"south": {"uv": [0, 0, 3.5, 0.75], "texture": "#0"},
				"west": {"uv": [0, 0, 0.125, 0.75], "texture": "#0"},
				"up": {"uv": [0, 0, 3.5, 0.125], "texture": "#0"},
				"down": {"uv": [0, 0, 3.5, 0.125], "texture": "#0"}
			}
		},
		{
			"from": [5.9375, 7.75, 7.75],
			"to": [9.9375, 8.25, 8],
			"rotation": {"angle": 0, "axis": "y", "origin": [6.375, 4.25, 7.75]},
			"faces": {
				"north": {"uv": [0, 0, 2, 0.25], "texture": "#0"},
				"east": {"uv": [0, 0, 0.125, 0.25], "texture": "#0"},
				"south": {"uv": [0, 0, 2, 0.25], "texture": "#0"},
				"west": {"uv": [0, 0, 0.125, 0.25], "texture": "#0"},
				"up": {"uv": [0, 0, 2, 0.125], "texture": "#0"},
				"down": {"uv": [0, 0, 2, 0.125], "texture": "#0"}
			}
		},
		{
			"from": [5.9375, 2.5, 7.75],
			"to": [10.1875, 3, 8],
			"rotation": {"angle": 0, "axis": "y", "origin": [6.375, -1, 7.75]},
			"faces": {
				"north": {"uv": [0, 0, 2.125, 0.25], "texture": "#0"},
				"east": {"uv": [0, 0, 0.125, 0.25], "texture": "#0"},
				"south": {"uv": [0, 0, 2.125, 0.25], "texture": "#0"},
				"west": {"uv": [0, 0, 0.125, 0.25], "texture": "#0"},
				"up": {"uv": [0, 0, 2.125, 0.125], "texture": "#0"},
				"down": {"uv": [0, 0, 2.125, 0.125], "texture": "#0"}
			}
		},
		{
			"from": [10.375, 3.25, 7.75],
			"to": [10.875, 7.25, 8],
			"rotation": {"angle": 0, "axis": "y", "origin": [14.375, 3.5, 7.75]},
			"faces": {
				"north": {"uv": [0, 0, 2, 0.25], "rotation": 90, "texture": "#0"},
				"east": {"uv": [0, 0, 2, 0.125], "rotation": 270, "texture": "#0"},
				"south": {"uv": [0, 0, 2, 0.25], "rotation": 270, "texture": "#0"},
				"west": {"uv": [0, 0, 2, 0.125], "rotation": 270, "texture": "#0"},
				"up": {"uv": [0, 0, 0.125, 0.25], "rotation": 270, "texture": "#0"},
				"down": {"uv": [0, 0, 0.125, 0.25], "rotation": 270, "texture": "#0"}
			}
		},
		{
			"from": [5.125, 3.25, 7.75],
			"to": [5.625, 7.25, 8],
			"rotation": {"angle": 0, "axis": "y", "origin": [9.125, 3.5, 7.75]},
			"faces": {
				"north": {"uv": [0, 0, 2, 0.25], "rotation": 90, "texture": "#0"},
				"east": {"uv": [0, 0, 2, 0.125], "rotation": 270, "texture": "#0"},
				"south": {"uv": [0, 0, 2, 0.25], "rotation": 270, "texture": "#0"},
				"west": {"uv": [0, 0, 2, 0.125], "rotation": 270, "texture": "#0"},
				"up": {"uv": [0, 0, 0.125, 0.25], "rotation": 270, "texture": "#0"},
				"down": {"uv": [0, 0, 0.125, 0.25], "rotation": 270, "texture": "#0"}
			}
		},
		{
			"from": [4.75, 2.0625, 7.75],
			"to": [6.5625, 3.9375, 8],
			"rotation": {"angle": 0, "axis": "y", "origin": [2.6875, -0.9375, 7.75]},
			"faces": {
				"north": {"uv": [0, 0, 0.90625, 0.9375], "texture": "#0"},
				"east": {"uv": [0, 0, 0.125, 0.9375], "texture": "#0"},
				"south": {"uv": [0, 0, 0.90625, 0.9375], "texture": "#0"},
				"west": {"uv": [0, 0, 0.125, 0.9375], "texture": "#0"},
				"up": {"uv": [0, 0, 0.90625, 0.125], "texture": "#0"},
				"down": {"uv": [0, 0, 0.90625, 0.125], "texture": "#0"}
			}
		},
		{
			"from": [4.75, 7.1875, 7.75],
			"to": [6.3125, 8.75, 8],
			"rotation": {"angle": 0, "axis": "y", "origin": [2.6875, 4.25, 7.75]},
			"faces": {
				"north": {"uv": [0, 0, 0.78125, 0.78125], "texture": "#0"},
				"east": {"uv": [0, 0, 0.125, 0.78125], "texture": "#0"},
				"south": {"uv": [0, 0, 0.78125, 0.78125], "texture": "#0"},
				"west": {"uv": [0, 0, 0.125, 0.78125], "texture": "#0"},
				"up": {"uv": [0, 0, 0.78125, 0.125], "texture": "#0"},
				"down": {"uv": [0, 0, 0.78125, 0.125], "texture": "#0"}
			}
		},
		{
			"from": [9.75, 2.0625, 7.75],
			"to": [11.375, 3.6875, 8],
			"rotation": {"angle": 0, "axis": "y", "origin": [7.8125, -0.9375, 7.75]},
			"faces": {
				"north": {"uv": [0, 0, 0.8125, 0.8125], "texture": "#0"},
				"east": {"uv": [0, 0, 0.125, 0.8125], "texture": "#0"},
				"south": {"uv": [0, 0, 0.8125, 0.8125], "texture": "#0"},
				"west": {"uv": [0, 0, 0.125, 0.8125], "texture": "#0"},
				"up": {"uv": [0, 0, 0.8125, 0.125], "texture": "#0"},
				"down": {"uv": [0, 0, 0.8125, 0.125], "texture": "#0"}
			}
		},
		{
			"from": [9.4375, 6.8125, 7.75],
			"to": [11.375, 8.75, 8],
			"rotation": {"angle": 0, "axis": "y", "origin": [7.8125, 4.25, 7.75]},
			"faces": {
				"north": {"uv": [0, 0, 0.96875, 0.96875], "texture": "#0"},
				"east": {"uv": [0, 0, 0.125, 0.96875], "texture": "#0"},
				"south": {"uv": [0, 0, 0.96875, 0.96875], "texture": "#0"},
				"west": {"uv": [0, 0, 0.125, 0.96875], "texture": "#0"},
				"up": {"uv": [0, 0, 0.96875, 0.125], "texture": "#0"},
				"down": {"uv": [0, 0, 0.96875, 0.125], "texture": "#0"}
			}
		},
		{
			"from": [9.6875, 6.6875, 7.75],
			"to": [10.5625, 7.4375, 8],
			"rotation": {"angle": 0, "axis": "y", "origin": [8.0625, 4.125, 7.75]},
			"faces": {
				"north": {"uv": [0, 0, 0.4375, 0.375], "texture": "#0"},
				"east": {"uv": [0, 0, 0.125, 0.375], "texture": "#0"},
				"south": {"uv": [0, 0, 0.4375, 0.375], "texture": "#0"},
				"west": {"uv": [0, 0, 0.125, 0.375], "texture": "#0"},
				"up": {"uv": [0, 0, 0.4375, 0.125], "texture": "#0"},
				"down": {"uv": [0, 0, 0.4375, 0.125], "texture": "#0"}
			}
		},
		{
			"from": [9.125, 7.3125, 7.75],
			"to": [10, 8.0625, 8],
			"rotation": {"angle": 0, "axis": "y", "origin": [7.5, 4.75, 7.75]},
			"faces": {
				"north": {"uv": [0, 0, 0.4375, 0.375], "texture": "#0"},
				"east": {"uv": [0, 0, 0.125, 0.375], "texture": "#0"},
				"south": {"uv": [0, 0, 0.4375, 0.375], "texture": "#0"},
				"west": {"uv": [0, 0, 0.125, 0.375], "texture": "#0"},
				"up": {"uv": [0, 0, 0.4375, 0.125], "texture": "#0"},
				"down": {"uv": [0, 0, 0.4375, 0.125], "texture": "#0"}
			}
		},
		{
			"from": [5.9375, 2.625, 7.75],
			"to": [6.8125, 3.375, 8],
			"rotation": {"angle": 0, "axis": "y", "origin": [4.3125, 0.0625, 7.75]},
			"faces": {
				"north": {"uv": [0, 0, 0.4375, 0.375], "texture": "#0"},
				"east": {"uv": [0, 0, 0.125, 0.375], "texture": "#0"},
				"south": {"uv": [0, 0, 0.4375, 0.375], "texture": "#0"},
				"west": {"uv": [0, 0, 0.125, 0.375], "texture": "#0"},
				"up": {"uv": [0, 0, 0.4375, 0.125], "texture": "#0"},
				"down": {"uv": [0, 0, 0.4375, 0.125], "texture": "#0"}
			}
		},
		{
			"from": [5.125, 3.5, 7.75],
			"to": [6, 4.25, 8],
			"rotation": {"angle": 0, "axis": "y", "origin": [3.5, 0.9375, 7.75]},
			"faces": {
				"north": {"uv": [0, 0, 0.4375, 0.375], "texture": "#0"},
				"east": {"uv": [0, 0, 0.125, 0.375], "texture": "#0"},
				"south": {"uv": [0, 0, 0.4375, 0.375], "texture": "#0"},
				"west": {"uv": [0, 0, 0.125, 0.375], "texture": "#0"},
				"up": {"uv": [0, 0, 0.4375, 0.125], "texture": "#0"},
				"down": {"uv": [0, 0, 0.4375, 0.125], "texture": "#0"}
			}
		},
		{
			"from": [10.8125, 2.0625, 7.75],
			"to": [12.125, 9, 8],
			"rotation": {"angle": 0, "axis": "y", "origin": [7.5625, 5.5, 7.75]},
			"faces": {
				"north": {"uv": [0, 0, 3.46875, 0.65625], "rotation": 90, "texture": "#0"},
				"east": {"uv": [0, 0, 3.46875, 0.125], "rotation": 270, "texture": "#0"},
				"south": {"uv": [0, 0, 3.46875, 0.65625], "rotation": 270, "texture": "#0"},
				"west": {"uv": [0, 0, 3.46875, 0.125], "rotation": 270, "texture": "#0"},
				"up": {"uv": [0, 0, 0.125, 0.65625], "rotation": 270, "texture": "#0"},
				"down": {"uv": [0, 0, 0.125, 0.65625], "rotation": 270, "texture": "#0"}
			}
		},
		{
			"from": [4.3125, 1, 7.75],
			"to": [11.375, 2.5, 8],
			"rotation": {"angle": 0, "axis": "y", "origin": [7.75, 5.25, 7.75]},
			"faces": {
				"north": {"uv": [0, 0, 3.53125, 0.75], "texture": "#0"},
				"east": {"uv": [0, 0, 0.125, 0.75], "texture": "#0"},
				"south": {"uv": [0, 0, 3.53125, 0.75], "texture": "#0"},
				"west": {"uv": [0, 0, 0.125, 0.75], "texture": "#0"},
				"up": {"uv": [0, 0, 3.53125, 0.125], "texture": "#0"},
				"down": {"uv": [0, 0, 3.53125, 0.125], "texture": "#0"}
			}
		},
		{
			"from": [9.5, 4.125, 7.4375],
			"to": [10.375, 5, 8.1875],
			"rotation": {"angle": 0, "axis": "y", "origin": [17.375, 12.125, 15.4375]},
			"faces": {
				"north": {"uv": [0, 0, 0.4375, 0.4375], "texture": "#1"},
				"east": {"uv": [0, 0, 0.375, 0.4375], "texture": "#1"},
				"south": {"uv": [0, 0, 0.4375, 0.4375], "texture": "#1"},
				"west": {"uv": [0, 0, 0.375, 0.4375], "texture": "#1"},
				"up": {"uv": [0, 0, 0.4375, 0.375], "texture": "#1"},
				"down": {"uv": [0, 0, 0.4375, 0.375], "texture": "#1"}
			}
		},
		{
			"from": [6.6875, 7, 7.4375],
			"to": [7.5625, 7.875, 8.1875],
			"rotation": {"angle": 0, "axis": "y", "origin": [14.5625, 15, 15.4375]},
			"faces": {
				"north": {"uv": [0, 0, 0.4375, 0.4375], "texture": "#1"},
				"east": {"uv": [0, 0, 0.375, 0.4375], "texture": "#1"},
				"south": {"uv": [0, 0, 0.4375, 0.4375], "texture": "#1"},
				"west": {"uv": [0, 0, 0.375, 0.4375], "texture": "#1"},
				"up": {"uv": [0, 0, 0.4375, 0.375], "texture": "#1"},
				"down": {"uv": [0, 0, 0.4375, 0.375], "texture": "#1"}
			}
		},
		{
			"from": [6.125, 3.5, 7.4375],
			"to": [6.625, 4, 8.1875],
			"rotation": {"angle": 0, "axis": "y", "origin": [6.375, 3.8125, 7.6875]},
			"faces": {
				"north": {"uv": [0, 0, 0.25, 0.25], "rotation": 180, "texture": "#1"},
				"east": {"uv": [0, 0, 0.375, 0.25], "rotation": 180, "texture": "#1"},
				"south": {"uv": [0, 0, 0.25, 0.25], "rotation": 180, "texture": "#1"},
				"west": {"uv": [0, 0, 0.375, 0.25], "rotation": 180, "texture": "#1"},
				"up": {"uv": [0, 0, 0.25, 0.375], "rotation": 180, "texture": "#1"},
				"down": {"uv": [0, 0, 0.25, 0.375], "rotation": 180, "texture": "#1"}
			}
		},
		{
			"from": [5.875, 3.75, 7.4375],
			"to": [6.375, 4.25, 8.1875],
			"rotation": {"angle": 0, "axis": "y", "origin": [6.375, 3.8125, 7.6875]},
			"faces": {
				"north": {"uv": [0, 0, 0.25, 0.25], "rotation": 180, "texture": "#1"},
				"east": {"uv": [0, 0, 0.375, 0.25], "rotation": 180, "texture": "#1"},
				"south": {"uv": [0, 0, 0.25, 0.25], "rotation": 180, "texture": "#1"},
				"west": {"uv": [0, 0, 0.375, 0.25], "rotation": 180, "texture": "#1"},
				"up": {"uv": [0, 0, 0.25, 0.375], "rotation": 180, "texture": "#1"},
				"down": {"uv": [0, 0, 0.25, 0.375], "rotation": 180, "texture": "#1"}
			}
		},
		{
			"from": [6.4375, 3.25, 7.4375],
			"to": [6.9375, 3.75, 8.1875],
			"rotation": {"angle": 0, "axis": "y", "origin": [6.375, 3.8125, 7.6875]},
			"faces": {
				"north": {"uv": [0, 0, 0.25, 0.25], "rotation": 180, "texture": "#1"},
				"east": {"uv": [0, 0, 0.375, 0.25], "rotation": 180, "texture": "#1"},
				"south": {"uv": [0, 0, 0.25, 0.25], "rotation": 180, "texture": "#1"},
				"west": {"uv": [0, 0, 0.375, 0.25], "rotation": 180, "texture": "#1"},
				"up": {"uv": [0, 0, 0.25, 0.375], "rotation": 180, "texture": "#1"},
				"down": {"uv": [0, 0, 0.25, 0.375], "rotation": 180, "texture": "#1"}
			}
		},
		{
			"from": [6.6875, 3, 7.4375],
			"to": [7.75, 3.5, 8.1875],
			"rotation": {"angle": 0, "axis": "y", "origin": [6.375, 3.8125, 7.6875]},
			"faces": {
				"north": {"uv": [0, 0, 0.53125, 0.25], "rotation": 180, "texture": "#1"},
				"east": {"uv": [0, 0, 0.375, 0.25], "rotation": 180, "texture": "#1"},
				"south": {"uv": [0, 0, 0.53125, 0.25], "rotation": 180, "texture": "#1"},
				"west": {"uv": [0, 0, 0.375, 0.25], "rotation": 180, "texture": "#1"},
				"up": {"uv": [0, 0, 0.53125, 0.375], "rotation": 180, "texture": "#1"},
				"down": {"uv": [0, 0, 0.53125, 0.375], "rotation": 180, "texture": "#1"}
			}
		},
		{
			"from": [5.625, 4.0625, 7.4375],
			"to": [6.125, 5.125, 8.1875],
			"rotation": {"angle": 0, "axis": "y", "origin": [6.375, 3.8125, 7.6875]},
			"faces": {
				"north": {"uv": [0, 0, 0.53125, 0.25], "rotation": 270, "texture": "#1"},
				"east": {"uv": [0, 0, 0.53125, 0.375], "rotation": 90, "texture": "#1"},
				"south": {"uv": [0, 0, 0.53125, 0.25], "rotation": 90, "texture": "#1"},
				"west": {"uv": [0, 0, 0.53125, 0.375], "rotation": 90, "texture": "#1"},
				"up": {"uv": [0, 0, 0.375, 0.25], "rotation": 90, "texture": "#1"},
				"down": {"uv": [0, 0, 0.375, 0.25], "rotation": 90, "texture": "#1"}
			}
		},
		{
			"from": [10.5625, 8.25, 7.4375],
			"to": [11.0625, 8.75, 8.1875],
			"rotation": {"angle": 0, "axis": "y", "origin": [8.5625, 6.1875, 7.6875]},
			"faces": {
				"north": {"uv": [0, 0, 0.25, 0.25], "texture": "#1"},
				"east": {"uv": [0, 0, 0.375, 0.25], "texture": "#1"},
				"south": {"uv": [0, 0, 0.25, 0.25], "texture": "#1"},
				"west": {"uv": [0, 0, 0.375, 0.25], "texture": "#1"},
				"up": {"uv": [0, 0, 0.25, 0.375], "texture": "#1"},
				"down": {"uv": [0, 0, 0.25, 0.375], "texture": "#1"}
			}
		},
		{
			"from": [10.8125, 8, 7.4375],
			"to": [11.3125, 8.5, 8.1875],
			"rotation": {"angle": 0, "axis": "y", "origin": [8.5625, 6.1875, 7.6875]},
			"faces": {
				"north": {"uv": [0, 0, 0.25, 0.25], "texture": "#1"},
				"east": {"uv": [0, 0, 0.375, 0.25], "texture": "#1"},
				"south": {"uv": [0, 0, 0.25, 0.25], "texture": "#1"},
				"west": {"uv": [0, 0, 0.375, 0.25], "texture": "#1"},
				"up": {"uv": [0, 0, 0.25, 0.375], "texture": "#1"},
				"down": {"uv": [0, 0, 0.25, 0.375], "texture": "#1"}
			}
		},
		{
			"from": [10.25, 8.5, 7.4375],
			"to": [10.75, 9, 8.1875],
			"rotation": {"angle": 0, "axis": "y", "origin": [8.5625, 6.1875, 7.6875]},
			"faces": {
				"north": {"uv": [0, 0, 0.25, 0.25], "texture": "#1"},
				"east": {"uv": [0, 0, 0.375, 0.25], "texture": "#1"},
				"south": {"uv": [0, 0, 0.25, 0.25], "texture": "#1"},
				"west": {"uv": [0, 0, 0.375, 0.25], "texture": "#1"},
				"up": {"uv": [0, 0, 0.25, 0.375], "texture": "#1"},
				"down": {"uv": [0, 0, 0.25, 0.375], "texture": "#1"}
			}
		},
		{
			"from": [9.4375, 8.8125, 7.4375],
			"to": [10.5, 9.3125, 8.1875],
			"rotation": {"angle": 0, "axis": "y", "origin": [8.5625, 6.1875, 7.6875]},
			"faces": {
				"north": {"uv": [0, 0, 0.53125, 0.25], "texture": "#1"},
				"east": {"uv": [0, 0, 0.375, 0.25], "texture": "#1"},
				"south": {"uv": [0, 0, 0.53125, 0.25], "texture": "#1"},
				"west": {"uv": [0, 0, 0.375, 0.25], "texture": "#1"},
				"up": {"uv": [0, 0, 0.53125, 0.375], "texture": "#1"},
				"down": {"uv": [0, 0, 0.53125, 0.375], "texture": "#1"}
			}
		},
		{
			"from": [11.125, 7.125, 7.4375],
			"to": [11.625, 8.1875, 8.1875],
			"rotation": {"angle": 0, "axis": "y", "origin": [8.5625, 6.1875, 7.6875]},
			"faces": {
				"north": {"uv": [0, 0, 0.53125, 0.25], "rotation": 90, "texture": "#1"},
				"east": {"uv": [0, 0, 0.53125, 0.375], "rotation": 270, "texture": "#1"},
				"south": {"uv": [0, 0, 0.53125, 0.25], "rotation": 270, "texture": "#1"},
				"west": {"uv": [0, 0, 0.53125, 0.375], "rotation": 270, "texture": "#1"},
				"up": {"uv": [0, 0, 0.375, 0.25], "rotation": 270, "texture": "#1"},
				"down": {"uv": [0, 0, 0.375, 0.25], "rotation": 270, "texture": "#1"}
			}
		},
		{
			"from": [5.6875, 8.5, 7.4375],
			"to": [6.1875, 9.375, 8.1875],
			"rotation": {"angle": 0, "axis": "y", "origin": [8.5625, 6.1875, 7.6875]},
			"faces": {
				"north": {"uv": [0, 0, 0.4375, 0.25], "rotation": 90, "texture": "#1"},
				"east": {"uv": [0, 0, 0.4375, 0.375], "rotation": 270, "texture": "#1"},
				"south": {"uv": [0, 0, 0.4375, 0.25], "rotation": 270, "texture": "#1"},
				"west": {"uv": [0, 0, 0.4375, 0.375], "rotation": 270, "texture": "#1"},
				"up": {"uv": [0, 0, 0.375, 0.25], "rotation": 270, "texture": "#1"},
				"down": {"uv": [0, 0, 0.375, 0.25], "rotation": 270, "texture": "#1"}
			}
		},
		{
			"from": [8.17624, 9.27719, 7.4375],
			"to": [8.73874, 9.83969, 8.1875],
			"rotation": {"angle": 45, "axis": "z", "origin": [8.5625, 6.1875, 7.6875]},
			"faces": {
				"north": {"uv": [0, 0, 0.28125, 0.28125], "rotation": 90, "texture": "#1"},
				"east": {"uv": [0, 0, 0.28125, 0.375], "rotation": 270, "texture": "#1"},
				"south": {"uv": [0, 0, 0.28125, 0.28125], "rotation": 270, "texture": "#1"},
				"west": {"uv": [0, 0, 0.28125, 0.375], "rotation": 270, "texture": "#1"},
				"up": {"uv": [0, 0, 0.375, 0.28125], "rotation": 270, "texture": "#1"},
				"down": {"uv": [0, 0, 0.375, 0.28125], "rotation": 270, "texture": "#1"}
			}
		},
		{
			"from": [8.11666, 2.37998, 7.4375],
			"to": [8.67916, 2.94248, 8.1875],
			"rotation": {"angle": 45, "axis": "z", "origin": [8.5625, 6.1875, 7.6875]},
			"faces": {
				"north": {"uv": [0, 0, 0.28125, 0.28125], "rotation": 90, "texture": "#1"},
				"east": {"uv": [0, 0, 0.28125, 0.375], "rotation": 270, "texture": "#1"},
				"south": {"uv": [0, 0, 0.28125, 0.28125], "rotation": 270, "texture": "#1"},
				"west": {"uv": [0, 0, 0.28125, 0.375], "rotation": 270, "texture": "#1"},
				"up": {"uv": [0, 0, 0.375, 0.28125], "rotation": 270, "texture": "#1"},
				"down": {"uv": [0, 0, 0.375, 0.28125], "rotation": 270, "texture": "#1"}
			}
		},
		{
			"from": [10.9375, 3.1875, 7.4375],
			"to": [11.6875, 3.6875, 8.1875],
			"rotation": {"angle": 0, "axis": "y", "origin": [8.5625, 6.1875, 7.6875]},
			"faces": {
				"north": {"uv": [0, 0, 0.25, 0.375], "rotation": 90, "texture": "#1"},
				"east": {"uv": [0, 0, 0.25, 0.375], "rotation": 270, "texture": "#1"},
				"south": {"uv": [0, 0, 0.25, 0.375], "rotation": 270, "texture": "#1"},
				"west": {"uv": [0, 0, 0.25, 0.375], "rotation": 270, "texture": "#1"},
				"up": {"uv": [0, 0, 0.375, 0.375], "rotation": 270, "texture": "#1"},
				"down": {"uv": [0, 0, 0.375, 0.375], "rotation": 270, "texture": "#1"}
			}
		},
		{
			"from": [5.45504, 5.80492, 7.4375],
			"to": [6.51754, 6.30492, 8.1875],
			"rotation": {"angle": -45, "axis": "z", "origin": [8.5625, 6.1875, 7.6875]},
			"faces": {
				"north": {"uv": [0, 0, 0.53125, 0.25], "rotation": 180, "texture": "#1"},
				"east": {"uv": [0, 0, 0.375, 0.25], "rotation": 180, "texture": "#1"},
				"south": {"uv": [0, 0, 0.53125, 0.25], "rotation": 180, "texture": "#1"},
				"west": {"uv": [0, 0, 0.375, 0.25], "rotation": 180, "texture": "#1"},
				"up": {"uv": [0, 0, 0.53125, 0.375], "rotation": 180, "texture": "#1"},
				"down": {"uv": [0, 0, 0.53125, 0.375], "rotation": 180, "texture": "#1"}
			}
		},
		{
			"from": [10.80254, 5.78661, 7.4375],
			"to": [11.86504, 6.28661, 8.1875],
			"rotation": {"angle": -45, "axis": "z", "origin": [8.5625, 6.1875, 7.6875]},
			"faces": {
				"north": {"uv": [0, 0, 0.53125, 0.25], "rotation": 180, "texture": "#1"},
				"east": {"uv": [0, 0, 0.375, 0.25], "rotation": 180, "texture": "#1"},
				"south": {"uv": [0, 0, 0.53125, 0.25], "rotation": 180, "texture": "#1"},
				"west": {"uv": [0, 0, 0.375, 0.25], "rotation": 180, "texture": "#1"},
				"up": {"uv": [0, 0, 0.53125, 0.375], "rotation": 180, "texture": "#1"},
				"down": {"uv": [0, 0, 0.53125, 0.375], "rotation": 180, "texture": "#1"}
			}
		},
		{
			"from": [7.38258, 1.58004, 7.4375],
			"to": [7.88258, 2.64254, 8.1875],
			"rotation": {"angle": 45, "axis": "z", "origin": [7.5, 4.6875, 7.6875]},
			"faces": {
				"north": {"uv": [0, 0, 0.53125, 0.25], "rotation": 270, "texture": "#2"},
				"east": {"uv": [0, 0, 0.53125, 0.375], "rotation": 90, "texture": "#2"},
				"south": {"uv": [0, 0, 0.53125, 0.25], "rotation": 90, "texture": "#2"},
				"west": {"uv": [0, 0, 0.53125, 0.375], "rotation": 90, "texture": "#2"},
				"up": {"uv": [0, 0, 0.375, 0.25], "rotation": 90, "texture": "#2"},
				"down": {"uv": [0, 0, 0.375, 0.25], "rotation": 90, "texture": "#2"}
			}
		},
		{
			"from": [9.875, 1.5, 7.4375],
			"to": [10.375, 2.375, 8.1875],
			"rotation": {"angle": 0, "axis": "y", "origin": [7.5, 4.6875, 7.6875]},
			"faces": {
				"north": {"uv": [0, 0, 0.4375, 0.25], "rotation": 270, "texture": "#2"},
				"east": {"uv": [0, 0, 0.4375, 0.375], "rotation": 90, "texture": "#2"},
				"south": {"uv": [0, 0, 0.4375, 0.25], "rotation": 90, "texture": "#2"},
				"west": {"uv": [0, 0, 0.4375, 0.375], "rotation": 90, "texture": "#2"},
				"up": {"uv": [0, 0, 0.375, 0.25], "rotation": 90, "texture": "#2"},
				"down": {"uv": [0, 0, 0.375, 0.25], "rotation": 90, "texture": "#2"}
			}
		},
		{
			"from": [7.32376, 1.03531, 7.4375],
			"to": [7.88626, 1.59781, 8.1875],
			"rotation": {"angle": 45, "axis": "z", "origin": [7.5, 4.6875, 7.6875]},
			"faces": {
				"north": {"uv": [0, 0, 0.28125, 0.28125], "rotation": 270, "texture": "#2"},
				"east": {"uv": [0, 0, 0.28125, 0.375], "rotation": 90, "texture": "#2"},
				"south": {"uv": [0, 0, 0.28125, 0.28125], "rotation": 90, "texture": "#2"},
				"west": {"uv": [0, 0, 0.28125, 0.375], "rotation": 90, "texture": "#2"},
				"up": {"uv": [0, 0, 0.375, 0.28125], "rotation": 90, "texture": "#2"},
				"down": {"uv": [0, 0, 0.375, 0.28125], "rotation": 90, "texture": "#2"}
			}
		},
		{
			"from": [6.5, 1.25, 7.4375],
			"to": [9.875, 1.75, 8.1875],
			"rotation": {"angle": 0, "axis": "y", "origin": [7.5, 4.5625, 7.6875]},
			"faces": {
				"north": {"uv": [0, 0, 1.6875, 0.25], "texture": "#2"},
				"east": {"uv": [0, 0, 0.375, 0.25], "texture": "#2"},
				"south": {"uv": [0, 0, 1.6875, 0.25], "texture": "#2"},
				"west": {"uv": [0, 0, 0.375, 0.25], "texture": "#2"},
				"up": {"uv": [0, 0, 1.6875, 0.375], "texture": "#2"},
				"down": {"uv": [0, 0, 1.6875, 0.375], "texture": "#2"}
			}
		},
		{
			"from": [5.375, 1.375, 7.4375],
			"to": [6.5, 1.875, 8.1875],
			"rotation": {"angle": 0, "axis": "y", "origin": [7.3125, 4.5, 7.6875]},
			"faces": {
				"north": {"uv": [0, 0, 0.5625, 0.25], "rotation": 180, "texture": "#2"},
				"east": {"uv": [0, 0, 0.375, 0.25], "rotation": 180, "texture": "#2"},
				"south": {"uv": [0, 0, 0.5625, 0.25], "rotation": 180, "texture": "#2"},
				"west": {"uv": [0, 0, 0.375, 0.25], "rotation": 180, "texture": "#2"},
				"up": {"uv": [0, 0, 0.5625, 0.375], "rotation": 180, "texture": "#2"},
				"down": {"uv": [0, 0, 0.5625, 0.375], "rotation": 180, "texture": "#2"}
			}
		},
		{
			"from": [5.125, 1.6875, 7.4375],
			"to": [5.625, 2.1875, 8.1875],
			"rotation": {"angle": 0, "axis": "y", "origin": [7.3125, 4.5, 7.6875]},
			"faces": {
				"north": {"uv": [0, 0, 0.25, 0.25], "rotation": 180, "texture": "#2"},
				"east": {"uv": [0, 0, 0.375, 0.25], "rotation": 180, "texture": "#2"},
				"south": {"uv": [0, 0, 0.25, 0.25], "rotation": 180, "texture": "#2"},
				"west": {"uv": [0, 0, 0.375, 0.25], "rotation": 180, "texture": "#2"},
				"up": {"uv": [0, 0, 0.25, 0.375], "rotation": 180, "texture": "#2"},
				"down": {"uv": [0, 0, 0.25, 0.375], "rotation": 180, "texture": "#2"}
			}
		},
		{
			"from": [4.5625, 2.1875, 7.4375],
			"to": [5.0625, 2.6875, 8.1875],
			"rotation": {"angle": 0, "axis": "y", "origin": [7.3125, 4.5, 7.6875]},
			"faces": {
				"north": {"uv": [0, 0, 0.25, 0.25], "rotation": 180, "texture": "#2"},
				"east": {"uv": [0, 0, 0.375, 0.25], "rotation": 180, "texture": "#2"},
				"south": {"uv": [0, 0, 0.25, 0.25], "rotation": 180, "texture": "#2"},
				"west": {"uv": [0, 0, 0.375, 0.25], "rotation": 180, "texture": "#2"},
				"up": {"uv": [0, 0, 0.25, 0.375], "rotation": 180, "texture": "#2"},
				"down": {"uv": [0, 0, 0.25, 0.375], "rotation": 180, "texture": "#2"}
			}
		},
		{
			"from": [4.8125, 1.9375, 7.4375],
			"to": [5.3125, 2.4375, 8.1875],
			"rotation": {"angle": 0, "axis": "y", "origin": [7.3125, 4.5, 7.6875]},
			"faces": {
				"north": {"uv": [0, 0, 0.25, 0.25], "rotation": 180, "texture": "#2"},
				"east": {"uv": [0, 0, 0.375, 0.25], "rotation": 180, "texture": "#2"},
				"south": {"uv": [0, 0, 0.25, 0.25], "rotation": 180, "texture": "#2"},
				"west": {"uv": [0, 0, 0.375, 0.25], "rotation": 180, "texture": "#2"},
				"up": {"uv": [0, 0, 0.25, 0.375], "rotation": 180, "texture": "#2"},
				"down": {"uv": [0, 0, 0.25, 0.375], "rotation": 180, "texture": "#2"}
			}
		},
		{
			"from": [4.1875, 2.5, 7.4375],
			"to": [4.6875, 3.625, 8.1875],
			"rotation": {"angle": 0, "axis": "y", "origin": [7.25, 4.5, 7.6875]},
			"faces": {
				"north": {"uv": [0, 0, 0.5625, 0.25], "rotation": 270, "texture": "#2"},
				"east": {"uv": [0, 0, 0.5625, 0.375], "rotation": 90, "texture": "#2"},
				"south": {"uv": [0, 0, 0.5625, 0.25], "rotation": 90, "texture": "#2"},
				"west": {"uv": [0, 0, 0.5625, 0.375], "rotation": 90, "texture": "#2"},
				"up": {"uv": [0, 0, 0.375, 0.25], "rotation": 90, "texture": "#2"},
				"down": {"uv": [0, 0, 0.375, 0.25], "rotation": 90, "texture": "#2"}
			}
		},
		{
			"from": [4, 3.625, 7.4375],
			"to": [4.5, 7.25, 8.1875],
			"rotation": {"angle": 0, "axis": "y", "origin": [7.25, 4.6875, 7.6875]},
			"faces": {
				"north": {"uv": [0, 0, 1.8125, 0.25], "rotation": 90, "texture": "#2"},
				"east": {"uv": [0, 0, 1.8125, 0.375], "rotation": 270, "texture": "#2"},
				"south": {"uv": [0, 0, 1.8125, 0.25], "rotation": 270, "texture": "#2"},
				"west": {"uv": [0, 0, 1.8125, 0.375], "rotation": 270, "texture": "#2"},
				"up": {"uv": [0, 0, 0.375, 0.25], "rotation": 270, "texture": "#2"},
				"down": {"uv": [0, 0, 0.375, 0.25], "rotation": 270, "texture": "#2"}
			}
		},
		{
			"from": [4.25, 7.1875, 7.4375],
			"to": [5.125, 7.6875, 8.1875],
			"rotation": {"angle": 0, "axis": "y", "origin": [7.5, 4.6875, 7.6875]},
			"faces": {
				"north": {"uv": [0, 0, 0.25, 0.4375], "rotation": 270, "texture": "#2"},
				"east": {"uv": [0, 0, 0.25, 0.375], "rotation": 90, "texture": "#2"},
				"south": {"uv": [0, 0, 0.25, 0.4375], "rotation": 90, "texture": "#2"},
				"west": {"uv": [0, 0, 0.25, 0.375], "rotation": 90, "texture": "#2"},
				"up": {"uv": [0, 0, 0.375, 0.4375], "rotation": 90, "texture": "#2"},
				"down": {"uv": [0, 0, 0.375, 0.4375], "rotation": 90, "texture": "#2"}
			}
		},
		{
			"from": [7.38334, 7.93252, 7.4375],
			"to": [7.94584, 8.49502, 8.1875],
			"rotation": {"angle": 45, "axis": "z", "origin": [7.5, 4.6875, 7.6875]},
			"faces": {
				"north": {"uv": [0, 0, 0.28125, 0.28125], "rotation": 270, "texture": "#2"},
				"east": {"uv": [0, 0, 0.28125, 0.375], "rotation": 90, "texture": "#2"},
				"south": {"uv": [0, 0, 0.28125, 0.28125], "rotation": 90, "texture": "#2"},
				"west": {"uv": [0, 0, 0.28125, 0.375], "rotation": 90, "texture": "#2"},
				"up": {"uv": [0, 0, 0.375, 0.28125], "rotation": 90, "texture": "#2"},
				"down": {"uv": [0, 0, 0.375, 0.28125], "rotation": 90, "texture": "#2"}
			}
		},
		{
			"from": [7.40089, 6.92754, 7.4375],
			"to": [7.90089, 7.99004, 8.1875],
			"rotation": {"angle": 45, "axis": "z", "origin": [7.5, 4.6875, 7.6875]},
			"faces": {
				"north": {"uv": [0, 0, 0.53125, 0.25], "rotation": 270, "texture": "#2"},
				"east": {"uv": [0, 0, 0.53125, 0.375], "rotation": 90, "texture": "#2"},
				"south": {"uv": [0, 0, 0.53125, 0.25], "rotation": 90, "texture": "#2"},
				"west": {"uv": [0, 0, 0.53125, 0.375], "rotation": 90, "texture": "#2"},
				"up": {"uv": [0, 0, 0.375, 0.25], "rotation": 90, "texture": "#2"},
				"down": {"uv": [0, 0, 0.375, 0.25], "rotation": 90, "texture": "#2"}
			}
		},
		{
			"from": [6.1875, 9, 7.4375],
			"to": [9.5625, 9.5, 8.1875],
			"rotation": {"angle": 0, "axis": "y", "origin": [8.5625, 6.1875, 7.6875]},
			"faces": {
				"north": {"uv": [0, 0, 1.6875, 0.25], "rotation": 180, "texture": "#1"},
				"east": {"uv": [0, 0, 0.375, 0.25], "rotation": 180, "texture": "#1"},
				"south": {"uv": [0, 0, 1.6875, 0.25], "rotation": 180, "texture": "#1"},
				"west": {"uv": [0, 0, 0.375, 0.25], "rotation": 180, "texture": "#1"},
				"up": {"uv": [0, 0, 1.6875, 0.375], "rotation": 180, "texture": "#1"},
				"down": {"uv": [0, 0, 1.6875, 0.375], "rotation": 180, "texture": "#1"}
			}
		},
		{
			"from": [11.3125, 3.625, 7.4375],
			"to": [11.8125, 7.25, 8.1875],
			"rotation": {"angle": 0, "axis": "y", "origin": [8.5625, 6.1875, 7.6875]},
			"faces": {
				"north": {"uv": [0, 0, 1.8125, 0.25], "rotation": 270, "texture": "#1"},
				"east": {"uv": [0, 0, 1.8125, 0.375], "rotation": 90, "texture": "#1"},
				"south": {"uv": [0, 0, 1.8125, 0.25], "rotation": 90, "texture": "#1"},
				"west": {"uv": [0, 0, 1.8125, 0.375], "rotation": 90, "texture": "#1"},
				"up": {"uv": [0, 0, 0.375, 0.25], "rotation": 90, "texture": "#1"},
				"down": {"uv": [0, 0, 0.375, 0.25], "rotation": 90, "texture": "#1"}
			}
		},
		{
			"from": [5.5, 5.9375, 7.4375],
			"to": [6.375, 6.8125, 8.1875],
			"rotation": {"angle": 0, "axis": "y", "origin": [13.375, 13.9375, 15.4375]},
			"faces": {
				"north": {"uv": [0, 0, 0.4375, 0.4375], "texture": "#2"},
				"east": {"uv": [0, 0, 0.375, 0.4375], "texture": "#2"},
				"south": {"uv": [0, 0, 0.4375, 0.4375], "texture": "#2"},
				"west": {"uv": [0, 0, 0.375, 0.4375], "texture": "#2"},
				"up": {"uv": [0, 0, 0.4375, 0.375], "texture": "#2"},
				"down": {"uv": [0, 0, 0.4375, 0.375], "texture": "#2"}
			}
		},
		{
			"from": [8.5, 3, 7.4375],
			"to": [9.375, 3.875, 8.1875],
			"rotation": {"angle": 0, "axis": "y", "origin": [16.375, 11, 15.4375]},
			"faces": {
				"north": {"uv": [0, 0, 0.4375, 0.4375], "texture": "#2"},
				"east": {"uv": [0, 0, 0.375, 0.4375], "texture": "#2"},
				"south": {"uv": [0, 0, 0.4375, 0.4375], "texture": "#2"},
				"west": {"uv": [0, 0, 0.375, 0.4375], "texture": "#2"},
				"up": {"uv": [0, 0, 0.4375, 0.375], "texture": "#2"},
				"down": {"uv": [0, 0, 0.4375, 0.375], "texture": "#2"}
			}
		},
		{
			"from": [9.375, 6.75, 7.4375],
			"to": [9.875, 7.25, 8.1875],
			"rotation": {"angle": 0, "axis": "y", "origin": [16.875, 14.5, 15.4375]},
			"faces": {
				"north": {"uv": [0, 0, 0.25, 0.25], "texture": "#2"},
				"east": {"uv": [0, 0, 0.375, 0.25], "texture": "#2"},
				"south": {"uv": [0, 0, 0.25, 0.25], "texture": "#2"},
				"west": {"uv": [0, 0, 0.375, 0.25], "texture": "#2"},
				"up": {"uv": [0, 0, 0.25, 0.375], "texture": "#2"},
				"down": {"uv": [0, 0, 0.25, 0.375], "texture": "#2"}
			}
		},
		{
			"from": [9.625, 6.5, 7.4375],
			"to": [10.125, 7, 8.1875],
			"rotation": {"angle": 0, "axis": "y", "origin": [17.125, 14.25, 15.4375]},
			"faces": {
				"north": {"uv": [0, 0, 0.25, 0.25], "texture": "#2"},
				"east": {"uv": [0, 0, 0.375, 0.25], "texture": "#2"},
				"south": {"uv": [0, 0, 0.25, 0.25], "texture": "#2"},
				"west": {"uv": [0, 0, 0.375, 0.25], "texture": "#2"},
				"up": {"uv": [0, 0, 0.25, 0.375], "texture": "#2"},
				"down": {"uv": [0, 0, 0.25, 0.375], "texture": "#2"}
			}
		},
		{
			"from": [9.0625, 7, 7.4375],
			"to": [9.5625, 7.5, 8.1875],
			"rotation": {"angle": 0, "axis": "y", "origin": [16.5625, 14.75, 15.4375]},
			"faces": {
				"north": {"uv": [0, 0, 0.25, 0.25], "texture": "#2"},
				"east": {"uv": [0, 0, 0.375, 0.25], "texture": "#2"},
				"south": {"uv": [0, 0, 0.25, 0.25], "texture": "#2"},
				"west": {"uv": [0, 0, 0.375, 0.25], "texture": "#2"},
				"up": {"uv": [0, 0, 0.25, 0.375], "texture": "#2"},
				"down": {"uv": [0, 0, 0.25, 0.375], "texture": "#2"}
			}
		},
		{
			"from": [8.25, 7.25, 7.4375],
			"to": [9.3125, 7.75, 8.1875],
			"rotation": {"angle": 0, "axis": "y", "origin": [16.3125, 15, 15.4375]},
			"faces": {
				"north": {"uv": [0, 0, 0.53125, 0.25], "texture": "#2"},
				"east": {"uv": [0, 0, 0.375, 0.25], "texture": "#2"},
				"south": {"uv": [0, 0, 0.53125, 0.25], "texture": "#2"},
				"west": {"uv": [0, 0, 0.375, 0.25], "texture": "#2"},
				"up": {"uv": [0, 0, 0.53125, 0.375], "texture": "#2"},
				"down": {"uv": [0, 0, 0.53125, 0.375], "texture": "#2"}
			}
		},
		{
			"from": [9.875, 5.625, 7.4375],
			"to": [10.375, 6.6875, 8.1875],
			"rotation": {"angle": 0, "axis": "y", "origin": [2.625, 13.6875, 15.4375]},
			"faces": {
				"north": {"uv": [0, 0, 0.53125, 0.25], "rotation": 90, "texture": "#2"},
				"east": {"uv": [0, 0, 0.53125, 0.375], "rotation": 270, "texture": "#2"},
				"south": {"uv": [0, 0, 0.53125, 0.25], "rotation": 270, "texture": "#2"},
				"west": {"uv": [0, 0, 0.53125, 0.375], "rotation": 270, "texture": "#2"},
				"up": {"uv": [0, 0, 0.375, 0.25], "rotation": 270, "texture": "#2"},
				"down": {"uv": [0, 0, 0.375, 0.25], "rotation": 270, "texture": "#2"}
			}
		}
	],
	"display": {
		"thirdperson_righthand": {
			"translation": [0, 7.5, 0]
		},
		"thirdperson_lefthand": {
			"translation": [0, 7.5, 0]
		},
		"firstperson_righthand": {
			"rotation": [0, -180, 0],
			"translation": [-9.25, 11, 2.5]
		},
		"firstperson_lefthand": {
			"rotation": [0, -180, 0],
			"translation": [-8.75, 11, 2.5]
		},
		"ground": {
			"translation": [0, 6.25, 0]
		},
		"gui": {
			"rotation": [-13, -156, -4],
			"translation": [0, 4, 0],
			"scale": [1.5, 1.5, 1.5]
		},
		"head": {
			"translation": [0, 21.25, 0],
			"scale": [1.5, 1.5, 1.72]
		},
		"fixed": {
			"translation": [0.25, 3.75, 0],
			"scale": [1.5, 1.5, 2]
		}
	},
	"groups": [
		{
			"name": "Ring",
			"origin": [8, 1, 7.75],
			"children": [0, 1, 2, 3, 4, 5, 6, 7, 8, 9, 10, 11, 12, 13, 14, 15, 16, 17, 18, 19, 20, 21, 22, 23, 24, 25, 26, 27, 28, 29, 30, 31, 32, 33, 34, 35]
		},
		{
			"name": "Inside",
			"origin": [8, 8, 8],
			"children": [36, 37, 38, 39, 40, 41, 42, 43, 44, 45, 46, 47, 48, 49, 50, 51]
		},
		{
			"name": "InsideRingsPink",
			"origin": [8, 8, 8],
			"children": [52, 53,
				{
					"name": "group",
					"origin": [16.875, 14.5, 15.4375],
					"children": [54, 55, 56, 57, 58]
				},
				{
					"name": "group",
					"origin": [16.875, 14.5, 15.4375],
					"children": [59, 60, 61, 62, 63]
				},
				{
					"name": "group",
					"origin": [16.875, 14.5, 15.4375],
					"children": [64, 65, 66, 67, 68, 69,
						{
							"name": "group",
							"origin": [7.5, 4.6875, 7.6875],
							"children": [70, 71, 72, 73, 74, 75, 76, 77, 78, 79, 80, 81, 82]
						}, 83]
				},
				{
					"name": "group",
					"origin": [16.875, 14.5, 15.4375],
					"children": [84]
				}
			]
		},
		{
			"name": "InsideRingsBlue",
			"origin": [16.375, 11, 15.25],
			"children": [85, 86,
				{
					"name": "group",
					"origin": [16.875, 14.5, 15.4375],
					"children": [87, 88, 89, 90, 91]
				}
			]
		}
	]
}