{
	"credit": "Made with Blockbench",
	"texture_size": [64, 64],
	"textures": {
		"0": "custom/gravel-export",
		"1": "custom/blackstone",
		"2": "custom/TheLastStraight",
		"3": "custom/oak_planks",
		"particle": "custom/gravel-export"
	},
	"elements": [
		{
			"from": [-2, 17, 6.3125],
			"to": [18, 28, 7],
			"faces": {
				"north": {"uv": [0.25, 8.75, 16, 16], "texture": "#2"},
				"east": {"uv": [0, 0, 2, 11], "texture": "#3"},
				"south": {"uv": [0, 0, 15, 11], "texture": "#3"},
				"west": {"uv": [0, 0, 2, 11], "texture": "#3"},
				"up": {"uv": [0, 0, 12, 2], "texture": "#3"},
				"down": {"uv": [0, 4, 15, 6], "texture": "#3"}
			}
		},
		{
			"from": [12, 0, 7],
			"to": [14, 28.25, 9],
			"faces": {
				"north": {"uv": [0, 0, 4, 13], "texture": "#1"},
				"east": {"uv": [0, 0, 5, 15], "texture": "#1"},
				"south": {"uv": [5, 0, 8, 14], "texture": "#1"},
				"west": {"uv": [0, 0, 4, 14], "texture": "#1"},
				"up": {"uv": [0, 0, 4, 4], "texture": "#1"},
				"down": {"uv": [0, 0, 0.5, 0.5], "texture": "#1"}
			}
		},
		{
			"from": [2, 0, 7],
			"to": [4, 28.25, 9],
			"faces": {
				"north": {"uv": [0, 0, 4, 13], "texture": "#1"},
				"east": {"uv": [0, 0, 5, 15], "texture": "#1"},
				"south": {"uv": [5, 0, 8, 14], "texture": "#1"},
				"west": {"uv": [0, 0, 4, 14], "texture": "#1"},
				"up": {"uv": [0, 0, 4, 4], "texture": "#1"},
				"down": {"uv": [0, 0, 0.5, 0.5], "texture": "#1"}
			}
		},
		{
			"from": [0, 0, 0],
			"to": [16, 0.0625, 16],
			"faces": {
				"north": {"uv": [0, 0, 4, 0.01563], "texture": "#0"},
				"east": {"uv": [0, 0, 4, 0.01563], "texture": "#0"},
				"south": {"uv": [0, 0, 4, 0.01563], "texture": "#0"},
				"west": {"uv": [0, 0, 4, 0.01563], "texture": "#0"},
				"up": {"uv": [0, 0, 16, 16], "texture": "#0"},
				"down": {"uv": [0, 0, 4, 4], "texture": "#0"}
			}
		}
	],
	"display": {
		"gui": {
			"rotation": [0, -180, 0],
			"translation": [0, -8, 0]
		}
	},
	"groups": [0,
		{
			"name": "group",
			"origin": [0, 0, 0],
			"children": [1, 2, 3]
		}
	]
}