{
	"credit": "Made with Blockbench",
	"textures": {
		"1": "custom/button_outside",
		"2": "custom/skull1",
		"3": "custom/button_inside2",
		"particle": "custom/skull1"
	},
	"elements": [
		{
			"from": [4.5, 1, 4.5],
			"to": [11.5, 3, 11.5],
			"rotation": {"angle": 0, "axis": "y", "origin": [8, 12, 8.75]},
			"faces": {
				"north": {"uv": [16, 0, 0, 2.5], "texture": "#3"},
				"east": {"uv": [1.5, 4, 5.5, 15], "rotation": 90, "texture": "#3"},
				"south": {"uv": [0, 14.5, 16, 16], "rotation": 180, "texture": "#3"},
				"west": {"uv": [0, 0, 4, 16], "rotation": 270, "texture": "#3"},
				"up": {"uv": [0, 0, 16, 16], "texture": "#2"},
				"down": {"uv": [0, 0, 16, 16], "rotation": 180, "texture": "#3"}
			}
		},
		{
			"from": [4, 0, 4],
			"to": [12, 2, 12],
			"rotation": {"angle": 0, "axis": "y", "origin": [8, 12, 8.75]},
			"faces": {
				"north": {"uv": [0, 0, 16, 4], "texture": "#1"},
				"east": {"uv": [0, 0, 4, 16], "rotation": 90, "texture": "#1"},
				"south": {"uv": [0, 0, 16, 4], "rotation": 180, "texture": "#1"},
				"west": {"uv": [0, 0, 4, 16], "rotation": 270, "texture": "#1"},
				"up": {"uv": [0, 0, 16, 16], "texture": "#1"},
				"down": {"uv": [0, 0, 16, 16], "rotation": 180, "texture": "#1"}
			}
		}
	],
	"display": {
		"thirdperson_righthand": {
			"translation": [0, 6.25, 0]
		},
		"thirdperson_lefthand": {
			"translation": [0, 6.25, 0]
		},
		"firstperson_righthand": {
			"translation": [0, 5.25, 0]
		},
		"firstperson_lefthand": {
			"translation": [0, 5.25, 0]
		},
		"ground": {
			"translation": [0, 4, 0]
		},
		"gui": {
			"rotation": [90, 0, 0],
			"scale": [1.5, 1.5, 1.5]
		},
		"head": {
			"translation": [0, 0, -6.25]
		},
		"fixed": {
			"rotation": [-90, 0, 0],
			"translation": [0, 0, -8.75]
		}
	}
}