{
	"credit": "Made with Blockbench",
	"texture_size": [32, 32],
	"textures": {
		"0": "custom/black_wool",
		"1": "custom/greenscreen",
		"2": "custom/button_inside",
		"3": "custom/iron_block",
		"4": "custom/dark_oak_planks",
		"particle": "custom/black_wool"
	},
	"elements": [
		{
			"from": [2, 0, 2],
			"to": [3, 1, 3],
			"faces": {
				"north": {"uv": [0, 0, 0.5, 0.5], "texture": "#0"},
				"east": {"uv": [0, 0, 0.5, 0.5], "texture": "#0"},
				"south": {"uv": [0, 0, 0.5, 0.5], "texture": "#0"},
				"west": {"uv": [0, 0, 0.5, 0.5], "texture": "#0"},
				"up": {"uv": [0, 0, 0.5, 0.5], "texture": "#0"},
				"down": {"uv": [0, 0, 0.5, 0.5], "texture": "#0"}
			}
		},
		{
			"from": [2, 0, 13],
			"to": [3, 1, 14],
			"faces": {
				"north": {"uv": [0, 0, 0.5, 0.5], "texture": "#0"},
				"east": {"uv": [0, 0, 0.5, 0.5], "texture": "#0"},
				"south": {"uv": [0, 0, 0.5, 0.5], "texture": "#0"},
				"west": {"uv": [0, 0, 0.5, 0.5], "texture": "#0"},
				"up": {"uv": [0, 0, 0.5, 0.5], "texture": "#0"},
				"down": {"uv": [0, 0, 0.5, 0.5], "texture": "#0"}
			}
		},
		{
			"from": [13, 0, 2],
			"to": [14, 1, 3],
			"faces": {
				"north": {"uv": [0, 0, 0.5, 0.5], "texture": "#0"},
				"east": {"uv": [0, 0, 0.5, 0.5], "texture": "#0"},
				"south": {"uv": [0, 0, 0.5, 0.5], "texture": "#0"},
				"west": {"uv": [0, 0, 0.5, 0.5], "texture": "#0"},
				"up": {"uv": [0, 0, 0.5, 0.5], "texture": "#0"},
				"down": {"uv": [0, 0, 0.5, 0.5], "texture": "#0"}
			}
		},
		{
			"from": [1, 1, 1.75],
			"to": [15, 2, 14.25],
			"faces": {
				"north": {"uv": [0, 0, 7, 0.5], "texture": "#0"},
				"east": {"uv": [0, 0, 6.25, 0.5], "texture": "#0"},
				"south": {"uv": [0, 0, 7, 0.5], "texture": "#0"},
				"west": {"uv": [0, 0, 6.25, 0.5], "texture": "#0"},
				"up": {"uv": [0, 0, 7, 6.25], "texture": "#0"},
				"down": {"uv": [0, 0, 7, 6.25], "texture": "#0"}
			}
		},
		{
			"from": [1, 13, 1.75],
			"to": [15, 14, 14.25],
			"faces": {
				"north": {"uv": [0, 0, 7, 0.5], "texture": "#0"},
				"east": {"uv": [0, 0, 6.25, 0.5], "texture": "#0"},
				"south": {"uv": [0, 0, 7, 0.5], "texture": "#0"},
				"west": {"uv": [0, 0, 6.25, 0.5], "texture": "#0"},
				"up": {"uv": [0, 0, 7, 6.25], "texture": "#0"},
				"down": {"uv": [0, 0, 7, 6.25], "texture": "#0"}
			}
		},
		{
			"from": [5, 14, 6],
			"to": [11, 15, 9.5],
			"faces": {
				"north": {"uv": [0, 0, 3, 0.5], "texture": "#3"},
				"east": {"uv": [0, 0, 1.75, 0.5], "texture": "#3"},
				"south": {"uv": [0, 0, 3, 0.5], "texture": "#3"},
				"west": {"uv": [0, 0, 1.75, 0.5], "texture": "#3"},
				"up": {"uv": [0, 0, 3, 1.75], "texture": "#3"},
				"down": {"uv": [0, 0, 3, 1.75], "texture": "#3"}
			}
		},
		{
			"from": [9.5, 14.75, 7.5],
			"to": [10.5, 22.75, 8.5],
			"rotation": {"angle": -22.5, "axis": "z", "origin": [9.5, 15.5, 8]},
			"faces": {
				"north": {"uv": [0, 0, 0.5, 4], "texture": "#3"},
				"east": {"uv": [0, 0, 0.5, 4], "texture": "#3"},
				"south": {"uv": [0, 0, 0.5, 4], "texture": "#3"},
				"west": {"uv": [0, 0, 0.5, 4], "texture": "#3"},
				"up": {"uv": [0, 0, 0.5, 0.5], "texture": "#3"},
				"down": {"uv": [0, 0, 0.5, 0.5], "texture": "#3"}
			}
		},
		{
			"from": [6.5, 16.25, 7.5],
			"to": [7.5, 24.25, 8.5],
			"rotation": {"angle": 45, "axis": "z", "origin": [9.5, 15.5, 8]},
			"faces": {
				"north": {"uv": [0, 0, 0.5, 4], "texture": "#3"},
				"east": {"uv": [0, 0, 0.5, 4], "texture": "#3"},
				"south": {"uv": [0, 0, 0.5, 4], "texture": "#3"},
				"west": {"uv": [0, 0, 0.5, 4], "texture": "#3"},
				"up": {"uv": [0, 0, 0.5, 0.5], "texture": "#3"},
				"down": {"uv": [0, 0, 0.5, 0.5], "texture": "#3"}
			}
		},
		{
			"from": [14, 2, 1.75],
			"to": [15, 13, 14.25],
			"rotation": {"angle": 0, "axis": "z", "origin": [8, 5.5, 8]},
			"faces": {
				"north": {"uv": [0, 0, 5.5, 0.5], "rotation": 90, "texture": "#0"},
				"east": {"uv": [0, 0, 5.5, 6.25], "rotation": 270, "texture": "#0"},
				"south": {"uv": [0, 0, 5.5, 0.5], "rotation": 270, "texture": "#0"},
				"west": {"uv": [0, 0, 5.5, 6.25], "rotation": 270, "texture": "#0"},
				"up": {"uv": [0, 0, 6.25, 0.5], "rotation": 270, "texture": "#0"},
				"down": {"uv": [0, 0, 6.25, 0.5], "rotation": 270, "texture": "#0"}
			}
		},
		{
			"from": [1, 2, 1.75],
			"to": [2, 13, 14.25],
			"rotation": {"angle": 0, "axis": "z", "origin": [8, 5.5, 8]},
			"faces": {
				"north": {"uv": [0, 0, 5.5, 0.5], "rotation": 90, "texture": "#0"},
				"east": {"uv": [0, 0, 5.5, 6.25], "rotation": 270, "texture": "#0"},
				"south": {"uv": [0, 0, 5.5, 0.5], "rotation": 270, "texture": "#0"},
				"west": {"uv": [0, 0, 5.5, 6.25], "rotation": 270, "texture": "#0"},
				"up": {"uv": [0, 0, 6.25, 0.5], "rotation": 270, "texture": "#0"},
				"down": {"uv": [0, 0, 6.25, 0.5], "rotation": 270, "texture": "#0"}
			}
		},
		{
			"from": [13, 0, 13],
			"to": [14, 1, 14],
			"faces": {
				"north": {"uv": [0, 0, 0.5, 0.5], "texture": "#0"},
				"east": {"uv": [0, 0, 0.5, 0.5], "texture": "#0"},
				"south": {"uv": [0, 0, 0.5, 0.5], "texture": "#0"},
				"west": {"uv": [0, 0, 0.5, 0.5], "texture": "#0"},
				"up": {"uv": [0, 0, 0.5, 0.5], "texture": "#0"},
				"down": {"uv": [0, 0, 0.5, 0.5], "texture": "#0"}
			}
		},
		{
			"from": [1.75, 1.75, 2.25],
			"to": [14.25, 13.75, 14.1875],
			"faces": {
				"north": {"uv": [0, 0, 6.25, 6], "texture": "#1"},
				"east": {"uv": [0, 0, 5.96875, 6], "texture": "#missing"},
				"south": {"uv": [0, 0, 8, 8], "texture": "#0"},
				"west": {"uv": [0, 0, 5.96875, 6], "texture": "#missing"},
				"up": {"uv": [0, 0, 6.25, 5.96875], "texture": "#missing"},
				"down": {"uv": [0, 0, 6.25, 5.96875], "texture": "#missing"}
			}
		},
		{
			"from": [2.1875, 1.25, 1.6875],
			"to": [2.6875, 1.75, 2.6875],
			"faces": {
				"north": {"uv": [0, 0, 0.25, 0.25], "texture": "#2"},
				"east": {"uv": [0, 0, 0.5, 0.25], "texture": "#2"},
				"south": {"uv": [0, 0, 0.25, 0.25], "texture": "#2"},
				"west": {"uv": [0, 0, 0.5, 0.25], "texture": "#2"},
				"up": {"uv": [0, 0, 0.25, 0.5], "texture": "#2"},
				"down": {"uv": [0, 0, 0.25, 0.5], "texture": "#2"}
			}
		},
		{
			"from": [0, 0, 0],
			"to": [16, 0, 16],
			"faces": {
				"north": {"uv": [0, 0, 8, 0], "texture": "#4"},
				"east": {"uv": [0, 0, 8, 0], "texture": "#4"},
				"south": {"uv": [0, 0, 8, 0], "texture": "#4"},
				"west": {"uv": [0, 0, 8, 0], "texture": "#4"},
				"up": {"uv": [0, 0, 16, 16], "texture": "#4"},
				"down": {"uv": [0, 0, 8, 8], "texture": "#4"}
			}
		}
	]
}