{
	"credit": "Made with Blockbench",
	"textures": {
		"0": "custom/point arrow",
		"particle": "custom/point arrow"
	},
	"elements": [
		{
			"from": [8.0001, 0.0001, 7.5001],
			"to": [13.0001, 0.5002, 8.5002],
			"rotation": {"angle": -45, "axis": "y", "origin": [12.5, 0.5, 8]},
			"faces": {
				"north": {"uv": [0, 12, 12, 15], "texture": "#0"},
				"east": {"uv": [0, 12, 4, 16], "texture": "#0"},
				"south": {"uv": [0, 13, 9, 16], "texture": "#0"},
				"west": {"uv": [0, 12, 4, 16], "texture": "#0"},
				"up": {"uv": [0, 12, 11, 15], "texture": "#0"},
				"down": {"uv": [0, 12, 11, 16], "texture": "#0"}
			}
		},
		{
			"from": [8, 0, 7.5],
			"to": [13, 0.5, 8.5],
			"rotation": {"angle": 45, "axis": "y", "origin": [12.5, 0.5, 8]},
			"faces": {
				"north": {"uv": [0, 12, 12, 15], "texture": "#0"},
				"east": {"uv": [0, 12, 4, 16], "texture": "#0"},
				"south": {"uv": [0, 13, 9, 16], "texture": "#0"},
				"west": {"uv": [0, 12, 4, 16], "texture": "#0"},
				"up": {"uv": [0, 12, 11, 15], "texture": "#0"},
				"down": {"uv": [0, 12, 11, 16], "texture": "#0"}
			}
		},
		{
			"from": [4, 0.001, 7.5],
			"to": [12, 0.501, 8.5],
			"rotation": {"angle": 0, "axis": "y", "origin": [12.5, 0.5, 8]},
			"faces": {
				"north": {"uv": [0, 12, 12, 15], "texture": "#0"},
				"east": {"uv": [0, 12, 4, 16], "texture": "#0"},
				"south": {"uv": [0, 13, 9, 16], "texture": "#0"},
				"west": {"uv": [0, 12, 4, 16], "texture": "#0"},
				"up": {"uv": [0, 12, 11, 15], "texture": "#0"},
				"down": {"uv": [0, 12, 11, 16], "texture": "#0"}
			}
		}
	],
	"groups": [
		{
			"name": "group",
			"origin": [12.5, 0.5, 8],
			"children": [0, 1, 2]
		}
	]
}