{
	"credit": "Made with Blockbench",
	"textures": {
		"0": "custom/cheese",
		"particle": "custom/cheese"
	},
	"elements": [
		{
			"from": [7.5, 0, 2.3125],
			"to": [8.5, 3.01, 7.3125],
			"rotation": {"angle": -22.5, "axis": "y", "origin": [8, 0.5, 2.5]},
			"faces": {
				"north": {"uv": [0, 0, 1, 3], "texture": "#0"},
				"east": {"uv": [0, 0, 5, 3], "texture": "#0"},
				"south": {"uv": [0, 0, 1, 3], "texture": "#0"},
				"west": {"uv": [5, 0, 0, 3], "texture": "#0"},
				"up": {"uv": [1.25, 1.5, 2.25, 6], "texture": "#0"},
				"down": {"uv": [0, 0, 1, 5], "texture": "#0"}
			}
		},
		{
			"from": [7.5, 0, 2.3125],
			"to": [8.5, 3, 7.3125],
			"rotation": {"angle": 22.5, "axis": "y", "origin": [8, 0.5, 2.5]},
			"faces": {
				"north": {"uv": [0, 0, 1, 3], "texture": "#0"},
				"east": {"uv": [0, 0, 5, 3], "texture": "#0"},
				"south": {"uv": [0, 0, 1, 3], "texture": "#0"},
				"west": {"uv": [0, 0, 5, 3], "texture": "#0"},
				"up": {"uv": [0, 0, 1, 5], "texture": "#0"},
				"down": {"uv": [0, 0, 1, 5], "texture": "#0"}
			}
		},
		{
			"from": [6.00996, 0.0625, 6.13647],
			"to": [10.00996, 2.9925, 7.13647],
			"rotation": {"angle": 0, "axis": "y", "origin": [8.88496, 1.53125, 4.63647]},
			"faces": {
				"north": {"uv": [0, 3, 4, 5.9375], "texture": "#0"},
				"east": {"uv": [0, 0, 1, 2.9375], "texture": "#0"},
				"south": {"uv": [0, 3, 4, 5.9375], "texture": "#0"},
				"west": {"uv": [2, 0, 3, 2.9375], "texture": "#0"},
				"up": {"uv": [2.5, 1.5, 3.5, 5.5], "rotation": 270, "texture": "#0"},
				"down": {"uv": [0, 0, 1, 4], "rotation": 90, "texture": "#0"}
			}
		},
		{
			"from": [7.00996, -0.0625, 3.63647],
			"to": [9.00996, 3.0075, 6.88647],
			"rotation": {"angle": 0, "axis": "y", "origin": [8.00996, 5.53125, 6.63647]},
			"faces": {
				"north": {"uv": [0, 0, 2, 3.125], "texture": "#0"},
				"east": {"uv": [0, 0, 3.25, 3.125], "texture": "#0"},
				"south": {"uv": [0, 0, 2, 3.125], "texture": "#0"},
				"west": {"uv": [0, 0, 3.25, 3.125], "texture": "#0"},
				"up": {"uv": [0, 3, 2, 6], "texture": "#0"},
				"down": {"uv": [2, 1.25, 4, 4.5], "texture": "#0"}
			}
		}
	],
	"display": {
		"head": {
			"translation": [0, 22.25, 6.25],
			"scale": [2, 2, 2]
		}
	}
}