{
	"credit": "Made with Blockbench",
	"texture_size": [32, 32],
	"textures": {
		"0": "custom/gravel-export",
		"1": "custom/iron_block",
		"2": "custom/black",
		"particle": "custom/gravel-export"
	},
	"elements": [
		{
			"from": [2, 0, 5],
			"to": [14, 1.9375, 6],
			"rotation": {"angle": 0, "axis": "y", "origin": [8, 0.5, 8]},
			"faces": {
				"north": {"uv": [0, 0, 6, 0.96875], "texture": "#1"},
				"east": {"uv": [0, 0, 0.5, 0.96875], "texture": "#1"},
				"south": {"uv": [0, 0, 6, 0.96875], "texture": "#1"},
				"west": {"uv": [0, 0, 0.5, 0.96875], "texture": "#1"},
				"up": {"uv": [0, 0, 0.5, 6], "rotation": 270, "texture": "#1"},
				"down": {"uv": [0, 0, 0.5, 6], "rotation": 90, "texture": "#1"}
			}
		},
		{
			"from": [2, 0, 10],
			"to": [14, 1.9375, 11],
			"rotation": {"angle": 0, "axis": "y", "origin": [8, 0.5, 8]},
			"faces": {
				"north": {"uv": [0, 0, 6, 0.96875], "texture": "#1"},
				"east": {"uv": [0, 0, 0.5, 0.96875], "texture": "#1"},
				"south": {"uv": [0, 0, 6, 0.96875], "texture": "#1"},
				"west": {"uv": [0, 0, 0.5, 0.96875], "texture": "#1"},
				"up": {"uv": [0, 0, 0.5, 6], "rotation": 270, "texture": "#1"},
				"down": {"uv": [0, 0, 0.5, 6], "rotation": 90, "texture": "#1"}
			}
		},
		{
			"from": [6, 0, 0],
			"to": [10, 2, 1],
			"faces": {
				"north": {"uv": [0, 0, 2, 1], "texture": "#1"},
				"east": {"uv": [0, 0, 0.5, 1], "texture": "#1"},
				"south": {"uv": [0, 0, 2, 1], "texture": "#1"},
				"west": {"uv": [0, 0, 0.5, 1], "texture": "#1"},
				"up": {"uv": [0, 0, 2, 0.5], "texture": "#1"},
				"down": {"uv": [0, 0, 2, 0.5], "texture": "#1"}
			}
		},
		{
			"from": [10, 0, 0.9375],
			"to": [13.0625, 2, 2],
			"faces": {
				"north": {"uv": [0, 0, 1.53125, 1], "texture": "#1"},
				"east": {"uv": [0, 0, 0.53125, 1], "texture": "#1"},
				"south": {"uv": [0, 0, 1.53125, 1], "texture": "#1"},
				"west": {"uv": [0, 0, 0.53125, 1], "texture": "#1"},
				"up": {"uv": [0, 0, 1.53125, 0.53125], "texture": "#1"},
				"down": {"uv": [0, 0, 1.53125, 0.53125], "texture": "#1"}
			}
		},
		{
			"from": [2.9375, 0, 0.9375],
			"to": [6, 2, 2],
			"faces": {
				"north": {"uv": [0, 0, 1.53125, 1], "texture": "#1"},
				"east": {"uv": [0, 0, 0.53125, 1], "texture": "#1"},
				"south": {"uv": [0, 0, 1.53125, 1], "texture": "#1"},
				"west": {"uv": [0, 0, 0.53125, 1], "texture": "#1"},
				"up": {"uv": [0, 0, 1.53125, 0.53125], "texture": "#1"},
				"down": {"uv": [0, 0, 1.53125, 0.53125], "texture": "#1"}
			}
		},
		{
			"from": [13, 0, 2],
			"to": [14, 2, 3],
			"faces": {
				"north": {"uv": [0, 0, 0.5, 1], "texture": "#1"},
				"east": {"uv": [0, 0, 0.5, 1], "texture": "#1"},
				"south": {"uv": [0, 0, 0.5, 1], "texture": "#1"},
				"west": {"uv": [0, 0, 0.5, 1], "texture": "#1"},
				"up": {"uv": [0, 0, 0.5, 0.5], "texture": "#1"},
				"down": {"uv": [0, 0, 0.5, 0.5], "texture": "#1"}
			}
		},
		{
			"from": [2, 0, 2],
			"to": [3, 2, 3],
			"faces": {
				"north": {"uv": [0, 0, 0.5, 1], "texture": "#1"},
				"east": {"uv": [0, 0, 0.5, 1], "texture": "#1"},
				"south": {"uv": [0, 0, 0.5, 1], "texture": "#1"},
				"west": {"uv": [0, 0, 0.5, 1], "texture": "#1"},
				"up": {"uv": [0, 0, 0.5, 0.5], "texture": "#1"},
				"down": {"uv": [0, 0, 0.5, 0.5], "texture": "#1"}
			}
		},
		{
			"from": [0.9375, 0, 2.9375],
			"to": [2, 2, 6],
			"faces": {
				"north": {"uv": [0, 0, 0.53125, 1], "texture": "#1"},
				"east": {"uv": [0, 0, 1.53125, 1], "texture": "#1"},
				"south": {"uv": [0, 0, 0.53125, 1], "texture": "#1"},
				"west": {"uv": [0, 0, 1.53125, 1], "texture": "#1"},
				"up": {"uv": [0, 0, 0.53125, 1.53125], "texture": "#1"},
				"down": {"uv": [0, 0, 0.53125, 1.53125], "texture": "#1"}
			}
		},
		{
			"from": [14, 0, 2.9375],
			"to": [15.0625, 2, 6],
			"faces": {
				"north": {"uv": [0, 0, 0.53125, 1], "texture": "#1"},
				"east": {"uv": [0, 0, 1.53125, 1], "texture": "#1"},
				"south": {"uv": [0, 0, 0.53125, 1], "texture": "#1"},
				"west": {"uv": [0, 0, 1.53125, 1], "texture": "#1"},
				"up": {"uv": [0, 0, 0.53125, 1.53125], "texture": "#1"},
				"down": {"uv": [0, 0, 0.53125, 1.53125], "texture": "#1"}
			}
		},
		{
			"from": [15, 0, 6],
			"to": [16, 2, 10],
			"faces": {
				"north": {"uv": [0, 0, 0.5, 1], "texture": "#1"},
				"east": {"uv": [0, 0, 2, 1], "texture": "#1"},
				"south": {"uv": [0, 0, 0.5, 1], "texture": "#1"},
				"west": {"uv": [0, 0, 2, 1], "texture": "#1"},
				"up": {"uv": [0, 0, 0.5, 2], "texture": "#1"},
				"down": {"uv": [0, 0, 0.5, 2], "texture": "#1"}
			}
		},
		{
			"from": [0, 0, 6],
			"to": [1, 2, 10],
			"rotation": {"angle": 0, "axis": "y", "origin": [8.9375, 0.5, 3.1875]},
			"faces": {
				"north": {"uv": [0, 0, 0.5, 1], "texture": "#1"},
				"east": {"uv": [0, 0, 2, 1], "texture": "#1"},
				"south": {"uv": [0, 0, 0.5, 1], "texture": "#1"},
				"west": {"uv": [0, 0, 2, 1], "texture": "#1"},
				"up": {"uv": [0, 0, 0.5, 2], "rotation": 180, "texture": "#1"},
				"down": {"uv": [0, 0, 0.5, 2], "rotation": 180, "texture": "#1"}
			}
		},
		{
			"from": [6, 0, 15],
			"to": [10, 2, 16],
			"rotation": {"angle": 0, "axis": "y", "origin": [8.9375, 0.5, 3.1875]},
			"faces": {
				"north": {"uv": [0, 0, 2, 1], "texture": "#1"},
				"east": {"uv": [0, 0, 0.5, 1], "texture": "#1"},
				"south": {"uv": [0, 0, 2, 1], "texture": "#1"},
				"west": {"uv": [0, 0, 0.5, 1], "texture": "#1"},
				"up": {"uv": [0, 0, 2, 0.5], "rotation": 180, "texture": "#1"},
				"down": {"uv": [0, 0, 2, 0.5], "rotation": 180, "texture": "#1"}
			}
		},
		{
			"from": [2.9375, 0, 14],
			"to": [6, 2, 15.0625],
			"rotation": {"angle": 0, "axis": "y", "origin": [8.9375, 0.5, 3.1875]},
			"faces": {
				"north": {"uv": [0, 0, 1.53125, 1], "texture": "#1"},
				"east": {"uv": [0, 0, 0.53125, 1], "texture": "#1"},
				"south": {"uv": [0, 0, 1.53125, 1], "texture": "#1"},
				"west": {"uv": [0, 0, 0.53125, 1], "texture": "#1"},
				"up": {"uv": [0, 0, 1.53125, 0.53125], "rotation": 180, "texture": "#1"},
				"down": {"uv": [0, 0, 1.53125, 0.53125], "rotation": 180, "texture": "#1"}
			}
		},
		{
			"from": [10, 0, 14],
			"to": [13.0625, 2, 15.0625],
			"rotation": {"angle": 0, "axis": "y", "origin": [8.9375, 0.5, 3.1875]},
			"faces": {
				"north": {"uv": [0, 0, 1.53125, 1], "texture": "#1"},
				"east": {"uv": [0, 0, 0.53125, 1], "texture": "#1"},
				"south": {"uv": [0, 0, 1.53125, 1], "texture": "#1"},
				"west": {"uv": [0, 0, 0.53125, 1], "texture": "#1"},
				"up": {"uv": [0, 0, 1.53125, 0.53125], "rotation": 180, "texture": "#1"},
				"down": {"uv": [0, 0, 1.53125, 0.53125], "rotation": 180, "texture": "#1"}
			}
		},
		{
			"from": [2, 0, 13],
			"to": [3, 2, 14],
			"rotation": {"angle": 0, "axis": "y", "origin": [8.9375, 0.5, 3.1875]},
			"faces": {
				"north": {"uv": [0, 0, 0.5, 1], "texture": "#1"},
				"east": {"uv": [0, 0, 0.5, 1], "texture": "#1"},
				"south": {"uv": [0, 0, 0.5, 1], "texture": "#1"},
				"west": {"uv": [0, 0, 0.5, 1], "texture": "#1"},
				"up": {"uv": [0, 0, 0.5, 0.5], "rotation": 180, "texture": "#1"},
				"down": {"uv": [0, 0, 0.5, 0.5], "rotation": 180, "texture": "#1"}
			}
		},
		{
			"from": [13, 0, 13],
			"to": [14, 2, 14],
			"rotation": {"angle": 0, "axis": "y", "origin": [8.9375, 0.5, 3.1875]},
			"faces": {
				"north": {"uv": [0, 0, 0.5, 1], "texture": "#1"},
				"east": {"uv": [0, 0, 0.5, 1], "texture": "#1"},
				"south": {"uv": [0, 0, 0.5, 1], "texture": "#1"},
				"west": {"uv": [0, 0, 0.5, 1], "texture": "#1"},
				"up": {"uv": [0, 0, 0.5, 0.5], "rotation": 180, "texture": "#1"},
				"down": {"uv": [0, 0, 0.5, 0.5], "rotation": 180, "texture": "#1"}
			}
		},
		{
			"from": [14, 0, 10],
			"to": [15.0625, 2, 13.0625],
			"rotation": {"angle": 0, "axis": "y", "origin": [8.9375, 0.5, 3.1875]},
			"faces": {
				"north": {"uv": [0, 0, 0.53125, 1], "texture": "#1"},
				"east": {"uv": [0, 0, 1.53125, 1], "texture": "#1"},
				"south": {"uv": [0, 0, 0.53125, 1], "texture": "#1"},
				"west": {"uv": [0, 0, 1.53125, 1], "texture": "#1"},
				"up": {"uv": [0, 0, 0.53125, 1.53125], "rotation": 180, "texture": "#1"},
				"down": {"uv": [0, 0, 0.53125, 1.53125], "rotation": 180, "texture": "#1"}
			}
		},
		{
			"from": [0.9375, 0, 10],
			"to": [2, 2, 13.0625],
			"rotation": {"angle": 0, "axis": "y", "origin": [8.9375, 0.5, 3.1875]},
			"faces": {
				"north": {"uv": [0, 0, 0.53125, 1], "texture": "#1"},
				"east": {"uv": [0, 0, 1.53125, 1], "texture": "#1"},
				"south": {"uv": [0, 0, 0.53125, 1], "texture": "#1"},
				"west": {"uv": [0, 0, 1.53125, 1], "texture": "#1"},
				"up": {"uv": [0, 0, 0.53125, 1.53125], "rotation": 180, "texture": "#1"},
				"down": {"uv": [0, 0, 0.53125, 1.53125], "rotation": 180, "texture": "#1"}
			}
		},
		{
			"from": [10, 0, 2],
			"to": [11, 2, 14],
			"rotation": {"angle": 0, "axis": "y", "origin": [8.9375, 0.5, 3.1875]},
			"faces": {
				"north": {"uv": [0, 0, 0.5, 1], "texture": "#1"},
				"east": {"uv": [0, 0, 6, 1], "texture": "#1"},
				"south": {"uv": [0, 0, 0.5, 1], "texture": "#1"},
				"west": {"uv": [0, 0, 6, 1], "texture": "#1"},
				"up": {"uv": [0, 0, 0.5, 6], "rotation": 180, "texture": "#1"},
				"down": {"uv": [0, 0, 0.5, 6], "rotation": 180, "texture": "#1"}
			}
		},
		{
			"from": [5, 0, 2],
			"to": [6, 2, 14],
			"rotation": {"angle": 0, "axis": "y", "origin": [8.9375, 0.5, 3.1875]},
			"faces": {
				"north": {"uv": [0, 0, 0.5, 1], "texture": "#1"},
				"east": {"uv": [0, 0, 6, 1], "texture": "#1"},
				"south": {"uv": [0, 0, 0.5, 1], "texture": "#1"},
				"west": {"uv": [0, 0, 6, 1], "texture": "#1"},
				"up": {"uv": [0, 0, 0.5, 6], "rotation": 180, "texture": "#1"},
				"down": {"uv": [0, 0, 0.5, 6], "rotation": 180, "texture": "#1"}
			}
		},
		{
			"from": [0, 0, 0],
			"to": [16, 0.0625, 16],
			"faces": {
				"north": {"uv": [0, 0, 8, 0.03125], "texture": "#0"},
				"east": {"uv": [0, 0, 8, 0.03125], "texture": "#0"},
				"south": {"uv": [0, 0, 8, 0.03125], "texture": "#0"},
				"west": {"uv": [0, 0, 8, 0.03125], "texture": "#0"},
				"up": {"uv": [0, 0, 16, 16], "texture": "#0"},
				"down": {"uv": [0, 0, 8, 8], "texture": "#0"}
			}
		},
		{
			"from": [3, 0.625, 1],
			"to": [13, 0.75, 15],
			"faces": {
				"north": {"uv": [0, 0, 5, 0.0625], "texture": "#2"},
				"east": {"uv": [0, 0, 7, 0.0625], "texture": "#2"},
				"south": {"uv": [0, 0, 5, 0.0625], "texture": "#2"},
				"west": {"uv": [0, 0, 7, 0.0625], "texture": "#2"},
				"up": {"uv": [0, 0, 1.125, 0.25], "texture": "#2"},
				"down": {"uv": [0, 0, 5, 7], "texture": "#2"}
			}
		},
		{
			"from": [1, 0.6875, 3],
			"to": [15, 0.8125, 13],
			"faces": {
				"north": {"uv": [0, 0, 7, 0.0625], "texture": "#2"},
				"east": {"uv": [0, 0, 5, 0.0625], "texture": "#2"},
				"south": {"uv": [0, 0, 7, 0.0625], "texture": "#2"},
				"west": {"uv": [0, 0, 5, 0.0625], "texture": "#2"},
				"up": {"uv": [0, 0, 1.125, 0.25], "texture": "#2"},
				"down": {"uv": [0, 0, 7, 5], "texture": "#2"}
			}
		}
	],
	"groups": [
		{
			"name": "group",
			"origin": [8.9375, 0.5, 3.1875],
			"children": [0, 1, 2, 3, 4, 5, 6, 7, 8, 9, 10, 11, 12, 13, 14, 15, 16, 17, 18, 19]
		}, 20, 21, 22]
}