{
	"credit": "Made with Blockbench",
	"texture_size": [32, 32],
	"textures": {
		"0": "custom/round",
		"1": "custom/Teeth",
		"particle": "custom/round"
	},
	"elements": [
		{
			"from": [5.75, 16, -0.875],
			"to": [14.75, 17, -0.375],
			"rotation": {"angle": 0, "axis": "y", "origin": [8.25, 16.5, -0.375]},
			"faces": {
				"north": {"uv": [0, 1.875, 4.5, 2.375], "texture": "#0"},
				"east": {"uv": [0, 0, 0.25, 0.5], "texture": "#0"},
				"south": {"uv": [0, 0, 4.5, 0.5], "texture": "#0"},
				"west": {"uv": [0, 0, 0.25, 0.5], "texture": "#0"},
				"up": {"uv": [0, 0, 4.5, 0.25], "texture": "#0"},
				"down": {"uv": [0, 0, 4.5, 0.25], "texture": "#0"}
			}
		},
		{
			"from": [14.75, 15, -0.875],
			"to": [16.75, 16, -0.375],
			"rotation": {"angle": 0, "axis": "y", "origin": [14.25, 15.5, -0.375]},
			"faces": {
				"north": {"uv": [0, 1.875, 4.5, 2.375], "texture": "#0"},
				"east": {"uv": [0, 0, 0.25, 0.5], "texture": "#0"},
				"south": {"uv": [0, 0, 1, 0.5], "texture": "#0"},
				"west": {"uv": [0, 0, 0.25, 0.5], "texture": "#0"},
				"up": {"uv": [0, 0, 1, 0.25], "texture": "#0"},
				"down": {"uv": [0, 0, 1, 0.25], "texture": "#0"}
			}
		},
		{
			"from": [16.75, 12, -0.875],
			"to": [17.75, 15, -0.375],
			"rotation": {"angle": 0, "axis": "y", "origin": [15.25, 14.5, -0.375]},
			"faces": {
				"north": {"uv": [0, 1.875, 4.5, 2.375], "texture": "#0"},
				"east": {"uv": [0, 0, 0.25, 1.5], "texture": "#0"},
				"south": {"uv": [0, 0, 0.5, 1.5], "texture": "#0"},
				"west": {"uv": [0, 0, 0.25, 1.5], "texture": "#0"},
				"up": {"uv": [0, 0, 0.5, 0.25], "texture": "#0"},
				"down": {"uv": [0, 0, 0.5, 0.25], "texture": "#0"}
			}
		},
		{
			"from": [2.75, 15, -0.875],
			"to": [5.75, 16, -0.375],
			"rotation": {"angle": 0, "axis": "y", "origin": [-0.75, 15.5, -0.375]},
			"faces": {
				"north": {"uv": [0, 1.875, 4.5, 2.375], "texture": "#0"},
				"east": {"uv": [0, 0, 0.25, 0.5], "texture": "#0"},
				"south": {"uv": [0, 0, 1.5, 0.5], "texture": "#0"},
				"west": {"uv": [0, 0, 0.25, 0.5], "texture": "#0"},
				"up": {"uv": [0, 0, 1.5, 0.25], "texture": "#0"},
				"down": {"uv": [0, 0, 1.5, 0.25], "texture": "#0"}
			}
		},
		{
			"from": [1.6875, 14, -0.9375],
			"to": [2.75, 15.0625, -0.3125],
			"rotation": {"angle": 0, "axis": "y", "origin": [-3.75, 14.5, -0.375]},
			"faces": {
				"north": {"uv": [0, 1.875, 4.5, 2.375], "texture": "#0"},
				"east": {"uv": [0, 0, 0.25, 0.5], "texture": "#0"},
				"south": {"uv": [0, 0, 0.5, 0.5], "texture": "#0"},
				"west": {"uv": [0, 0, 0.25, 0.5], "texture": "#0"},
				"up": {"uv": [0, 0, 0.5, 0.25], "texture": "#0"},
				"down": {"uv": [0, 0, 0.5, 0.25], "texture": "#0"}
			}
		},
		{
			"from": [0.75, 12, -0.875],
			"to": [1.75, 14, -0.375],
			"rotation": {"angle": 0, "axis": "y", "origin": [-4.75, 13.5, -0.375]},
			"faces": {
				"north": {"uv": [0, 1.875, 4.5, 2.375], "texture": "#0"},
				"east": {"uv": [0, 0, 0.25, 1], "texture": "#0"},
				"south": {"uv": [0, 0, 0.5, 1], "texture": "#0"},
				"west": {"uv": [0, 0, 0.25, 1], "texture": "#0"},
				"up": {"uv": [0, 0, 0.5, 0.25], "texture": "#0"},
				"down": {"uv": [0, 0, 0.5, 0.25], "texture": "#0"}
			}
		},
		{
			"from": [-0.25, -0.375, -0.875],
			"to": [0.75, 12, -0.375],
			"rotation": {"angle": 0, "axis": "y", "origin": [-5.75, 11.5, -0.375]},
			"faces": {
				"north": {"uv": [0, 1.875, 4.5, 2.375], "texture": "#0"},
				"east": {"uv": [0, 0, 0.25, 6.1875], "texture": "#0"},
				"south": {"uv": [0, 0, 0.5, 6.1875], "texture": "#0"},
				"west": {"uv": [0, 0, 0.25, 6.1875], "texture": "#0"},
				"up": {"uv": [0, 0, 0.5, 0.25], "texture": "#0"},
				"down": {"uv": [0, 0, 0.5, 0.25], "texture": "#0"}
			}
		},
		{
			"from": [17.75, 9.625, -0.875],
			"to": [18.75, 12, -0.375],
			"rotation": {"angle": 0, "axis": "y", "origin": [16.25, 11.5, -0.375]},
			"faces": {
				"north": {"uv": [0, 1.875, 4.5, 2.375], "texture": "#0"},
				"east": {"uv": [0, 0, 0.25, 1], "texture": "#0"},
				"south": {"uv": [0, 0, 0.5, 1], "texture": "#0"},
				"west": {"uv": [0, 0, 0.25, 1], "texture": "#0"},
				"up": {"uv": [0, 0, 0.5, 0.25], "texture": "#0"},
				"down": {"uv": [0, 0, 0.5, 0.25], "texture": "#0"}
			}
		},
		{
			"from": [18.75, 2, -0.875],
			"to": [19.75, 8.8125, -0.375],
			"rotation": {"angle": 45, "axis": "z", "origin": [17.25, 8, -0.375]},
			"faces": {
				"north": {"uv": [0, 1.875, 4.5, 2.375], "texture": "#0"},
				"east": {"uv": [0, 0, 0.25, 3.25], "texture": "#0"},
				"south": {"uv": [0, 0, 0.5, 3.25], "texture": "#0"},
				"west": {"uv": [0, 0, 0.25, 3.25], "texture": "#0"},
				"up": {"uv": [0, 0, 0.5, 0.25], "texture": "#0"},
				"down": {"uv": [0, 0, 0.5, 0.25], "texture": "#0"}
			}
		},
		{
			"from": [16.75, -0.5625, -0.875],
			"to": [17.75, 4.5, -0.375],
			"rotation": {"angle": 45, "axis": "z", "origin": [15.25, 4, -0.375]},
			"faces": {
				"north": {"uv": [0, 1.875, 4.5, 2.375], "texture": "#0"},
				"east": {"uv": [0, 0, 0.25, 2.53125], "texture": "#0"},
				"south": {"uv": [0, 0, 0.5, 2.53125], "texture": "#0"},
				"west": {"uv": [0, 0, 0.25, 2.53125], "texture": "#0"},
				"up": {"uv": [0, 0, 0.5, 0.25], "texture": "#0"},
				"down": {"uv": [0, 0, 0.5, 0.25], "texture": "#0"}
			}
		},
		{
			"from": [21.75, 2.5, -0.875],
			"to": [25.1875, 3.5, -0.375],
			"rotation": {"angle": 45, "axis": "z", "origin": [22.25, 1, -0.375]},
			"faces": {
				"north": {"uv": [0, 1.875, 4.5, 2.375], "rotation": 90, "texture": "#0"},
				"east": {"uv": [0, 0, 0.5, 0.25], "rotation": 270, "texture": "#0"},
				"south": {"uv": [0, 0, 0.5, 1.71875], "rotation": 270, "texture": "#0"},
				"west": {"uv": [0, 0, 0.5, 0.25], "rotation": 270, "texture": "#0"},
				"up": {"uv": [0, 0, 0.25, 1.71875], "rotation": 270, "texture": "#0"},
				"down": {"uv": [0, 0, 0.25, 1.71875], "rotation": 270, "texture": "#0"}
			}
		},
		{
			"from": [16.0625, 3.1875, -0.875],
			"to": [17.0625, 6.625, -0.375],
			"rotation": {"angle": -45, "axis": "z", "origin": [14.5625, 6.125, -0.375]},
			"faces": {
				"north": {"uv": [0, 1.875, 4.5, 2.375], "texture": "#0"},
				"east": {"uv": [0, 0, 0.25, 1.5], "texture": "#0"},
				"south": {"uv": [0, 0, 0.5, 1.5], "texture": "#0"},
				"west": {"uv": [0, 0, 0.25, 1.5], "texture": "#0"},
				"up": {"uv": [0, 0, 0.5, 0.25], "texture": "#0"},
				"down": {"uv": [0, 0, 0.5, 0.25], "texture": "#0"}
			}
		},
		{
			"from": [13.5625, -0.375, -0.875],
			"to": [14.5625, 2.9375, -0.375],
			"rotation": {"angle": 0, "axis": "y", "origin": [12.0625, 2.125, -0.375]},
			"faces": {
				"north": {"uv": [0, 1.875, 4.5, 2.375], "texture": "#0"},
				"east": {"uv": [0, 0, 0.25, 1.5], "texture": "#0"},
				"south": {"uv": [0, 0, 0.5, 1.5], "texture": "#0"},
				"west": {"uv": [0, 0, 0.25, 1.5], "texture": "#0"},
				"up": {"uv": [0, 0, 0.5, 0.25], "texture": "#0"},
				"down": {"uv": [0, 0, 0.5, 0.25], "texture": "#0"}
			}
		},
		{
			"from": [0.75, -1.375, -0.875],
			"to": [13.5625, -0.375, -0.375],
			"rotation": {"angle": 0, "axis": "y", "origin": [7.0625, -0.875, -0.375]},
			"faces": {
				"north": {"uv": [0, 1.875, 4.5, 2.375], "texture": "#0"},
				"east": {"uv": [0, 0, 0.25, 0.5], "texture": "#0"},
				"south": {"uv": [0, 0, 6.40625, 0.5], "texture": "#0"},
				"west": {"uv": [0, 0, 0.25, 0.5], "texture": "#0"},
				"up": {"uv": [0, 0, 6.40625, 0.25], "texture": "#0"},
				"down": {"uv": [0, 0, 6.40625, 0.25], "texture": "#0"}
			}
		},
		{
			"from": [0, 8.75, -0.75],
			"to": [0.375, 9.75, 11.25],
			"rotation": {"angle": 0, "axis": "y", "origin": [7.8125, 16.75, 7.25]},
			"faces": {
				"north": {"uv": [0, 0, 0.1875, 0.5], "texture": "#0"},
				"east": {"uv": [0, 0, 6, 0.5], "texture": "#0"},
				"south": {"uv": [0, 0, 0.1875, 0.5], "texture": "#0"},
				"west": {"uv": [0, 0, 6, 0.5], "texture": "#0"},
				"up": {"uv": [0, 0, 0.1875, 6], "texture": "#0"},
				"down": {"uv": [0, 0, 0.1875, 6], "texture": "#0"}
			}
		},
		{
			"from": [15.9375, 8.75, -0.75],
			"to": [16.3125, 9.75, 11.25],
			"rotation": {"angle": 0, "axis": "y", "origin": [23.75, 16.75, 7.25]},
			"faces": {
				"north": {"uv": [0, 0, 0.1875, 0.5], "texture": "#0"},
				"east": {"uv": [0, 0, 6, 0.5], "texture": "#0"},
				"south": {"uv": [0, 0, 0.1875, 0.5], "texture": "#0"},
				"west": {"uv": [0, 0, 6, 0.5], "texture": "#0"},
				"up": {"uv": [0, 0, 0.1875, 6], "texture": "#0"},
				"down": {"uv": [0, 0, 0.1875, 6], "texture": "#0"}
			}
		},
		{
			"from": [0.75, -0.375, -0.875],
			"to": [13.5625, 12, -0.375],
			"rotation": {"angle": 0, "axis": "y", "origin": [8.75, 7.625, 7.125]},
			"faces": {
				"north": {"uv": [0, 0, 6.40625, 6.1875], "texture": "#1"},
				"east": {"uv": [0, 0, 0.25, 6.1875], "texture": "#1"},
				"south": {"uv": [0, 0, 6.40625, 6.1875], "texture": "#1"},
				"west": {"uv": [0, 0, 0.25, 6.1875], "texture": "#1"},
				"up": {"uv": [0, 0, 6.40625, 0.25], "texture": "#1"},
				"down": {"uv": [0, 0, 6.40625, 0.25], "texture": "#1"}
			}
		},
		{
			"from": [1.75, 12, -0.875],
			"to": [16.75, 15, -0.375],
			"rotation": {"angle": 0, "axis": "y", "origin": [8.75, 9.625, 7.125]},
			"faces": {
				"north": {"uv": [0, 0, 7.5, 1.5], "texture": "#1"},
				"east": {"uv": [0, 0, 0.25, 1.5], "texture": "#1"},
				"south": {"uv": [0, 0, 7.5, 1.5], "texture": "#1"},
				"west": {"uv": [0, 0, 0.25, 1.5], "texture": "#1"},
				"up": {"uv": [0, 0, 7.5, 0.25], "texture": "#1"},
				"down": {"uv": [0, 0, 7.5, 0.25], "texture": "#1"}
			}
		},
		{
			"from": [5.75, 15, -0.875],
			"to": [14.75, 16, -0.375],
			"rotation": {"angle": 0, "axis": "y", "origin": [8.75, 10.625, 7.125]},
			"faces": {
				"north": {"uv": [0, 0, 4.5, 0.5], "texture": "#1"},
				"east": {"uv": [0, 0, 0.25, 0.5], "texture": "#1"},
				"south": {"uv": [0, 0, 4.5, 0.5], "texture": "#1"},
				"west": {"uv": [0, 0, 0.25, 0.5], "texture": "#1"},
				"up": {"uv": [0, 0, 4.5, 0.25], "texture": "#1"},
				"down": {"uv": [0, 0, 4.5, 0.25], "texture": "#1"}
			}
		},
		{
			"from": [13.5625, 6.125, -0.875],
			"to": [17.75, 12, -0.375],
			"rotation": {"angle": 0, "axis": "y", "origin": [11.75, 6.625, 7.125]},
			"faces": {
				"north": {"uv": [0, 0, 2.09375, 2.9375], "texture": "#1"},
				"east": {"uv": [0, 0, 0.25, 2.9375], "texture": "#1"},
				"south": {"uv": [0, 0, 2.09375, 2.9375], "texture": "#1"},
				"west": {"uv": [0, 0, 0.25, 2.9375], "texture": "#1"},
				"up": {"uv": [0, 0, 2.09375, 0.25], "texture": "#1"},
				"down": {"uv": [0, 0, 2.09375, 0.25], "texture": "#1"}
			}
		},
		{
			"from": [13.3125, 7.125, -0.875],
			"to": [15.5, 11.625, -0.375],
			"rotation": {"angle": -45, "axis": "z", "origin": [9.5, 7.4375, 7.125]},
			"faces": {
				"north": {"uv": [0, 0, 1.09375, 2.25], "texture": "#1"},
				"east": {"uv": [0, 0, 0.25, 2.25], "texture": "#1"},
				"south": {"uv": [0, 0, 1.09375, 2.25], "texture": "#1"},
				"west": {"uv": [0, 0, 0.25, 2.25], "texture": "#1"},
				"up": {"uv": [0, 0, 1.09375, 0.25], "texture": "#1"},
				"down": {"uv": [0, 0, 1.09375, 0.25], "texture": "#1"}
			}
		},
		{
			"from": [21.125, -0.25, -0.875],
			"to": [24.375, 6.5625, -0.375],
			"rotation": {"angle": 45, "axis": "z", "origin": [17.3125, 0.0625, 7.125]},
			"faces": {
				"north": {"uv": [0, 0, 1.625, 3.40625], "texture": "#1"},
				"east": {"uv": [0, 0, 0.25, 3.40625], "texture": "#1"},
				"south": {"uv": [0, 0, 1.625, 3.40625], "texture": "#1"},
				"west": {"uv": [0, 0, 0.25, 3.40625], "texture": "#1"},
				"up": {"uv": [0, 0, 1.625, 0.25], "texture": "#1"},
				"down": {"uv": [0, 0, 1.625, 0.25], "texture": "#1"}
			}
		},
		{
			"from": [3.875, 13.875, -0.9375],
			"to": [7.875, 14.25, -0.625],
			"rotation": {"angle": 0, "axis": "y", "origin": [13.875, 21.875, 7.0625]},
			"faces": {
				"north": {"uv": [0, 0, 2, 0.1875], "texture": "#0"},
				"east": {"uv": [0, 0, 0.15625, 0.1875], "texture": "#0"},
				"south": {"uv": [0, 0, 2, 0.1875], "texture": "#0"},
				"west": {"uv": [0, 0, 0.15625, 0.1875], "texture": "#0"},
				"up": {"uv": [0, 0, 2, 0.15625], "texture": "#0"},
				"down": {"uv": [0, 0, 2, 0.15625], "texture": "#0"}
			}
		},
		{
			"from": [4.875, 13.25, -0.9375],
			"to": [6.8125, 13.625, -0.625],
			"rotation": {"angle": 0, "axis": "y", "origin": [5.9375, 12.75, -0.8125]},
			"faces": {
				"north": {"uv": [0, 0, 0.96875, 0.1875], "texture": "#0"},
				"east": {"uv": [0, 0, 0.15625, 0.1875], "texture": "#0"},
				"south": {"uv": [0, 0, 0.96875, 0.1875], "texture": "#0"},
				"west": {"uv": [0, 0, 0.15625, 0.1875], "texture": "#0"},
				"up": {"uv": [0, 0, 0.96875, 0.15625], "texture": "#0"},
				"down": {"uv": [0, 0, 0.96875, 0.15625], "texture": "#0"}
			}
		},
		{
			"from": [12.6875, 13.25, -0.9375],
			"to": [14.4375, 13.625, -0.625],
			"rotation": {"angle": 0, "axis": "y", "origin": [13.75, 12.75, -0.8125]},
			"faces": {
				"north": {"uv": [0, 0, 0.875, 0.1875], "texture": "#0"},
				"east": {"uv": [0, 0, 0.15625, 0.1875], "texture": "#0"},
				"south": {"uv": [0, 0, 0.875, 0.1875], "texture": "#0"},
				"west": {"uv": [0, 0, 0.15625, 0.1875], "texture": "#0"},
				"up": {"uv": [0, 0, 0.875, 0.15625], "texture": "#0"},
				"down": {"uv": [0, 0, 0.875, 0.15625], "texture": "#0"}
			}
		},
		{
			"from": [4.875, 11.875, -0.9375],
			"to": [6.8125, 12.25, -0.625],
			"rotation": {"angle": 0, "axis": "y", "origin": [5.9375, 12.75, -0.8125]},
			"faces": {
				"north": {"uv": [0, 0, 0.96875, 0.1875], "texture": "#0"},
				"east": {"uv": [0, 0, 0.15625, 0.1875], "texture": "#0"},
				"south": {"uv": [0, 0, 0.96875, 0.1875], "texture": "#0"},
				"west": {"uv": [0, 0, 0.15625, 0.1875], "texture": "#0"},
				"up": {"uv": [0, 0, 0.96875, 0.15625], "texture": "#0"},
				"down": {"uv": [0, 0, 0.96875, 0.15625], "texture": "#0"}
			}
		},
		{
			"from": [12.6875, 12.1875, -0.9375],
			"to": [14.4375, 12.5625, -0.625],
			"rotation": {"angle": 0, "axis": "y", "origin": [13.75, 13.0625, -0.8125]},
			"faces": {
				"north": {"uv": [0, 0, 0.875, 0.1875], "texture": "#0"},
				"east": {"uv": [0, 0, 0.15625, 0.1875], "texture": "#0"},
				"south": {"uv": [0, 0, 0.875, 0.1875], "texture": "#0"},
				"west": {"uv": [0, 0, 0.15625, 0.1875], "texture": "#0"},
				"up": {"uv": [0, 0, 0.875, 0.15625], "texture": "#0"},
				"down": {"uv": [0, 0, 0.875, 0.15625], "texture": "#0"}
			}
		},
		{
			"from": [6.80079, 12.72142, -0.9375],
			"to": [7.17579, 13.78392, -0.625],
			"rotation": {"angle": -45, "axis": "z", "origin": [5.9375, 12.75, -0.8125]},
			"faces": {
				"north": {"uv": [0, 0, 0.53125, 0.1875], "rotation": 90, "texture": "#0"},
				"east": {"uv": [0, 0, 0.53125, 0.15625], "rotation": 270, "texture": "#0"},
				"south": {"uv": [0, 0, 0.53125, 0.1875], "rotation": 270, "texture": "#0"},
				"west": {"uv": [0, 0, 0.53125, 0.15625], "rotation": 270, "texture": "#0"},
				"up": {"uv": [0, 0, 0.15625, 0.1875], "rotation": 270, "texture": "#0"},
				"down": {"uv": [0, 0, 0.15625, 0.1875], "rotation": 270, "texture": "#0"}
			}
		},
		{
			"from": [14.42579, 13.03392, -0.9375],
			"to": [14.80079, 13.90892, -0.625],
			"rotation": {"angle": -45, "axis": "z", "origin": [13.5625, 13.0625, -0.8125]},
			"faces": {
				"north": {"uv": [0, 0, 0.4375, 0.1875], "rotation": 90, "texture": "#0"},
				"east": {"uv": [0, 0, 0.4375, 0.15625], "rotation": 270, "texture": "#0"},
				"south": {"uv": [0, 0, 0.4375, 0.1875], "rotation": 270, "texture": "#0"},
				"west": {"uv": [0, 0, 0.4375, 0.15625], "rotation": 270, "texture": "#0"},
				"up": {"uv": [0, 0, 0.15625, 0.1875], "rotation": 270, "texture": "#0"},
				"down": {"uv": [0, 0, 0.15625, 0.1875], "rotation": 270, "texture": "#0"}
			}
		},
		{
			"from": [4.771, 13.74587, -0.9375],
			"to": [5.8335, 14.12087, -0.625],
			"rotation": {"angle": 45, "axis": "z", "origin": [5.9375, 12.75, -0.8125]},
			"faces": {
				"north": {"uv": [0, 0, 0.53125, 0.1875], "rotation": 180, "texture": "#0"},
				"east": {"uv": [0, 0, 0.15625, 0.1875], "rotation": 180, "texture": "#0"},
				"south": {"uv": [0, 0, 0.53125, 0.1875], "rotation": 180, "texture": "#0"},
				"west": {"uv": [0, 0, 0.15625, 0.1875], "rotation": 180, "texture": "#0"},
				"up": {"uv": [0, 0, 0.53125, 0.15625], "rotation": 180, "texture": "#0"},
				"down": {"uv": [0, 0, 0.53125, 0.15625], "rotation": 180, "texture": "#0"}
			}
		},
		{
			"from": [12.771, 13.74587, -0.9375],
			"to": [13.646, 14.12087, -0.625],
			"rotation": {"angle": 45, "axis": "z", "origin": [13.75, 12.75, -0.8125]},
			"faces": {
				"north": {"uv": [0, 0, 0.4375, 0.1875], "rotation": 180, "texture": "#0"},
				"east": {"uv": [0, 0, 0.15625, 0.1875], "rotation": 180, "texture": "#0"},
				"south": {"uv": [0, 0, 0.4375, 0.1875], "rotation": 180, "texture": "#0"},
				"west": {"uv": [0, 0, 0.15625, 0.1875], "rotation": 180, "texture": "#0"},
				"up": {"uv": [0, 0, 0.4375, 0.15625], "rotation": 180, "texture": "#0"},
				"down": {"uv": [0, 0, 0.4375, 0.15625], "rotation": 180, "texture": "#0"}
			}
		},
		{
			"from": [13.25413, 12.7085, -0.9375],
			"to": [13.50413, 12.9585, -0.625],
			"rotation": {"angle": 0, "axis": "y", "origin": [15, 13.6875, -0.8125]},
			"faces": {
				"north": {"uv": [0, 0, 0.125, 0.125], "rotation": 270, "texture": "#0"},
				"east": {"uv": [0, 0, 0.125, 0.15625], "rotation": 90, "texture": "#0"},
				"south": {"uv": [0, 0, 0.125, 0.125], "rotation": 90, "texture": "#0"},
				"west": {"uv": [0, 0, 0.125, 0.15625], "rotation": 90, "texture": "#0"},
				"up": {"uv": [0, 0, 0.15625, 0.125], "rotation": 90, "texture": "#0"},
				"down": {"uv": [0, 0, 0.15625, 0.125], "rotation": 90, "texture": "#0"}
			}
		},
		{
			"from": [5.69163, 12.5835, -0.9375],
			"to": [5.94163, 12.8335, -0.625],
			"rotation": {"angle": 0, "axis": "y", "origin": [7.4375, 13.5625, -0.8125]},
			"faces": {
				"north": {"uv": [0, 0, 0.125, 0.125], "rotation": 270, "texture": "#0"},
				"east": {"uv": [0, 0, 0.125, 0.15625], "rotation": 90, "texture": "#0"},
				"south": {"uv": [0, 0, 0.125, 0.125], "rotation": 90, "texture": "#0"},
				"west": {"uv": [0, 0, 0.125, 0.15625], "rotation": 90, "texture": "#0"},
				"up": {"uv": [0, 0, 0.15625, 0.125], "rotation": 90, "texture": "#0"},
				"down": {"uv": [0, 0, 0.15625, 0.125], "rotation": 90, "texture": "#0"}
			}
		},
		{
			"from": [5.95311, 13.58883, -0.9375],
			"to": [7.01561, 13.96383, -0.625],
			"rotation": {"angle": -45, "axis": "z", "origin": [5.9375, 12.75, -0.8125]},
			"faces": {
				"north": {"uv": [0, 0, 0.53125, 0.1875], "texture": "#0"},
				"east": {"uv": [0, 0, 0.15625, 0.1875], "texture": "#0"},
				"south": {"uv": [0, 0, 0.53125, 0.1875], "texture": "#0"},
				"west": {"uv": [0, 0, 0.15625, 0.1875], "texture": "#0"},
				"up": {"uv": [0, 0, 0.53125, 0.15625], "texture": "#0"},
				"down": {"uv": [0, 0, 0.53125, 0.15625], "texture": "#0"}
			}
		},
		{
			"from": [13.57811, 13.58883, -0.9375],
			"to": [14.45311, 13.96383, -0.625],
			"rotation": {"angle": -45, "axis": "z", "origin": [13.5625, 12.75, -0.8125]},
			"faces": {
				"north": {"uv": [0, 0, 0.4375, 0.1875], "texture": "#0"},
				"east": {"uv": [0, 0, 0.15625, 0.1875], "texture": "#0"},
				"south": {"uv": [0, 0, 0.4375, 0.1875], "texture": "#0"},
				"west": {"uv": [0, 0, 0.15625, 0.1875], "texture": "#0"},
				"up": {"uv": [0, 0, 0.4375, 0.15625], "texture": "#0"},
				"down": {"uv": [0, 0, 0.4375, 0.15625], "texture": "#0"}
			}
		},
		{
			"from": [4.59108, 12.89819, -0.9375],
			"to": [4.96608, 13.96069, -0.625],
			"rotation": {"angle": 45, "axis": "z", "origin": [5.9375, 12.75, -0.8125]},
			"faces": {
				"north": {"uv": [0, 0, 0.53125, 0.1875], "rotation": 90, "texture": "#0"},
				"east": {"uv": [0, 0, 0.53125, 0.15625], "rotation": 270, "texture": "#0"},
				"south": {"uv": [0, 0, 0.53125, 0.1875], "rotation": 270, "texture": "#0"},
				"west": {"uv": [0, 0, 0.53125, 0.15625], "rotation": 270, "texture": "#0"},
				"up": {"uv": [0, 0, 0.15625, 0.1875], "rotation": 270, "texture": "#0"},
				"down": {"uv": [0, 0, 0.15625, 0.1875], "rotation": 270, "texture": "#0"}
			}
		},
		{
			"from": [12.40358, 13.21069, -0.9375],
			"to": [12.77858, 14.08569, -0.625],
			"rotation": {"angle": 45, "axis": "z", "origin": [13.75, 13.0625, -0.8125]},
			"faces": {
				"north": {"uv": [0, 0, 0.4375, 0.1875], "rotation": 90, "texture": "#0"},
				"east": {"uv": [0, 0, 0.4375, 0.15625], "rotation": 270, "texture": "#0"},
				"south": {"uv": [0, 0, 0.4375, 0.1875], "rotation": 270, "texture": "#0"},
				"west": {"uv": [0, 0, 0.4375, 0.15625], "rotation": 270, "texture": "#0"},
				"up": {"uv": [0, 0, 0.15625, 0.1875], "rotation": 270, "texture": "#0"},
				"down": {"uv": [0, 0, 0.15625, 0.1875], "rotation": 270, "texture": "#0"}
			}
		},
		{
			"from": [6.9375, 6.875, -0.9375],
			"to": [10.9375, 7.1875, -0.625],
			"rotation": {"angle": 0, "axis": "y", "origin": [16.9375, 14.875, 7.0625]},
			"faces": {
				"north": {"uv": [0, 0, 2, 0.15625], "texture": "#0"},
				"east": {"uv": [0, 0, 0.15625, 0.15625], "texture": "#0"},
				"south": {"uv": [0, 0, 2, 0.15625], "texture": "#0"},
				"west": {"uv": [0, 0, 0.15625, 0.15625], "texture": "#0"},
				"up": {"uv": [0, 0, 2, 0.15625], "texture": "#0"},
				"down": {"uv": [0, 0, 2, 0.15625], "texture": "#0"}
			}
		},
		{
			"from": [7.1875, 9.5, -0.9375],
			"to": [8.375, 9.8125, -0.625],
			"rotation": {"angle": 22.5, "axis": "z", "origin": [15.6875, 17.5, 7.0625]},
			"faces": {
				"north": {"uv": [0, 0, 0.59375, 0.15625], "texture": "#0"},
				"east": {"uv": [0, 0, 0.15625, 0.15625], "texture": "#0"},
				"south": {"uv": [0, 0, 0.59375, 0.15625], "texture": "#0"},
				"west": {"uv": [0, 0, 0.15625, 0.15625], "texture": "#0"},
				"up": {"uv": [0, 0, 0.59375, 0.15625], "texture": "#0"},
				"down": {"uv": [0, 0, 0.59375, 0.15625], "texture": "#0"}
			}
		},
		{
			"from": [7.3125, 3.4375, -0.9375],
			"to": [9.4375, 3.75, -0.625],
			"rotation": {"angle": -22.5, "axis": "z", "origin": [16.75, 11.4375, 7.0625]},
			"faces": {
				"north": {"uv": [0, 0, 1.0625, 0.15625], "texture": "#0"},
				"east": {"uv": [0, 0, 0.15625, 0.15625], "texture": "#0"},
				"south": {"uv": [0, 0, 1.0625, 0.15625], "texture": "#0"},
				"west": {"uv": [0, 0, 0.15625, 0.15625], "texture": "#0"},
				"up": {"uv": [0, 0, 1.0625, 0.15625], "texture": "#0"},
				"down": {"uv": [0, 0, 1.0625, 0.15625], "texture": "#0"}
			}
		},
		{
			"from": [12, 13.875, -0.9375],
			"to": [15.375, 14.25, -0.625],
			"rotation": {"angle": 0, "axis": "y", "origin": [21.375, 21.875, 7.0625]},
			"faces": {
				"north": {"uv": [0, 0, 1.6875, 0.1875], "texture": "#0"},
				"east": {"uv": [0, 0, 0.15625, 0.1875], "texture": "#0"},
				"south": {"uv": [0, 0, 1.6875, 0.1875], "texture": "#0"},
				"west": {"uv": [0, 0, 0.15625, 0.1875], "texture": "#0"},
				"up": {"uv": [0, 0, 1.6875, 0.15625], "texture": "#0"},
				"down": {"uv": [0, 0, 1.6875, 0.15625], "texture": "#0"}
			}
		},
		{
			"from": [18.1875, -0.625, -0.9375],
			"to": [20.1875, -0.3125, -0.625],
			"rotation": {"angle": -45, "axis": "z", "origin": [26.1875, 7.1875, 7.0625]},
			"faces": {
				"north": {"uv": [0, 0, 1, 0.15625], "texture": "#0"},
				"east": {"uv": [0, 0, 0.15625, 0.15625], "texture": "#0"},
				"south": {"uv": [0, 0, 1, 0.15625], "texture": "#0"},
				"west": {"uv": [0, 0, 0.15625, 0.15625], "texture": "#0"},
				"up": {"uv": [0, 0, 1, 0.15625], "texture": "#0"},
				"down": {"uv": [0, 0, 1, 0.15625], "texture": "#0"}
			}
		},
		{
			"from": [16.6875, 10.75, -0.9375],
			"to": [17, 11.8125, -0.625],
			"rotation": {"angle": 22.5, "axis": "z", "origin": [24.5, 4.75, 7.0625]},
			"faces": {
				"north": {"uv": [0, 0, 0.53125, 0.15625], "rotation": 270, "texture": "#0"},
				"east": {"uv": [0, 0, 0.53125, 0.15625], "rotation": 90, "texture": "#0"},
				"south": {"uv": [0, 0, 0.53125, 0.15625], "rotation": 90, "texture": "#0"},
				"west": {"uv": [0, 0, 0.53125, 0.15625], "rotation": 90, "texture": "#0"},
				"up": {"uv": [0, 0, 0.15625, 0.15625], "rotation": 90, "texture": "#0"},
				"down": {"uv": [0, 0, 0.15625, 0.15625], "rotation": 90, "texture": "#0"}
			}
		}
	],
	"display": {
		"thirdperson_righthand": {
			"rotation": [81, 0, 0],
			"translation": [0.5, -2.5, 0],
			"scale": [0.39, 0.39, 0.39]
		},
		"thirdperson_lefthand": {
			"rotation": [77, 0, 0],
			"scale": [0.37, 0.35, 0.37]
		},
		"firstperson_righthand": {
			"rotation": [0, 154, 18],
			"translation": [0, 5, 0],
			"scale": [0.52, 0.52, 0.52]
		},
		"firstperson_lefthand": {
			"rotation": [-9, 151, 0],
			"translation": [-1.75, 6, 1],
			"scale": [0.39, 0.37, 0.37]
		},
		"ground": {
			"translation": [0, 1, 0],
			"scale": [0.51, 0.52, 0.51]
		},
		"head": {
			"translation": [0, 0.75, -0.75],
			"scale": [0.86, 0.86, 0.86]
		}
	},
	"groups": [
		{
			"name": "Surround",
			"origin": [7.0625, -0.875, 0.5],
			"children": [0, 1, 2, 3, 4, 5, 6, 7, 8, 9, 10, 11, 12, 13, 14, 15]
		},
		{
			"name": "Inside",
			"origin": [17.3125, 0.0625, 8],
			"children": [16, 17, 18, 19, 20, 21]
		},
		{
			"name": "group",
			"origin": [24.5, 4.75, 7.9375],
			"children": [22, 23, 24, 25, 26, 27, 28, 29, 30, 31, 32, 33, 34, 35, 36, 37, 38, 39, 40, 41, 42]
		}
	]
}