{
	"credit": "Made with Blockbench",
	"textures": {
		"0": "custom/red 1",
		"particle": "custom/red 1"
	},
	"elements": [
		{
			"from": [4, 5, 7],
			"to": [6, 16, 9],
			"faces": {
				"north": {"uv": [0, 0, 2, 11], "texture": "#0"},
				"east": {"uv": [0, 0, 2, 11], "texture": "#0"},
				"south": {"uv": [0, 0, 2, 11], "texture": "#0"},
				"west": {"uv": [0, 0, 2, 11], "texture": "#0"},
				"up": {"uv": [0, 0, 2, 2], "texture": "#0"},
				"down": {"uv": [0, 0, 2, 2], "texture": "#0"}
			}
		},
		{
			"from": [6, 5, 7],
			"to": [11, 7, 9],
			"faces": {
				"north": {"uv": [0, 0, 5, 2], "texture": "#0"},
				"east": {"uv": [0, 0, 2, 2], "texture": "#0"},
				"south": {"uv": [0, 0, 5, 2], "texture": "#0"},
				"west": {"uv": [0, 0, 2, 2], "texture": "#0"},
				"up": {"uv": [0, 0, 5, 2], "texture": "#0"},
				"down": {"uv": [0, 0, 5, 2], "texture": "#0"}
			}
		},
		{
			"from": [4, 0, 7],
			"to": [11, 2, 9],
			"faces": {
				"north": {"uv": [0, 0, 7, 2], "texture": "#0"},
				"east": {"uv": [0, 0, 2, 2], "texture": "#0"},
				"south": {"uv": [0, 0, 7, 2], "texture": "#0"},
				"west": {"uv": [0, 0, 2, 2], "texture": "#0"},
				"up": {"uv": [0, 0, 7, 2], "texture": "#0"},
				"down": {"uv": [0, 0, 7, 2], "texture": "#0"}
			}
		},
		{
			"from": [9, 10, 7],
			"to": [11, 16, 9],
			"faces": {
				"north": {"uv": [0, 0, 2, 6], "texture": "#0"},
				"east": {"uv": [0, 0, 2, 6], "texture": "#0"},
				"south": {"uv": [0, 0, 2, 6], "texture": "#0"},
				"west": {"uv": [0, 0, 2, 6], "texture": "#0"},
				"up": {"uv": [0, 0, 2, 2], "texture": "#0"},
				"down": {"uv": [0, 0, 2, 2], "texture": "#0"}
			}
		},
		{
			"from": [4, 2, 7],
			"to": [6, 5, 9],
			"faces": {
				"north": {"uv": [0, 0, 2, 3], "texture": "#0"},
				"east": {"uv": [0, 0, 2, 3], "texture": "#0"},
				"south": {"uv": [0, 0, 2, 3], "texture": "#0"},
				"west": {"uv": [0, 0, 2, 3], "texture": "#0"},
				"up": {"uv": [0, 0, 2, 2], "texture": "#0"},
				"down": {"uv": [0, 0, 2, 2], "texture": "#0"}
			}
		},
		{
			"from": [6, 14, 7],
			"to": [9, 16, 9],
			"faces": {
				"north": {"uv": [0, 0, 3, 2], "texture": "#0"},
				"east": {"uv": [0, 0, 2, 2], "texture": "#0"},
				"south": {"uv": [0, 0, 3, 2], "texture": "#0"},
				"west": {"uv": [0, 0, 2, 2], "texture": "#0"},
				"up": {"uv": [0, 0, 3, 2], "texture": "#0"},
				"down": {"uv": [0, 0, 3, 2], "texture": "#0"}
			}
		}
	],
	"display": {
		"thirdperson_righthand": {
			"translation": [0, 3, 1.5],
			"scale": [-0.3, 0.3, 0.3]
		},
		"thirdperson_lefthand": {
			"translation": [0, 3, 0.15],
			"scale": [-0.3, 0.3, 0.3]
		},
		"firstperson_righthand": {
			"rotation": [0, -43, 0],
			"translation": [2.75, 4.25, 0],
			"scale": [-0.3, 0.3, 0.3]
		},
		"firstperson_lefthand": {
			"rotation": [0, -52, 0],
			"translation": [4.25, 3, 0],
			"scale": [-0.3, 0.3, 0.3]
		},
		"ground": {
			"scale": [0.5, 0.5, 0.5]
		},
		"gui": {
			"rotation": [15, 24, 0],
			"scale": [-1, 1, 1]
		},
		"head": {
			"translation": [0, 16, 0]
		}
	},
	"groups": [
		{
			"name": "group",
			"origin": [0, 0, 0],
			"children": [0, 1, 2, 3, 4, 5]
		}
	]
}