{
	"credit": "Made with Blockbench",
	"textures": {
		"2": "custom/glasses black",
		"particle": "custom/glasses black"
	},
	"elements": [
		{
			"from": [16, 2, 7.25],
			"to": [17, 3, 7.75],
			"rotation": {"angle": 0, "axis": "y", "origin": [15.125, 5, 7.625]},
			"faces": {
				"north": {"uv": [0, 0, 16, 3], "texture": "#2"},
				"east": {"uv": [0, 0, 16, 5], "texture": "#2"},
				"south": {"uv": [0, 0, 16, 3], "texture": "#2"},
				"west": {"uv": [0, 0, 16, 4], "texture": "#2"},
				"up": {"uv": [0, 0, 7, 7], "rotation": 180, "texture": "#2"},
				"down": {"uv": [0, 0, 7, 7], "rotation": 180, "texture": "#2"}
			}
		},
		{
			"from": [-2.625, 2, 7.25],
			"to": [-1.625, 3, 7.75],
			"rotation": {"angle": 0, "axis": "y", "origin": [12.6875, 4.125, 7.5]},
			"faces": {
				"north": {"uv": [0, 0, 16, 3], "texture": "#2"},
				"east": {"uv": [0, 0, 16, 4], "texture": "#2"},
				"south": {"uv": [0, 0, 16, 3], "texture": "#2"},
				"west": {"uv": [0, 0, 16, 5], "texture": "#2"},
				"up": {"uv": [0, 0, 7, 7], "texture": "#2"},
				"down": {"uv": [0, 0, 7, 7], "texture": "#2"}
			}
		},
		{
			"from": [10, 2, 7.25],
			"to": [11, 3, 7.75],
			"rotation": {"angle": 0, "axis": "y", "origin": [15.125, 5, 7.625]},
			"faces": {
				"north": {"uv": [0, 0, 16, 3], "texture": "#2"},
				"east": {"uv": [0, 0, 16, 5], "texture": "#2"},
				"south": {"uv": [0, 0, 16, 3], "texture": "#2"},
				"west": {"uv": [0, 0, 16, 4], "texture": "#2"},
				"up": {"uv": [0, 0, 7, 7], "rotation": 180, "texture": "#2"},
				"down": {"uv": [0, 0, 7, 7], "rotation": 180, "texture": "#2"}
			}
		},
		{
			"from": [3.375, 2, 7.25],
			"to": [4.375, 3, 7.75],
			"rotation": {"angle": 0, "axis": "y", "origin": [12.6875, 4.125, 7.5]},
			"faces": {
				"north": {"uv": [0, 0, 16, 3], "texture": "#2"},
				"east": {"uv": [0, 0, 16, 4], "texture": "#2"},
				"south": {"uv": [0, 0, 16, 3], "texture": "#2"},
				"west": {"uv": [0, 0, 16, 5], "texture": "#2"},
				"up": {"uv": [0, 0, 7, 7], "texture": "#2"},
				"down": {"uv": [0, 0, 7, 7], "texture": "#2"}
			}
		},
		{
			"from": [9, 3, 7.25],
			"to": [10, 4, 7.75],
			"rotation": {"angle": 0, "axis": "y", "origin": [15.125, 5, 7.625]},
			"faces": {
				"north": {"uv": [0, 0, 16, 3], "texture": "#2"},
				"east": {"uv": [0, 0, 16, 5], "texture": "#2"},
				"south": {"uv": [0, 0, 16, 3], "texture": "#2"},
				"west": {"uv": [0, 0, 16, 4], "texture": "#2"},
				"up": {"uv": [0, 0, 7, 7], "rotation": 180, "texture": "#2"},
				"down": {"uv": [0, 0, 7, 7], "rotation": 180, "texture": "#2"}
			}
		},
		{
			"from": [4.375, 3, 7.25],
			"to": [5.375, 4, 7.75],
			"rotation": {"angle": 0, "axis": "y", "origin": [12.6875, 4.125, 7.5]},
			"faces": {
				"north": {"uv": [0, 0, 16, 3], "texture": "#2"},
				"east": {"uv": [0, 0, 16, 4], "texture": "#2"},
				"south": {"uv": [0, 0, 16, 3], "texture": "#2"},
				"west": {"uv": [0, 0, 16, 5], "texture": "#2"},
				"up": {"uv": [0, 0, 7, 7], "texture": "#2"},
				"down": {"uv": [0, 0, 7, 7], "texture": "#2"}
			}
		},
		{
			"from": [7, 6, 7.25],
			"to": [8, 7, 7.75],
			"rotation": {"angle": 0, "axis": "y", "origin": [15.125, 5, 7.625]},
			"faces": {
				"north": {"uv": [0, 0, 16, 3], "texture": "#2"},
				"east": {"uv": [0, 0, 16, 5], "texture": "#2"},
				"south": {"uv": [0, 0, 16, 3], "texture": "#2"},
				"west": {"uv": [0, 0, 16, 4], "texture": "#2"},
				"up": {"uv": [0, 0, 7, 7], "rotation": 180, "texture": "#2"},
				"down": {"uv": [0, 0, 7, 7], "rotation": 180, "texture": "#2"}
			}
		},
		{
			"from": [6.375, 6, 7.25],
			"to": [7.375, 7, 7.75],
			"rotation": {"angle": 0, "axis": "y", "origin": [12.6875, 4.125, 7.5]},
			"faces": {
				"north": {"uv": [0, 0, 16, 3], "texture": "#2"},
				"east": {"uv": [0, 0, 16, 4], "texture": "#2"},
				"south": {"uv": [0, 0, 16, 3], "texture": "#2"},
				"west": {"uv": [0, 0, 16, 5], "texture": "#2"},
				"up": {"uv": [0, 0, 7, 7], "texture": "#2"},
				"down": {"uv": [0, 0, 7, 7], "texture": "#2"}
			}
		},
		{
			"from": [8, 4, 7.25],
			"to": [9, 7, 7.75],
			"rotation": {"angle": 0, "axis": "y", "origin": [15.125, 5, 7.625]},
			"faces": {
				"north": {"uv": [0, 0, 16, 3], "texture": "#2"},
				"east": {"uv": [0, 0, 16, 5], "texture": "#2"},
				"south": {"uv": [0, 0, 16, 3], "texture": "#2"},
				"west": {"uv": [0, 0, 16, 4], "texture": "#2"},
				"up": {"uv": [0, 0, 7, 7], "rotation": 180, "texture": "#2"},
				"down": {"uv": [0, 0, 7, 7], "rotation": 180, "texture": "#2"}
			}
		},
		{
			"from": [5.375, 4, 7.25],
			"to": [6.375, 7, 7.75],
			"rotation": {"angle": 0, "axis": "y", "origin": [12.6875, 4.125, 7.5]},
			"faces": {
				"north": {"uv": [0, 0, 16, 3], "texture": "#2"},
				"east": {"uv": [0, 0, 16, 4], "texture": "#2"},
				"south": {"uv": [0, 0, 16, 3], "texture": "#2"},
				"west": {"uv": [0, 0, 16, 5], "texture": "#2"},
				"up": {"uv": [0, 0, 7, 7], "texture": "#2"},
				"down": {"uv": [0, 0, 7, 7], "texture": "#2"}
			}
		},
		{
			"from": [11, 1, 7.25],
			"to": [16, 2, 7.75],
			"rotation": {"angle": 0, "axis": "y", "origin": [15.125, 5, 7.625]},
			"faces": {
				"north": {"uv": [0, 0, 16, 3], "texture": "#2"},
				"east": {"uv": [0, 0, 16, 5], "texture": "#2"},
				"south": {"uv": [0, 0, 16, 3], "texture": "#2"},
				"west": {"uv": [0, 0, 16, 4], "texture": "#2"},
				"up": {"uv": [0, 0, 7, 7], "rotation": 180, "texture": "#2"},
				"down": {"uv": [0, 0, 7, 7], "rotation": 180, "texture": "#2"}
			}
		},
		{
			"from": [-1.625, 1, 7.25],
			"to": [3.375, 2, 7.75],
			"rotation": {"angle": 0, "axis": "y", "origin": [12.6875, 4.125, 7.5]},
			"faces": {
				"north": {"uv": [0, 0, 16, 3], "texture": "#2"},
				"east": {"uv": [0, 0, 16, 4], "texture": "#2"},
				"south": {"uv": [0, 0, 16, 3], "texture": "#2"},
				"west": {"uv": [0, 0, 16, 5], "texture": "#2"},
				"up": {"uv": [0, 0, 7, 7], "texture": "#2"},
				"down": {"uv": [0, 0, 7, 7], "texture": "#2"}
			}
		},
		{
			"from": [17, 3, 7.25],
			"to": [18, 6, 7.75],
			"rotation": {"angle": 0, "axis": "y", "origin": [15.125, 5, 7.625]},
			"faces": {
				"north": {"uv": [0, 0, 16, 3], "texture": "#2"},
				"east": {"uv": [0, 0, 16, 5], "texture": "#2"},
				"south": {"uv": [0, 0, 16, 3], "texture": "#2"},
				"west": {"uv": [0, 0, 16, 4], "texture": "#2"},
				"up": {"uv": [0, 0, 7, 7], "rotation": 180, "texture": "#2"},
				"down": {"uv": [0, 0, 7, 7], "rotation": 180, "texture": "#2"}
			}
		},
		{
			"from": [-3.625, 3, 7.25],
			"to": [-2.625, 6, 7.75],
			"rotation": {"angle": 0, "axis": "y", "origin": [12.6875, 4.125, 7.5]},
			"faces": {
				"north": {"uv": [0, 0, 16, 3], "texture": "#2"},
				"east": {"uv": [0, 0, 16, 4], "texture": "#2"},
				"south": {"uv": [0, 0, 16, 3], "texture": "#2"},
				"west": {"uv": [0, 0, 16, 5], "texture": "#2"},
				"up": {"uv": [0, 0, 7, 7], "texture": "#2"},
				"down": {"uv": [0, 0, 7, 7], "texture": "#2"}
			}
		},
		{
			"from": [17, 6, 7.25],
			"to": [19, 7, 7.75],
			"rotation": {"angle": 0, "axis": "y", "origin": [15.125, 5, 7.625]},
			"faces": {
				"north": {"uv": [0, 0, 16, 3], "texture": "#2"},
				"east": {"uv": [0, 0, 16, 5], "texture": "#2"},
				"south": {"uv": [0, 0, 16, 3], "texture": "#2"},
				"west": {"uv": [0, 0, 16, 4], "texture": "#2"},
				"up": {"uv": [0, 0, 7, 7], "rotation": 180, "texture": "#2"},
				"down": {"uv": [0, 0, 7, 7], "rotation": 180, "texture": "#2"}
			}
		},
		{
			"from": [-4.625, 6, 7.25],
			"to": [-2.625, 7, 7.75],
			"rotation": {"angle": 0, "axis": "y", "origin": [12.6875, 4.125, 7.5]},
			"faces": {
				"north": {"uv": [0, 0, 16, 3], "texture": "#2"},
				"east": {"uv": [0, 0, 16, 4], "texture": "#2"},
				"south": {"uv": [0, 0, 16, 3], "texture": "#2"},
				"west": {"uv": [0, 0, 16, 5], "texture": "#2"},
				"up": {"uv": [0, 0, 7, 7], "texture": "#2"},
				"down": {"uv": [0, 0, 7, 7], "texture": "#2"}
			}
		},
		{
			"from": [18.75, 7, 7.25],
			"to": [19.75, 7.9375, 20.25],
			"rotation": {"angle": 0, "axis": "y", "origin": [9.5, 7.5, 7.5]},
			"faces": {
				"north": {"uv": [0, 0, 16, 3], "texture": "#2"},
				"east": {"uv": [0, 0, 16, 5], "texture": "#2"},
				"south": {"uv": [0, 0, 16, 3], "texture": "#2"},
				"west": {"uv": [0, 0, 16, 4], "texture": "#2"},
				"up": {"uv": [0, 0, 7, 7], "rotation": 270, "texture": "#2"},
				"down": {"uv": [0, 0, 7, 7], "rotation": 90, "texture": "#2"}
			}
		},
		{
			"from": [-4.75, 7, 7.25],
			"to": [-3.75, 7.9375, 20.25],
			"rotation": {"angle": 0, "axis": "y", "origin": [9.5, 7.5, 7.5]},
			"faces": {
				"north": {"uv": [0, 0, 16, 3], "texture": "#2"},
				"east": {"uv": [0, 0, 16, 5], "texture": "#2"},
				"south": {"uv": [0, 0, 16, 3], "texture": "#2"},
				"west": {"uv": [0, 0, 16, 4], "texture": "#2"},
				"up": {"uv": [0, 0, 7, 7], "rotation": 270, "texture": "#2"},
				"down": {"uv": [0, 0, 7, 7], "rotation": 90, "texture": "#2"}
			}
		},
		{
			"from": [-4, 7, 7],
			"to": [19, 8, 8],
			"faces": {
				"north": {"uv": [0, 0, 16, 3], "texture": "#2"},
				"east": {"uv": [0, 0, 16, 5], "texture": "#2"},
				"south": {"uv": [0, 0, 16, 3], "texture": "#2"},
				"west": {"uv": [0, 0, 16, 4], "texture": "#2"},
				"up": {"uv": [0, 0, 7, 7], "texture": "#2"},
				"down": {"uv": [0, 0, 7, 7], "texture": "#2"}
			}
		}
	],
	"display": {
		"thirdperson_righthand": {
			"scale": [0.23, 0.47, 0.23]
		},
		"head": {
			"translation": [0.25, 1, -6.5],
			"scale": [0.68, 0.68, 1.08]
		}
	},
	"groups": [
		{
			"name": "group",
			"origin": [0, 0, 0],
			"children": []
		},
		{
			"name": "group",
			"origin": [0, 0, 0],
			"children": [0, 1, 2, 3, 4, 5, 6, 7, 8, 9, 10, 11, 12, 13, 14, 15, 16, 17, 18]
		}
	]
}