{
	"credit": "Made with Blockbench",
	"texture_size": [32, 32],
	"textures": {
		"0": "custom/chandelier",
		"particle": "custom/chandelier"
	},
	"elements": [
		{
			"from": [6.5, -1, 6.5],
			"to": [9.5, 13, 9.5],
			"faces": {
				"north": {"uv": [0, 0, 1.5, 7], "texture": "#0"},
				"east": {"uv": [0, 0, 1.5, 7], "texture": "#0"},
				"south": {"uv": [0, 0, 1.5, 7], "texture": "#0"},
				"west": {"uv": [0, 0, 1.5, 7], "texture": "#0"},
				"up": {"uv": [0, 0, 1.5, 1.5], "texture": "#0"},
				"down": {"uv": [0, 0, 1.5, 1.5], "texture": "#0"}
			}
		},
		{
			"from": [5.5, -2, 5.5],
			"to": [10.5, -1, 10.5],
			"faces": {
				"north": {"uv": [0, 0, 2.5, 0.5], "texture": "#0"},
				"east": {"uv": [0, 0, 2.5, 0.5], "texture": "#0"},
				"south": {"uv": [0, 0, 2.5, 0.5], "texture": "#0"},
				"west": {"uv": [0, 0, 2.5, 0.5], "texture": "#0"},
				"up": {"uv": [0, 0, 2.5, 2.5], "texture": "#0"},
				"down": {"uv": [0, 0, 2.5, 2.5], "texture": "#0"}
			}
		},
		{
			"from": [6, -4, 6],
			"to": [10, -2, 10],
			"faces": {
				"north": {"uv": [0, 0, 2, 1], "texture": "#0"},
				"east": {"uv": [0, 0, 2, 1], "texture": "#0"},
				"south": {"uv": [0, 0, 2, 1], "texture": "#0"},
				"west": {"uv": [0, 0, 2, 1], "texture": "#0"},
				"up": {"uv": [0, 0, 2, 2], "texture": "#0"},
				"down": {"uv": [0, 0, 2, 2], "texture": "#0"}
			}
		},
		{
			"from": [6.5, -5.5, 6.5],
			"to": [9.5, -4, 9.5],
			"faces": {
				"north": {"uv": [0, 0, 1.5, 0.75], "texture": "#0"},
				"east": {"uv": [0, 0, 1.5, 0.75], "texture": "#0"},
				"south": {"uv": [0, 0, 1.5, 0.75], "texture": "#0"},
				"west": {"uv": [0, 0, 1.5, 0.75], "texture": "#0"},
				"up": {"uv": [0, 0, 1.5, 1.5], "texture": "#0"},
				"down": {"uv": [0, 0, 1.5, 1.5], "texture": "#0"}
			}
		},
		{
			"from": [7.25, -7, 7.25],
			"to": [8.75, -5.5, 8.75],
			"faces": {
				"north": {"uv": [0, 0, 0.75, 0.75], "texture": "#0"},
				"east": {"uv": [0, 0, 0.75, 0.75], "texture": "#0"},
				"south": {"uv": [0, 0, 0.75, 0.75], "texture": "#0"},
				"west": {"uv": [0, 0, 0.75, 0.75], "texture": "#0"},
				"up": {"uv": [0, 0, 0.75, 0.75], "texture": "#0"},
				"down": {"uv": [0, 0, 0.75, 0.75], "texture": "#0"}
			}
		},
		{
			"from": [6, -6.25, 7.5],
			"to": [10, -5.5, 8.5],
			"faces": {
				"north": {"uv": [0, 0, 2, 0.375], "texture": "#0"},
				"east": {"uv": [0, 0, 0.5, 0.375], "texture": "#0"},
				"south": {"uv": [0, 0, 2, 0.375], "texture": "#0"},
				"west": {"uv": [0, 0, 0.5, 0.375], "texture": "#0"},
				"up": {"uv": [0, 0, 2, 0.5], "texture": "#0"},
				"down": {"uv": [0, 0, 2, 0.5], "texture": "#0"}
			}
		},
		{
			"from": [7.5, -6.25, 6],
			"to": [8.5, -5.5, 10],
			"rotation": {"angle": 0, "axis": "y", "origin": [8, -5.875, 8]},
			"faces": {
				"north": {"uv": [0, 0, 0.5, 0.375], "texture": "#0"},
				"east": {"uv": [0, 0, 2, 0.375], "texture": "#0"},
				"south": {"uv": [0, 0, 0.5, 0.375], "texture": "#0"},
				"west": {"uv": [0, 0, 2, 0.375], "texture": "#0"},
				"up": {"uv": [0, 0, 2, 0.5], "rotation": 270, "texture": "#0"},
				"down": {"uv": [0, 0, 2, 0.5], "rotation": 90, "texture": "#0"}
			}
		},
		{
			"from": [7.75, -6.5, 6.5],
			"to": [8.25, -6.25, 9.5],
			"rotation": {"angle": 0, "axis": "y", "origin": [8, -5.875, 8]},
			"faces": {
				"north": {"uv": [0, 0, 0.25, 0.125], "texture": "#0"},
				"east": {"uv": [0, 0, 1.5, 0.125], "texture": "#0"},
				"south": {"uv": [0, 0, 0.25, 0.125], "texture": "#0"},
				"west": {"uv": [0, 0, 1.5, 0.125], "texture": "#0"},
				"up": {"uv": [0, 0, 1.5, 0.25], "rotation": 270, "texture": "#0"},
				"down": {"uv": [0, 0, 1.5, 0.25], "rotation": 90, "texture": "#0"}
			}
		},
		{
			"from": [6.5, -6.5, 7.75],
			"to": [9.5, -6.25, 8.25],
			"rotation": {"angle": 0, "axis": "y", "origin": [8, -6.375, 8]},
			"faces": {
				"north": {"uv": [0, 0, 1.5, 0.125], "texture": "#0"},
				"east": {"uv": [0, 0, 0.25, 0.125], "texture": "#0"},
				"south": {"uv": [0, 0, 1.5, 0.125], "texture": "#0"},
				"west": {"uv": [0, 0, 0.25, 0.125], "texture": "#0"},
				"up": {"uv": [0, 0, 1.5, 0.25], "rotation": 180, "texture": "#0"},
				"down": {"uv": [0, 0, 1.5, 0.25], "rotation": 180, "texture": "#0"}
			}
		},
		{
			"from": [7.75, -8.5, 7.75],
			"to": [8.25, -7, 8.25],
			"faces": {
				"north": {"uv": [0, 0, 0.25, 0.75], "texture": "#0"},
				"east": {"uv": [0, 0, 0.25, 0.75], "texture": "#0"},
				"south": {"uv": [0, 0, 0.25, 0.75], "texture": "#0"},
				"west": {"uv": [0, 0, 0.25, 0.75], "texture": "#0"},
				"up": {"uv": [0, 0, 0.25, 0.25], "texture": "#0"},
				"down": {"uv": [0, 0, 0.25, 0.25], "texture": "#0"}
			}
		},
		{
			"from": [7.25, 13, 7.25],
			"to": [8.75, 17.25, 8.75],
			"rotation": {"angle": 0, "axis": "y", "origin": [8, 14.875, 8]},
			"faces": {
				"north": {"uv": [0, 0, 0.75, 2.125], "texture": "#0"},
				"east": {"uv": [0, 0, 0.75, 2.125], "texture": "#0"},
				"south": {"uv": [0, 0, 0.75, 2.125], "texture": "#0"},
				"west": {"uv": [0, 0, 0.75, 2.125], "texture": "#0"},
				"up": {"uv": [0, 0, 0.75, 0.75], "texture": "#0"},
				"down": {"uv": [0, 0, 0.75, 0.75], "texture": "#0"}
			}
		},
		{
			"from": [6, 15.75, 6],
			"to": [10, 16.5, 10],
			"faces": {
				"north": {"uv": [0, 0, 2, 0.375], "texture": "#0"},
				"east": {"uv": [0, 0, 2, 0.375], "texture": "#0"},
				"south": {"uv": [0, 0, 2, 0.375], "texture": "#0"},
				"west": {"uv": [0, 0, 2, 0.375], "texture": "#0"},
				"up": {"uv": [0, 0, 2, 2], "texture": "#0"},
				"down": {"uv": [0, 0, 2, 2], "texture": "#0"}
			}
		},
		{
			"from": [5.50225, 3.562, 7],
			"to": [6.50225, 4.562, 9],
			"rotation": {"angle": 0, "axis": "z", "origin": [5.52308, 7.22866, 8]},
			"faces": {
				"north": {"uv": [0, 0, 0.5, 0.5], "texture": "#0"},
				"east": {"uv": [0, 0, 1, 0.5], "texture": "#0"},
				"south": {"uv": [0, 0, 0.5, 0.5], "texture": "#0"},
				"west": {"uv": [0, 0, 1, 0.5], "texture": "#0"},
				"up": {"uv": [0, 0, 0.5, 1], "texture": "#0"},
				"down": {"uv": [0, 0, 0.5, 1], "texture": "#0"}
			}
		},
		{
			"from": [6.99744, 3.562, 9.49519],
			"to": [8.99744, 4.562, 10.49519],
			"rotation": {"angle": 0, "axis": "y", "origin": [7.99744, 5.78315, 8]},
			"faces": {
				"north": {"uv": [0, 0, 1, 0.5], "texture": "#0"},
				"east": {"uv": [0, 0, 0.5, 0.5], "texture": "#0"},
				"south": {"uv": [0, 0, 1, 0.5], "texture": "#0"},
				"west": {"uv": [0, 0, 0.5, 0.5], "texture": "#0"},
				"up": {"uv": [0, 0, 0.5, 1], "rotation": 270, "texture": "#0"},
				"down": {"uv": [0, 0, 0.5, 1], "rotation": 90, "texture": "#0"}
			}
		},
		{
			"from": [4.50225, 4.312, 7.25],
			"to": [5.50225, 5.812, 8.75],
			"rotation": {"angle": 0, "axis": "z", "origin": [5.52308, 7.22866, 8]},
			"faces": {
				"north": {"uv": [0, 0, 0.5, 0.75], "texture": "#0"},
				"east": {"uv": [0, 0, 0.75, 0.75], "texture": "#0"},
				"south": {"uv": [0, 0, 0.5, 0.75], "texture": "#0"},
				"west": {"uv": [0, 0, 0.75, 0.75], "texture": "#0"},
				"up": {"uv": [0, 0, 0.5, 0.75], "texture": "#0"},
				"down": {"uv": [0, 0, 0.5, 0.75], "texture": "#0"}
			}
		},
		{
			"from": [7.24744, 4.312, 10.49519],
			"to": [8.74744, 5.812, 11.49519],
			"rotation": {"angle": 0, "axis": "y", "origin": [7.99744, 5.78315, 8]},
			"faces": {
				"north": {"uv": [0, 0, 0.75, 0.75], "texture": "#0"},
				"east": {"uv": [0, 0, 0.5, 0.75], "texture": "#0"},
				"south": {"uv": [0, 0, 0.75, 0.75], "texture": "#0"},
				"west": {"uv": [0, 0, 0.5, 0.75], "texture": "#0"},
				"up": {"uv": [0, 0, 0.5, 0.75], "rotation": 270, "texture": "#0"},
				"down": {"uv": [0, 0, 0.5, 0.75], "rotation": 90, "texture": "#0"}
			}
		},
		{
			"from": [4.25225, 5.812, 7.5],
			"to": [5.25225, 7.312, 8.5],
			"rotation": {"angle": 0, "axis": "z", "origin": [5.52308, 7.22866, 8]},
			"faces": {
				"north": {"uv": [0, 0, 0.5, 0.75], "texture": "#0"},
				"east": {"uv": [0, 0, 0.5, 0.75], "texture": "#0"},
				"south": {"uv": [0, 0, 0.5, 0.75], "texture": "#0"},
				"west": {"uv": [0, 0, 0.5, 0.75], "texture": "#0"},
				"up": {"uv": [0, 0, 0.5, 0.5], "texture": "#0"},
				"down": {"uv": [0, 0, 0.5, 0.5], "texture": "#0"}
			}
		},
		{
			"from": [7.49744, 5.812, 10.74519],
			"to": [8.49744, 7.312, 11.74519],
			"rotation": {"angle": 0, "axis": "y", "origin": [7.99744, 5.78315, 8]},
			"faces": {
				"north": {"uv": [0, 0, 0.5, 0.75], "texture": "#0"},
				"east": {"uv": [0, 0, 0.5, 0.75], "texture": "#0"},
				"south": {"uv": [0, 0, 0.5, 0.75], "texture": "#0"},
				"west": {"uv": [0, 0, 0.5, 0.75], "texture": "#0"},
				"up": {"uv": [0, 0, 0.5, 0.5], "rotation": 270, "texture": "#0"},
				"down": {"uv": [0, 0, 0.5, 0.5], "rotation": 90, "texture": "#0"}
			}
		},
		{
			"from": [4.50225, 7.312, 7.25],
			"to": [5.50225, 8.812, 8.75],
			"rotation": {"angle": 0, "axis": "z", "origin": [5.52308, 7.22866, 8]},
			"faces": {
				"north": {"uv": [0, 0, 0.5, 0.75], "texture": "#0"},
				"east": {"uv": [0, 0, 0.75, 0.75], "texture": "#0"},
				"south": {"uv": [0, 0, 0.5, 0.75], "texture": "#0"},
				"west": {"uv": [0, 0, 0.75, 0.75], "texture": "#0"},
				"up": {"uv": [0, 0, 0.5, 0.75], "texture": "#0"},
				"down": {"uv": [0, 0, 0.5, 0.75], "texture": "#0"}
			}
		},
		{
			"from": [7.24744, 7.312, 10.49519],
			"to": [8.74744, 8.812, 11.49519],
			"rotation": {"angle": 0, "axis": "y", "origin": [7.99744, 5.78315, 8]},
			"faces": {
				"north": {"uv": [0, 0, 0.75, 0.75], "texture": "#0"},
				"east": {"uv": [0, 0, 0.5, 0.75], "texture": "#0"},
				"south": {"uv": [0, 0, 0.75, 0.75], "texture": "#0"},
				"west": {"uv": [0, 0, 0.5, 0.75], "texture": "#0"},
				"up": {"uv": [0, 0, 0.5, 0.75], "rotation": 270, "texture": "#0"},
				"down": {"uv": [0, 0, 0.5, 0.75], "rotation": 90, "texture": "#0"}
			}
		},
		{
			"from": [5.50225, 8.562, 7],
			"to": [6.50225, 9.562, 9],
			"rotation": {"angle": 0, "axis": "z", "origin": [5.52308, 7.22866, 8]},
			"faces": {
				"north": {"uv": [0, 0, 0.5, 0.5], "texture": "#0"},
				"east": {"uv": [0, 0, 1, 0.5], "texture": "#0"},
				"south": {"uv": [0, 0, 0.5, 0.5], "texture": "#0"},
				"west": {"uv": [0, 0, 1, 0.5], "texture": "#0"},
				"up": {"uv": [0, 0, 0.5, 1], "texture": "#0"},
				"down": {"uv": [0, 0, 0.5, 1], "texture": "#0"}
			}
		},
		{
			"from": [6.99744, 8.562, 9.49519],
			"to": [8.99744, 9.562, 10.49519],
			"rotation": {"angle": 0, "axis": "y", "origin": [7.99744, 5.78315, 8]},
			"faces": {
				"north": {"uv": [0, 0, 1, 0.5], "texture": "#0"},
				"east": {"uv": [0, 0, 0.5, 0.5], "texture": "#0"},
				"south": {"uv": [0, 0, 1, 0.5], "texture": "#0"},
				"west": {"uv": [0, 0, 0.5, 0.5], "texture": "#0"},
				"up": {"uv": [0, 0, 0.5, 1], "rotation": 270, "texture": "#0"},
				"down": {"uv": [0, 0, 0.5, 1], "rotation": 90, "texture": "#0"}
			}
		},
		{
			"from": [6.25225, 9.562, 7],
			"to": [6.50225, 11.562, 9],
			"rotation": {"angle": 0, "axis": "z", "origin": [5.52308, 7.22866, 8]},
			"faces": {
				"north": {"uv": [0, 0, 0.125, 1], "texture": "#0"},
				"east": {"uv": [0, 0, 1, 1], "texture": "#0"},
				"south": {"uv": [0, 0, 0.125, 1], "texture": "#0"},
				"west": {"uv": [0, 0, 1, 1], "texture": "#0"},
				"up": {"uv": [0, 0, 0.125, 1], "texture": "#0"},
				"down": {"uv": [0, 0, 0.125, 1], "texture": "#0"}
			}
		},
		{
			"from": [6.99744, 9.562, 9.49519],
			"to": [8.99744, 11.562, 9.74519],
			"rotation": {"angle": 0, "axis": "y", "origin": [7.99744, 5.78315, 8]},
			"faces": {
				"north": {"uv": [0, 0, 1, 1], "texture": "#0"},
				"east": {"uv": [0, 0, 0.125, 1], "texture": "#0"},
				"south": {"uv": [0, 0, 1, 1], "texture": "#0"},
				"west": {"uv": [0, 0, 0.125, 1], "texture": "#0"},
				"up": {"uv": [0, 0, 0.125, 1], "rotation": 270, "texture": "#0"},
				"down": {"uv": [0, 0, 0.125, 1], "rotation": 90, "texture": "#0"}
			}
		},
		{
			"from": [9.48142, 3.562, 7],
			"to": [10.48142, 4.562, 9],
			"rotation": {"angle": 0, "axis": "y", "origin": [5.52308, 7.22866, 8]},
			"faces": {
				"north": {"uv": [0, 0, 0.5, 0.5], "texture": "#0"},
				"east": {"uv": [0, 0, 1, 0.5], "texture": "#0"},
				"south": {"uv": [0, 0, 0.5, 0.5], "texture": "#0"},
				"west": {"uv": [0, 0, 1, 0.5], "texture": "#0"},
				"up": {"uv": [0, 0, 0.5, 1], "rotation": 180, "texture": "#0"},
				"down": {"uv": [0, 0, 0.5, 1], "rotation": 180, "texture": "#0"}
			}
		},
		{
			"from": [6.99744, 3.562, 5.51603],
			"to": [8.99744, 4.562, 6.51603],
			"rotation": {"angle": 0, "axis": "y", "origin": [7.99744, 5.78315, 8]},
			"faces": {
				"north": {"uv": [0, 0, 1, 0.5], "texture": "#0"},
				"east": {"uv": [0, 0, 0.5, 0.5], "texture": "#0"},
				"south": {"uv": [0, 0, 1, 0.5], "texture": "#0"},
				"west": {"uv": [0, 0, 0.5, 0.5], "texture": "#0"},
				"up": {"uv": [0, 0, 0.5, 1], "rotation": 90, "texture": "#0"},
				"down": {"uv": [0, 0, 0.5, 1], "rotation": 270, "texture": "#0"}
			}
		},
		{
			"from": [10.48142, 4.312, 7.25],
			"to": [11.48142, 5.812, 8.75],
			"rotation": {"angle": 0, "axis": "y", "origin": [5.52308, 7.22866, 8]},
			"faces": {
				"north": {"uv": [0, 0, 0.5, 0.75], "texture": "#0"},
				"east": {"uv": [0, 0, 0.75, 0.75], "texture": "#0"},
				"south": {"uv": [0, 0, 0.5, 0.75], "texture": "#0"},
				"west": {"uv": [0, 0, 0.75, 0.75], "texture": "#0"},
				"up": {"uv": [0, 0, 0.5, 0.75], "rotation": 180, "texture": "#0"},
				"down": {"uv": [0, 0, 0.5, 0.75], "rotation": 180, "texture": "#0"}
			}
		},
		{
			"from": [7.24744, 4.312, 4.51603],
			"to": [8.74744, 5.812, 5.51603],
			"rotation": {"angle": 0, "axis": "y", "origin": [7.99744, 5.78315, 8]},
			"faces": {
				"north": {"uv": [0, 0, 0.75, 0.75], "texture": "#0"},
				"east": {"uv": [0, 0, 0.5, 0.75], "texture": "#0"},
				"south": {"uv": [0, 0, 0.75, 0.75], "texture": "#0"},
				"west": {"uv": [0, 0, 0.5, 0.75], "texture": "#0"},
				"up": {"uv": [0, 0, 0.5, 0.75], "rotation": 90, "texture": "#0"},
				"down": {"uv": [0, 0, 0.5, 0.75], "rotation": 270, "texture": "#0"}
			}
		},
		{
			"from": [10.73142, 5.812, 7.5],
			"to": [11.73142, 7.312, 8.5],
			"rotation": {"angle": 0, "axis": "y", "origin": [5.52308, 7.22866, 8]},
			"faces": {
				"north": {"uv": [0, 0, 0.5, 0.75], "texture": "#0"},
				"east": {"uv": [0, 0, 0.5, 0.75], "texture": "#0"},
				"south": {"uv": [0, 0, 0.5, 0.75], "texture": "#0"},
				"west": {"uv": [0, 0, 0.5, 0.75], "texture": "#0"},
				"up": {"uv": [0, 0, 0.5, 0.5], "rotation": 180, "texture": "#0"},
				"down": {"uv": [0, 0, 0.5, 0.5], "rotation": 180, "texture": "#0"}
			}
		},
		{
			"from": [7.49744, 5.812, 4.26603],
			"to": [8.49744, 7.312, 5.26603],
			"rotation": {"angle": 0, "axis": "y", "origin": [7.99744, 5.78315, 8]},
			"faces": {
				"north": {"uv": [0, 0, 0.5, 0.75], "texture": "#0"},
				"east": {"uv": [0, 0, 0.5, 0.75], "texture": "#0"},
				"south": {"uv": [0, 0, 0.5, 0.75], "texture": "#0"},
				"west": {"uv": [0, 0, 0.5, 0.75], "texture": "#0"},
				"up": {"uv": [0, 0, 0.5, 0.5], "rotation": 90, "texture": "#0"},
				"down": {"uv": [0, 0, 0.5, 0.5], "rotation": 270, "texture": "#0"}
			}
		},
		{
			"from": [10.48142, 7.312, 7.25],
			"to": [11.48142, 8.812, 8.75],
			"rotation": {"angle": 0, "axis": "y", "origin": [5.52308, 7.22866, 8]},
			"faces": {
				"north": {"uv": [0, 0, 0.5, 0.75], "texture": "#0"},
				"east": {"uv": [0, 0, 0.75, 0.75], "texture": "#0"},
				"south": {"uv": [0, 0, 0.5, 0.75], "texture": "#0"},
				"west": {"uv": [0, 0, 0.75, 0.75], "texture": "#0"},
				"up": {"uv": [0, 0, 0.5, 0.75], "rotation": 180, "texture": "#0"},
				"down": {"uv": [0, 0, 0.5, 0.75], "rotation": 180, "texture": "#0"}
			}
		},
		{
			"from": [7.24744, 7.312, 4.51603],
			"to": [8.74744, 8.812, 5.51603],
			"rotation": {"angle": 0, "axis": "y", "origin": [7.99744, 5.78315, 8]},
			"faces": {
				"north": {"uv": [0, 0, 0.75, 0.75], "texture": "#0"},
				"east": {"uv": [0, 0, 0.5, 0.75], "texture": "#0"},
				"south": {"uv": [0, 0, 0.75, 0.75], "texture": "#0"},
				"west": {"uv": [0, 0, 0.5, 0.75], "texture": "#0"},
				"up": {"uv": [0, 0, 0.5, 0.75], "rotation": 90, "texture": "#0"},
				"down": {"uv": [0, 0, 0.5, 0.75], "rotation": 270, "texture": "#0"}
			}
		},
		{
			"from": [9.48142, 8.562, 7],
			"to": [10.48142, 9.562, 9],
			"rotation": {"angle": 0, "axis": "y", "origin": [5.52308, 7.22866, 8]},
			"faces": {
				"north": {"uv": [0, 0, 0.5, 0.5], "texture": "#0"},
				"east": {"uv": [0, 0, 1, 0.5], "texture": "#0"},
				"south": {"uv": [0, 0, 0.5, 0.5], "texture": "#0"},
				"west": {"uv": [0, 0, 1, 0.5], "texture": "#0"},
				"up": {"uv": [0, 0, 0.5, 1], "rotation": 180, "texture": "#0"},
				"down": {"uv": [0, 0, 0.5, 1], "rotation": 180, "texture": "#0"}
			}
		},
		{
			"from": [6.99744, 8.562, 5.51603],
			"to": [8.99744, 9.562, 6.51603],
			"rotation": {"angle": 0, "axis": "y", "origin": [7.99744, 5.78315, 8]},
			"faces": {
				"north": {"uv": [0, 0, 1, 0.5], "texture": "#0"},
				"east": {"uv": [0, 0, 0.5, 0.5], "texture": "#0"},
				"south": {"uv": [0, 0, 1, 0.5], "texture": "#0"},
				"west": {"uv": [0, 0, 0.5, 0.5], "texture": "#0"},
				"up": {"uv": [0, 0, 0.5, 1], "rotation": 90, "texture": "#0"},
				"down": {"uv": [0, 0, 0.5, 1], "rotation": 270, "texture": "#0"}
			}
		},
		{
			"from": [9.48142, 9.562, 7],
			"to": [9.73142, 11.562, 9],
			"rotation": {"angle": 0, "axis": "y", "origin": [5.52308, 7.22866, 8]},
			"faces": {
				"north": {"uv": [0, 0, 0.125, 1], "texture": "#0"},
				"east": {"uv": [0, 0, 1, 1], "texture": "#0"},
				"south": {"uv": [0, 0, 0.125, 1], "texture": "#0"},
				"west": {"uv": [0, 0, 1, 1], "texture": "#0"},
				"up": {"uv": [0, 0, 0.125, 1], "rotation": 180, "texture": "#0"},
				"down": {"uv": [0, 0, 0.125, 1], "rotation": 180, "texture": "#0"}
			}
		},
		{
			"from": [6.99744, 9.562, 6.26603],
			"to": [8.99744, 11.562, 6.51603],
			"rotation": {"angle": 0, "axis": "y", "origin": [7.99744, 5.78315, 8]},
			"faces": {
				"north": {"uv": [0, 0, 1, 1], "texture": "#0"},
				"east": {"uv": [0, 0, 0.125, 1], "texture": "#0"},
				"south": {"uv": [0, 0, 1, 1], "texture": "#0"},
				"west": {"uv": [0, 0, 0.125, 1], "texture": "#0"},
				"up": {"uv": [0, 0, 0.125, 1], "rotation": 90, "texture": "#0"},
				"down": {"uv": [0, 0, 0.125, 1], "rotation": 270, "texture": "#0"}
			}
		},
		{
			"from": [4.00225, 4.812, 7.5625],
			"to": [4.50225, 6.312, 8.4375],
			"rotation": {"angle": 0, "axis": "z", "origin": [2.25225, 4.54414, 8]},
			"faces": {
				"north": {"uv": [0, 0, 0.25, 0.75], "texture": "#0"},
				"east": {"uv": [0, 0, 0.4375, 0.75], "texture": "#0"},
				"south": {"uv": [0, 0, 0.25, 0.75], "texture": "#0"},
				"west": {"uv": [0, 0, 0.4375, 0.75], "texture": "#0"},
				"up": {"uv": [0, 0, 0.25, 0.4375], "texture": "#0"},
				"down": {"uv": [0, 0, 0.25, 0.4375], "texture": "#0"}
			}
		},
		{
			"from": [7.55994, 4.812, 11.49519],
			"to": [8.43494, 6.312, 11.99519],
			"rotation": {"angle": 0, "axis": "y", "origin": [7.99744, 5.78315, 8]},
			"faces": {
				"north": {"uv": [0, 0, 0.4375, 0.75], "texture": "#0"},
				"east": {"uv": [0, 0, 0.25, 0.75], "texture": "#0"},
				"south": {"uv": [0, 0, 0.4375, 0.75], "texture": "#0"},
				"west": {"uv": [0, 0, 0.25, 0.75], "texture": "#0"},
				"up": {"uv": [0, 0, 0.25, 0.4375], "rotation": 270, "texture": "#0"},
				"down": {"uv": [0, 0, 0.25, 0.4375], "rotation": 90, "texture": "#0"}
			}
		},
		{
			"from": [15.50225, 4.812, 7.5625],
			"to": [16.00225, 6.312, 8.4375],
			"rotation": {"angle": 0, "axis": "z", "origin": [2.25225, 4.54414, 8]},
			"faces": {
				"north": {"uv": [0, 0, 0.25, 0.75], "texture": "#0"},
				"east": {"uv": [0, 0, 0.4375, 0.75], "texture": "#0"},
				"south": {"uv": [0, 0, 0.25, 0.75], "texture": "#0"},
				"west": {"uv": [0, 0, 0.4375, 0.75], "texture": "#0"},
				"up": {"uv": [0, 0, 0.25, 0.4375], "texture": "#0"},
				"down": {"uv": [0, 0, 0.25, 0.4375], "texture": "#0"}
			}
		},
		{
			"from": [7.55994, 4.812, -0.00481],
			"to": [8.43494, 6.312, 0.49519],
			"rotation": {"angle": 0, "axis": "y", "origin": [7.99744, 5.78315, 8]},
			"faces": {
				"north": {"uv": [0, 0, 0.4375, 0.75], "texture": "#0"},
				"east": {"uv": [0, 0, 0.25, 0.75], "texture": "#0"},
				"south": {"uv": [0, 0, 0.4375, 0.75], "texture": "#0"},
				"west": {"uv": [0, 0, 0.25, 0.75], "texture": "#0"},
				"up": {"uv": [0, 0, 0.25, 0.4375], "rotation": 270, "texture": "#0"},
				"down": {"uv": [0, 0, 0.25, 0.4375], "rotation": 90, "texture": "#0"}
			}
		},
		{
			"from": [0.00225, 4.812, 7.5625],
			"to": [0.50225, 6.312, 8.4375],
			"rotation": {"angle": 0, "axis": "z", "origin": [2.25225, 4.54414, 8]},
			"faces": {
				"north": {"uv": [0, 0, 0.25, 0.75], "texture": "#0"},
				"east": {"uv": [0, 0, 0.4375, 0.75], "texture": "#0"},
				"south": {"uv": [0, 0, 0.25, 0.75], "texture": "#0"},
				"west": {"uv": [0, 0, 0.4375, 0.75], "texture": "#0"},
				"up": {"uv": [0, 0, 0.25, 0.4375], "texture": "#0"},
				"down": {"uv": [0, 0, 0.25, 0.4375], "texture": "#0"}
			}
		},
		{
			"from": [7.55994, 4.812, 15.49519],
			"to": [8.43494, 6.312, 15.99519],
			"rotation": {"angle": 0, "axis": "y", "origin": [7.99744, 5.78315, 8]},
			"faces": {
				"north": {"uv": [0, 0, 0.4375, 0.75], "texture": "#0"},
				"east": {"uv": [0, 0, 0.25, 0.75], "texture": "#0"},
				"south": {"uv": [0, 0, 0.4375, 0.75], "texture": "#0"},
				"west": {"uv": [0, 0, 0.25, 0.75], "texture": "#0"},
				"up": {"uv": [0, 0, 0.25, 0.4375], "rotation": 270, "texture": "#0"},
				"down": {"uv": [0, 0, 0.25, 0.4375], "rotation": 90, "texture": "#0"}
			}
		},
		{
			"from": [11.50225, 4.812, 7.5625],
			"to": [12.00225, 6.312, 8.4375],
			"rotation": {"angle": 0, "axis": "z", "origin": [2.25225, 4.54414, 8]},
			"faces": {
				"north": {"uv": [0, 0, 0.25, 0.75], "texture": "#0"},
				"east": {"uv": [0, 0, 0.4375, 0.75], "texture": "#0"},
				"south": {"uv": [0, 0, 0.25, 0.75], "texture": "#0"},
				"west": {"uv": [0, 0, 0.4375, 0.75], "texture": "#0"},
				"up": {"uv": [0, 0, 0.25, 0.4375], "texture": "#0"},
				"down": {"uv": [0, 0, 0.25, 0.4375], "texture": "#0"}
			}
		},
		{
			"from": [7.55994, 4.812, 3.99519],
			"to": [8.43494, 6.312, 4.49519],
			"rotation": {"angle": 0, "axis": "y", "origin": [7.99744, 5.78315, 8]},
			"faces": {
				"north": {"uv": [0, 0, 0.4375, 0.75], "texture": "#0"},
				"east": {"uv": [0, 0, 0.25, 0.75], "texture": "#0"},
				"south": {"uv": [0, 0, 0.4375, 0.75], "texture": "#0"},
				"west": {"uv": [0, 0, 0.25, 0.75], "texture": "#0"},
				"up": {"uv": [0, 0, 0.25, 0.4375], "rotation": 270, "texture": "#0"},
				"down": {"uv": [0, 0, 0.25, 0.4375], "rotation": 90, "texture": "#0"}
			}
		},
		{
			"from": [3.50225, 4.062, 7.5625],
			"to": [4.00225, 5.312, 8.4375],
			"rotation": {"angle": 0, "axis": "z", "origin": [2.25225, 4.54414, 8]},
			"faces": {
				"north": {"uv": [0, 0, 0.25, 0.625], "texture": "#0"},
				"east": {"uv": [0, 0, 0.4375, 0.625], "texture": "#0"},
				"south": {"uv": [0, 0, 0.25, 0.625], "texture": "#0"},
				"west": {"uv": [0, 0, 0.4375, 0.625], "texture": "#0"},
				"up": {"uv": [0, 0, 0.25, 0.4375], "texture": "#0"},
				"down": {"uv": [0, 0, 0.25, 0.4375], "texture": "#0"}
			}
		},
		{
			"from": [7.55994, 4.062, 11.99519],
			"to": [8.43494, 5.312, 12.49519],
			"rotation": {"angle": 0, "axis": "y", "origin": [7.99744, 5.78315, 8]},
			"faces": {
				"north": {"uv": [0, 0, 0.4375, 0.625], "texture": "#0"},
				"east": {"uv": [0, 0, 0.25, 0.625], "texture": "#0"},
				"south": {"uv": [0, 0, 0.4375, 0.625], "texture": "#0"},
				"west": {"uv": [0, 0, 0.25, 0.625], "texture": "#0"},
				"up": {"uv": [0, 0, 0.25, 0.4375], "rotation": 270, "texture": "#0"},
				"down": {"uv": [0, 0, 0.25, 0.4375], "rotation": 90, "texture": "#0"}
			}
		},
		{
			"from": [15.00225, 4.062, 7.5625],
			"to": [15.50225, 5.312, 8.4375],
			"rotation": {"angle": 0, "axis": "z", "origin": [2.25225, 4.54414, 8]},
			"faces": {
				"north": {"uv": [0, 0, 0.25, 0.625], "texture": "#0"},
				"east": {"uv": [0, 0, 0.4375, 0.625], "texture": "#0"},
				"south": {"uv": [0, 0, 0.25, 0.625], "texture": "#0"},
				"west": {"uv": [0, 0, 0.4375, 0.625], "texture": "#0"},
				"up": {"uv": [0, 0, 0.25, 0.4375], "texture": "#0"},
				"down": {"uv": [0, 0, 0.25, 0.4375], "texture": "#0"}
			}
		},
		{
			"from": [7.55994, 4.062, 0.49519],
			"to": [8.43494, 5.312, 0.99519],
			"rotation": {"angle": 0, "axis": "y", "origin": [7.99744, 5.78315, 8]},
			"faces": {
				"north": {"uv": [0, 0, 0.4375, 0.625], "texture": "#0"},
				"east": {"uv": [0, 0, 0.25, 0.625], "texture": "#0"},
				"south": {"uv": [0, 0, 0.4375, 0.625], "texture": "#0"},
				"west": {"uv": [0, 0, 0.25, 0.625], "texture": "#0"},
				"up": {"uv": [0, 0, 0.25, 0.4375], "rotation": 270, "texture": "#0"},
				"down": {"uv": [0, 0, 0.25, 0.4375], "rotation": 90, "texture": "#0"}
			}
		},
		{
			"from": [0.50225, 4.062, 7.5625],
			"to": [1.00225, 5.312, 8.4375],
			"rotation": {"angle": 0, "axis": "z", "origin": [2.25225, 4.54414, 8]},
			"faces": {
				"north": {"uv": [0, 0, 0.25, 0.625], "texture": "#0"},
				"east": {"uv": [0, 0, 0.4375, 0.625], "texture": "#0"},
				"south": {"uv": [0, 0, 0.25, 0.625], "texture": "#0"},
				"west": {"uv": [0, 0, 0.4375, 0.625], "texture": "#0"},
				"up": {"uv": [0, 0, 0.25, 0.4375], "texture": "#0"},
				"down": {"uv": [0, 0, 0.25, 0.4375], "texture": "#0"}
			}
		},
		{
			"from": [7.55994, 4.062, 14.99519],
			"to": [8.43494, 5.312, 15.49519],
			"rotation": {"angle": 0, "axis": "y", "origin": [7.99744, 5.78315, 8]},
			"faces": {
				"north": {"uv": [0, 0, 0.4375, 0.625], "texture": "#0"},
				"east": {"uv": [0, 0, 0.25, 0.625], "texture": "#0"},
				"south": {"uv": [0, 0, 0.4375, 0.625], "texture": "#0"},
				"west": {"uv": [0, 0, 0.25, 0.625], "texture": "#0"},
				"up": {"uv": [0, 0, 0.25, 0.4375], "rotation": 270, "texture": "#0"},
				"down": {"uv": [0, 0, 0.25, 0.4375], "rotation": 90, "texture": "#0"}
			}
		},
		{
			"from": [12.00225, 4.062, 7.5625],
			"to": [12.50225, 5.312, 8.4375],
			"rotation": {"angle": 0, "axis": "z", "origin": [2.25225, 4.54414, 8]},
			"faces": {
				"north": {"uv": [0, 0, 0.25, 0.625], "texture": "#0"},
				"east": {"uv": [0, 0, 0.4375, 0.625], "texture": "#0"},
				"south": {"uv": [0, 0, 0.25, 0.625], "texture": "#0"},
				"west": {"uv": [0, 0, 0.4375, 0.625], "texture": "#0"},
				"up": {"uv": [0, 0, 0.25, 0.4375], "texture": "#0"},
				"down": {"uv": [0, 0, 0.25, 0.4375], "texture": "#0"}
			}
		},
		{
			"from": [7.55994, 4.062, 3.49519],
			"to": [8.43494, 5.312, 3.99519],
			"rotation": {"angle": 0, "axis": "y", "origin": [7.99744, 5.78315, 8]},
			"faces": {
				"north": {"uv": [0, 0, 0.4375, 0.625], "texture": "#0"},
				"east": {"uv": [0, 0, 0.25, 0.625], "texture": "#0"},
				"south": {"uv": [0, 0, 0.4375, 0.625], "texture": "#0"},
				"west": {"uv": [0, 0, 0.25, 0.625], "texture": "#0"},
				"up": {"uv": [0, 0, 0.25, 0.4375], "rotation": 270, "texture": "#0"},
				"down": {"uv": [0, 0, 0.25, 0.4375], "rotation": 90, "texture": "#0"}
			}
		},
		{
			"from": [3.00225, 3.562, 7.5625],
			"to": [3.50225, 4.312, 8.4375],
			"rotation": {"angle": 0, "axis": "z", "origin": [2.25225, 4.54414, 8]},
			"faces": {
				"north": {"uv": [0, 0, 0.25, 0.375], "texture": "#0"},
				"east": {"uv": [0, 0, 0.4375, 0.375], "texture": "#0"},
				"south": {"uv": [0, 0, 0.25, 0.375], "texture": "#0"},
				"west": {"uv": [0, 0, 0.4375, 0.375], "texture": "#0"},
				"up": {"uv": [0, 0, 0.25, 0.4375], "texture": "#0"},
				"down": {"uv": [0, 0, 0.25, 0.4375], "texture": "#0"}
			}
		},
		{
			"from": [7.55994, 3.562, 12.49519],
			"to": [8.43494, 4.312, 12.99519],
			"rotation": {"angle": 0, "axis": "y", "origin": [7.99744, 5.78315, 8]},
			"faces": {
				"north": {"uv": [0, 0, 0.4375, 0.375], "texture": "#0"},
				"east": {"uv": [0, 0, 0.25, 0.375], "texture": "#0"},
				"south": {"uv": [0, 0, 0.4375, 0.375], "texture": "#0"},
				"west": {"uv": [0, 0, 0.25, 0.375], "texture": "#0"},
				"up": {"uv": [0, 0, 0.25, 0.4375], "rotation": 270, "texture": "#0"},
				"down": {"uv": [0, 0, 0.25, 0.4375], "rotation": 90, "texture": "#0"}
			}
		},
		{
			"from": [14.50225, 3.562, 7.5625],
			"to": [15.00225, 4.312, 8.4375],
			"rotation": {"angle": 0, "axis": "z", "origin": [2.25225, 4.54414, 8]},
			"faces": {
				"north": {"uv": [0, 0, 0.25, 0.375], "texture": "#0"},
				"east": {"uv": [0, 0, 0.4375, 0.375], "texture": "#0"},
				"south": {"uv": [0, 0, 0.25, 0.375], "texture": "#0"},
				"west": {"uv": [0, 0, 0.4375, 0.375], "texture": "#0"},
				"up": {"uv": [0, 0, 0.25, 0.4375], "texture": "#0"},
				"down": {"uv": [0, 0, 0.25, 0.4375], "texture": "#0"}
			}
		},
		{
			"from": [7.55994, 3.562, 0.99519],
			"to": [8.43494, 4.312, 1.49519],
			"rotation": {"angle": 0, "axis": "y", "origin": [7.99744, 5.78315, 8]},
			"faces": {
				"north": {"uv": [0, 0, 0.4375, 0.375], "texture": "#0"},
				"east": {"uv": [0, 0, 0.25, 0.375], "texture": "#0"},
				"south": {"uv": [0, 0, 0.4375, 0.375], "texture": "#0"},
				"west": {"uv": [0, 0, 0.25, 0.375], "texture": "#0"},
				"up": {"uv": [0, 0, 0.25, 0.4375], "rotation": 270, "texture": "#0"},
				"down": {"uv": [0, 0, 0.25, 0.4375], "rotation": 90, "texture": "#0"}
			}
		},
		{
			"from": [1.00225, 3.562, 7.5625],
			"to": [1.50225, 4.312, 8.4375],
			"rotation": {"angle": 0, "axis": "z", "origin": [2.25225, 4.54414, 8]},
			"faces": {
				"north": {"uv": [0, 0, 0.25, 0.375], "texture": "#0"},
				"east": {"uv": [0, 0, 0.4375, 0.375], "texture": "#0"},
				"south": {"uv": [0, 0, 0.25, 0.375], "texture": "#0"},
				"west": {"uv": [0, 0, 0.4375, 0.375], "texture": "#0"},
				"up": {"uv": [0, 0, 0.25, 0.4375], "texture": "#0"},
				"down": {"uv": [0, 0, 0.25, 0.4375], "texture": "#0"}
			}
		},
		{
			"from": [7.55994, 3.562, 14.49519],
			"to": [8.43494, 4.312, 14.99519],
			"rotation": {"angle": 0, "axis": "y", "origin": [7.99744, 5.78315, 8]},
			"faces": {
				"north": {"uv": [0, 0, 0.4375, 0.375], "texture": "#0"},
				"east": {"uv": [0, 0, 0.25, 0.375], "texture": "#0"},
				"south": {"uv": [0, 0, 0.4375, 0.375], "texture": "#0"},
				"west": {"uv": [0, 0, 0.25, 0.375], "texture": "#0"},
				"up": {"uv": [0, 0, 0.25, 0.4375], "rotation": 270, "texture": "#0"},
				"down": {"uv": [0, 0, 0.25, 0.4375], "rotation": 90, "texture": "#0"}
			}
		},
		{
			"from": [12.50225, 3.562, 7.5625],
			"to": [13.00225, 4.312, 8.4375],
			"rotation": {"angle": 0, "axis": "z", "origin": [2.25225, 4.54414, 8]},
			"faces": {
				"north": {"uv": [0, 0, 0.25, 0.375], "texture": "#0"},
				"east": {"uv": [0, 0, 0.4375, 0.375], "texture": "#0"},
				"south": {"uv": [0, 0, 0.25, 0.375], "texture": "#0"},
				"west": {"uv": [0, 0, 0.4375, 0.375], "texture": "#0"},
				"up": {"uv": [0, 0, 0.25, 0.4375], "texture": "#0"},
				"down": {"uv": [0, 0, 0.25, 0.4375], "texture": "#0"}
			}
		},
		{
			"from": [7.55994, 3.562, 2.99519],
			"to": [8.43494, 4.312, 3.49519],
			"rotation": {"angle": 0, "axis": "y", "origin": [7.99744, 5.78315, 8]},
			"faces": {
				"north": {"uv": [0, 0, 0.4375, 0.375], "texture": "#0"},
				"east": {"uv": [0, 0, 0.25, 0.375], "texture": "#0"},
				"south": {"uv": [0, 0, 0.4375, 0.375], "texture": "#0"},
				"west": {"uv": [0, 0, 0.25, 0.375], "texture": "#0"},
				"up": {"uv": [0, 0, 0.25, 0.4375], "rotation": 270, "texture": "#0"},
				"down": {"uv": [0, 0, 0.25, 0.4375], "rotation": 90, "texture": "#0"}
			}
		},
		{
			"from": [1.50225, 3.062, 7.5625],
			"to": [3.00225, 3.812, 8.4375],
			"rotation": {"angle": 0, "axis": "z", "origin": [2.25225, 4.54414, 8]},
			"faces": {
				"north": {"uv": [0, 0, 0.75, 0.375], "texture": "#0"},
				"east": {"uv": [0, 0, 0.4375, 0.375], "texture": "#0"},
				"south": {"uv": [0, 0, 0.75, 0.375], "texture": "#0"},
				"west": {"uv": [0, 0, 0.4375, 0.375], "texture": "#0"},
				"up": {"uv": [0, 0, 0.75, 0.4375], "texture": "#0"},
				"down": {"uv": [0, 0, 0.75, 0.4375], "texture": "#0"}
			}
		},
		{
			"from": [7.55994, 3.062, 12.99519],
			"to": [8.43494, 3.812, 14.49519],
			"rotation": {"angle": 0, "axis": "y", "origin": [7.99744, 5.78315, 8]},
			"faces": {
				"north": {"uv": [0, 0, 0.4375, 0.375], "texture": "#0"},
				"east": {"uv": [0, 0, 0.75, 0.375], "texture": "#0"},
				"south": {"uv": [0, 0, 0.4375, 0.375], "texture": "#0"},
				"west": {"uv": [0, 0, 0.75, 0.375], "texture": "#0"},
				"up": {"uv": [0, 0, 0.75, 0.4375], "rotation": 270, "texture": "#0"},
				"down": {"uv": [0, 0, 0.75, 0.4375], "rotation": 90, "texture": "#0"}
			}
		},
		{
			"from": [13.00225, 3.062, 7.5625],
			"to": [14.50225, 3.812, 8.4375],
			"rotation": {"angle": 0, "axis": "z", "origin": [2.25225, 4.54414, 8]},
			"faces": {
				"north": {"uv": [0, 0, 0.75, 0.375], "texture": "#0"},
				"east": {"uv": [0, 0, 0.4375, 0.375], "texture": "#0"},
				"south": {"uv": [0, 0, 0.75, 0.375], "texture": "#0"},
				"west": {"uv": [0, 0, 0.4375, 0.375], "texture": "#0"},
				"up": {"uv": [0, 0, 0.75, 0.4375], "texture": "#0"},
				"down": {"uv": [0, 0, 0.75, 0.4375], "texture": "#0"}
			}
		},
		{
			"from": [7.55994, 3.062, 1.49519],
			"to": [8.43494, 3.812, 2.99519],
			"rotation": {"angle": 0, "axis": "y", "origin": [7.99744, 5.78315, 8]},
			"faces": {
				"north": {"uv": [0, 0, 0.4375, 0.375], "texture": "#0"},
				"east": {"uv": [0, 0, 0.75, 0.375], "texture": "#0"},
				"south": {"uv": [0, 0, 0.4375, 0.375], "texture": "#0"},
				"west": {"uv": [0, 0, 0.75, 0.375], "texture": "#0"},
				"up": {"uv": [0, 0, 0.75, 0.4375], "rotation": 270, "texture": "#0"},
				"down": {"uv": [0, 0, 0.75, 0.4375], "rotation": 90, "texture": "#0"}
			}
		}
	],
	"groups": [0, 1, 2, 3, 4, 5, 6, 7, 8, 9, 10, 11,
		{
			"name": "group",
			"origin": [5.87725, 5.812, 8],
			"children": [
				{
					"name": "group",
					"origin": [5.87725, 5.812, 8],
					"children": [12, 13, 14, 15, 16, 17, 18, 19, 20, 21, 22, 23]
				},
				{
					"name": "group",
					"origin": [5.87725, 5.812, 8],
					"children": [24, 25, 26, 27, 28, 29, 30, 31, 32, 33, 34, 35]
				}, 36, 37, 38, 39, 40, 41, 42, 43, 44, 45, 46, 47, 48, 49, 50, 51, 52, 53, 54, 55, 56, 57, 58, 59, 60, 61, 62, 63]
		},
		{
			"name": "group",
			"origin": [5.87725, 5.812, 8],
			"children": []
		}
	]
}