{
	"credit": "Made with Blockbench",
	"textures": {
		"0": "custom/villager nose",
		"particle": "custom/villager nose"
	},
	"elements": [
		{
			"from": [7, 0, 5],
			"to": [9, 4, 6.75],
			"faces": {
				"north": {"uv": [0, 0, 4, 6], "texture": "#0"},
				"east": {"uv": [4, 0, 0, 6], "texture": "#0"},
				"south": {"uv": [0, 0, 4, 6], "texture": "#0"},
				"west": {"uv": [4, 0, 0, 6], "texture": "#0"},
				"up": {"uv": [0, 0, 4, 4], "texture": "#0"},
				"down": {"uv": [0, 0, 4, 4], "texture": "#0"}
			}
		}
	],
	"display": {
		"thirdperson_righthand": {
			"translation": [0, 8, 3.75]
		},
		"gui": {
			"rotation": [0, 24, 0],
			"translation": [2.25, 17.75, 0],
			"scale": [3, 3, 3]
		},
		"head": {
			"translation": [0, 4.75, -4.5],
			"scale": [1.5, 1.5, 1.5]
		}
	}
}