{
	"credit": "Made with Blockbench",
	"textures": {
		"4": "custom/Blue",
		"5": "custom/dark_yellow",
		"particle": "custom/Block"
	},
	"elements": [
		{
			"from": [3.25, 3.5, 8.25],
			"to": [12.25, 9, 8.75],
			"faces": {
				"north": {"uv": [7.25, 1.25, 14.25, 6.75], "texture": "#4"},
				"east": {"uv": [0.125, 6.875, 4.25, 9.5], "texture": "#4"},
				"south": {"uv": [7.375, 1.5, 13.625, 5.75], "texture": "#4"},
				"west": {"uv": [2, 0.625, 5.125, 3.125], "texture": "#4"},
				"up": {"uv": [0.625, 7.75, 4, 11], "texture": "#4"},
				"down": {"uv": [1.375, 7.75, 5.125, 11.75], "texture": "#4"}
			}
		},
		{
			"from": [7.5625, 7.6875, 8.1875],
			"to": [8.0625, 8.1875, 8.8125],
			"rotation": {"angle": 0, "axis": "z", "origin": [8, 7.5, 8.5]},
			"faces": {
				"north": {"uv": [0, 3, 3.5, 5.5], "texture": "#5"},
				"east": {"uv": [0.125, 4.375, 4.25, 7], "texture": "#5"},
				"south": {"uv": [0, 3.625, 3.5, 6.125], "texture": "#5"},
				"west": {"uv": [3.25, 1.875, 6.375, 4.375], "texture": "#5"},
				"up": {"uv": [0, 5.125, 3.375, 8.375], "texture": "#5"},
				"down": {"uv": [0, 4.625, 3.75, 8.625], "texture": "#5"}
			}
		},
		{
			"from": [7.5625, 4.41667, 8.1875],
			"to": [8.0625, 4.91667, 8.8125],
			"rotation": {"angle": 0, "axis": "z", "origin": [7.1875, 7.27083, 8.5]},
			"faces": {
				"north": {"uv": [0, 3, 3.5, 5.5], "rotation": 180, "texture": "#5"},
				"east": {"uv": [3.25, 1.875, 6.375, 4.375], "rotation": 180, "texture": "#5"},
				"south": {"uv": [0, 3.625, 3.5, 6.125], "rotation": 180, "texture": "#5"},
				"west": {"uv": [0.125, 4.375, 4.25, 7], "rotation": 180, "texture": "#5"},
				"up": {"uv": [0, 4.625, 3.75, 8.625], "rotation": 180, "texture": "#5"},
				"down": {"uv": [0, 5.125, 3.375, 8.375], "rotation": 180, "texture": "#5"}
			}
		},
		{
			"from": [5.89583, 6.02083, 8.1875],
			"to": [6.39583, 6.52083, 8.8125],
			"rotation": {"angle": 0, "axis": "z", "origin": [7.9375, 8.02083, 8.5]},
			"faces": {
				"north": {"uv": [0, 3, 3.5, 5.5], "rotation": 90, "texture": "#5"},
				"east": {"uv": [0, 4.625, 3.75, 8.625], "rotation": 270, "texture": "#5"},
				"south": {"uv": [0, 3.625, 3.5, 6.125], "rotation": 270, "texture": "#5"},
				"west": {"uv": [0, 5.125, 3.375, 8.375], "rotation": 270, "texture": "#5"},
				"up": {"uv": [0.125, 4.375, 4.25, 7], "rotation": 270, "texture": "#5"},
				"down": {"uv": [3.25, 1.875, 6.375, 4.375], "rotation": 270, "texture": "#5"}
			}
		},
		{
			"from": [9.22917, 6.02083, 8.1875],
			"to": [9.72917, 6.52083, 8.8125],
			"rotation": {"angle": 0, "axis": "z", "origin": [7.1875, 7.27083, 8.5]},
			"faces": {
				"north": {"uv": [0, 3, 3.5, 5.5], "rotation": 270, "texture": "#5"},
				"east": {"uv": [0, 5.125, 3.375, 8.375], "rotation": 90, "texture": "#5"},
				"south": {"uv": [0, 3.625, 3.5, 6.125], "rotation": 90, "texture": "#5"},
				"west": {"uv": [0, 4.625, 3.75, 8.625], "rotation": 90, "texture": "#5"},
				"up": {"uv": [3.25, 1.875, 6.375, 4.375], "rotation": 90, "texture": "#5"},
				"down": {"uv": [0.125, 4.375, 4.25, 7], "rotation": 90, "texture": "#5"}
			}
		},
		{
			"from": [8.3125, 7.4375, 8.1875],
			"to": [8.8125, 7.9375, 8.8125],
			"rotation": {"angle": 0, "axis": "z", "origin": [8, 7.5, 8.5]},
			"faces": {
				"north": {"uv": [0, 3, 3.5, 5.5], "texture": "#5"},
				"east": {"uv": [0.125, 4.375, 4.25, 7], "texture": "#5"},
				"south": {"uv": [0, 3.625, 3.5, 6.125], "texture": "#5"},
				"west": {"uv": [3.25, 1.875, 6.375, 4.375], "texture": "#5"},
				"up": {"uv": [0, 5.125, 3.375, 8.375], "texture": "#5"},
				"down": {"uv": [0, 4.625, 3.75, 8.625], "texture": "#5"}
			}
		},
		{
			"from": [6.8125, 4.66667, 8.1875],
			"to": [7.3125, 5.16667, 8.8125],
			"rotation": {"angle": 0, "axis": "z", "origin": [7.1875, 7.27083, 8.5]},
			"faces": {
				"north": {"uv": [0, 3, 3.5, 5.5], "rotation": 180, "texture": "#5"},
				"east": {"uv": [3.25, 1.875, 6.375, 4.375], "rotation": 180, "texture": "#5"},
				"south": {"uv": [0, 3.625, 3.5, 6.125], "rotation": 180, "texture": "#5"},
				"west": {"uv": [0.125, 4.375, 4.25, 7], "rotation": 180, "texture": "#5"},
				"up": {"uv": [0, 4.625, 3.75, 8.625], "rotation": 180, "texture": "#5"},
				"down": {"uv": [0, 5.125, 3.375, 8.375], "rotation": 180, "texture": "#5"}
			}
		},
		{
			"from": [6.14583, 6.83333, 8.1875],
			"to": [6.64583, 7.33333, 8.8125],
			"rotation": {"angle": 0, "axis": "z", "origin": [7.9375, 8.02083, 8.5]},
			"faces": {
				"north": {"uv": [0, 3, 3.5, 5.5], "rotation": 90, "texture": "#5"},
				"east": {"uv": [0, 4.625, 3.75, 8.625], "rotation": 270, "texture": "#5"},
				"south": {"uv": [0, 3.625, 3.5, 6.125], "rotation": 270, "texture": "#5"},
				"west": {"uv": [0, 5.125, 3.375, 8.375], "rotation": 270, "texture": "#5"},
				"up": {"uv": [0.125, 4.375, 4.25, 7], "rotation": 270, "texture": "#5"},
				"down": {"uv": [3.25, 1.875, 6.375, 4.375], "rotation": 270, "texture": "#5"}
			}
		},
		{
			"from": [8.97917, 5.20833, 8.1875],
			"to": [9.47917, 5.70833, 8.8125],
			"rotation": {"angle": 0, "axis": "z", "origin": [7.1875, 7.27083, 8.5]},
			"faces": {
				"north": {"uv": [0, 3, 3.5, 5.5], "rotation": 270, "texture": "#5"},
				"east": {"uv": [0, 5.125, 3.375, 8.375], "rotation": 90, "texture": "#5"},
				"south": {"uv": [0, 3.625, 3.5, 6.125], "rotation": 90, "texture": "#5"},
				"west": {"uv": [0, 4.625, 3.75, 8.625], "rotation": 90, "texture": "#5"},
				"up": {"uv": [3.25, 1.875, 6.375, 4.375], "rotation": 90, "texture": "#5"},
				"down": {"uv": [0.125, 4.375, 4.25, 7], "rotation": 90, "texture": "#5"}
			}
		},
		{
			"from": [6.8125, 7.4375, 8.1875],
			"to": [7.3125, 7.9375, 8.8125],
			"rotation": {"angle": 0, "axis": "z", "origin": [8, 7.5, 8.5]},
			"faces": {
				"north": {"uv": [0, 3, 3.5, 5.5], "texture": "#5"},
				"east": {"uv": [0.125, 4.375, 4.25, 7], "texture": "#5"},
				"south": {"uv": [0, 3.625, 3.5, 6.125], "texture": "#5"},
				"west": {"uv": [3.25, 1.875, 6.375, 4.375], "texture": "#5"},
				"up": {"uv": [0, 5.125, 3.375, 8.375], "texture": "#5"},
				"down": {"uv": [0, 4.625, 3.75, 8.625], "texture": "#5"}
			}
		},
		{
			"from": [8.3125, 4.66667, 8.1875],
			"to": [8.8125, 5.16667, 8.8125],
			"rotation": {"angle": 0, "axis": "z", "origin": [7.1875, 7.27083, 8.5]},
			"faces": {
				"north": {"uv": [0, 3, 3.5, 5.5], "rotation": 180, "texture": "#5"},
				"east": {"uv": [3.25, 1.875, 6.375, 4.375], "rotation": 180, "texture": "#5"},
				"south": {"uv": [0, 3.625, 3.5, 6.125], "rotation": 180, "texture": "#5"},
				"west": {"uv": [0.125, 4.375, 4.25, 7], "rotation": 180, "texture": "#5"},
				"up": {"uv": [0, 4.625, 3.75, 8.625], "rotation": 180, "texture": "#5"},
				"down": {"uv": [0, 5.125, 3.375, 8.375], "rotation": 180, "texture": "#5"}
			}
		},
		{
			"from": [6.14583, 5.20833, 8.1875],
			"to": [6.64583, 5.70833, 8.8125],
			"rotation": {"angle": 0, "axis": "z", "origin": [7.9375, 8.02083, 8.5]},
			"faces": {
				"north": {"uv": [0, 3, 3.5, 5.5], "rotation": 90, "texture": "#5"},
				"east": {"uv": [0, 4.625, 3.75, 8.625], "rotation": 270, "texture": "#5"},
				"south": {"uv": [0, 3.625, 3.5, 6.125], "rotation": 270, "texture": "#5"},
				"west": {"uv": [0, 5.125, 3.375, 8.375], "rotation": 270, "texture": "#5"},
				"up": {"uv": [0.125, 4.375, 4.25, 7], "rotation": 270, "texture": "#5"},
				"down": {"uv": [3.25, 1.875, 6.375, 4.375], "rotation": 270, "texture": "#5"}
			}
		},
		{
			"from": [8.97917, 6.83333, 8.1875],
			"to": [9.47917, 7.33333, 8.8125],
			"rotation": {"angle": 0, "axis": "z", "origin": [7.1875, 7.27083, 8.5]},
			"faces": {
				"north": {"uv": [0, 3, 3.5, 5.5], "rotation": 270, "texture": "#5"},
				"east": {"uv": [0, 5.125, 3.375, 8.375], "rotation": 90, "texture": "#5"},
				"south": {"uv": [0, 3.625, 3.5, 6.125], "rotation": 90, "texture": "#5"},
				"west": {"uv": [0, 4.625, 3.75, 8.625], "rotation": 90, "texture": "#5"},
				"up": {"uv": [3.25, 1.875, 6.375, 4.375], "rotation": 90, "texture": "#5"},
				"down": {"uv": [0.125, 4.375, 4.25, 7], "rotation": 90, "texture": "#5"}
			}
		}
	],
	"display": {
		"head": {
			"translation": [0.5, 14.5, -0.5]
		}
	}
}