{
	"credit": "Made with Blockbench",
	"texture_size": [32, 32],
	"textures": {
		"0": "custom/black_wool",
		"particle": "custom/black_wool"
	},
	"elements": [
		{
			"from": [2.5, 13.5, 8],
			"to": [13.5, 17.75, 19],
			"rotation": {"angle": 0, "axis": "x", "origin": [8, 17.5, 8.25]},
			"faces": {
				"north": {"uv": [0, 0, 15, 5], "rotation": 180, "texture": "#0"},
				"east": {"uv": [0, 0, 11, 6], "rotation": 270, "texture": "#0"},
				"south": {"uv": [0, 0, 15, 5], "texture": "#0"},
				"west": {"uv": [0, 0, 10, 5], "rotation": 90, "texture": "#0"},
				"up": {"uv": [1, 1, 10, 10], "rotation": 180, "texture": "#0"},
				"down": {"uv": [0, 0, 5.5, 5.5], "texture": "#0"}
			}
		},
		{
			"from": [0.5, 13, 6],
			"to": [15.5, 13.5, 21],
			"rotation": {"angle": 0, "axis": "x", "origin": [8, 17.5, 8.25]},
			"faces": {
				"north": {"uv": [0, 0, 15, 5], "rotation": 180, "texture": "#0"},
				"east": {"uv": [0, 0, 15, 6], "rotation": 270, "texture": "#0"},
				"south": {"uv": [0, 0, 15, 5], "texture": "#0"},
				"west": {"uv": [0, 0, 15, 5], "rotation": 90, "texture": "#0"},
				"up": {"uv": [0, 0, 7.5, 7.5], "rotation": 180, "texture": "#0"},
				"down": {"uv": [0, 0, 7.5, 7.5], "texture": "#0"}
			}
		},
		{
			"from": [4.5, 17.5, 10],
			"to": [11.5, 18.25, 17],
			"rotation": {"angle": 0, "axis": "x", "origin": [8, 17.5, 8.25]},
			"faces": {
				"north": {"uv": [0, 0, 15, 5], "rotation": 180, "texture": "#0"},
				"east": {"uv": [0, 0, 15, 6], "rotation": 270, "texture": "#0"},
				"south": {"uv": [0, 0, 15, 5], "texture": "#0"},
				"west": {"uv": [0, 0, 15, 5], "rotation": 90, "texture": "#0"},
				"up": {"uv": [5, 4, 12, 11], "rotation": 180, "texture": "#0"},
				"down": {"uv": [0, 0, 3.5, 3.5], "texture": "#0"}
			}
		}
	],
	"display": {
		"head": {
			"translation": [-0.25, -3.5, -7.75],
			"scale": [1.4, 1.4, 1.4]
		}
	},
	"groups": [
		{
			"name": "group",
			"origin": [5.5, 8, 7.75],
			"children": [
				{
					"name": "group",
					"origin": [0, 0, 0],
					"children": []
				},
				{
					"name": "group",
					"origin": [0, 0, 0],
					"children": []
				}
			]
		},
		{
			"name": "group",
			"origin": [5.5, 8, 7.75],
			"children": []
		},
		{
			"name": "group",
			"origin": [8, 5.3125, 7.53125],
			"children": []
		},
		{
			"name": "group",
			"origin": [8, 5.3125, 7.53125],
			"children": []
		},
		{
			"name": "group",
			"origin": [8, 5.3125, 7.53125],
			"children": []
		},
		{
			"name": "group",
			"origin": [8, 5.3125, 7.53125],
			"children": []
		},
		{
			"name": "group",
			"origin": [8, 17.5, 8.25],
			"children": [0, 1, 2]
		},
		{
			"name": "group",
			"origin": [8, 5.3125, 7.53125],
			"children": [
				{
					"name": "group",
					"origin": [0, 0, 0],
					"children": []
				}
			]
		}
	]
}