{
	"credit": "Made with Blockbench",
	"texture_size": [32, 32],
	"textures": {
		"1": "custom/leny face",
		"2": "custom/black",
		"particle": "custom/black"
	},
	"elements": [
		{
			"from": [1.5, 3.5, 3.75],
			"to": [14.5, 12.5, 4.25],
			"faces": {
				"north": {"uv": [0, 0, 16, 10], "texture": "#1"},
				"east": {"uv": [2.5, 9.5, 4.5, 16], "texture": "#1"},
				"south": {"uv": [0, 9.5, 6.5, 16], "texture": "#1"},
				"west": {"uv": [4.5, 9.5, 6, 16], "texture": "#1"},
				"up": {"uv": [0, 0, 6.5, 0.25], "texture": "#1"},
				"down": {"uv": [0, 0, 6.5, 0.25], "texture": "#1"}
			}
		},
		{
			"from": [1.5, 7.25, 4.25],
			"to": [2.25, 8.25, 14.25],
			"faces": {
				"north": {"uv": [0, 0, 0.375, 0.5], "texture": "#2"},
				"east": {"uv": [0, 0, 5, 0.5], "texture": "#2"},
				"south": {"uv": [0, 0, 0.375, 0.5], "texture": "#2"},
				"west": {"uv": [0, 0, 5, 0.5], "texture": "#2"},
				"up": {"uv": [0, 0, 0.375, 5], "texture": "#2"},
				"down": {"uv": [0, 0, 0.375, 5], "texture": "#2"}
			}
		},
		{
			"from": [13.75, 7.25, 4.25],
			"to": [14.5, 8.25, 14.25],
			"faces": {
				"north": {"uv": [0, 0, 0.375, 0.5], "texture": "#2"},
				"east": {"uv": [0, 0, 5, 0.5], "texture": "#2"},
				"south": {"uv": [0, 0, 0.375, 0.5], "texture": "#2"},
				"west": {"uv": [0, 0, 5, 0.5], "texture": "#2"},
				"up": {"uv": [0, 0, 0.375, 5], "texture": "#2"},
				"down": {"uv": [0, 0, 0.375, 5], "texture": "#2"}
			}
		}
	],
	"display": {
		"thirdperson_righthand": {
			"scale": [0.5, 0.5, 0.5]
		},
		"head": {
			"translation": [0, 0, -3]
		}
	}
}