{"elements":[{"from":[6.675000000000001,2.7375000000000007,5.375],"to":[9.3,7.987500000000001,8],"rotation":{"angle":0,"axis":"y","origin":[12.4875,2.9250000000000007,6.875]},"faces":{"north":{"uv":[8.5,4.5,9.5,6.25],"texture":"#6"},"east":{"uv":[5,8.5,6,10.25],"texture":"#6"},"south":{"uv":[8.5,6.25,9.5,8],"texture":"#6"},"west":{"uv":[9.25,0,10.25,1.75],"texture":"#6"},"up":{"uv":[11.25,9.25,10.25,8.25],"texture":"#6"},"down":{"uv":[11.25,9.25,10.25,10.25],"texture":"#6"}}}],"textures":{"5":"minecraft:custom/demon_head_green","6":"minecraft:custom/demon_body_green"},"display":{"head":{"translation":[0,-6.4,0],"scale":[3.2,3.2,3.2],"rotation":[0,180,0]}},"texture_size":[64,64]}