{"elements":[{"from":[5,8.375,6.5],"to":[11,13.25,9.3125],"rotation":{"angle":0,"axis":"y","origin":[8,8.1875,8]},"faces":{"north":{"uv":[0,0,2,1.75],"texture":"#6"},"east":{"uv":[7.5,6.5,8.5,8.25],"texture":"#6"},"south":{"uv":[0,1.75,2,3.5],"texture":"#6"},"west":{"uv":[0,8,1,9.75],"texture":"#6"},"up":{"uv":[8.25,2,6.25,1],"texture":"#6"},"down":{"uv":[8.25,2,6.25,3],"texture":"#6"}}},{"from":[4.8125,16.625,6.3125],"to":[11.1875,17.75,9.5],"rotation":{"angle":0,"axis":"y","origin":[8,9.3125,8]},"faces":{"north":{"uv":[9.5,5.25,11.75,5.75],"texture":"#6"},"east":{"uv":[0,3.5,1,4],"texture":"#6"},"south":{"uv":[9.5,5.75,11.75,6.25],"texture":"#6"},"west":{"uv":[1,3.5,2,4],"texture":"#6"},"up":{"uv":[2.25,6.5,0,5.5],"texture":"#6"},"down":{"uv":[8.5,0,6.25,1],"texture":"#6"}}},{"from":[6.237500000000001,9.06875,6.125],"to":[9.7625,13.25,6.875],"rotation":{"angle":0,"axis":"y","origin":[8,8,8]},"faces":{"north":{"uv":[6.25,6,7.5,7.5],"texture":"#6"},"east":{"uv":[9,10,9.25,11.5],"texture":"#6"},"south":{"uv":[0,6.5,1.25,8],"texture":"#6"},"west":{"uv":[10.5,2,10.75,3.5],"texture":"#6"},"up":{"uv":[1.25,4.25,0,4],"texture":"#6"},"down":{"uv":[11.75,3.5,10.5,3.75],"texture":"#6"}}},{"from":[4.8125,13.2,5.9375],"to":[11.1875,16.625,9.5],"rotation":{"angle":0,"axis":"y","origin":[8,8,8]},"faces":{"north":{"uv":[2,0,4.25,1.25],"texture":"#6"},"east":{"uv":[6.25,3,7.5,4.5],"texture":"#6"},"south":{"uv":[2,1.5,4.25,3],"texture":"#6"},"west":{"uv":[6.25,4.5,7.5,6],"texture":"#6"},"up":{"uv":[4.25,4.25,2,3],"texture":"#6"},"down":{"uv":[2.25,4.25,0,5.5],"texture":"#6"}}}],"textures":{"5":"minecraft:custom/demon_head_green","6":"minecraft:custom/demon_body_green"},"display":{"head":{"translation":[0,-6.4,0],"scale":[3.2,3.2,3.2],"rotation":[0,180,0]}},"texture_size":[64,64]}