{"elements":[{"from":[6.6875,1.625,8],"to":[9.3125,8,10.625],"rotation":{"angle":0,"axis":"y","origin":[6.5,13.0625,9.5]},"faces":{"north":{"uv":[4.25,4.5,5.25,6.75],"texture":"#6"},"east":{"uv":[5.25,0,6.25,2.25],"texture":"#6"},"south":{"uv":[5.25,2.25,6.25,4.5],"texture":"#6"},"west":{"uv":[5.25,4.5,6.25,6.75],"texture":"#6"},"up":{"uv":[8,11,7,10],"texture":"#6"},"down":{"uv":[9,10,8,11],"texture":"#6"}}}],"textures":{"5":"minecraft:custom/demon_head_green","6":"minecraft:custom/demon_body_green"},"display":{"head":{"translation":[0,-6.4,0],"scale":[3.2,3.2,3.2],"rotation":[0,180,0]}},"texture_size":[64,64]}