{"elements":[{"from":[6.6875,1.625,8],"to":[9.3125,8,10.625],"rotation":{"angle":0,"axis":"y","origin":[9.5,12.3125,7.25]},"faces":{"north":{"uv":[4.25,0,5.25,2.25],"texture":"#6"},"east":{"uv":[2.25,4.25,3.25,6.5],"texture":"#6"},"south":{"uv":[4.25,2.25,5.25,4.5],"texture":"#6"},"west":{"uv":[3.25,4.25,4.25,6.5],"texture":"#6"},"up":{"uv":[10.25,10.75,9.25,9.75],"texture":"#6"},"down":{"uv":[2,10,1,11],"texture":"#6"}}}],"textures":{"5":"minecraft:custom/demon_head_green","6":"minecraft:custom/demon_body_green"},"display":{"head":{"translation":[0,-6.4,0],"scale":[3.2,3.2,3.2],"rotation":[0,180,0]}},"texture_size":[64,64]}