{
"stone_wall_open":{
"sounds":[{"name":"custom/stone_wall_open","stream":true}],"category":"master"},
"stone_wall_close":{
"sounds":[{"name":"custom/stone_wall_close","stream":true}],"category":"master"},
"tree_up":{
"sounds":[{"name":"custom/tree_up","stream":true}],"category":"master"},
"tree_fall":{
"sounds":[{"name":"custom/tree_fall","stream":true}],"category":"master"},
"tree_grow":{
"sounds":[{"name":"custom/tree_grow","stream":true}],"category":"master"},
"tik":{
"sounds":[{"name":"custom/tik","stream":true}],"category":"master"},
"tak":{
"sounds":[{"name":"custom/tak","stream":true}],"category":"master"},
"special_door_open":{
"sounds":[{"name":"custom/special_door_open","stream":true}],"category":"master"},
"special_door_close":{
"sounds":[{"name":"custom/special_door_close","stream":true}],"category":"master"},
"bed_open":{
"sounds":[{"name":"custom/bed_open","stream":true}],"category":"master"},
"bed_close":{
"sounds":[{"name":"custom/bed_close","stream":true}],"category":"master"},
"heart_door_open":{
"sounds":[{"name":"custom/heart_door_open","stream":true}],"category":"master"}
}