{"elements":[{"from":[8,9.5,22.5],"to":[11,15.5,23],"rotation":{"angle":0,"axis":"y","origin":[8,8,8]},"faces":{"north":{"uv":[0.25,0.25,0.5,0.5],"texture":"#1"},"east":{"uv":[0.25,0.25,0.5,0.5],"texture":"#1"},"south":{"uv":[0.25,0.25,0.5,0.5],"texture":"#1"},"west":{"uv":[0.25,0.25,0.5,0.5],"texture":"#1"},"up":{"uv":[0.25,0.25,0.5,0.5],"texture":"#1"},"down":{"uv":[0.25,0.25,0.5,0.5],"texture":"#1"}}}],"textures":{"0":"minecraft:custom/rover","1":"minecraft:custom/rover_doors","2":"minecraft:custom/rover_doors_closed"},"display":{"head":{"translation":[0,-6.4,0],"scale":[3.2,3.2,3.2],"rotation":[0,180,0]}}}