{"elements":[{"from":[7,4.5,3],"to":[7.5,5.5,10.5],"rotation":{"angle":0,"axis":"y","origin":[8,8,8]},"faces":{"north":{"uv":[9,6.125,9.0625,6.25],"texture":"#2"},"east":{"uv":[0,3.5,0.9375,3.625],"texture":"#2"},"south":{"uv":[6.75,9.125,6.8125,9],"texture":"#2"},"west":{"uv":[7.3125,3.375,8.25,3.5],"texture":"#2"},"up":{"uv":[3.75,6.375,3.6875,5.4375],"texture":"#2"},"down":{"uv":[6.625,8.1875,6.5625,9.125],"texture":"#2"}}},{"from":[7,4.5,-4],"to":[7.5,5.5,3],"rotation":{"angle":0,"axis":"y","origin":[8,8,8]},"faces":{"north":{"uv":[6.8125,9,6.875,9.125],"texture":"#2"},"east":{"uv":[7.9375,0.625,8.8125,0.75],"texture":"#2"},"south":{"uv":[6.875,9,6.9375,9.125],"texture":"#2"},"west":{"uv":[7.9375,5.625,8.8125,5.75],"texture":"#2"},"up":{"uv":[4.8125,9.375,4.75,8.5],"texture":"#2"},"down":{"uv":[3.9375,8.6875,3.875,9.5625],"texture":"#2"}}},{"from":[7,5.5,3],"to":[7.5,6.5,5.5],"rotation":{"angle":0,"axis":"y","origin":[8,8,8]},"faces":{"north":{"uv":[6.9375,9,7,9.125],"texture":"#2"},"east":{"uv":[8.8125,6.875,9.125,7],"texture":"#2"},"south":{"uv":[7,9,7.0625,9.125],"texture":"#2"},"west":{"uv":[8.8125,7,9.125,7.125],"texture":"#2"},"up":{"uv":[6.25,9.25,6.1875,8.9375],"texture":"#2"},"down":{"uv":[6.3125,8.9375,6.25,9.25],"texture":"#2"}}},{"from":[7,5.5,-4],"to":[7.5,6.5,3],"rotation":{"angle":0,"axis":"y","origin":[8,8,8]},"faces":{"north":{"uv":[7.0625,9,7.125,9.125],"texture":"#2"},"east":{"uv":[7.9375,5.75,8.8125,5.875],"texture":"#2"},"south":{"uv":[7.125,9,7.1875,9.125],"texture":"#2"},"west":{"uv":[7.9375,5.875,8.8125,6],"texture":"#2"},"up":{"uv":[4,9.5625,3.9375,8.6875],"texture":"#2"},"down":{"uv":[4.0625,8.6875,4,9.5625],"texture":"#2"}}}],"textures":{"1":"minecraft:custom/special_door_main","2":"minecraft:custom/special_door_main3","4":"minecraft:custom/special_door_main5"},"display":{"head":{"translation":[0,-6.4,0],"scale":[3.2,3.2,3.2],"rotation":[0,180,0]}},"texture_size":[256,256]}