{"elements":[{"from":[6,12.5,5.5],"to":[6.5,13.5,13],"rotation":{"angle":0,"axis":"y","origin":[7,15,8]},"faces":{"north":{"uv":[7.1875,9,7.25,9.125],"texture":"#2"},"east":{"uv":[7.6875,2.1875,8.625,2.3125],"texture":"#2"},"south":{"uv":[7.25,9,7.3125,9.125],"texture":"#2"},"west":{"uv":[3.3125,7.875,4.25,8],"texture":"#2"},"up":{"uv":[4.6875,9.4375,4.625,8.5],"texture":"#2"},"down":{"uv":[4.75,8.5,4.6875,9.4375],"texture":"#2"}}},{"from":[6,12.5,13],"to":[6.5,13.5,20],"rotation":{"angle":0,"axis":"y","origin":[7,15,8]},"faces":{"north":{"uv":[7.3125,9,7.375,9.125],"texture":"#2"},"east":{"uv":[7.9375,6,8.8125,6.125],"texture":"#2"},"south":{"uv":[7.375,9,7.4375,9.125],"texture":"#2"},"west":{"uv":[7.9375,6.125,8.8125,6.25],"texture":"#2"},"up":{"uv":[5,9.625,4.9375,8.75],"texture":"#2"},"down":{"uv":[5.0625,8.75,5,9.625],"texture":"#2"}}},{"from":[6,11.5,10.5],"to":[6.5,12.5,13],"rotation":{"angle":0,"axis":"y","origin":[7,15,8]},"faces":{"north":{"uv":[7.4375,9,7.5,9.125],"texture":"#2"},"east":{"uv":[8.8125,7.125,9.125,7.25],"texture":"#2"},"south":{"uv":[7.5,9,7.5625,9.125],"texture":"#2"},"west":{"uv":[8.8125,7.25,9.125,7.375],"texture":"#2"},"up":{"uv":[6.375,9.25,6.3125,8.9375],"texture":"#2"},"down":{"uv":[6.4375,8.9375,6.375,9.25],"texture":"#2"}}},{"from":[6,11.5,13],"to":[6.5,12.5,20],"rotation":{"angle":0,"axis":"y","origin":[7,15,8]},"faces":{"north":{"uv":[7.5625,9,7.625,9.125],"texture":"#2"},"east":{"uv":[7.9375,7.25,8.8125,7.375],"texture":"#2"},"south":{"uv":[7.625,9,7.6875,9.125],"texture":"#2"},"west":{"uv":[7.9375,7.375,8.8125,7.5],"texture":"#2"},"up":{"uv":[5.125,9.625,5.0625,8.75],"texture":"#2"},"down":{"uv":[5.1875,8.75,5.125,9.625],"texture":"#2"}}}],"textures":{"1":"minecraft:custom/special_door_main","2":"minecraft:custom/special_door_main3","4":"minecraft:custom/special_door_main5"},"display":{"head":{"translation":[0,-6.4,0],"scale":[3.2,3.2,3.2],"rotation":[0,180,0]}},"texture_size":[256,256]}