{"elements":[{"from":[7,1.5,3],"to":[7.5,5.5,5.5],"rotation":{"angle":0,"axis":"y","origin":[8,8,8]},"faces":{"north":{"uv":[6.25,9.125,6.3125,9.625],"texture":"#1"},"east":{"uv":[5.125,7.6875,5.4375,8.1875],"texture":"#1"},"south":{"uv":[9.125,6.25,9.1875,6.75],"texture":"#1"},"west":{"uv":[5.4375,7.6875,5.75,8.1875],"texture":"#1"},"up":{"uv":[6,9.5,5.9375,9.1875],"texture":"#1"},"down":{"uv":[9.25,6.25,9.1875,6.5625],"texture":"#1"}}}],"textures":{"1":"minecraft:custom/special_door_main","2":"minecraft:custom/special_door_main3","4":"minecraft:custom/special_door_main5"},"display":{"head":{"translation":[0,-6.4,0],"scale":[3.2,3.2,3.2],"rotation":[0,180,0]}},"texture_size":[256,256]}