{"elements":[{"from":[7,7,7],"to":[7.5,9,9],"rotation":{"angle":0,"axis":"y","origin":[8,7,21]},"faces":{"north":{"uv":[5.5625,8.875,5.625,9.125],"texture":"#4"},"east":{"uv":[8.5625,2,8.8125,2.25],"texture":"#4"},"south":{"uv":[5.625,8.875,5.6875,9.125],"texture":"#4"},"west":{"uv":[8.5625,2.25,8.8125,2.5],"texture":"#4"},"up":{"uv":[5.75,9.125,5.6875,8.875],"texture":"#4"},"down":{"uv":[5.8125,8.875,5.75,9.125],"texture":"#4"}}}],"textures":{"1":"minecraft:custom/special_door_main","2":"minecraft:custom/special_door_main3","4":"minecraft:custom/special_door_main5"},"display":{"head":{"translation":[0,-6.4,0],"scale":[3.2,3.2,3.2],"rotation":[0,180,0]}},"texture_size":[256,256]}