{"elements":[{"from":[8,7,7],"to":[8.5,9,9],"rotation":{"angle":0,"axis":"y","origin":[9,21,4]},"faces":{"north":{"uv":[6.0625,8.875,6.125,9.125],"texture":"#4"},"east":{"uv":[2.25,8.625,2.5,8.875],"texture":"#4"},"south":{"uv":[6.125,8.875,6.1875,9.125],"texture":"#4"},"west":{"uv":[2.5,8.625,2.75,8.875],"texture":"#4"},"up":{"uv":[8.9375,6.375,8.875,6.125],"texture":"#4"},"down":{"uv":[6.25,8.875,6.1875,9.125],"texture":"#4"}}}],"textures":{"1":"minecraft:custom/special_door_main","2":"minecraft:custom/special_door_main3","4":"minecraft:custom/special_door_main5"},"display":{"head":{"translation":[0,-6.4,0],"scale":[3.2,3.2,3.2],"rotation":[0,180,0]}},"texture_size":[256,256]}