{"elements":[{"from":[7,7,7],"to":[7.5,9,9],"rotation":{"angle":0,"axis":"y","origin":[8,17.5,16.5]},"faces":{"north":{"uv":[5.75,2.625,5.8125,2.875],"texture":"#4"},"east":{"uv":[2,5.125,2.25,5.375],"texture":"#4"},"south":{"uv":[6.5625,8.1875,6.625,8.4375],"texture":"#4"},"west":{"uv":[4.1875,8.4375,4.4375,8.6875],"texture":"#4"},"up":{"uv":[3.1875,9.125,3.125,8.875],"texture":"#4"},"down":{"uv":[3.25,8.875,3.1875,9.125],"texture":"#4"}}}],"textures":{"1":"minecraft:custom/special_door_main","2":"minecraft:custom/special_door_main3","4":"minecraft:custom/special_door_main5"},"display":{"head":{"translation":[0,-6.4,0],"scale":[3.2,3.2,3.2],"rotation":[0,180,0]}},"texture_size":[256,256]}