{"elements":[{"from":[7,7,7],"to":[7.5,9,9],"rotation":{"angle":0,"axis":"y","origin":[8,14,21]},"faces":{"north":{"uv":[4.9375,8.875,5,9.125],"texture":"#4"},"east":{"uv":[8.5,8.5,8.75,8.75],"texture":"#4"},"south":{"uv":[8.875,5.125,8.9375,5.375],"texture":"#4"},"west":{"uv":[1.5,8.5625,1.75,8.8125],"texture":"#4"},"up":{"uv":[8.9375,5.625,8.875,5.375],"texture":"#4"},"down":{"uv":[5.5625,8.875,5.5,9.125],"texture":"#4"}}}],"textures":{"1":"minecraft:custom/special_door_main","2":"minecraft:custom/special_door_main3","4":"minecraft:custom/special_door_main5"},"display":{"head":{"translation":[0,-6.4,0],"scale":[3.2,3.2,3.2],"rotation":[0,180,0]}},"texture_size":[256,256]}