{"elements":[{"from":[7,7,7],"to":[7.5,9,9],"rotation":{"angle":0,"axis":"y","origin":[8,21,21]},"faces":{"north":{"uv":[4.75,8.875,4.8125,9.125],"texture":"#4"},"east":{"uv":[8.5,6.875,8.75,7.125],"texture":"#4"},"south":{"uv":[4.8125,8.875,4.875,9.125],"texture":"#4"},"west":{"uv":[8.25,8.5,8.5,8.75],"texture":"#4"},"up":{"uv":[4.9375,9.125,4.875,8.875],"texture":"#4"},"down":{"uv":[8.9375,4.875,8.875,5.125],"texture":"#4"}}}],"textures":{"1":"minecraft:custom/special_door_main","2":"minecraft:custom/special_door_main3","4":"minecraft:custom/special_door_main5"},"display":{"head":{"translation":[0,-6.4,0],"scale":[3.2,3.2,3.2],"rotation":[0,180,0]}},"texture_size":[256,256]}