{"elements":[{"from":[7,10,5.5],"to":[7.5,10.5,8],"rotation":{"angle":0,"axis":"y","origin":[8.5,12,14]},"faces":{"north":{"uv":[9,1.8125,9.0625,1.875],"texture":"#4"},"east":{"uv":[8.875,0.375,9.1875,0.4375],"texture":"#4"},"south":{"uv":[9,1.875,9.0625,1.9375],"texture":"#4"},"west":{"uv":[8.875,0.4375,9.1875,0.5],"texture":"#4"},"up":{"uv":[2.125,9.1875,2.0625,8.875],"texture":"#4"},"down":{"uv":[2.1875,8.875,2.125,9.1875],"texture":"#4"}}},{"from":[7,10,8],"to":[7.5,10.5,10.5],"rotation":{"angle":0,"axis":"y","origin":[8.5,12,14]},"faces":{"north":{"uv":[9,2.0625,9.0625,2.125],"texture":"#4"},"east":{"uv":[2.1875,8.875,2.5,8.9375],"texture":"#4"},"south":{"uv":[9,2.125,9.0625,2.1875],"texture":"#4"},"west":{"uv":[8.875,2.3125,9.1875,2.375],"texture":"#4"},"up":{"uv":[8.9375,2.6875,8.875,2.375],"texture":"#4"},"down":{"uv":[2.5625,8.875,2.5,9.1875],"texture":"#4"}}},{"from":[7,5.5,5.5],"to":[7.5,6,8],"rotation":{"angle":0,"axis":"y","origin":[8.5,12,14]},"faces":{"north":{"uv":[9,2.1875,9.0625,2.25],"texture":"#4"},"east":{"uv":[2.5625,8.875,2.875,8.9375],"texture":"#4"},"south":{"uv":[9,2.25,9.0625,2.3125],"texture":"#4"},"west":{"uv":[8.875,2.6875,9.1875,2.75],"texture":"#4"},"up":{"uv":[2.9375,9.1875,2.875,8.875],"texture":"#4"},"down":{"uv":[3,8.875,2.9375,9.1875],"texture":"#4"}}},{"from":[7,5.5,8],"to":[7.5,6,10.5],"rotation":{"angle":0,"axis":"y","origin":[8.5,12,14]},"faces":{"north":{"uv":[2.3125,9,2.375,9.0625],"texture":"#4"},"east":{"uv":[8.875,2.75,9.1875,2.8125],"texture":"#4"},"south":{"uv":[2.375,9,2.4375,9.0625],"texture":"#4"},"west":{"uv":[8.875,2.8125,9.1875,2.875],"texture":"#4"},"up":{"uv":[3.0625,9.1875,3,8.875],"texture":"#4"},"down":{"uv":[3.125,8.875,3.0625,9.1875],"texture":"#4"}}},{"from":[7,6,6],"to":[7.5,10,8],"rotation":{"angle":0,"axis":"y","origin":[8.5,12,14]},"faces":{"north":{"uv":[1.625,8.8125,1.6875,9.3125],"texture":"#4"},"east":{"uv":[5.1875,2.875,5.4375,3.375],"texture":"#4"},"south":{"uv":[1.6875,8.8125,1.75,9.3125],"texture":"#4"},"west":{"uv":[7.5625,7.6875,7.8125,8.1875],"texture":"#4"},"up":{"uv":[3.875,2.125,3.8125,1.875],"texture":"#4"},"down":{"uv":[3.9375,1.875,3.875,2.125],"texture":"#4"}}},{"from":[7,6,8],"to":[7.5,10,10],"rotation":{"angle":0,"axis":"y","origin":[8.5,12,14]},"faces":{"north":{"uv":[8.8125,2,8.875,2.5],"texture":"#4"},"east":{"uv":[7.8125,7.6875,8.0625,8.1875],"texture":"#4"},"south":{"uv":[8.8125,2.5,8.875,3],"texture":"#4"},"west":{"uv":[2.0625,7.875,2.3125,8.375],"texture":"#4"},"up":{"uv":[5.6875,2.875,5.625,2.625],"texture":"#4"},"down":{"uv":[5.75,2.625,5.6875,2.875],"texture":"#4"}}},{"from":[7.5,7.5,7.5],"to":[8.5,8.5,8.5],"rotation":{"angle":0,"axis":"y","origin":[8.5,12,14]},"faces":{"north":{"uv":[2.8125,2.125,2.9375,2.25],"texture":"#4"},"east":{"uv":[4.4375,3.375,4.5625,3.5],"texture":"#4"},"south":{"uv":[4.5625,3.375,4.6875,3.5],"texture":"#4"},"west":{"uv":[6,1.875,6.125,2],"texture":"#4"},"up":{"uv":[4.625,6.375,4.5,6.25],"texture":"#4"},"down":{"uv":[6.875,1.75,6.75,1.875],"texture":"#4"}}}],"textures":{"1":"minecraft:custom/special_door_main","2":"minecraft:custom/special_door_main3","4":"minecraft:custom/special_door_main5"},"display":{"head":{"translation":[0,-6.4,0],"scale":[3.2,3.2,3.2],"rotation":[0,180,0]}},"texture_size":[256,256]}