{"elements":[{"from":[7,11,18.5],"to":[7.5,14,19.5],"rotation":{"angle":0,"axis":"y","origin":[8.5,15,20]},"faces":{"north":{"uv":[5.3125,8.8125,5.375,9.1875],"texture":"#4"},"east":{"uv":[2.8125,3.125,2.9375,3.5],"texture":"#4"},"south":{"uv":[5.375,8.8125,5.4375,9.1875],"texture":"#4"},"west":{"uv":[3.75,4.5625,3.875,4.9375],"texture":"#4"},"up":{"uv":[5.8125,8.4375,5.75,8.3125],"texture":"#4"},"down":{"uv":[8.375,7.375,8.3125,7.5],"texture":"#4"}}},{"from":[7.5,13.5,18.5],"to":[8,14,19.5],"rotation":{"angle":0,"axis":"y","origin":[8.5,15,20]},"faces":{"north":{"uv":[9,2.4375,9.0625,2.5],"texture":"#4"},"east":{"uv":[3.75,4.9375,3.875,5],"texture":"#4"},"south":{"uv":[9,2.5,9.0625,2.5625],"texture":"#4"},"west":{"uv":[2,5.375,2.125,5.4375],"texture":"#4"},"up":{"uv":[8.4375,0.625,8.375,0.5],"texture":"#4"},"down":{"uv":[8.4375,3.375,8.375,3.5],"texture":"#4"}}},{"from":[7.5,11,18.5],"to":[8,11.5,19.5],"rotation":{"angle":0,"axis":"y","origin":[8.5,15,20]},"faces":{"north":{"uv":[2.5625,9,2.625,9.0625],"texture":"#4"},"east":{"uv":[2.125,5.375,2.25,5.4375],"texture":"#4"},"south":{"uv":[2.625,9,2.6875,9.0625],"texture":"#4"},"west":{"uv":[5.875,0.9375,6,1],"texture":"#4"},"up":{"uv":[8.4375,7.5,8.375,7.375],"texture":"#4"},"down":{"uv":[8.5,2,8.4375,2.125],"texture":"#4"}}},{"from":[7,18,18.5],"to":[7.5,21,19.5],"rotation":{"angle":0,"axis":"y","origin":[8.5,15,20]},"faces":{"north":{"uv":[5.4375,8.8125,5.5,9.1875],"texture":"#4"},"east":{"uv":[5.25,6.375,5.375,6.75],"texture":"#4"},"south":{"uv":[6.625,8.8125,6.6875,9.1875],"texture":"#4"},"west":{"uv":[5.125,7.3125,5.25,7.6875],"texture":"#4"},"up":{"uv":[5.0625,8.5625,5,8.4375],"texture":"#4"},"down":{"uv":[8.5,8.125,8.4375,8.25],"texture":"#4"}}},{"from":[7.5,18,18.5],"to":[8,18.5,19.5],"rotation":{"angle":0,"axis":"y","origin":[8.5,15,20]},"faces":{"north":{"uv":[3.25,9,3.3125,9.0625],"texture":"#4"},"east":{"uv":[6.625,0.875,6.75,0.9375],"texture":"#4"},"south":{"uv":[3.3125,9,3.375,9.0625],"texture":"#4"},"west":{"uv":[5.25,6.75,5.375,6.8125],"texture":"#4"},"up":{"uv":[8.5625,2.125,8.5,2],"texture":"#4"},"down":{"uv":[8.5625,8.125,8.5,8.25],"texture":"#4"}}},{"from":[7.5,20.5,18.5],"to":[8,21,19.5],"rotation":{"angle":0,"axis":"y","origin":[8.5,15,20]},"faces":{"north":{"uv":[3.375,9,3.4375,9.0625],"texture":"#4"},"east":{"uv":[3.5625,7.375,3.6875,7.4375],"texture":"#4"},"south":{"uv":[3.4375,9,3.5,9.0625],"texture":"#4"},"west":{"uv":[4.3125,7.8125,4.4375,7.875],"texture":"#4"},"up":{"uv":[5.5625,8.6875,5.5,8.5625],"texture":"#4"},"down":{"uv":[5.625,8.5625,5.5625,8.6875],"texture":"#4"}}},{"from":[7,25,18.5],"to":[7.5,28,19.5],"rotation":{"angle":0,"axis":"y","origin":[8.5,15,20]},"faces":{"north":{"uv":[6.6875,8.8125,6.75,9.1875],"texture":"#4"},"east":{"uv":[4.3125,7.4375,4.4375,7.8125],"texture":"#4"},"south":{"uv":[7.375,8.8125,7.4375,9.1875],"texture":"#4"},"west":{"uv":[4.3125,8.6875,4.4375,9.0625],"texture":"#4"},"up":{"uv":[5.6875,8.6875,5.625,8.5625],"texture":"#4"},"down":{"uv":[8.1875,8.875,8.125,9],"texture":"#4"}}},{"from":[7.5,25,18.5],"to":[8,25.5,19.5],"rotation":{"angle":0,"axis":"y","origin":[8.5,15,20]},"faces":{"north":{"uv":[3.5,9,3.5625,9.0625],"texture":"#4"},"east":{"uv":[1.75,8,1.875,8.0625],"texture":"#4"},"south":{"uv":[3.5625,9,3.625,9.0625],"texture":"#4"},"west":{"uv":[8.0625,2.125,8.1875,2.1875],"texture":"#4"},"up":{"uv":[8.25,9,8.1875,8.875],"texture":"#4"},"down":{"uv":[8.9375,8.625,8.875,8.75],"texture":"#4"}}},{"from":[7.5,27.5,18.5],"to":[8,28,19.5],"rotation":{"angle":0,"axis":"y","origin":[8.5,15,20]},"faces":{"north":{"uv":[4.1875,9,4.25,9.0625],"texture":"#4"},"east":{"uv":[6.75,8.375,6.875,8.4375],"texture":"#4"},"south":{"uv":[4.25,9,4.3125,9.0625],"texture":"#4"},"west":{"uv":[8.875,7.3125,9,7.375],"texture":"#4"},"up":{"uv":[8.9375,8.875,8.875,8.75],"texture":"#4"},"down":{"uv":[8.9375,8.875,8.875,9],"texture":"#4"}}},{"from":[8,8,8],"to":[11,11.5,20],"rotation":{"angle":0,"axis":"y","origin":[9.5,8,20]},"faces":{"north":{"uv":[3.5625,7.4375,3.9375,7.875],"texture":"#4"},"east":{"uv":[2.4375,3.5,3.9375,3.9375],"texture":"#4"},"south":{"uv":[3.9375,7.4375,4.3125,7.875],"texture":"#4"},"west":{"uv":[0,3.625,1.5,4.0625],"texture":"#4"},"up":{"uv":[1.875,5.125,1.5,3.625],"texture":"#4"},"down":{"uv":[2.25,3.625,1.875,5.125],"texture":"#4"}}},{"from":[8,11.5,8],"to":[11,13.5,10.5],"rotation":{"angle":0,"axis":"y","origin":[9.5,8,20]},"faces":{"north":{"uv":[4.6875,7.9375,5.0625,8.1875],"texture":"#4"},"east":{"uv":[3.5,1,3.8125,1.25],"texture":"#4"},"south":{"uv":[7.9375,7.25,8.3125,7.5],"texture":"#4"},"west":{"uv":[5.3125,1.625,5.625,1.875],"texture":"#4"},"up":{"uv":[3.6875,8.1875,3.3125,7.875],"texture":"#4"},"down":{"uv":[4.0625,7.875,3.6875,8.1875],"texture":"#4"}}},{"from":[8,15,17],"to":[11,17,20],"rotation":{"angle":0,"axis":"y","origin":[9.5,8,20]},"faces":{"north":{"uv":[8.0625,0.625,8.4375,0.875],"texture":"#4"},"east":{"uv":[8.0625,0.875,8.4375,1.125],"texture":"#4"},"south":{"uv":[8.0625,1.125,8.4375,1.375],"texture":"#4"},"west":{"uv":[8.0625,1.375,8.4375,1.625],"texture":"#4"},"up":{"uv":[2.8125,3.5,2.4375,3.125],"texture":"#4"},"down":{"uv":[7.9375,5.875,7.5625,6.25],"texture":"#4"}}},{"from":[8,15,8],"to":[11,17,15],"rotation":{"angle":0,"axis":"y","origin":[9.5,8,20]},"faces":{"north":{"uv":[1.5,8.0625,1.875,8.3125],"texture":"#4"},"east":{"uv":[7.3125,2.375,8.1875,2.625],"texture":"#4"},"south":{"uv":[8.0625,1.625,8.4375,1.875],"texture":"#4"},"west":{"uv":[7.3125,2.625,8.1875,2.875],"texture":"#4"},"up":{"uv":[6.5625,7.4375,6.1875,6.5625],"texture":"#4"},"down":{"uv":[6.9375,6.5625,6.5625,7.4375],"texture":"#4"}}},{"from":[8.5,11.5,10.5],"to":[11,13.5,12.5],"rotation":{"angle":0,"axis":"y","origin":[9.5,8,20]},"faces":{"north":{"uv":[8.25,8.25,8.5625,8.5],"texture":"#4"},"east":{"uv":[8.5625,2.5,8.8125,2.75],"texture":"#4"},"south":{"uv":[8.3125,0,8.625,0.25],"texture":"#4"},"west":{"uv":[8.5625,2.75,8.8125,3],"texture":"#4"},"up":{"uv":[8.625,0.5,8.3125,0.25],"texture":"#4"},"down":{"uv":[1.8125,8.3125,1.5,8.5625],"texture":"#4"}}},{"from":[8.5,15,15],"to":[11,17,17],"rotation":{"angle":0,"axis":"y","origin":[9.5,8,20]},"faces":{"north":{"uv":[5.0625,8.3125,5.375,8.5625],"texture":"#4"},"east":{"uv":[8.5625,3,8.8125,3.25],"texture":"#4"},"south":{"uv":[5.375,8.3125,5.6875,8.5625],"texture":"#4"},"west":{"uv":[5,8.5625,5.25,8.8125],"texture":"#4"},"up":{"uv":[8.625,7.375,8.3125,7.125],"texture":"#4"},"down":{"uv":[2.3125,8.375,2,8.625],"texture":"#4"}}},{"from":[8.5,18.5,10.5],"to":[11,20.5,12.5],"rotation":{"angle":0,"axis":"y","origin":[9.5,8,20]},"faces":{"north":{"uv":[2.3125,8.375,2.625,8.625],"texture":"#4"},"east":{"uv":[5.25,8.5625,5.5,8.8125],"texture":"#4"},"south":{"uv":[2.625,8.375,2.9375,8.625],"texture":"#4"},"west":{"uv":[8.5625,8.125,8.8125,8.375],"texture":"#4"},"up":{"uv":[3.25,8.625,2.9375,8.375],"texture":"#4"},"down":{"uv":[8.75,0.5,8.4375,0.75],"texture":"#4"}}},{"from":[8.5,25.5,10.5],"to":[11,27.5,12.5],"rotation":{"angle":0,"axis":"y","origin":[9.5,8,20]},"faces":{"north":{"uv":[8.4375,0.75,8.75,1],"texture":"#4"},"east":{"uv":[8.625,0,8.875,0.25],"texture":"#4"},"south":{"uv":[8.4375,1,8.75,1.25],"texture":"#4"},"west":{"uv":[8.625,0.25,8.875,0.5],"texture":"#4"},"up":{"uv":[8.75,1.5,8.4375,1.25],"texture":"#4"},"down":{"uv":[8.75,1.5,8.4375,1.75],"texture":"#4"}}},{"from":[8,18.5,8],"to":[11,20.5,10.5],"rotation":{"angle":0,"axis":"y","origin":[9.5,8,20]},"faces":{"north":{"uv":[8.0625,1.875,8.4375,2.125],"texture":"#4"},"east":{"uv":[8.4375,1.75,8.75,2],"texture":"#4"},"south":{"uv":[5.0625,8.0625,5.4375,8.3125],"texture":"#4"},"west":{"uv":[3.25,8.4375,3.5625,8.6875],"texture":"#4"},"up":{"uv":[4.4375,8.1875,4.0625,7.875],"texture":"#4"},"down":{"uv":[6.25,7.875,5.875,8.1875],"texture":"#4"}}},{"from":[8,25.5,8],"to":[11,27.5,10.5],"rotation":{"angle":0,"axis":"y","origin":[9.5,8,20]},"faces":{"north":{"uv":[5.4375,8.0625,5.8125,8.3125],"texture":"#4"},"east":{"uv":[8.4375,3.375,8.75,3.625],"texture":"#4"},"south":{"uv":[8.0625,7.5,8.4375,7.75],"texture":"#4"},"west":{"uv":[3.5625,8.4375,3.875,8.6875],"texture":"#4"},"up":{"uv":[6.625,8.1875,6.25,7.875],"texture":"#4"},"down":{"uv":[7.5625,7.875,7.1875,8.1875],"texture":"#4"}}},{"from":[8,11.5,12.5],"to":[11,13.5,20],"rotation":{"angle":0,"axis":"y","origin":[9.5,8,20]},"faces":{"north":{"uv":[8.0625,7.75,8.4375,8],"texture":"#4"},"east":{"uv":[0,3.25,0.9375,3.5],"texture":"#4"},"south":{"uv":[8.0625,8,8.4375,8.25],"texture":"#4"},"west":{"uv":[7,0,7.9375,0.25],"texture":"#4"},"up":{"uv":[6.1875,4.9375,5.8125,4],"texture":"#4"},"down":{"uv":[6.1875,4.9375,5.8125,5.875],"texture":"#4"}}},{"from":[8,18.5,12.5],"to":[11,20.5,20],"rotation":{"angle":0,"axis":"y","origin":[9.5,8,20]},"faces":{"north":{"uv":[8.125,6.125,8.5,6.375],"texture":"#4"},"east":{"uv":[7,0.25,7.9375,0.5],"texture":"#4"},"south":{"uv":[8.125,6.375,8.5,6.625],"texture":"#4"},"west":{"uv":[7,0.5,7.9375,0.75],"texture":"#4"},"up":{"uv":[6.25,0.9375,5.875,0],"texture":"#4"},"down":{"uv":[5.8125,5.875,5.4375,6.8125],"texture":"#4"}}},{"from":[8,25.5,12.5],"to":[11,27.5,20],"rotation":{"angle":0,"axis":"y","origin":[9.5,8,20]},"faces":{"north":{"uv":[8.125,6.625,8.5,6.875],"texture":"#4"},"east":{"uv":[7.125,0.75,8.0625,1],"texture":"#4"},"south":{"uv":[8.125,6.875,8.5,7.125],"texture":"#4"},"west":{"uv":[7.125,1,8.0625,1.25],"texture":"#4"},"up":{"uv":[6.1875,6.8125,5.8125,5.875],"texture":"#4"},"down":{"uv":[6.375,0.9375,6,1.875],"texture":"#4"}}},{"from":[8,13.5,8],"to":[11,15,20],"rotation":{"angle":0,"axis":"y","origin":[9.5,8,20]},"faces":{"north":{"uv":[0,8.5,0.375,8.6875],"texture":"#4"},"east":{"uv":[6.9375,3.5,8.4375,3.6875],"texture":"#4"},"south":{"uv":[0.375,8.5,0.75,8.6875],"texture":"#4"},"west":{"uv":[6.9375,3.6875,8.4375,3.875],"texture":"#4"},"up":{"uv":[2.625,5.4375,2.25,3.9375],"texture":"#4"},"down":{"uv":[3,3.9375,2.625,5.4375],"texture":"#4"}}},{"from":[8,17,8],"to":[11,18.5,20],"rotation":{"angle":0,"axis":"y","origin":[9.5,8,20]},"faces":{"north":{"uv":[0.75,8.5,1.125,8.6875],"texture":"#4"},"east":{"uv":[6.9375,3.875,8.4375,4.0625],"texture":"#4"},"south":{"uv":[1.125,8.5,1.5,8.6875],"texture":"#4"},"west":{"uv":[6.9375,4.0625,8.4375,4.25],"texture":"#4"},"up":{"uv":[3.375,5.4375,3,3.9375],"texture":"#4"},"down":{"uv":[3.75,3.9375,3.375,5.4375],"texture":"#4"}}},{"from":[8,20.5,8],"to":[11,25.5,20],"rotation":{"angle":0,"axis":"y","origin":[9.5,8,20]},"faces":{"north":{"uv":[7.1875,5,7.5625,5.625],"texture":"#4"},"east":{"uv":[0,0,1.5,0.625],"texture":"#4"},"south":{"uv":[7.1875,5.625,7.5625,6.25],"texture":"#4"},"west":{"uv":[0,0.625,1.5,1.25],"texture":"#4"},"up":{"uv":[4.3125,5,3.9375,3.5],"texture":"#4"},"down":{"uv":[0.375,4.0625,0,5.5625],"texture":"#4"}}},{"from":[8,27.5,8],"to":[11,31.5,20],"rotation":{"angle":0,"axis":"y","origin":[9.5,8,20]},"faces":{"north":{"uv":[2.0625,7.375,2.4375,7.875],"texture":"#4"},"east":{"uv":[3,0,4.5,0.5],"texture":"#4"},"south":{"uv":[2.4375,7.375,2.8125,7.875],"texture":"#4"},"west":{"uv":[3,0.5,4.5,1],"texture":"#4"},"up":{"uv":[0.75,5.5625,0.375,4.0625],"texture":"#4"},"down":{"uv":[1.125,4.0625,0.75,5.5625],"texture":"#4"}}},{"from":[8,31.5,16.5],"to":[11,32,20],"rotation":{"angle":0,"axis":"y","origin":[9.5,8,20]},"faces":{"north":{"uv":[8.8125,3.1875,9.1875,3.25],"texture":"#4"},"east":{"uv":[3,1.1875,3.4375,1.25],"texture":"#4"},"south":{"uv":[8.8125,7.375,9.1875,7.4375],"texture":"#4"},"west":{"uv":[8.8125,3,9.25,3.0625],"texture":"#4"},"up":{"uv":[6.375,7.875,6,7.4375],"texture":"#4"},"down":{"uv":[6.75,7.4375,6.375,7.875],"texture":"#4"}}},{"from":[8,31.5,8],"to":[11,32,15.5],"rotation":{"angle":0,"axis":"y","origin":[9.5,8,20]},"faces":{"north":{"uv":[7.4375,8.8125,7.8125,8.875],"texture":"#4"},"east":{"uv":[0,3.5,0.9375,3.5625],"texture":"#4"},"south":{"uv":[8.8125,7.4375,9.1875,7.5],"texture":"#4"},"west":{"uv":[0,3.5625,0.9375,3.625],"texture":"#4"},"up":{"uv":[1.875,7.0625,1.5,6.125],"texture":"#4"},"down":{"uv":[6.5625,1.875,6.1875,2.8125],"texture":"#4"}}},{"from":[8.5,31.5,15.5],"to":[11,32,16.5],"rotation":{"angle":0,"axis":"y","origin":[9.5,8,20]},"faces":{"north":{"uv":[8.875,2.875,9.1875,2.9375],"texture":"#4"},"east":{"uv":[0,8.9375,0.125,9],"texture":"#4"},"south":{"uv":[8.875,2.9375,9.1875,3],"texture":"#4"},"west":{"uv":[8.9375,0,9.0625,0.0625],"texture":"#4"},"up":{"uv":[9.0625,5.75,8.75,5.625],"texture":"#4"},"down":{"uv":[9.0625,5.75,8.75,5.875],"texture":"#4"}}}],"textures":{"1":"minecraft:custom/special_door_main","2":"minecraft:custom/special_door_main3","4":"minecraft:custom/special_door_main5"},"display":{"head":{"translation":[0,-6.4,0],"scale":[3.2,3.2,3.2],"rotation":[0,180,0]}},"texture_size":[256,256]}