{"elements":[{"from":[9,8,16],"to":[11,16,20],"rotation":{"angle":0,"axis":"y","origin":[9.5,-16,20]},"faces":{"north":{"uv":[6.9375,5,7.1875,6],"texture":"#4"},"east":{"uv":[3.9375,1.875,4.4375,2.875],"texture":"#4"},"south":{"uv":[6.9375,6,7.1875,7],"texture":"#4"},"west":{"uv":[4.5,0,5,1],"texture":"#4"},"up":{"uv":[2.5625,8.375,2.3125,7.875],"texture":"#4"},"down":{"uv":[2.8125,7.875,2.5625,8.375],"texture":"#4"}}},{"from":[8,8.5,8],"to":[11,15.5,16],"rotation":{"angle":0,"axis":"y","origin":[9.5,-16,20]},"faces":{"north":{"uv":[6.625,0,7,0.875],"texture":"#4"},"east":{"uv":[0.9375,2.25,1.9375,3.125],"texture":"#4"},"south":{"uv":[6.75,0.875,7.125,1.75],"texture":"#4"},"west":{"uv":[1.9375,2.25,2.9375,3.125],"texture":"#4"},"up":{"uv":[5.8125,3.875,5.4375,2.875],"texture":"#4"},"down":{"uv":[3.6875,5.4375,3.3125,6.4375],"texture":"#4"}}},{"from":[8,15.5,8],"to":[11,16,15.5],"rotation":{"angle":0,"axis":"y","origin":[9.5,-16,20]},"faces":{"north":{"uv":[8.8125,7.5,9.1875,7.5625],"texture":"#4"},"east":{"uv":[7.3125,3.375,8.25,3.4375],"texture":"#4"},"south":{"uv":[8.8125,7.5625,9.1875,7.625],"texture":"#4"},"west":{"uv":[7.3125,3.4375,8.25,3.5],"texture":"#4"},"up":{"uv":[6.5625,3.75,6.1875,2.8125],"texture":"#4"},"down":{"uv":[6.5625,3.75,6.1875,4.6875],"texture":"#4"}}},{"from":[8.5,15.5,15.5],"to":[11,16,16],"rotation":{"angle":0,"axis":"y","origin":[9.5,-16,20]},"faces":{"north":{"uv":[8.875,3.375,9.1875,3.4375],"texture":"#4"},"east":{"uv":[9,4.9375,9.0625,5],"texture":"#4"},"south":{"uv":[8.875,3.4375,9.1875,3.5],"texture":"#4"},"west":{"uv":[9,5,9.0625,5.0625],"texture":"#4"},"up":{"uv":[9.1875,3.5625,8.875,3.5],"texture":"#4"},"down":{"uv":[9.1875,3.5625,8.875,3.625],"texture":"#4"}}},{"from":[8,8,8],"to":[11,8.5,15.5],"rotation":{"angle":0,"axis":"y","origin":[9.5,-16,20]},"faces":{"north":{"uv":[8.8125,7.625,9.1875,7.6875],"texture":"#4"},"east":{"uv":[8.5625,3.25,9.5,3.3125],"texture":"#4"},"south":{"uv":[8.8125,7.6875,9.1875,7.75],"texture":"#4"},"west":{"uv":[8.5625,3.3125,9.5,3.375],"texture":"#4"},"up":{"uv":[6.5625,5.625,6.1875,4.6875],"texture":"#4"},"down":{"uv":[6.5625,5.625,6.1875,6.5625],"texture":"#4"}}},{"from":[8.5,8,15.5],"to":[11,8.5,16],"rotation":{"angle":0,"axis":"y","origin":[9.5,-16,20]},"faces":{"north":{"uv":[8.875,3.625,9.1875,3.6875],"texture":"#4"},"east":{"uv":[9,5.0625,9.0625,5.125],"texture":"#4"},"south":{"uv":[8.875,3.6875,9.1875,3.75],"texture":"#4"},"west":{"uv":[9,5.125,9.0625,5.1875],"texture":"#4"},"up":{"uv":[9.1875,3.8125,8.875,3.75],"texture":"#4"},"down":{"uv":[9.1875,3.8125,8.875,3.875],"texture":"#4"}}},{"from":[8,16,16.5],"to":[11,24,20],"rotation":{"angle":0,"axis":"y","origin":[9.5,-16,20]},"faces":{"north":{"uv":[5.4375,3.875,5.8125,4.875],"texture":"#4"},"east":{"uv":[5.1875,1.875,5.625,2.875],"texture":"#4"},"south":{"uv":[5.4375,4.875,5.8125,5.875],"texture":"#4"},"west":{"uv":[2,5.4375,2.4375,6.4375],"texture":"#4"},"up":{"uv":[0.375,7.9375,0,7.5],"texture":"#4"},"down":{"uv":[0.75,7.5,0.375,7.9375],"texture":"#4"}}},{"from":[8,16,8],"to":[11,24,15.5],"rotation":{"angle":0,"axis":"y","origin":[9.5,-16,20]},"faces":{"north":{"uv":[5.5,0,5.875,1],"texture":"#4"},"east":{"uv":[0,1.25,0.9375,2.25],"texture":"#4"},"south":{"uv":[0,5.5625,0.375,6.5625],"texture":"#4"},"west":{"uv":[0.9375,1.25,1.875,2.25],"texture":"#4"},"up":{"uv":[6.625,0.9375,6.25,0],"texture":"#4"},"down":{"uv":[6.75,0.9375,6.375,1.875],"texture":"#4"}}},{"from":[8,16.5,15.5],"to":[11,24,16.5],"rotation":{"angle":0,"axis":"y","origin":[9.5,-16,20]},"faces":{"north":{"uv":[4.5,6.375,4.875,7.3125],"texture":"#4"},"east":{"uv":[6.75,7.4375,6.875,8.375],"texture":"#4"},"south":{"uv":[4.875,6.375,5.25,7.3125],"texture":"#4"},"west":{"uv":[6.625,7.875,6.75,8.8125],"texture":"#4"},"up":{"uv":[9.125,1.125,8.75,1],"texture":"#4"},"down":{"uv":[9.125,1.125,8.75,1.25],"texture":"#4"}}},{"from":[8.5,16,15.5],"to":[11,16.5,16.5],"rotation":{"angle":0,"axis":"y","origin":[9.5,-16,20]},"faces":{"north":{"uv":[8.875,3.875,9.1875,3.9375],"texture":"#4"},"east":{"uv":[8.9375,0.0625,9.0625,0.125],"texture":"#4"},"south":{"uv":[8.875,3.9375,9.1875,4],"texture":"#4"},"west":{"uv":[0.125,8.9375,0.25,9],"texture":"#4"},"up":{"uv":[9.0625,6,8.75,5.875],"texture":"#4"},"down":{"uv":[9.0625,6,8.75,6.125],"texture":"#4"}}},{"from":[7.5,21,17.5],"to":[8,22,18],"rotation":{"angle":0,"axis":"y","origin":[9,-15,23]},"faces":{"north":{"uv":[8.9375,0.125,9,0.25],"texture":"#4"},"east":{"uv":[0.25,8.9375,0.3125,9.0625],"texture":"#4"},"south":{"uv":[8.9375,0.25,9,0.375],"texture":"#4"},"west":{"uv":[0.3125,8.9375,0.375,9.0625],"texture":"#4"},"up":{"uv":[9.0625,5.25,9,5.1875],"texture":"#4"},"down":{"uv":[9.0625,5.25,9,5.3125],"texture":"#4"}}},{"from":[7.5,21,14.5],"to":[8,22,15],"rotation":{"angle":0,"axis":"y","origin":[9,-15,20]},"faces":{"north":{"uv":[0.375,8.9375,0.4375,9.0625],"texture":"#4"},"east":{"uv":[0.4375,8.9375,0.5,9.0625],"texture":"#4"},"south":{"uv":[0.5,8.9375,0.5625,9.0625],"texture":"#4"},"west":{"uv":[0.5625,8.9375,0.625,9.0625],"texture":"#4"},"up":{"uv":[9.0625,5.375,9,5.3125],"texture":"#4"},"down":{"uv":[9.0625,5.375,9,5.4375],"texture":"#4"}}},{"from":[7,21,14.5],"to":[7.5,22,18],"rotation":{"angle":0,"axis":"y","origin":[8.5,-15,20]},"faces":{"north":{"uv":[0.625,8.9375,0.6875,9.0625],"texture":"#4"},"east":{"uv":[3.9375,2.875,4.375,3],"texture":"#4"},"south":{"uv":[0.6875,8.9375,0.75,9.0625],"texture":"#4"},"west":{"uv":[7.375,8.6875,7.8125,8.8125],"texture":"#4"},"up":{"uv":[3.9375,5,3.875,4.5625],"texture":"#4"},"down":{"uv":[5.4375,6.375,5.375,6.8125],"texture":"#4"}}}],"textures":{"1":"minecraft:custom/special_door_main","2":"minecraft:custom/special_door_main3","4":"minecraft:custom/special_door_main5"},"display":{"head":{"translation":[0,-6.4,0],"scale":[3.2,3.2,3.2],"rotation":[0,180,0]}},"texture_size":[256,256]}