{"elements":[{"from":[8,4,4],"to":[8.5,5.5,8],"rotation":{"angle":0,"axis":"y","origin":[9,12,14]},"faces":{"north":{"uv":[5.875,7.6875,5.9375,7.875],"texture":"#4"},"east":{"uv":[3,1,3.5,1.1875],"texture":"#4"},"south":{"uv":[5.9375,7.6875,6,7.875],"texture":"#4"},"west":{"uv":[7.6875,2.1875,8.1875,2.375],"texture":"#4"},"up":{"uv":[4.5,7.9375,4.4375,7.4375],"texture":"#4"},"down":{"uv":[6.9375,7.4375,6.875,7.9375],"texture":"#4"}}},{"from":[8,4,8],"to":[8.5,5.5,12],"rotation":{"angle":0,"axis":"y","origin":[9,12,14]},"faces":{"north":{"uv":[7.9375,7.5,8,7.6875],"texture":"#4"},"east":{"uv":[7.9375,5,8.4375,5.1875],"texture":"#4"},"south":{"uv":[8,7.5,8.0625,7.6875],"texture":"#4"},"west":{"uv":[7.9375,5.1875,8.4375,5.375],"texture":"#4"},"up":{"uv":[8.625,9.25,8.5625,8.75],"texture":"#4"},"down":{"uv":[8.6875,8.75,8.625,9.25],"texture":"#4"}}},{"from":[8,10.5,4],"to":[8.5,12,8],"rotation":{"angle":0,"axis":"y","origin":[9,12,14]},"faces":{"north":{"uv":[6.9375,8.875,7,9.0625],"texture":"#4"},"east":{"uv":[7.9375,5.375,8.4375,5.5625],"texture":"#4"},"south":{"uv":[7,8.875,7.0625,9.0625],"texture":"#4"},"west":{"uv":[7.9375,5.5625,8.4375,5.75],"texture":"#4"},"up":{"uv":[8.8125,9.125,8.75,8.625],"texture":"#4"},"down":{"uv":[8.75,8.75,8.6875,9.25],"texture":"#4"}}},{"from":[8,10.5,8],"to":[8.5,12,12],"rotation":{"angle":0,"axis":"y","origin":[9,12,14]},"faces":{"north":{"uv":[7.0625,8.875,7.125,9.0625],"texture":"#4"},"east":{"uv":[7.9375,5.75,8.4375,5.9375],"texture":"#4"},"south":{"uv":[7.125,8.875,7.1875,9.0625],"texture":"#4"},"west":{"uv":[7.9375,5.9375,8.4375,6.125],"texture":"#4"},"up":{"uv":[1.5625,9.3125,1.5,8.8125],"texture":"#4"},"down":{"uv":[1.625,8.8125,1.5625,9.3125],"texture":"#4"}}},{"from":[7.5,10.5,5.5],"to":[8,12,8],"rotation":{"angle":0,"axis":"y","origin":[9,12,14]},"faces":{"north":{"uv":[8.875,7.125,8.9375,7.3125],"texture":"#4"},"east":{"uv":[6.875,8,7.1875,8.1875],"texture":"#4"},"south":{"uv":[7.1875,8.875,7.25,9.0625],"texture":"#4"},"west":{"uv":[4,8.6875,4.3125,8.875],"texture":"#4"},"up":{"uv":[2.3125,3.9375,2.25,3.625],"texture":"#4"},"down":{"uv":[2.375,3.625,2.3125,3.9375],"texture":"#4"}}},{"from":[7.5,10.5,8],"to":[8,12,10.5],"rotation":{"angle":0,"axis":"y","origin":[9,12,14]},"faces":{"north":{"uv":[7.25,8.875,7.3125,9.0625],"texture":"#4"},"east":{"uv":[4.6875,8.6875,5,8.875],"texture":"#4"},"south":{"uv":[7.3125,8.875,7.375,9.0625],"texture":"#4"},"west":{"uv":[5.5,8.6875,5.8125,8.875],"texture":"#4"},"up":{"uv":[2.4375,3.9375,2.375,3.625],"texture":"#4"},"down":{"uv":[1.9375,6.125,1.875,6.4375],"texture":"#4"}}},{"from":[7.5,4,5.5],"to":[8,5.5,8],"rotation":{"angle":0,"axis":"y","origin":[9,12,14]},"faces":{"north":{"uv":[7.4375,8.875,7.5,9.0625],"texture":"#4"},"east":{"uv":[5.8125,8.6875,6.125,8.875],"texture":"#4"},"south":{"uv":[7.5,8.875,7.5625,9.0625],"texture":"#4"},"west":{"uv":[6.125,8.6875,6.4375,8.875],"texture":"#4"},"up":{"uv":[2,6.4375,1.9375,6.125],"texture":"#4"},"down":{"uv":[1.8125,7.0625,1.75,7.375],"texture":"#4"}}},{"from":[7.5,4,8],"to":[8,5.5,10.5],"rotation":{"angle":0,"axis":"y","origin":[9,12,14]},"faces":{"north":{"uv":[7.5625,8.875,7.625,9.0625],"texture":"#4"},"east":{"uv":[6.75,8.6875,7.0625,8.875],"texture":"#4"},"south":{"uv":[7.625,8.875,7.6875,9.0625],"texture":"#4"},"west":{"uv":[7.0625,8.6875,7.375,8.875],"texture":"#4"},"up":{"uv":[1.875,7.375,1.8125,7.0625],"texture":"#4"},"down":{"uv":[1.875,8.3125,1.8125,8.625],"texture":"#4"}}},{"from":[7.5,11,10.5],"to":[8,12,11],"rotation":{"angle":0,"axis":"y","origin":[9,12,14]},"faces":{"north":{"uv":[4.375,2.875,4.4375,3],"texture":"#4"},"east":{"uv":[6.125,1.875,6.1875,2],"texture":"#4"},"south":{"uv":[4.625,6.25,4.6875,6.375],"texture":"#4"},"west":{"uv":[6.875,1.75,6.9375,1.875],"texture":"#4"},"up":{"uv":[3.5,1.25,3.4375,1.1875],"texture":"#4"},"down":{"uv":[3.75,7.375,3.6875,7.4375],"texture":"#4"}}},{"from":[7.5,4,10.5],"to":[8,5,11],"rotation":{"angle":0,"axis":"y","origin":[9,12,14]},"faces":{"north":{"uv":[7,0.75,7.0625,0.875],"texture":"#4"},"east":{"uv":[7.0625,0.75,7.125,0.875],"texture":"#4"},"south":{"uv":[7.9375,0.625,8,0.75],"texture":"#4"},"west":{"uv":[5.0625,7.9375,5.125,8.0625],"texture":"#4"},"up":{"uv":[6.9375,8,6.875,7.9375],"texture":"#4"},"down":{"uv":[8.0625,8.1875,8,8.25],"texture":"#4"}}},{"from":[7.5,11,5],"to":[8,12,5.5],"rotation":{"angle":0,"axis":"y","origin":[9,12,14]},"faces":{"north":{"uv":[7.9375,6.125,8,6.25],"texture":"#4"},"east":{"uv":[8,0.625,8.0625,0.75],"texture":"#4"},"south":{"uv":[8,6.125,8.0625,6.25],"texture":"#4"},"west":{"uv":[5.8125,8.0625,5.875,8.1875],"texture":"#4"},"up":{"uv":[3.3125,8.4375,3.25,8.375],"texture":"#4"},"down":{"uv":[1.8125,8.5625,1.75,8.625],"texture":"#4"}}},{"from":[7.5,4,5],"to":[8,5,5.5],"rotation":{"angle":0,"axis":"y","origin":[9,12,14]},"faces":{"north":{"uv":[8.0625,6.125,8.125,6.25],"texture":"#4"},"east":{"uv":[8.125,7.125,8.1875,7.25],"texture":"#4"},"south":{"uv":[8.1875,7.125,8.25,7.25],"texture":"#4"},"west":{"uv":[8.25,3.375,8.3125,3.5],"texture":"#4"},"up":{"uv":[4.25,9,4.1875,8.9375],"texture":"#4"},"down":{"uv":[4.3125,8.9375,4.25,9],"texture":"#4"}}},{"from":[7.5,11.5,11],"to":[8,12,11.5],"rotation":{"angle":0,"axis":"y","origin":[9,12,14]},"faces":{"north":{"uv":[4.4375,8.9375,4.5,9],"texture":"#4"},"east":{"uv":[4.5,8.9375,4.5625,9],"texture":"#4"},"south":{"uv":[4.5625,8.9375,4.625,9],"texture":"#4"},"west":{"uv":[4.625,8.9375,4.6875,9],"texture":"#4"},"up":{"uv":[4.75,9,4.6875,8.9375],"texture":"#4"},"down":{"uv":[9,4.875,8.9375,4.9375],"texture":"#4"}}},{"from":[7.5,4,11],"to":[8,4.5,11.5],"rotation":{"angle":0,"axis":"y","origin":[9,12,14]},"faces":{"north":{"uv":[8.9375,4.9375,9,5],"texture":"#4"},"east":{"uv":[8.9375,5,9,5.0625],"texture":"#4"},"south":{"uv":[8.9375,5.0625,9,5.125],"texture":"#4"},"west":{"uv":[8.9375,5.125,9,5.1875],"texture":"#4"},"up":{"uv":[9,5.25,8.9375,5.1875],"texture":"#4"},"down":{"uv":[9,5.25,8.9375,5.3125],"texture":"#4"}}},{"from":[7.5,11.5,4.5],"to":[8,12,5],"rotation":{"angle":0,"axis":"y","origin":[9,12,14]},"faces":{"north":{"uv":[8.9375,5.3125,9,5.375],"texture":"#4"},"east":{"uv":[8.9375,5.375,9,5.4375],"texture":"#4"},"south":{"uv":[8.9375,5.4375,9,5.5],"texture":"#4"},"west":{"uv":[8.9375,5.5,9,5.5625],"texture":"#4"},"up":{"uv":[9,5.625,8.9375,5.5625],"texture":"#4"},"down":{"uv":[9,6.125,8.9375,6.1875],"texture":"#4"}}},{"from":[7.5,4,4.5],"to":[8,4.5,5],"rotation":{"angle":0,"axis":"y","origin":[9,12,14]},"faces":{"north":{"uv":[8.9375,6.1875,9,6.25],"texture":"#4"},"east":{"uv":[8.9375,6.25,9,6.3125],"texture":"#4"},"south":{"uv":[8.9375,6.3125,9,6.375],"texture":"#4"},"west":{"uv":[8.9375,6.375,9,6.4375],"texture":"#4"},"up":{"uv":[9,6.5,8.9375,6.4375],"texture":"#4"},"down":{"uv":[9,6.5,8.9375,6.5625],"texture":"#4"}}},{"from":[7.5,10.5,11.5],"to":[8,11,12],"rotation":{"angle":0,"axis":"y","origin":[9,12,14]},"faces":{"north":{"uv":[8.9375,6.5625,9,6.625],"texture":"#4"},"east":{"uv":[8.9375,6.625,9,6.6875],"texture":"#4"},"south":{"uv":[8.9375,6.6875,9,6.75],"texture":"#4"},"west":{"uv":[8.9375,6.75,9,6.8125],"texture":"#4"},"up":{"uv":[9,6.875,8.9375,6.8125],"texture":"#4"},"down":{"uv":[9,7.125,8.9375,7.1875],"texture":"#4"}}},{"from":[7.5,10.5,11.5],"to":[8,11,12],"rotation":{"angle":0,"axis":"y","origin":[9,12,14]},"faces":{"north":{"uv":[8.9375,7.1875,9,7.25],"texture":"#4"},"east":{"uv":[8.9375,7.25,9,7.3125],"texture":"#4"},"south":{"uv":[8.9375,8.625,9,8.6875],"texture":"#4"},"west":{"uv":[8.9375,8.6875,9,8.75],"texture":"#4"},"up":{"uv":[9,8.8125,8.9375,8.75],"texture":"#4"},"down":{"uv":[9,8.8125,8.9375,8.875],"texture":"#4"}}},{"from":[7.5,10.5,4],"to":[8,11,4.5],"rotation":{"angle":0,"axis":"y","origin":[9,12,14]},"faces":{"north":{"uv":[8.9375,8.875,9,8.9375],"texture":"#4"},"east":{"uv":[8.9375,8.9375,9,9],"texture":"#4"},"south":{"uv":[0,9,0.0625,9.0625],"texture":"#4"},"west":{"uv":[0.0625,9,0.125,9.0625],"texture":"#4"},"up":{"uv":[0.1875,9.0625,0.125,9],"texture":"#4"},"down":{"uv":[9.0625,0.125,9,0.1875],"texture":"#4"}}},{"from":[7.5,5,11.5],"to":[8,5.5,12],"rotation":{"angle":0,"axis":"y","origin":[9,12,14]},"faces":{"north":{"uv":[0.1875,9,0.25,9.0625],"texture":"#4"},"east":{"uv":[9,0.1875,9.0625,0.25],"texture":"#4"},"south":{"uv":[9,0.25,9.0625,0.3125],"texture":"#4"},"west":{"uv":[9,0.3125,9.0625,0.375],"texture":"#4"},"up":{"uv":[0.9375,9.0625,0.875,9],"texture":"#4"},"down":{"uv":[1,9,0.9375,9.0625],"texture":"#4"}}},{"from":[7.5,5,4],"to":[8,5.5,4.5],"rotation":{"angle":0,"axis":"y","origin":[9,12,14]},"faces":{"north":{"uv":[1,9,1.0625,9.0625],"texture":"#4"},"east":{"uv":[1.0625,9,1.125,9.0625],"texture":"#4"},"south":{"uv":[1.25,9,1.3125,9.0625],"texture":"#4"},"west":{"uv":[1.3125,9,1.375,9.0625],"texture":"#4"},"up":{"uv":[9.0625,1.375,9,1.3125],"texture":"#4"},"down":{"uv":[9.0625,1.375,9,1.4375],"texture":"#4"}}},{"from":[7.5,5.5,11],"to":[8,10.5,12],"rotation":{"angle":0,"axis":"y","origin":[9,12,14]},"faces":{"north":{"uv":[3.6875,5.4375,3.75,6.0625],"texture":"#4"},"east":{"uv":[6,6.8125,6.125,7.4375],"texture":"#4"},"south":{"uv":[6.125,6.8125,6.1875,7.4375],"texture":"#4"},"west":{"uv":[1.875,8,2,8.625],"texture":"#4"},"up":{"uv":[8.3125,7.25,8.25,7.125],"texture":"#4"},"down":{"uv":[8.375,0.5,8.3125,0.625],"texture":"#4"}}},{"from":[7.5,5.5,4],"to":[8,10.5,5],"rotation":{"angle":0,"axis":"y","origin":[9,12,14]},"faces":{"north":{"uv":[6.5625,8.6875,6.625,9.3125],"texture":"#4"},"east":{"uv":[8,8.25,8.125,8.875],"texture":"#4"},"south":{"uv":[7.9375,8.6875,8,9.3125],"texture":"#4"},"west":{"uv":[8.125,8.25,8.25,8.875],"texture":"#4"},"up":{"uv":[8.375,3.5,8.3125,3.375],"texture":"#4"},"down":{"uv":[5.75,8.3125,5.6875,8.4375],"texture":"#4"}}},{"from":[7.5,6.5,10.5],"to":[8,9.5,11],"rotation":{"angle":0,"axis":"y","origin":[9,12,14]},"faces":{"north":{"uv":[3.6875,6.0625,3.75,6.4375],"texture":"#4"},"east":{"uv":[2,8,2.0625,8.375],"texture":"#4"},"south":{"uv":[5,8.8125,5.0625,9.1875],"texture":"#4"},"west":{"uv":[5.0625,8.8125,5.125,9.1875],"texture":"#4"},"up":{"uv":[9.0625,1.5,9,1.4375],"texture":"#4"},"down":{"uv":[9.0625,1.5,9,1.5625],"texture":"#4"}}},{"from":[7.5,6.5,5],"to":[8,9.5,5.5],"rotation":{"angle":0,"axis":"y","origin":[9,12,14]},"faces":{"north":{"uv":[5.125,8.8125,5.1875,9.1875],"texture":"#4"},"east":{"uv":[5.1875,8.8125,5.25,9.1875],"texture":"#4"},"south":{"uv":[5.25,8.8125,5.3125,9.1875],"texture":"#4"},"west":{"uv":[8.8125,5.25,8.875,5.625],"texture":"#4"},"up":{"uv":[9.0625,1.75,9,1.6875],"texture":"#4"},"down":{"uv":[9.0625,1.75,9,1.8125],"texture":"#4"}}},{"from":[8,5.5,10.5],"to":[8.5,10.5,12],"rotation":{"angle":0,"axis":"y","origin":[9,12,14]},"faces":{"north":{"uv":[8.75,4.375,8.8125,5],"texture":"#4"},"east":{"uv":[3.75,3.9375,3.9375,4.5625],"texture":"#4"},"south":{"uv":[8.75,5,8.8125,5.625],"texture":"#4"},"west":{"uv":[4.5,5,4.6875,5.625],"texture":"#4"},"up":{"uv":[7.75,9.0625,7.6875,8.875],"texture":"#4"},"down":{"uv":[7.8125,8.875,7.75,9.0625],"texture":"#4"}}},{"from":[8,5.5,4],"to":[8.5,10.5,5.5],"rotation":{"angle":0,"axis":"y","origin":[9,12,14]},"faces":{"north":{"uv":[8.75,7.375,8.8125,8],"texture":"#4"},"east":{"uv":[5.625,2,5.8125,2.625],"texture":"#4"},"south":{"uv":[8.25,8.75,8.3125,9.375],"texture":"#4"},"west":{"uv":[4.5,5.625,4.6875,6.25],"texture":"#4"},"up":{"uv":[8.0625,9.0625,8,8.875],"texture":"#4"},"down":{"uv":[8.125,8.875,8.0625,9.0625],"texture":"#4"}}},{"from":[8,5.5,5.5],"to":[8.5,10.5,8],"rotation":{"angle":0,"axis":"y","origin":[9,12,14]},"faces":{"north":{"uv":[8.3125,8.75,8.375,9.375],"texture":"#4"},"east":{"uv":[5.3125,1,5.625,1.625],"texture":"#4"},"south":{"uv":[8.375,8.75,8.4375,9.375],"texture":"#4"},"west":{"uv":[4.5,7.3125,4.8125,7.9375],"texture":"#4"},"up":{"uv":[1.9375,9.1875,1.875,8.875],"texture":"#4"},"down":{"uv":[2,8.875,1.9375,9.1875],"texture":"#4"}}},{"from":[8,5.5,8],"to":[8.5,10.5,10.5],"rotation":{"angle":0,"axis":"y","origin":[9,12,14]},"faces":{"north":{"uv":[8.4375,8.75,8.5,9.375],"texture":"#4"},"east":{"uv":[4.8125,7.3125,5.125,7.9375],"texture":"#4"},"south":{"uv":[8.5,8.75,8.5625,9.375],"texture":"#4"},"west":{"uv":[1.75,7.375,2.0625,8],"texture":"#4"},"up":{"uv":[2.0625,9.1875,2,8.875],"texture":"#4"},"down":{"uv":[8.9375,2,8.875,2.3125],"texture":"#4"}}}],"textures":{"1":"minecraft:custom/special_door_main","2":"minecraft:custom/special_door_main3","4":"minecraft:custom/special_door_main5"},"display":{"head":{"translation":[0,-6.4,0],"scale":[3.2,3.2,3.2],"rotation":[0,180,0]}},"texture_size":[256,256]}