{"elements":[{"from":[6.5,6.5,-2],"to":[7,7,-1.5],"rotation":{"angle":0,"axis":"y","origin":[8,8,8]},"faces":{"north":{"uv":[4.4375,9,4.5,9.0625],"texture":"#4"},"east":{"uv":[4.5,9,4.5625,9.0625],"texture":"#4"},"south":{"uv":[4.5625,9,4.625,9.0625],"texture":"#4"},"west":{"uv":[4.625,9,4.6875,9.0625],"texture":"#4"},"up":{"uv":[4.75,9.0625,4.6875,9],"texture":"#4"},"down":{"uv":[9.0625,4.875,9,4.9375],"texture":"#4"}}}],"textures":{"1":"minecraft:custom/special_door_main","2":"minecraft:custom/special_door_main3","4":"minecraft:custom/special_door_main5"},"display":{"head":{"translation":[0,-6.4,0],"scale":[3.2,3.2,3.2],"rotation":[0,180,0]}},"texture_size":[256,256]}