{"elements":[{"from":[6.5,6.5,-2],"to":[7,7,-1.5],"rotation":{"angle":0,"axis":"y","origin":[8,8,8]},"faces":{"north":{"uv":[9,6.6875,9.0625,6.75],"texture":"#4"},"east":{"uv":[9,6.75,9.0625,6.8125],"texture":"#4"},"south":{"uv":[9,6.8125,9.0625,6.875],"texture":"#4"},"west":{"uv":[9,7.125,9.0625,7.1875],"texture":"#4"},"up":{"uv":[9.0625,7.25,9,7.1875],"texture":"#4"},"down":{"uv":[9.0625,7.25,9,7.3125],"texture":"#4"}}}],"textures":{"1":"minecraft:custom/special_door_main","2":"minecraft:custom/special_door_main3","4":"minecraft:custom/special_door_main5"},"display":{"head":{"translation":[0,-6.4,0],"scale":[3.2,3.2,3.2],"rotation":[0,180,0]}},"texture_size":[256,256]}