{"elements":[{"from":[9,8,-4],"to":[11,16,0],"rotation":{"angle":0,"axis":"y","origin":[9.5,-16,-4]},"faces":{"north":{"uv":[6.9375,7,7.1875,8],"texture":"#4"},"east":{"uv":[5,0,5.5,1],"texture":"#4"},"south":{"uv":[1.5,7.0625,1.75,8.0625],"texture":"#4"},"west":{"uv":[1.5,5.125,2,6.125],"texture":"#4"},"up":{"uv":[3.0625,8.375,2.8125,7.875],"texture":"#4"},"down":{"uv":[3.3125,7.875,3.0625,8.375],"texture":"#4"}}},{"from":[8,8.5,0],"to":[11,15.5,8],"rotation":{"angle":0,"axis":"y","origin":[9.5,-16,-4]},"faces":{"north":{"uv":[6.9375,1.75,7.3125,2.625],"texture":"#4"},"east":{"uv":[2.8125,1.25,3.8125,2.125],"texture":"#4"},"south":{"uv":[6.9375,2.625,7.3125,3.5],"texture":"#4"},"west":{"uv":[2.9375,2.125,3.9375,3],"texture":"#4"},"up":{"uv":[0.75,6.5625,0.375,5.5625],"texture":"#4"},"down":{"uv":[1.125,5.5625,0.75,6.5625],"texture":"#4"}}},{"from":[8,15.5,0.5],"to":[11,16,8],"rotation":{"angle":0,"axis":"y","origin":[9.5,-16,-4]},"faces":{"north":{"uv":[8.8125,8.125,9.1875,8.1875],"texture":"#4"},"east":{"uv":[8.75,0.5,9.6875,0.5625],"texture":"#4"},"south":{"uv":[8.8125,8.1875,9.1875,8.25],"texture":"#4"},"west":{"uv":[8.75,0.5625,9.6875,0.625],"texture":"#4"},"up":{"uv":[0.75,7.5,0.375,6.5625],"texture":"#4"},"down":{"uv":[1.125,6.5625,0.75,7.5],"texture":"#4"}}},{"from":[8.5,15.5,0],"to":[11,16,0.5],"rotation":{"angle":0,"axis":"y","origin":[9.5,-16,-4]},"faces":{"north":{"uv":[8.875,4.0625,9.1875,4.125],"texture":"#4"},"east":{"uv":[9,7.3125,9.0625,7.375],"texture":"#4"},"south":{"uv":[8.875,4.375,9.1875,4.4375],"texture":"#4"},"west":{"uv":[8.125,9,8.1875,9.0625],"texture":"#4"},"up":{"uv":[4.75,8.9375,4.4375,8.875],"texture":"#4"},"down":{"uv":[9.1875,4.4375,8.875,4.5],"texture":"#4"}}},{"from":[8,8,0.5],"to":[11,8.5,8],"rotation":{"angle":0,"axis":"y","origin":[9.5,-16,-4]},"faces":{"north":{"uv":[8.8125,8.25,9.1875,8.3125],"texture":"#4"},"east":{"uv":[8.75,0.625,9.6875,0.6875],"texture":"#4"},"south":{"uv":[8.8125,8.3125,9.1875,8.375],"texture":"#4"},"west":{"uv":[8.75,0.6875,9.6875,0.75],"texture":"#4"},"up":{"uv":[1.5,7.5,1.125,6.5625],"texture":"#4"},"down":{"uv":[6.9375,1.875,6.5625,2.8125],"texture":"#4"}}},{"from":[8.5,8,0],"to":[11,8.5,0.5],"rotation":{"angle":0,"axis":"y","origin":[9.5,-16,-4]},"faces":{"north":{"uv":[8.875,4.5,9.1875,4.5625],"texture":"#4"},"east":{"uv":[8.1875,9,8.25,9.0625],"texture":"#4"},"south":{"uv":[8.875,4.5625,9.1875,4.625],"texture":"#4"},"west":{"uv":[9,8.625,9.0625,8.6875],"texture":"#4"},"up":{"uv":[9.1875,4.6875,8.875,4.625],"texture":"#4"},"down":{"uv":[9.1875,4.6875,8.875,4.75],"texture":"#4"}}},{"from":[8,16,-4],"to":[11,24,-0.5],"rotation":{"angle":0,"axis":"y","origin":[9.5,-16,-4]},"faces":{"north":{"uv":[1.125,5.5625,1.5,6.5625],"texture":"#4"},"east":{"uv":[2.4375,5.4375,2.875,6.4375],"texture":"#4"},"south":{"uv":[5.625,1,6,2],"texture":"#4"},"west":{"uv":[2.875,5.4375,3.3125,6.4375],"texture":"#4"},"up":{"uv":[7.9375,7.6875,7.5625,7.25],"texture":"#4"},"down":{"uv":[8.0625,1.75,7.6875,2.1875],"texture":"#4"}}},{"from":[8,16,0.5],"to":[11,24,8],"rotation":{"angle":0,"axis":"y","origin":[9.5,-16,-4]},"faces":{"north":{"uv":[5.8125,2,6.1875,3],"texture":"#4"},"east":{"uv":[1.875,1.25,2.8125,2.25],"texture":"#4"},"south":{"uv":[5.8125,3,6.1875,4],"texture":"#4"},"west":{"uv":[0,2.25,0.9375,3.25],"texture":"#4"},"up":{"uv":[6.9375,3.75,6.5625,2.8125],"texture":"#4"},"down":{"uv":[6.9375,3.75,6.5625,4.6875],"texture":"#4"}}},{"from":[8,16.5,-0.5],"to":[11,24,0.5],"rotation":{"angle":0,"axis":"y","origin":[9.5,-16,-4]},"faces":{"north":{"uv":[6.5625,4.6875,6.9375,5.625],"texture":"#4"},"east":{"uv":[4.4375,7.9375,4.5625,8.875],"texture":"#4"},"south":{"uv":[6.5625,5.625,6.9375,6.5625],"texture":"#4"},"west":{"uv":[4.5625,7.9375,4.6875,8.875],"texture":"#4"},"up":{"uv":[9.125,4.25,8.75,4.125],"texture":"#4"},"down":{"uv":[9.125,4.25,8.75,4.375],"texture":"#4"}}},{"from":[8.5,16,-0.5],"to":[11,16.5,0.5],"rotation":{"angle":0,"axis":"y","origin":[9.5,-16,-4]},"faces":{"north":{"uv":[8.875,4.75,9.1875,4.8125],"texture":"#4"},"east":{"uv":[3.375,8.9375,3.5,9],"texture":"#4"},"south":{"uv":[8.875,4.8125,9.1875,4.875],"texture":"#4"},"west":{"uv":[3.5,8.9375,3.625,9],"texture":"#4"},"up":{"uv":[9.0625,8.125,8.75,8],"texture":"#4"},"down":{"uv":[9.0625,8.5,8.75,8.625],"texture":"#4"}}},{"from":[7,21,-2],"to":[7.5,22,1.5],"rotation":{"angle":0,"axis":"y","origin":[8.5,-15,-4]},"faces":{"north":{"uv":[2.8125,8.9375,2.875,9.0625],"texture":"#4"},"east":{"uv":[8.75,0.75,9.1875,0.875],"texture":"#4"},"south":{"uv":[3.625,8.9375,3.6875,9.0625],"texture":"#4"},"west":{"uv":[8.75,0.875,9.1875,1],"texture":"#4"},"up":{"uv":[8.875,4.8125,8.8125,4.375],"texture":"#4"},"down":{"uv":[8.875,4.8125,8.8125,5.25],"texture":"#4"}}},{"from":[7.5,21,-2],"to":[8,22,-1.5],"rotation":{"angle":0,"axis":"y","origin":[9,-15,-4]},"faces":{"north":{"uv":[3.6875,8.9375,3.75,9.0625],"texture":"#4"},"east":{"uv":[3.75,8.9375,3.8125,9.0625],"texture":"#4"},"south":{"uv":[3.8125,8.9375,3.875,9.0625],"texture":"#4"},"west":{"uv":[3.875,8.9375,3.9375,9.0625],"texture":"#4"},"up":{"uv":[9.0625,8.75,9,8.6875],"texture":"#4"},"down":{"uv":[9.0625,8.75,9,8.8125],"texture":"#4"}}},{"from":[7.5,21,1],"to":[8,22,1.5],"rotation":{"angle":0,"axis":"y","origin":[9,-15,-1]},"faces":{"north":{"uv":[3.9375,8.9375,4,9.0625],"texture":"#4"},"east":{"uv":[4,8.9375,4.0625,9.0625],"texture":"#4"},"south":{"uv":[4.0625,8.9375,4.125,9.0625],"texture":"#4"},"west":{"uv":[4.125,8.9375,4.1875,9.0625],"texture":"#4"},"up":{"uv":[8.875,9.0625,8.8125,9],"texture":"#4"},"down":{"uv":[9.0625,8.8125,9,8.875],"texture":"#4"}}}],"textures":{"1":"minecraft:custom/special_door_main","2":"minecraft:custom/special_door_main3","4":"minecraft:custom/special_door_main5"},"display":{"head":{"translation":[0,-6.4,0],"scale":[3.2,3.2,3.2],"rotation":[0,180,0]}},"texture_size":[256,256]}