{"elements":[{"from":[7,11,-3.5],"to":[7.5,14,-2.5],"rotation":{"angle":0,"axis":"y","origin":[8.5,15,-4]},"faces":{"north":{"uv":[8.8125,8.625,8.875,9],"texture":"#4"},"east":{"uv":[6.4375,8.6875,6.5625,9.0625],"texture":"#4"},"south":{"uv":[8.875,0,8.9375,0.375],"texture":"#4"},"west":{"uv":[7.8125,8.6875,7.9375,9.0625],"texture":"#4"},"up":{"uv":[0.8125,9.0625,0.75,8.9375],"texture":"#4"},"down":{"uv":[0.875,8.9375,0.8125,9.0625],"texture":"#4"}}},{"from":[7.5,13.5,-3.5],"to":[8,14,-2.5],"rotation":{"angle":0,"axis":"y","origin":[8.5,15,-4]},"faces":{"north":{"uv":[9,5.4375,9.0625,5.5],"texture":"#4"},"east":{"uv":[0.875,8.9375,1,9],"texture":"#4"},"south":{"uv":[9,5.5,9.0625,5.5625],"texture":"#4"},"west":{"uv":[1,8.9375,1.125,9],"texture":"#4"},"up":{"uv":[1.1875,9.0625,1.125,8.9375],"texture":"#4"},"down":{"uv":[1.25,8.9375,1.1875,9.0625],"texture":"#4"}}},{"from":[7.5,11,-3.5],"to":[8,11.5,-2.5],"rotation":{"angle":0,"axis":"y","origin":[8.5,15,-4]},"faces":{"north":{"uv":[9,5.5625,9.0625,5.625],"texture":"#4"},"east":{"uv":[1.25,8.9375,1.375,9],"texture":"#4"},"south":{"uv":[9,6.125,9.0625,6.1875],"texture":"#4"},"west":{"uv":[8.9375,1.25,9.0625,1.3125],"texture":"#4"},"up":{"uv":[9,1.4375,8.9375,1.3125],"texture":"#4"},"down":{"uv":[1.4375,8.9375,1.375,9.0625],"texture":"#4"}}},{"from":[7,18,-3.5],"to":[7.5,21,-2.5],"rotation":{"angle":0,"axis":"y","origin":[8.5,15,-4]},"faces":{"north":{"uv":[8.875,1.25,8.9375,1.625],"texture":"#4"},"east":{"uv":[8.75,1.25,8.875,1.625],"texture":"#4"},"south":{"uv":[8.875,1.625,8.9375,2],"texture":"#4"},"west":{"uv":[8.75,1.625,8.875,2],"texture":"#4"},"up":{"uv":[1.5,9.0625,1.4375,8.9375],"texture":"#4"},"down":{"uv":[9,1.4375,8.9375,1.5625],"texture":"#4"}}},{"from":[7.5,20.5,-3.5],"to":[8,21,-2.5],"rotation":{"angle":0,"axis":"y","origin":[8.5,15,-4]},"faces":{"north":{"uv":[9,6.1875,9.0625,6.25],"texture":"#4"},"east":{"uv":[8.9375,1.5625,9.0625,1.625],"texture":"#4"},"south":{"uv":[9,6.25,9.0625,6.3125],"texture":"#4"},"west":{"uv":[8.9375,1.625,9.0625,1.6875],"texture":"#4"},"up":{"uv":[9,1.8125,8.9375,1.6875],"texture":"#4"},"down":{"uv":[9,1.8125,8.9375,1.9375],"texture":"#4"}}},{"from":[7.5,18,-3.5],"to":[8,18.5,-2.5],"rotation":{"angle":0,"axis":"y","origin":[8.5,15,-4]},"faces":{"north":{"uv":[9,6.3125,9.0625,6.375],"texture":"#4"},"east":{"uv":[8.9375,1.9375,9.0625,2],"texture":"#4"},"south":{"uv":[9,6.375,9.0625,6.4375],"texture":"#4"},"west":{"uv":[8.9375,2,9.0625,2.0625],"texture":"#4"},"up":{"uv":[9,2.1875,8.9375,2.0625],"texture":"#4"},"down":{"uv":[2.25,8.9375,2.1875,9.0625],"texture":"#4"}}},{"from":[7,25,-3.5],"to":[7.5,28,-2.5],"rotation":{"angle":0,"axis":"y","origin":[8.5,15,-4]},"faces":{"north":{"uv":[1.75,8.875,1.8125,9.25],"texture":"#4"},"east":{"uv":[8.75,3.375,8.875,3.75],"texture":"#4"},"south":{"uv":[1.8125,8.875,1.875,9.25],"texture":"#4"},"west":{"uv":[8.75,3.75,8.875,4.125],"texture":"#4"},"up":{"uv":[9,2.3125,8.9375,2.1875],"texture":"#4"},"down":{"uv":[2.3125,8.9375,2.25,9.0625],"texture":"#4"}}},{"from":[7.5,25,-3.5],"to":[8,25.5,-2.5],"rotation":{"angle":0,"axis":"y","origin":[8.5,15,-4]},"faces":{"north":{"uv":[9,6.4375,9.0625,6.5],"texture":"#4"},"east":{"uv":[2.3125,8.9375,2.4375,9],"texture":"#4"},"south":{"uv":[9,6.5,9.0625,6.5625],"texture":"#4"},"west":{"uv":[8.9375,2.375,9.0625,2.4375],"texture":"#4"},"up":{"uv":[2.5,9.0625,2.4375,8.9375],"texture":"#4"},"down":{"uv":[9,2.4375,8.9375,2.5625],"texture":"#4"}}},{"from":[7.5,27.5,-3.5],"to":[8,28,-2.5],"rotation":{"angle":0,"axis":"y","origin":[8.5,15,-4]},"faces":{"north":{"uv":[9,6.5625,9.0625,6.625],"texture":"#4"},"east":{"uv":[2.5625,8.9375,2.6875,9],"texture":"#4"},"south":{"uv":[9,6.625,9.0625,6.6875],"texture":"#4"},"west":{"uv":[8.9375,2.5625,9.0625,2.625],"texture":"#4"},"up":{"uv":[2.75,9.0625,2.6875,8.9375],"texture":"#4"},"down":{"uv":[2.8125,8.9375,2.75,9.0625],"texture":"#4"}}},{"from":[8,8,-4],"to":[11,11.5,8],"rotation":{"angle":0,"axis":"y","origin":[9.5,8,-4]},"faces":{"north":{"uv":[0.75,7.5,1.125,7.9375],"texture":"#4"},"east":{"uv":[3.8125,1,5.3125,1.4375],"texture":"#4"},"south":{"uv":[1.125,7.5,1.5,7.9375],"texture":"#4"},"west":{"uv":[3.8125,1.4375,5.3125,1.875],"texture":"#4"},"up":{"uv":[1.5,5.5625,1.125,4.0625],"texture":"#4"},"down":{"uv":[4.6875,3.5,4.3125,5],"texture":"#4"}}},{"from":[8,11.5,-4],"to":[11,13.5,3.5],"rotation":{"angle":0,"axis":"y","origin":[9.5,8,-4]},"faces":{"north":{"uv":[8.1875,2.125,8.5625,2.375],"texture":"#4"},"east":{"uv":[7.125,1.25,8.0625,1.5],"texture":"#4"},"south":{"uv":[8.1875,2.375,8.5625,2.625],"texture":"#4"},"west":{"uv":[7.125,1.5,8.0625,1.75],"texture":"#4"},"up":{"uv":[2.25,7.375,1.875,6.4375],"texture":"#4"},"down":{"uv":[2.625,6.4375,2.25,7.375],"texture":"#4"}}},{"from":[8,18.5,-4],"to":[11,20.5,3.5],"rotation":{"angle":0,"axis":"y","origin":[9.5,8,-4]},"faces":{"north":{"uv":[8.1875,2.625,8.5625,2.875],"texture":"#4"},"east":{"uv":[7.1875,6.25,8.125,6.5],"texture":"#4"},"south":{"uv":[8.1875,2.875,8.5625,3.125],"texture":"#4"},"west":{"uv":[7.1875,6.5,8.125,6.75],"texture":"#4"},"up":{"uv":[3,7.375,2.625,6.4375],"texture":"#4"},"down":{"uv":[3.375,6.4375,3,7.375],"texture":"#4"}}},{"from":[8,25.5,-4],"to":[11,27.5,3.5],"rotation":{"angle":0,"axis":"y","origin":[9.5,8,-4]},"faces":{"north":{"uv":[8.1875,3.125,8.5625,3.375],"texture":"#4"},"east":{"uv":[7.1875,6.75,8.125,7],"texture":"#4"},"south":{"uv":[3.3125,8.1875,3.6875,8.4375],"texture":"#4"},"west":{"uv":[7.1875,7,8.125,7.25],"texture":"#4"},"up":{"uv":[3.75,7.375,3.375,6.4375],"texture":"#4"},"down":{"uv":[4.125,6.5,3.75,7.4375],"texture":"#4"}}},{"from":[8,15,-4],"to":[11,17,-1],"rotation":{"angle":0,"axis":"y","origin":[9.5,8,-4]},"faces":{"north":{"uv":[3.6875,8.1875,4.0625,8.4375],"texture":"#4"},"east":{"uv":[4.0625,8.1875,4.4375,8.4375],"texture":"#4"},"south":{"uv":[4.6875,8.1875,5.0625,8.4375],"texture":"#4"},"west":{"uv":[5.8125,8.1875,6.1875,8.4375],"texture":"#4"},"up":{"uv":[5.5,8.0625,5.125,7.6875],"texture":"#4"},"down":{"uv":[5.875,7.6875,5.5,8.0625],"texture":"#4"}}},{"from":[8,15,1],"to":[11,17,8],"rotation":{"angle":0,"axis":"y","origin":[9.5,8,-4]},"faces":{"north":{"uv":[6.1875,8.1875,6.5625,8.4375],"texture":"#4"},"east":{"uv":[7.3125,2.875,8.1875,3.125],"texture":"#4"},"south":{"uv":[6.875,8.1875,7.25,8.4375],"texture":"#4"},"west":{"uv":[7.3125,3.125,8.1875,3.375],"texture":"#4"},"up":{"uv":[5.625,7.6875,5.25,6.8125],"texture":"#4"},"down":{"uv":[6,6.8125,5.625,7.6875],"texture":"#4"}}},{"from":[8,13.5,-4],"to":[11,15,8],"rotation":{"angle":0,"axis":"y","origin":[9.5,8,-4]},"faces":{"north":{"uv":[8.5,6.125,8.875,6.3125],"texture":"#4"},"east":{"uv":[6.9375,4.25,8.4375,4.4375],"texture":"#4"},"south":{"uv":[8.5,6.3125,8.875,6.5],"texture":"#4"},"west":{"uv":[6.9375,4.4375,8.4375,4.625],"texture":"#4"},"up":{"uv":[4.8125,3.375,4.4375,1.875],"texture":"#4"},"down":{"uv":[5.0625,3.375,4.6875,4.875],"texture":"#4"}}},{"from":[8,17,-4],"to":[11,18.5,8],"rotation":{"angle":0,"axis":"y","origin":[9.5,8,-4]},"faces":{"north":{"uv":[8.5,6.5,8.875,6.6875],"texture":"#4"},"east":{"uv":[6.9375,4.625,8.4375,4.8125],"texture":"#4"},"south":{"uv":[8.5,6.6875,8.875,6.875],"texture":"#4"},"west":{"uv":[6.9375,4.8125,8.4375,5],"texture":"#4"},"up":{"uv":[5.1875,3.375,4.8125,1.875],"texture":"#4"},"down":{"uv":[5.0625,4.875,4.6875,6.375],"texture":"#4"}}},{"from":[8,20.5,-4],"to":[11,25.5,8],"rotation":{"angle":0,"axis":"y","origin":[9.5,8,-4]},"faces":{"north":{"uv":[7.1875,7.25,7.5625,7.875],"texture":"#4"},"east":{"uv":[1.5,0,3,0.625],"texture":"#4"},"south":{"uv":[7.3125,1.75,7.6875,2.375],"texture":"#4"},"west":{"uv":[1.5,0.625,3,1.25],"texture":"#4"},"up":{"uv":[4.125,6.5,3.75,5],"texture":"#4"},"down":{"uv":[4.5,5,4.125,6.5],"texture":"#4"}}},{"from":[8,27.5,-4],"to":[11,31.5,8],"rotation":{"angle":0,"axis":"y","origin":[9.5,8,-4]},"faces":{"north":{"uv":[2.8125,7.375,3.1875,7.875],"texture":"#4"},"east":{"uv":[2.9375,3,4.4375,3.5],"texture":"#4"},"south":{"uv":[3.1875,7.375,3.5625,7.875],"texture":"#4"},"west":{"uv":[0.9375,3.125,2.4375,3.625],"texture":"#4"},"up":{"uv":[5.4375,4.875,5.0625,3.375],"texture":"#4"},"down":{"uv":[5.4375,4.875,5.0625,6.375],"texture":"#4"}}},{"from":[8,31.5,-4],"to":[11,32,-0.5],"rotation":{"angle":0,"axis":"y","origin":[9.5,8,-4]},"faces":{"north":{"uv":[8.8125,7.75,9.1875,7.8125],"texture":"#4"},"east":{"uv":[8.8125,3.0625,9.25,3.125],"texture":"#4"},"south":{"uv":[8.8125,7.8125,9.1875,7.875],"texture":"#4"},"west":{"uv":[8.8125,3.125,9.25,3.1875],"texture":"#4"},"up":{"uv":[7.9375,5.4375,7.5625,5],"texture":"#4"},"down":{"uv":[7.9375,5.4375,7.5625,5.875],"texture":"#4"}}},{"from":[8,31.5,0.5],"to":[11,32,8],"rotation":{"angle":0,"axis":"y","origin":[9.5,8,-4]},"faces":{"north":{"uv":[8.8125,7.875,9.1875,7.9375],"texture":"#4"},"east":{"uv":[8.5625,8.375,9.5,8.4375],"texture":"#4"},"south":{"uv":[8.8125,7.9375,9.1875,8],"texture":"#4"},"west":{"uv":[8.5625,8.4375,9.5,8.5],"texture":"#4"},"up":{"uv":[4.5,7.4375,4.125,6.5],"texture":"#4"},"down":{"uv":[0.375,6.5625,0,7.5],"texture":"#4"}}},{"from":[8.5,31.5,-0.5],"to":[11,32,0.5],"rotation":{"angle":0,"axis":"y","origin":[9.5,8,-4]},"faces":{"north":{"uv":[4,8.875,4.3125,8.9375],"texture":"#4"},"east":{"uv":[8.9375,2.625,9.0625,2.6875],"texture":"#4"},"south":{"uv":[8.875,4,9.1875,4.0625],"texture":"#4"},"west":{"uv":[3.25,8.9375,3.375,9],"texture":"#4"},"up":{"uv":[9.0625,7,8.75,6.875],"texture":"#4"},"down":{"uv":[9.0625,7,8.75,7.125],"texture":"#4"}}},{"from":[8,11.5,5.5],"to":[11,13.5,8],"rotation":{"angle":0,"axis":"y","origin":[9.5,8,-4]},"faces":{"north":{"uv":[7.25,8.1875,7.625,8.4375],"texture":"#4"},"east":{"uv":[8.4375,3.625,8.75,3.875],"texture":"#4"},"south":{"uv":[7.625,8.1875,8,8.4375],"texture":"#4"},"west":{"uv":[3.875,8.4375,4.1875,8.6875],"texture":"#4"},"up":{"uv":[0.375,8.25,0,7.9375],"texture":"#4"},"down":{"uv":[8.3125,0,7.9375,0.3125],"texture":"#4"}}},{"from":[8,18.5,5.5],"to":[11,20.5,8],"rotation":{"angle":0,"axis":"y","origin":[9.5,8,-4]},"faces":{"north":{"uv":[0,8.25,0.375,8.5],"texture":"#4"},"east":{"uv":[8.4375,3.875,8.75,4.125],"texture":"#4"},"south":{"uv":[0.375,8.25,0.75,8.5],"texture":"#4"},"west":{"uv":[8.4375,4.125,8.75,4.375],"texture":"#4"},"up":{"uv":[8.3125,0.625,7.9375,0.3125],"texture":"#4"},"down":{"uv":[0.75,7.9375,0.375,8.25],"texture":"#4"}}},{"from":[8,25.5,5.5],"to":[11,27.5,8],"rotation":{"angle":0,"axis":"y","origin":[9.5,8,-4]},"faces":{"north":{"uv":[0.75,8.25,1.125,8.5],"texture":"#4"},"east":{"uv":[8.4375,4.375,8.75,4.625],"texture":"#4"},"south":{"uv":[1.125,8.25,1.5,8.5],"texture":"#4"},"west":{"uv":[8.4375,4.625,8.75,4.875],"texture":"#4"},"up":{"uv":[1.125,8.25,0.75,7.9375],"texture":"#4"},"down":{"uv":[1.5,7.9375,1.125,8.25],"texture":"#4"}}},{"from":[8.5,11.5,3.5],"to":[11,13.5,5.5],"rotation":{"angle":0,"axis":"y","origin":[9.5,8,-4]},"faces":{"north":{"uv":[4.6875,8.4375,5,8.6875],"texture":"#4"},"east":{"uv":[0.25,8.6875,0.5,8.9375],"texture":"#4"},"south":{"uv":[8.4375,4.875,8.75,5.125],"texture":"#4"},"west":{"uv":[0.5,8.6875,0.75,8.9375],"texture":"#4"},"up":{"uv":[8.75,5.375,8.4375,5.125],"texture":"#4"},"down":{"uv":[8.75,5.375,8.4375,5.625],"texture":"#4"}}},{"from":[8.5,15,-1],"to":[11,17,1],"rotation":{"angle":0,"axis":"y","origin":[9.5,8,-4]},"faces":{"north":{"uv":[8.4375,5.625,8.75,5.875],"texture":"#4"},"east":{"uv":[0.75,8.6875,1,8.9375],"texture":"#4"},"south":{"uv":[5.6875,8.4375,6,8.6875],"texture":"#4"},"west":{"uv":[1,8.6875,1.25,8.9375],"texture":"#4"},"up":{"uv":[8.75,6.125,8.4375,5.875],"texture":"#4"},"down":{"uv":[6.3125,8.4375,6,8.6875],"texture":"#4"}}},{"from":[8.5,18.5,3.5],"to":[11,20.5,5.5],"rotation":{"angle":0,"axis":"y","origin":[9.5,8,-4]},"faces":{"north":{"uv":[6.3125,8.4375,6.625,8.6875],"texture":"#4"},"east":{"uv":[1.25,8.6875,1.5,8.9375],"texture":"#4"},"south":{"uv":[6.75,8.4375,7.0625,8.6875],"texture":"#4"},"west":{"uv":[3.25,8.6875,3.5,8.9375],"texture":"#4"},"up":{"uv":[7.375,8.6875,7.0625,8.4375],"texture":"#4"},"down":{"uv":[7.6875,8.4375,7.375,8.6875],"texture":"#4"}}},{"from":[8.5,25.5,3.5],"to":[11,27.5,5.5],"rotation":{"angle":0,"axis":"y","origin":[9.5,8,-4]},"faces":{"north":{"uv":[8.4375,7.375,8.75,7.625],"texture":"#4"},"east":{"uv":[3.5,8.6875,3.75,8.9375],"texture":"#4"},"south":{"uv":[8.4375,7.625,8.75,7.875],"texture":"#4"},"west":{"uv":[3.75,8.6875,4,8.9375],"texture":"#4"},"up":{"uv":[8,8.6875,7.6875,8.4375],"texture":"#4"},"down":{"uv":[8.75,7.875,8.4375,8.125],"texture":"#4"}}}],"textures":{"1":"minecraft:custom/special_door_main","2":"minecraft:custom/special_door_main3","4":"minecraft:custom/special_door_main5"},"display":{"head":{"translation":[0,-6.4,0],"scale":[3.2,3.2,3.2],"rotation":[0,180,0]}},"texture_size":[256,256]}