{
	"credit": "Made with Blockbench",
	"textures": {
		"0": "block/quartz_block_bottom",
		"1": "block/black_concrete",
		"2": "block/lime_concrete_powder",
		"3": "block/red_concrete_powder",
		"4": "block/light_gray_concrete",
		"particle": "block/quartz_block_bottom"
	},
	"display": {
		"gui": {
			"rotation": [30, 225, 0],
			"translation": [0, 0, 0],
			"scale": [0.6, 0.6, 0.6]
		},
		"ground": {
			"rotation": [0, 0, 0],
			"translation": [0, 3, 0],
			"scale": [0.3, 0.3, 0.3]
		},
		"fixed": {
			"rotation": [0, 0, 0],
			"translation": [0, 0, 0],
			"scale": [0.5, 0.5, 0.5]
		},
		"thirdperson_righthand": {
			"rotation": [75, 45, 0],
			"translation": [0, 2.5, 0],
			"scale": [0.375, 0.375, 0.375]
		},
		"thirdperson_lefthand": {
			"rotation": [75, 45, 0],
			"translation": [0, 2.5, 0],
			"scale": [0.375, 0.375, 0.375]
		},
		"firstperson_righthand": {
			"rotation": [0, 135, 0],
			"translation": [0, 0, 0],
			"scale": [0.4, 0.4, 0.4]
		},
		"firstperson_lefthand": {
			"rotation": [0, 135, 0],
			"translation": [0, 0, 0],
			"scale": [0.4, 0.4, 0.4]
		},
		"head": {
			"rotation": [ 0, -90, 0 ],
			"translation": [ 0, -30.5, 0 ],
			"scale": [ 1.65, 1.65, 1.65 ]
		}
	},	
	"elements": [
		{
			"from": [-8, 0, 12],
			"to": [24, 16, 16],
			"rotation": {"angle": 0, "axis": "y", "origin": [-8, 7.5, 7.5]},
			"faces": {
				"north": {"uv": [0, 0, 16, 16], "texture": "#0"},
				"east": {"uv": [0, 0, 4, 16], "texture": "#0"},
				"south": {"uv": [0, 0, 16, 16], "texture": "#0"},
				"west": {"uv": [0, 0, 4, 16], "texture": "#0"},
				"up": {"uv": [0, 0, 16, 4], "texture": "#0"},
				"down": {"uv": [0, 0, 16, 4], "texture": "#0"}
			}
		},
		{
			"from": [-8, 0, 8],
			"to": [24, 10, 12],
			"rotation": {"angle": 0, "axis": "y", "origin": [-8, 7.5, 7.5]},
			"faces": {
				"north": {"uv": [0, 0, 16, 10], "texture": "#0"},
				"east": {"uv": [0, 0, 4, 10], "texture": "#0"},
				"south": {"uv": [0, 0, 16, 10], "texture": "#0"},
				"west": {"uv": [0, 0, 4, 10], "texture": "#0"},
				"up": {"uv": [0, 0, 16, 4], "texture": "#0"},
				"down": {"uv": [0, 0, 16, 4], "texture": "#0"}
			}
		},
		{
			"from": [-8, 0, 4],
			"to": [24, 2, 8],
			"rotation": {"angle": 0, "axis": "x", "origin": [8, 1, 6]},
			"faces": {
				"north": {"uv": [0, 0, 16, 2], "texture": "#4"},
				"east": {"uv": [0, 0, 4, 2], "texture": "#4"},
				"south": {"uv": [0, 0, 16, 2], "texture": "#4"},
				"west": {"uv": [0, 0, 4, 2], "texture": "#4"},
				"up": {"uv": [0, 0, 16, 4], "texture": "#4"},
				"down": {"uv": [0, 0, 16, 4], "texture": "#4"}
			}
		},
		{
			"from": [-8, 2, 4],
			"to": [24, 4, 8],
			"rotation": {"angle": 0, "axis": "x", "origin": [8, 1, 6]},
			"faces": {
				"north": {"uv": [0, 0, 16, 2], "texture": "#0"},
				"east": {"uv": [0, 0, 4, 2], "texture": "#0"},
				"south": {"uv": [0, 0, 16, 2], "texture": "#0"},
				"west": {"uv": [0, 0, 4, 2], "texture": "#0"},
				"up": {"uv": [0, 0, 16, 4], "texture": "#0"},
				"down": {"uv": [0, 0, 16, 4], "texture": "#0"}
			}
		},
		{
			"from": [-8, 4, 4],
			"to": [24, 6, 8],
			"rotation": {"angle": 0, "axis": "x", "origin": [8, 1, 6]},
			"faces": {
				"north": {"uv": [0, 0, 16, 2], "texture": "#4"},
				"east": {"uv": [0, 0, 4, 2], "texture": "#4"},
				"south": {"uv": [0, 0, 16, 2], "texture": "#4"},
				"west": {"uv": [0, 0, 4, 2], "texture": "#4"},
				"up": {"uv": [0, 0, 16, 4], "texture": "#4"},
				"down": {"uv": [0, 0, 16, 4], "texture": "#4"}
			}
		},
		{
			"from": [-7.5, 9.25, 3],
			"to": [23.5, 22.25, 7],
			"rotation": {"angle": 45, "axis": "x", "origin": [8, 8, 0]},
			"faces": {
				"north": {"uv": [0, 0, 16, 13], "texture": "#0"},
				"east": {"uv": [0, 0, 4, 13], "texture": "#0"},
				"south": {"uv": [0, 0, 16, 13], "texture": "#0"},
				"west": {"uv": [0, 0, 4, 13], "texture": "#0"},
				"up": {"uv": [0, 0, 16, 4], "texture": "#0"},
				"down": {"uv": [0, 0, 16, 4], "texture": "#0"}
			}
		},
		{
			"from": [6, 13.25, 2.75],
			"to": [10, 17.25, 3.75],
			"rotation": {"angle": 45, "axis": "x", "origin": [8, 8, 0]},
			"faces": {
				"north": {"uv": [0, 0, 4, 4], "texture": "#1"},
				"east": {"uv": [0, 0, 1, 4], "texture": "#1"},
				"south": {"uv": [0, 0, 4, 4], "texture": "#1"},
				"west": {"uv": [0, 0, 1, 4], "texture": "#1"},
				"up": {"uv": [0, 0, 4, 1], "texture": "#1"},
				"down": {"uv": [0, 0, 4, 1], "texture": "#1"}
			}
		},
		{
			"from": [-6, 10.25, 2.5],
			"to": [-5, 11.25, 3.5],
			"rotation": {"angle": 45, "axis": "x", "origin": [8, 8, 0]},
			"faces": {
				"north": {"uv": [0, 0, 1, 1], "texture": "#2"},
				"east": {"uv": [0, 0, 1, 1], "texture": "#2"},
				"south": {"uv": [0, 0, 1, 1], "texture": "#2"},
				"west": {"uv": [0, 0, 1, 1], "texture": "#2"},
				"up": {"uv": [0, 0, 1, 1], "texture": "#2"},
				"down": {"uv": [0, 0, 1, 1], "texture": "#2"}
			}
		},
		{
			"from": [-4, 10.25, 2.5],
			"to": [-3, 11.25, 3.5],
			"rotation": {"angle": 45, "axis": "x", "origin": [8, 8, 0]},
			"faces": {
				"north": {"uv": [0, 0, 1, 1], "texture": "#3"},
				"east": {"uv": [0, 0, 1, 1], "texture": "#3"},
				"south": {"uv": [0, 0, 1, 1], "texture": "#3"},
				"west": {"uv": [0, 0, 1, 1], "texture": "#3"},
				"up": {"uv": [0, 0, 1, 1], "texture": "#3"},
				"down": {"uv": [0, 0, 1, 1], "texture": "#3"}
			}
		}
	]
}