{
	"credit": "Made with Blockbench",
	"textures": {
		"0": "block/water_still",
		"4": "block/quartz_block_bottom",
		"6": "block/gray_concrete_powder",
		"particle": "block/quartz_block_bottom"
	},
	"elements": [
		{
			"name": "Element",
			"from": [2, 2, 2],
			"to": [28, 13.2, 14],
			"faces": {
				"north": {"uv": [0, 2, 14, 13.2], "texture": "#0"},
				"east": {"uv": [2, 2, 14, 13.2], "texture": "#0"},
				"south": {"uv": [0, 2, 14, 13.2], "texture": "#0"},
				"west": {"uv": [2, 2, 14, 13.2], "texture": "#0"},
				"up": {"uv": [0, 2, 14, 14], "texture": "#0"},
				"down": {"uv": [0, 2, 14, 14], "texture": "#0"}
			}
		},
		{
			"name": "Element",
			"from": [0, 0, 0],
			"to": [32, 2, 16],
			"faces": {
				"north": {"uv": [0, 0, 16, 2], "texture": "#4"},
				"east": {"uv": [0, 0, 16, 2], "texture": "#4"},
				"south": {"uv": [0, 0, 16, 2], "texture": "#4"},
				"west": {"uv": [0, 0, 16, 2], "texture": "#4"},
				"up": {"uv": [0, 0, 16, 16], "texture": "#4"},
				"down": {"uv": [0, 0, 16, 16], "texture": "#4"}
			}
		},
		{
			"name": "Element",
			"from": [0, 2, 0],
			"to": [32, 14, 2],
			"faces": {
				"north": {"uv": [0, 2, 16, 14], "texture": "#4"},
				"east": {"uv": [0, 2, 2, 14], "texture": "#4"},
				"south": {"uv": [0, 2, 16, 14], "texture": "#4"},
				"west": {"uv": [0, 2, 2, 14], "texture": "#4"},
				"up": {"uv": [0, 0, 16, 2], "texture": "#4"},
				"down": {"uv": [0, 0, 16, 2], "texture": "#4"}
			}
		},
		{
			"name": "Element",
			"from": [0, 2, 14],
			"to": [32, 14, 16],
			"faces": {
				"north": {"uv": [0, 2, 16, 14], "texture": "#4"},
				"east": {"uv": [14, 2, 16, 14], "texture": "#4"},
				"south": {"uv": [0, 2, 16, 14], "texture": "#4"},
				"west": {"uv": [14, 2, 16, 14], "texture": "#4"},
				"up": {"uv": [0, 14, 16, 16], "texture": "#4"},
				"down": {"uv": [0, 14, 16, 16], "texture": "#4"}
			}
		},
		{
			"name": "Element",
			"from": [28, 2, 2],
			"to": [32, 14, 14],
			"faces": {
				"north": {"uv": [12, 2, 16, 14], "texture": "#4"},
				"east": {"uv": [2, 2, 14, 14], "texture": "#4"},
				"south": {"uv": [12, 2, 16, 14], "texture": "#4"},
				"west": {"uv": [2, 2, 14, 14], "texture": "#4"},
				"up": {"uv": [12, 2, 16, 14], "texture": "#4"},
				"down": {"uv": [12, 2, 16, 14], "texture": "#4"}
			}
		},
		{
			"name": "Element",
			"from": [29, 14, 7],
			"to": [31, 18, 9],
			"faces": {
				"north": {"uv": [13, 12, 15, 16], "texture": "#6"},
				"east": {"uv": [7, 12, 9, 16], "texture": "#6"},
				"south": {"uv": [13, 12, 15, 16], "texture": "#6"},
				"west": {"uv": [7, 12, 9, 16], "texture": "#6"},
				"up": {"uv": [13, 7, 15, 9], "texture": "#6"},
				"down": {"uv": [13, 7, 15, 9], "texture": "#6"}
			}
		},
		{
			"name": "Element",
			"from": [25, 18, 7],
			"to": [31, 20, 9],
			"faces": {
				"north": {"uv": [9, 14, 15, 16], "texture": "#6"},
				"east": {"uv": [7, 14, 9, 16], "texture": "#6"},
				"south": {"uv": [9, 14, 15, 16], "texture": "#6"},
				"west": {"uv": [7, 14, 9, 16], "texture": "#6"},
				"up": {"uv": [9, 7, 15, 9], "texture": "#6"},
				"down": {"uv": [9, 7, 15, 9], "texture": "#6"}
			}
		},
		{
			"name": "Element",
			"from": [29, 14, 2],
			"to": [31, 16, 4],
			"faces": {
				"north": {"uv": [13, 14, 15, 16], "texture": "#6"},
				"east": {"uv": [2, 14, 4, 16], "texture": "#6"},
				"south": {"uv": [13, 14, 15, 16], "texture": "#6"},
				"west": {"uv": [2, 14, 4, 16], "texture": "#6"},
				"up": {"uv": [13, 2, 15, 4], "texture": "#6"},
				"down": {"uv": [13, 2, 15, 4], "texture": "#6"}
			}
		},
		{
			"name": "Element",
			"from": [29, 14, 12],
			"to": [31, 16, 14],
			"faces": {
				"north": {"uv": [13, 14, 15, 16], "texture": "#6"},
				"east": {"uv": [12, 14, 14, 16], "texture": "#6"},
				"south": {"uv": [13, 14, 15, 16], "texture": "#6"},
				"west": {"uv": [12, 14, 14, 16], "texture": "#6"},
				"up": {"uv": [13, 12, 15, 14], "texture": "#6"},
				"down": {"uv": [13, 12, 15, 14], "texture": "#6"}
			}
		},
		{
			"name": "Element",
			"from": [25, 17.68, 7],
			"to": [27, 18, 9],
			"faces": {
				"north": {"uv": [9, 15.68, 11, 16], "texture": "#6"},
				"east": {"uv": [7, 15.68, 9, 16], "texture": "#6"},
				"south": {"uv": [9, 15.68, 11, 16], "texture": "#6"},
				"west": {"uv": [7, 15.68, 9, 16], "texture": "#6"},
				"up": {"uv": [9, 7, 11, 9], "texture": "#6"},
				"down": {"uv": [9, 7, 11, 9], "texture": "#6"}
			}
		},
		{
			"name": "Cube",
			"from": [0, 2, 2],
			"to": [2, 14, 14],
			"faces": {
				"north": {"uv": [0, 2, 16, 14], "texture": "#4"},
				"east": {"uv": [0, 2, 2, 14], "texture": "#4"},
				"south": {"uv": [0, 2, 16, 14], "texture": "#4"},
				"west": {"uv": [0, 2, 2, 14], "texture": "#4"},
				"up": {"uv": [0, 0, 16, 2], "texture": "#4"},
				"down": {"uv": [0, 0, 16, 2], "texture": "#4"}
			}
		}
	],
	"display": {
		"thirdperson_righthand": {
			"rotation": [75, 45, 0],
			"translation": [0, 2.5, 0],
			"scale": [0.375, 0.375, 0.375]
		},
		"thirdperson_lefthand": {
			"rotation": [75, 45, 0],
			"translation": [0, 2.5, 0],
			"scale": [0.375, 0.375, 0.375]
		},
		"firstperson_righthand": {
			"rotation": [0, 45, 0],
			"scale": [0.4, 0.4, 0.4]
		},
		"firstperson_lefthand": {
			"rotation": [0, -135, 0],
			"scale": [0.4, 0.4, 0.4]
		},
		"ground": {
			"translation": [0, -3.75, 0],
			"scale": [0.3, 0.3, 0.3]
		},
		"gui": {
			"rotation": [30, 135, 0],
			"translation": [2, -1, 0],
			"scale": [0.33, 0.33, 0.33]
		},
		"head": {
			"rotation": [0, -180, 0],
			"translation": [0, -30.5, 0],
			"scale": [1.65, 1.65, 1.65]
		},
		"fixed": {
			"translation": [-3.75, 0, 0],
			"scale": [0.5, 0.5, 0.5]
		}
	}
}