{
    "__comment": "Model generated using MrCrayfish's Model Creator (https://mrcrayfish.com/tools?id=mc)",
    "textures": {
		"particle": "#wool",
		"particle": "#frame",
		"particle": "#base"
    },
	"display": {
		"gui": {
			"rotation": [30, 225, 0],
			"translation": [0, 0, 0],
			"scale": [0.6, 0.6, 0.6]
		},
		"ground": {
			"rotation": [0, 0, 0],
			"translation": [0, 3, 0],
			"scale": [0.3, 0.3, 0.3]
		},
		"fixed": {
			"rotation": [0, 0, 0],
			"translation": [0, 0, 0],
			"scale": [0.5, 0.5, 0.5]
		},
		"thirdperson_righthand": {
			"rotation": [75, 45, 0],
			"translation": [0, 2.5, 0],
			"scale": [0.375, 0.375, 0.375]
		},
		"thirdperson_lefthand": {
			"rotation": [75, 45, 0],
			"translation": [0, 2.5, 0],
			"scale": [0.375, 0.375, 0.375]
		},
		"firstperson_righthand": {
			"rotation": [0, 135, 0],
			"translation": [0, 0, 0],
			"scale": [0.4, 0.4, 0.4]
		},
		"firstperson_lefthand": {
			"rotation": [0, 135, 0],
			"translation": [0, 0, 0],
			"scale": [0.4, 0.4, 0.4]
		},
		"head": {
			"rotation": [ 0, -90, 0 ],
			"translation": [ 0, -30.5, 0 ],
			"scale": [ 1.65, 1.65, 1.65 ]
		}
	},
    "elements": [
        {
            "name": "Cube",
            "from": [ 0, 0, 0 ], 
            "to": [ 2, 12, 2 ], 
            "faces": {
                "north": { "texture": "#frame", "uv": [ 0, 0, 2, 12 ] },
                "east": { "texture": "#frame", "uv": [ 0, 0, 2, 12 ] },
                "south": { "texture": "#frame", "uv": [ 0, 0, 2, 12 ] },
                "west": { "texture": "#frame", "uv": [ 0, 0, 2, 12 ] },
                "up": { "texture": "#frame", "uv": [ 0, 0, 2, 2 ] },
                "down": { "texture": "#frame", "uv": [ 0, 0, 2, 2 ] }
            }
        },
        {
            "name": "Cube",
            "from": [ 14, 0, 0 ], 
            "to": [ 16, 12, 2 ], 
            "faces": {
                "north": { "texture": "#frame", "uv": [ 0, 0, 2, 12 ] },
                "east": { "texture": "#frame", "uv": [ 0, 0, 2, 12 ] },
                "south": { "texture": "#frame", "uv": [ 0, 0, 2, 12 ] },
                "west": { "texture": "#frame", "uv": [ 0, 0, 2, 12 ] },
                "up": { "texture": "#frame", "uv": [ 0, 0, 2, 2 ] },
                "down": { "texture": "#frame", "uv": [ 0, 0, 2, 2 ] }
            }
        },
        {
            "name": "Cube",
            "from": [ 2, 4, 0 ], 
            "to": [ 14, 13, 2 ], 
            "faces": {
                "north": { "texture": "#base", "uv": [ 0, 0, 12, 9 ] },
                "east": { "texture": "#base", "uv": [ 0, 0, 2, 9 ] },
                "south": { "texture": "#base", "uv": [ 0, 0, 12, 9 ] },
                "west": { "texture": "#base", "uv": [ 0, 0, 2, 9 ] },
                "up": { "texture": "#base", "uv": [ 0, 0, 12, 2 ] },
                "down": { "texture": "#base", "uv": [ 0, 0, 12, 2 ] }
            }
        },
        {
            "name": "Cube",
            "from": [ 0, 4, 2 ], 
            "to": [ 2, 6, 16 ], 
            "faces": {
                "south": { "texture": "#frame", "uv": [ 0, 0, 2, 2 ] },
                "west": { "texture": "#frame", "uv": [ 0, 0, 14, 2 ] },
                "down": { "texture": "#frame", "uv": [ 0, 0, 2, 14 ] }
            }
        },
        {
            "name": "Cube",
            "from": [ 14, 4, 2 ], 
            "to": [ 16, 6, 16 ], 
            "faces": {
                "east": { "texture": "#frame", "uv": [ 0, 0, 14, 2 ] },
                "south": { "texture": "#frame", "uv": [ 0, 0, 2, 2 ] },
                "down": { "texture": "#frame", "uv": [ 0, 0, 2, 14 ] }
            }
        },
        {
            "name": "Cube",
            "from": [ 0, 6, 2 ], 
            "to": [ 16, 10, 16 ], 
            "faces": {
                "north": { "texture": "#wool", "uv": [ 0, 0, 16, 4 ] },
                "east": { "texture": "#wool", "uv": [ 0, 0, 14, 4 ] },
                "south": { "texture": "#wool", "uv": [ 0, 0, 16, 4 ] },
                "west": { "texture": "#wool", "uv": [ 0, 0, 14, 4 ] },
                "up": { "texture": "#wool", "uv": [ 0, 0, 16, 14 ] },
                "down": { "texture": "#wool", "uv": [ 0, 0, 16, 14 ] }
            }
        },
        {
            "name": "Cube",
            "from": [ 1, 10, 2 ], 
            "to": [ 15, 11, 16 ], 
            "faces": {
                "north": { "texture": "#wool", "uv": [ 0, 0, 14, 1 ] },
                "east": { "texture": "#wool", "uv": [ 0, 0, 14, 1 ] },
                "south": { "texture": "#wool", "uv": [ 0, 0, 14, 1 ] },
                "west": { "texture": "#wool", "uv": [ 0, 0, 14, 1 ] },
                "up": { "texture": "#wool", "uv": [ 0, 0, 14, 14 ] }
            }
        },
        {
            "name": "Cube",
            "from": [ 2, 4, 2 ], 
            "to": [ 14, 6, 16 ], 
            "faces": {
                "south": { "texture": "#base", "uv": [ 0, 0, 12, 2 ] },
                "down": { "texture": "#base", "uv": [ 0, 0, 12, 14 ] }
            }
        }
    ]
}