{
    "__comment": "Model generated using MrCrayfish's Model Creator (https://mrcrayfish.com/tools?id=mc)",
    "textures": {
        "particle": "#stripped_log",
        "particle": "#log",
		"particle": "#gold_block"
    },
	"display": {
		"gui": {
			"rotation": [30, 225, 0],
			"translation": [0, 0, 0],
			"scale": [0.6, 0.6, 0.6]
		},
		"ground": {
			"rotation": [0, 0, 0],
			"translation": [0, 3, 0],
			"scale": [0.3, 0.3, 0.3]
		},
		"fixed": {
			"rotation": [0, 0, 0],
			"translation": [0, 0, 0],
			"scale": [0.5, 0.5, 0.5]
		},
		"thirdperson_righthand": {
			"rotation": [75, 45, 0],
			"translation": [0, 2.5, 0],
			"scale": [0.375, 0.375, 0.375]
		},
		"thirdperson_lefthand": {
			"rotation": [75, 45, 0],
			"translation": [0, 2.5, 0],
			"scale": [0.375, 0.375, 0.375]
		},
		"firstperson_righthand": {
			"rotation": [0, 135, 0],
			"translation": [0, 0, 0],
			"scale": [0.4, 0.4, 0.4]
		},
		"firstperson_lefthand": {
			"rotation": [0, 135, 0],
			"translation": [0, 0, 0],
			"scale": [0.4, 0.4, 0.4]
		},
		"head": {
			"rotation": [ 0, -90, 0 ],
			"translation": [ 0, -30.5, 0 ],
			"scale": [ 1.65, 1.65, 1.65 ]
		}
	},
    "elements": [
        {
            "name": "Cube",
            "from": [ 0, 0, 0 ], 
            "to": [ 16, 16, 16 ], 
            "faces": {
                "north": { "texture": "#stripped_log", "uv": [ 0, 0, 16, 16 ] },
                "east": { "texture": "#stripped_log", "uv": [ 0, 0, 16, 16 ] },
                "south": { "texture": "#stripped_log", "uv": [ 0, 0, 16, 16 ] },
                "west": { "texture": "#stripped_log", "uv": [ 0, 0, 16, 16 ] },
                "up": { "texture": "#stripped_log", "uv": [ 0, 0, 16, 16 ] },
                "down": { "texture": "#stripped_log", "uv": [ 0, 0, 16, 16 ] }
            }
        },
        {
            "name": "Cube",
            "from": [ -1, 15, -1 ], 
            "to": [ 0, 16, 17 ], 
            "faces": {
                "north": { "texture": "#log", "uv": [ 0, 0, 1, 1 ] },
                "east": { "texture": "#log", "uv": [ 0, 0, 16, 1 ] },
                "south": { "texture": "#log", "uv": [ 0, 0, 1, 1 ] },
                "west": { "texture": "#log", "uv": [ 0, 0, 16, 1 ] },
                "up": { "texture": "#log", "uv": [ 0, 0, 1, 16 ] },
                "down": { "texture": "#log", "uv": [ 0, 0, 1, 16 ] }
            }
        },
        {
            "name": "Cube",
            "from": [ 16, 15, -1 ], 
            "to": [ 17, 16, 17 ], 
            "faces": {
                "north": { "texture": "#log", "uv": [ 0, 0, 1, 1 ] },
                "east": { "texture": "#log", "uv": [ 0, 0, 16, 1 ] },
                "south": { "texture": "#log", "uv": [ 0, 0, 1, 1 ] },
                "west": { "texture": "#log", "uv": [ 0, 0, 16, 1 ] },
                "up": { "texture": "#log", "uv": [ 0, 0, 1, 16 ] },
                "down": { "texture": "#log", "uv": [ 0, 0, 1, 16 ] }
            }
        },
        {
            "name": "Cube",
            "from": [ 0, 15, -1 ], 
            "to": [ 16, 16, 0 ], 
            "faces": {
                "north": { "texture": "#log", "uv": [ 0, 0, 16, 1 ] },
                "up": { "texture": "#log", "uv": [ 0, 0, 16, 1 ] },
                "down": { "texture": "#log", "uv": [ 0, 0, 16, 1 ] }
            }
        },
        {
            "name": "Cube",
            "from": [ 0, 15, 16 ], 
            "to": [ 16, 16, 17 ], 
            "faces": {
                "south": { "texture": "#log", "uv": [ 0, 0, 16, 1 ] },
                "up": { "texture": "#log", "uv": [ 0, 0, 16, 1 ] },
                "down": { "texture": "#log", "uv": [ 0, 0, 16, 1 ] }
            }
        },
        {
            "name": "Cube",
            "from": [ -0.5, 0, -0.5 ], 
            "to": [ 1.5, 15, 1.5 ], 
            "faces": {
                "north": { "texture": "#log", "uv": [ 0, 0, 2, 15 ] },
                "east": { "texture": "#log", "uv": [ 0, 0, 2, 15 ] },
                "south": { "texture": "#log", "uv": [ 0, 0, 2, 15 ] },
                "west": { "texture": "#log", "uv": [ 0, 0, 2, 15 ] },
                "up": { "texture": "#log", "uv": [ 0, 0, 2, 2 ] },
                "down": { "texture": "#log", "uv": [ 0, 0, 2, 2 ] }
            }
        },
        {
            "name": "Cube",
            "from": [ -0.5, 0, 14.5 ], 
            "to": [ 1.5, 15, 16.5 ], 
            "faces": {
                "north": { "texture": "#log", "uv": [ 0, 0, 2, 15 ] },
                "east": { "texture": "#log", "uv": [ 0, 0, 2, 15 ] },
                "south": { "texture": "#log", "uv": [ 0, 0, 2, 15 ] },
                "west": { "texture": "#log", "uv": [ 0, 0, 2, 15 ] },
                "up": { "texture": "#log", "uv": [ 0, 0, 2, 2 ] },
                "down": { "texture": "#log", "uv": [ 0, 0, 2, 2 ] }
            }
        },
        {
            "name": "Cube",
            "from": [ 14.5, 0, 14.5 ], 
            "to": [ 16.5, 15, 16.5 ], 
            "faces": {
                "north": { "texture": "#log", "uv": [ 0, 0, 2, 15 ] },
                "east": { "texture": "#log", "uv": [ 0, 0, 2, 15 ] },
                "south": { "texture": "#log", "uv": [ 0, 0, 2, 15 ] },
                "west": { "texture": "#log", "uv": [ 0, 0, 2, 15 ] },
                "up": { "texture": "#log", "uv": [ 0, 0, 2, 2 ] },
                "down": { "texture": "#log", "uv": [ 0, 0, 2, 2 ] }
            }
        },
        {
            "name": "Cube",
            "from": [ 14.5, 0, -0.5 ], 
            "to": [ 16.5, 15, 1.5 ], 
            "faces": {
                "north": { "texture": "#log", "uv": [ 0, 0, 2, 15 ] },
                "east": { "texture": "#log", "uv": [ 0, 0, 2, 15 ] },
                "south": { "texture": "#log", "uv": [ 0, 0, 2, 15 ] },
                "west": { "texture": "#log", "uv": [ 0, 0, 2, 15 ] },
                "up": { "texture": "#log", "uv": [ 0, 0, 2, 2 ] },
                "down": { "texture": "#log", "uv": [ 0, 0, 2, 2 ] }
            }
        },
        {
            "name": "Cube",
            "from": [ 3, 8, -0.5 ], 
            "to": [ 13, 14, 0.5 ], 
            "faces": {
                "north": { "texture": "#stripped_log", "uv": [ 0, 0, 10, 6 ] },
                "east": { "texture": "#stripped_log", "uv": [ 0, 0, 1, 6 ] },
                "west": { "texture": "#stripped_log", "uv": [ 0, 0, 1, 6 ] },
                "up": { "texture": "#stripped_log", "uv": [ 0, 0, 10, 1 ] },
                "down": { "texture": "#stripped_log", "uv": [ 0, 0, 10, 1 ] }
            }
        },
        {
            "name": "Cube",
            "from": [ 3, 1, -0.5 ], 
            "to": [ 13, 7, 0.5 ], 
            "faces": {
                "north": { "texture": "#stripped_log", "uv": [ 0, 0, 10, 6 ] },
                "east": { "texture": "#stripped_log", "uv": [ 0, 0, 1, 6 ] },
                "west": { "texture": "#stripped_log", "uv": [ 0, 0, 1, 6 ] },
                "up": { "texture": "#stripped_log", "uv": [ 0, 0, 10, 1 ] },
                "down": { "texture": "#stripped_log", "uv": [ 0, 0, 10, 1 ] }
            }
        },
        {
            "name": "Cube",
            "from": [ 7.25, 3.25, -1 ], 
            "to": [ 8.75, 4.75, 0 ], 
            "faces": {
                "north": { "texture": "#gold_block", "uv": [ 0, 0, 1.5, 1.5 ] },
                "east": { "texture": "#gold_block", "uv": [ 0, 0, 1, 1.5 ] },
                "west": { "texture": "#gold_block", "uv": [ 0, 0, 1, 1.5 ] },
                "up": { "texture": "#gold_block", "uv": [ 0, 0, 1.5, 1 ] },
                "down": { "texture": "#gold_block", "uv": [ 0, 0, 1.5, 1 ] }
            }
        },
        {
            "name": "Cube",
            "from": [ 7.25, 10.25, -1 ], 
            "to": [ 8.75, 11.75, 0 ], 
            "faces": {
                "north": { "texture": "#gold_block", "uv": [ 0, 0, 1.5, 1.5 ] },
                "east": { "texture": "#gold_block", "uv": [ 0, 0, 1, 1.5 ] },
                "west": { "texture": "#gold_block", "uv": [ 0, 0, 1, 1.5 ] },
                "up": { "texture": "#gold_block", "uv": [ 0, 0, 1.5, 1 ] },
                "down": { "texture": "#gold_block", "uv": [ 0, 0, 1.5, 1 ] }
            }
        }
    ]
}