{
	"credit": "Made with Blockbench",
	"textures": {
		"0": "custom/oak_log",
		"particle": "custom/oak_log"
	},
	"elements": [
		{
			"from": [0, 0, 0],
			"to": [0, 16, 16],
			"faces": {
				"west": {"uv": [0, 0, 16, 16], "texture": "#0"}
			}
		},
		{
			"from": [-0.1, 6, 5],
			"to": [1.9, 10, 11],
			"faces": {
				"north": {"uv": [4, 6, 6, 10], "texture": "#0"},
				"east": {"uv": [5, 6, 11, 10], "texture": "#0"},
				"south": {"uv": [10, 6, 12, 10], "texture": "#0"},
				"west": {"uv": [5, 6, 11, 10], "texture": "#0"},
				"up": {"uv": [5, 5, 11, 7], "rotation": 90, "texture": "#0"},
				"down": {"uv": [11, 11, 5, 9], "rotation": 90, "texture": "#0"}
			}
		}
	],
	"display": {
		"head": {
			"translation": [0, -30.425, 0],
			"scale": [1.6, 1.6, 1.6]
		}
	}
}