{
	"credit": "Made with Blockbench",
	"texture_size": [64, 64],
	"textures": {
		"2": "custom/shark",
		"particle": "custom/nether_portal"
	},
	"elements": [
		{
			"from": [1, 2, 5],
			"to": [12, 7, 11],
			"rotation": {"angle": 0, "axis": "y", "origin": [-3, 2, 0]},
			"faces": {
				"north": {"uv": [2.75, 0, 5.5, 1.25], "texture": "#2"},
				"east": {"uv": [2.25, 4.5, 3.75, 5.75], "texture": "#2"},
				"south": {"uv": [2.75, 1.25, 5.5, 2.5], "texture": "#2"},
				"west": {"uv": [4.5, 3.5, 6, 4.75], "texture": "#2"},
				"up": {"uv": [2.75, 1.5, 0, 0], "texture": "#2"},
				"down": {"uv": [2.75, 1.5, 0, 3], "texture": "#2"}
			}
		},
		{
			"from": [3.25, 3.5, 11],
			"to": [6.25, 4.5, 17],
			"rotation": {"angle": 22.5, "axis": "y", "origin": [3.25, 3.5, 11]},
			"faces": {
				"north": {"uv": [7, 5, 7.75, 5.25], "texture": "#2"},
				"east": {"uv": [8.5, 1.5, 7, 1.75], "texture": "#2"},
				"south": {"uv": [7.75, 4.75, 7, 5], "texture": "#2"},
				"west": {"uv": [8.5, 1.75, 7, 2], "texture": "#2"},
				"up": {"uv": [2.75, 5.75, 2, 7.25], "texture": "#2"},
				"down": {"uv": [3.5, 7.25, 2.75, 5.75], "texture": "#2"}
			}
		},
		{
			"from": [2, 7, 7.5],
			"to": [4.5, 11.75, 8.5],
			"rotation": {"angle": -45, "axis": "z", "origin": [2, 7, 8.5]},
			"faces": {
				"north": {"uv": [6.25, 1.25, 6.875, 2.5], "texture": "#2"},
				"east": {"uv": [3.5, 7, 3.75, 8.25], "texture": "#2"},
				"south": {"uv": [6.25, 4.5, 6.875, 5.75], "texture": "#2"},
				"west": {"uv": [3.75, 7, 4, 8.25], "texture": "#2"},
				"up": {"uv": [7.625, 5.5, 7, 5.25], "texture": "#2"},
				"down": {"uv": [7.625, 5.5, 7, 5.75], "texture": "#2"}
			}
		},
		{
			"from": [19, 5.5, 7.5],
			"to": [21.25, 9, 8.5],
			"rotation": {"angle": -45, "axis": "z", "origin": [19, 5.5, 8.5]},
			"faces": {
				"north": {"uv": [1.25, 6.5, 1.875, 7.375], "texture": "#2"},
				"east": {"uv": [7, 2.75, 7.25, 3.625], "texture": "#2"},
				"south": {"uv": [6.75, 0, 7.375, 0.875], "texture": "#2"},
				"west": {"uv": [4, 7, 4.25, 7.875], "texture": "#2"},
				"up": {"uv": [7.625, 6.25, 7, 6], "texture": "#2"},
				"down": {"uv": [7.625, 6.25, 7, 6.5], "texture": "#2"}
			}
		},
		{
			"from": [20.5, 2, 7.5],
			"to": [23.5, 4.5, 8.5],
			"rotation": {"angle": -45, "axis": "z", "origin": [20.5, 4, 8.5]},
			"faces": {
				"north": {"uv": [5, 2.75, 5.75, 3.375], "texture": "#2"},
				"east": {"uv": [2, 5, 2.25, 5.625], "texture": "#2"},
				"south": {"uv": [4.5, 6.75, 5.25, 7.375], "texture": "#2"},
				"west": {"uv": [5.75, 2.75, 6, 3.375], "texture": "#2"},
				"up": {"uv": [7.75, 2.5, 7, 2.25], "texture": "#2"},
				"down": {"uv": [7.75, 4.5, 7, 4.75], "texture": "#2"}
			}
		},
		{
			"from": [3.25, 3.5, -1],
			"to": [6.25, 4.5, 5],
			"rotation": {"angle": -22.5, "axis": "y", "origin": [3.25, 3.5, 5]},
			"faces": {
				"north": {"uv": [7, 4.75, 7.75, 5], "texture": "#2"},
				"east": {"uv": [7, 1.5, 8.5, 1.75], "texture": "#2"},
				"south": {"uv": [7, 5, 7.75, 5.25], "texture": "#2"},
				"west": {"uv": [7, 1.75, 8.5, 2], "texture": "#2"},
				"up": {"uv": [2.75, 7.25, 2, 5.75], "texture": "#2"},
				"down": {"uv": [3.5, 5.75, 2.75, 7.25], "texture": "#2"}
			}
		},
		{
			"from": [12, 2, 6],
			"to": [21, 6, 10],
			"rotation": {"angle": 0, "axis": "y", "origin": [8, 2, 0]},
			"faces": {
				"north": {"uv": [2.75, 2.5, 5, 3.5], "texture": "#2"},
				"east": {"uv": [6, 2.75, 7, 3.75], "texture": "#2"},
				"south": {"uv": [0, 3, 2.25, 4], "texture": "#2"},
				"west": {"uv": [3.5, 6, 4.5, 7], "texture": "#2"},
				"up": {"uv": [4.5, 4.5, 2.25, 3.5], "texture": "#2"},
				"down": {"uv": [2.25, 4, 0, 5], "texture": "#2"}
			}
		},
		{
			"from": [-4, 4, 5.5],
			"to": [1, 7, 10.5],
			"rotation": {"angle": 0, "axis": "y", "origin": [-3, 2, 0]},
			"faces": {
				"north": {"uv": [6, 3.75, 7.25, 4.5], "texture": "#2"},
				"east": {"uv": [4.5, 6, 5.75, 6.75], "texture": "#2"},
				"south": {"uv": [5.75, 6, 7, 6.75], "texture": "#2"},
				"west": {"uv": [0, 6.25, 1.25, 7], "texture": "#2"},
				"up": {"uv": [5, 6, 3.75, 4.75], "texture": "#2"},
				"down": {"uv": [1.25, 5, 0, 6.25], "texture": "#2"}
			}
		},
		{
			"from": [-3, 2.5, 5.75],
			"to": [2, 4, 10.25],
			"rotation": {"angle": 22.5, "axis": "z", "origin": [2, 2, 8]},
			"faces": {
				"north": {"uv": [5.25, 6.75, 6.5, 7.125], "texture": "#2"},
				"east": {"uv": [0, 7, 1.125, 7.375], "texture": "#2"},
				"south": {"uv": [6.5, 6.75, 7.75, 7.125], "texture": "#2"},
				"west": {"uv": [7, 1, 8.125, 1.375], "texture": "#2"},
				"up": {"uv": [6.25, 5.875, 5, 4.75], "texture": "#2"},
				"down": {"uv": [6.75, 0, 5.5, 1.125], "texture": "#2"}
			}
		},
		{
			"from": [-3.38102, 1.60497, 10],
			"to": [-2.63102, 2.35497, 10],
			"rotation": {"angle": -22.5, "axis": "z", "origin": [-2.65, 1.4, 10]},
			"faces": {
				"north": {"uv": [0.125, 15.625, 0.375, 15.875], "rotation": 180, "texture": "#2"},
				"east": {"uv": [0.125, 15.625, 0.375, 15.875], "rotation": 180, "texture": "#2"},
				"south": {"uv": [0.125, 15.625, 0.375, 15.875], "rotation": 180, "texture": "#2"},
				"west": {"uv": [0.125, 15.625, 0.375, 15.875], "rotation": 180, "texture": "#2"},
				"up": {"uv": [0.125, 15.625, 0.375, 15.875], "rotation": 180, "texture": "#2"},
				"down": {"uv": [0.125, 15.625, 0.375, 15.875], "rotation": 180, "texture": "#2"}
			}
		},
		{
			"from": [-3.175, 1.60497, 8.56898],
			"to": [-3.175, 2.15497, 9.11898],
			"rotation": {"angle": 45, "axis": "x", "origin": [-3.175, 1.2, 9.3]},
			"faces": {
				"north": {"uv": [0.125, 15.625, 0.375, 15.875], "rotation": 180, "texture": "#2"},
				"east": {"uv": [0.125, 15.625, 0.375, 15.875], "rotation": 180, "texture": "#2"},
				"south": {"uv": [0.125, 15.625, 0.375, 15.875], "rotation": 180, "texture": "#2"},
				"west": {"uv": [0.125, 15.625, 0.375, 15.875], "rotation": 180, "texture": "#2"},
				"up": {"uv": [0.125, 15.625, 0.375, 15.875], "rotation": 270, "texture": "#2"},
				"down": {"uv": [0.125, 15.625, 0.375, 15.875], "rotation": 90, "texture": "#2"}
			}
		},
		{
			"from": [-3.125, 1.57997, 7.76898],
			"to": [-3.125, 2.12997, 8.31898],
			"rotation": {"angle": 45, "axis": "x", "origin": [-3.125, 1.175, 8.5]},
			"faces": {
				"north": {"uv": [0.125, 15.625, 0.375, 15.875], "rotation": 180, "texture": "#2"},
				"east": {"uv": [0.125, 15.625, 0.375, 15.875], "rotation": 180, "texture": "#2"},
				"south": {"uv": [0.125, 15.625, 0.375, 15.875], "rotation": 180, "texture": "#2"},
				"west": {"uv": [0.125, 15.625, 0.375, 15.875], "rotation": 180, "texture": "#2"},
				"up": {"uv": [0.125, 15.625, 0.375, 15.875], "rotation": 270, "texture": "#2"},
				"down": {"uv": [0.125, 15.625, 0.375, 15.875], "rotation": 90, "texture": "#2"}
			}
		},
		{
			"from": [-3.175, 1.60497, 6.96898],
			"to": [-3.175, 2.15497, 7.51898],
			"rotation": {"angle": 45, "axis": "x", "origin": [-3.175, 1.2, 7.7]},
			"faces": {
				"north": {"uv": [0.125, 15.625, 0.375, 15.875], "rotation": 180, "texture": "#2"},
				"east": {"uv": [0.125, 15.625, 0.375, 15.875], "rotation": 180, "texture": "#2"},
				"south": {"uv": [0.125, 15.625, 0.375, 15.875], "rotation": 180, "texture": "#2"},
				"west": {"uv": [0.125, 15.625, 0.375, 15.875], "rotation": 180, "texture": "#2"},
				"up": {"uv": [0.125, 15.625, 0.375, 15.875], "rotation": 270, "texture": "#2"},
				"down": {"uv": [0.125, 15.625, 0.375, 15.875], "rotation": 90, "texture": "#2"}
			}
		},
		{
			"from": [-3.225, 1.57997, 6.16898],
			"to": [-3.225, 2.12997, 6.71898],
			"rotation": {"angle": 45, "axis": "x", "origin": [-3.225, 1.175, 6.9]},
			"faces": {
				"north": {"uv": [0.125, 15.625, 0.375, 15.875], "rotation": 180, "texture": "#2"},
				"east": {"uv": [0.125, 15.625, 0.375, 15.875], "rotation": 180, "texture": "#2"},
				"south": {"uv": [0.125, 15.625, 0.375, 15.875], "rotation": 180, "texture": "#2"},
				"west": {"uv": [0.125, 15.625, 0.375, 15.875], "rotation": 180, "texture": "#2"},
				"up": {"uv": [0.125, 15.625, 0.375, 15.875], "rotation": 270, "texture": "#2"},
				"down": {"uv": [0.125, 15.625, 0.375, 15.875], "rotation": 90, "texture": "#2"}
			}
		},
		{
			"from": [-3.15, 1.60497, 5.46898],
			"to": [-3.15, 2.15497, 6.01898],
			"rotation": {"angle": 45, "axis": "x", "origin": [-3.15, 1.2, 6.2]},
			"faces": {
				"north": {"uv": [0.125, 15.625, 0.375, 15.875], "rotation": 180, "texture": "#2"},
				"east": {"uv": [0.125, 15.625, 0.375, 15.875], "rotation": 180, "texture": "#2"},
				"south": {"uv": [0.125, 15.625, 0.375, 15.875], "rotation": 180, "texture": "#2"},
				"west": {"uv": [0.125, 15.625, 0.375, 15.875], "rotation": 180, "texture": "#2"},
				"up": {"uv": [0.125, 15.625, 0.375, 15.875], "rotation": 270, "texture": "#2"},
				"down": {"uv": [0.125, 15.625, 0.375, 15.875], "rotation": 90, "texture": "#2"}
			}
		},
		{
			"from": [-3.575, 3.52997, 5.39398],
			"to": [-3.575, 4.17997, 6.04398],
			"rotation": {"angle": 45, "axis": "x", "origin": [-3.575, 3.125, 6.225]},
			"faces": {
				"north": {"uv": [0.125, 15.625, 0.375, 15.875], "rotation": 180, "texture": "#2"},
				"east": {"uv": [0.125, 15.625, 0.375, 15.875], "rotation": 180, "texture": "#2"},
				"south": {"uv": [0.125, 15.625, 0.375, 15.875], "rotation": 180, "texture": "#2"},
				"west": {"uv": [0.125, 15.625, 0.375, 15.875], "rotation": 180, "texture": "#2"},
				"up": {"uv": [0.125, 15.625, 0.375, 15.875], "rotation": 270, "texture": "#2"},
				"down": {"uv": [0.125, 15.625, 0.375, 15.875], "rotation": 90, "texture": "#2"}
			}
		},
		{
			"from": [-3.575, 3.52997, 8.69398],
			"to": [-3.575, 4.17997, 9.34398],
			"rotation": {"angle": 45, "axis": "x", "origin": [-3.575, 3.125, 9.525]},
			"faces": {
				"north": {"uv": [0.125, 15.625, 0.375, 15.875], "rotation": 180, "texture": "#2"},
				"east": {"uv": [0.125, 15.625, 0.375, 15.875], "rotation": 180, "texture": "#2"},
				"south": {"uv": [0.125, 15.625, 0.375, 15.875], "rotation": 180, "texture": "#2"},
				"west": {"uv": [0.125, 15.625, 0.375, 15.875], "rotation": 180, "texture": "#2"},
				"up": {"uv": [0.125, 15.625, 0.375, 15.875], "rotation": 270, "texture": "#2"},
				"down": {"uv": [0.125, 15.625, 0.375, 15.875], "rotation": 90, "texture": "#2"}
			}
		},
		{
			"from": [-3.525, 3.60497, 6.26898],
			"to": [-3.525, 4.15497, 6.81898],
			"rotation": {"angle": 45, "axis": "x", "origin": [-3.525, 3.2, 7]},
			"faces": {
				"north": {"uv": [0.125, 15.625, 0.375, 15.875], "rotation": 180, "texture": "#2"},
				"east": {"uv": [0.125, 15.625, 0.375, 15.875], "rotation": 180, "texture": "#2"},
				"south": {"uv": [0.125, 15.625, 0.375, 15.875], "rotation": 180, "texture": "#2"},
				"west": {"uv": [0.125, 15.625, 0.375, 15.875], "rotation": 180, "texture": "#2"},
				"up": {"uv": [0.125, 15.625, 0.375, 15.875], "rotation": 270, "texture": "#2"},
				"down": {"uv": [0.125, 15.625, 0.375, 15.875], "rotation": 90, "texture": "#2"}
			}
		},
		{
			"from": [-3.6, 3.60497, 7.06898],
			"to": [-3.6, 4.15497, 7.61898],
			"rotation": {"angle": 45, "axis": "x", "origin": [-3.6, 3.2, 7.8]},
			"faces": {
				"north": {"uv": [0.125, 15.625, 0.375, 15.875], "rotation": 180, "texture": "#2"},
				"east": {"uv": [0.125, 15.625, 0.375, 15.875], "rotation": 180, "texture": "#2"},
				"south": {"uv": [0.125, 15.625, 0.375, 15.875], "rotation": 180, "texture": "#2"},
				"west": {"uv": [0.125, 15.625, 0.375, 15.875], "rotation": 180, "texture": "#2"},
				"up": {"uv": [0.125, 15.625, 0.375, 15.875], "rotation": 270, "texture": "#2"},
				"down": {"uv": [0.125, 15.625, 0.375, 15.875], "rotation": 90, "texture": "#2"}
			}
		},
		{
			"from": [-3.525, 3.60497, 7.86898],
			"to": [-3.525, 4.15497, 8.41898],
			"rotation": {"angle": 45, "axis": "x", "origin": [-3.525, 3.2, 8.6]},
			"faces": {
				"north": {"uv": [0.125, 15.625, 0.375, 15.875], "rotation": 180, "texture": "#2"},
				"east": {"uv": [0.125, 15.625, 0.375, 15.875], "rotation": 180, "texture": "#2"},
				"south": {"uv": [0.125, 15.625, 0.375, 15.875], "rotation": 180, "texture": "#2"},
				"west": {"uv": [0.125, 15.625, 0.375, 15.875], "rotation": 180, "texture": "#2"},
				"up": {"uv": [0.125, 15.625, 0.375, 15.875], "rotation": 270, "texture": "#2"},
				"down": {"uv": [0.125, 15.625, 0.375, 15.875], "rotation": 90, "texture": "#2"}
			}
		},
		{
			"from": [-2.58102, 2.00497, 9.925],
			"to": [-1.83102, 2.75497, 9.925],
			"rotation": {"angle": -22.5, "axis": "z", "origin": [-1.85, 1.8, 9.925]},
			"faces": {
				"north": {"uv": [0.125, 15.625, 0.375, 15.875], "rotation": 180, "texture": "#2"},
				"east": {"uv": [0.125, 15.625, 0.375, 15.875], "rotation": 180, "texture": "#2"},
				"south": {"uv": [0.125, 15.625, 0.375, 15.875], "rotation": 180, "texture": "#2"},
				"west": {"uv": [0.125, 15.625, 0.375, 15.875], "rotation": 180, "texture": "#2"},
				"up": {"uv": [0.125, 15.625, 0.375, 15.875], "rotation": 180, "texture": "#2"},
				"down": {"uv": [0.125, 15.625, 0.375, 15.875], "rotation": 180, "texture": "#2"}
			}
		},
		{
			"from": [-1.78102, 2.20497, 10],
			"to": [-1.03102, 2.95497, 10],
			"rotation": {"angle": -22.5, "axis": "z", "origin": [-1.05, 2, 10]},
			"faces": {
				"north": {"uv": [0.125, 15.625, 0.375, 15.875], "rotation": 180, "texture": "#2"},
				"east": {"uv": [0.125, 15.625, 0.375, 15.875], "rotation": 180, "texture": "#2"},
				"south": {"uv": [0.125, 15.625, 0.375, 15.875], "rotation": 180, "texture": "#2"},
				"west": {"uv": [0.125, 15.625, 0.375, 15.875], "rotation": 180, "texture": "#2"},
				"up": {"uv": [0.125, 15.625, 0.375, 15.875], "rotation": 180, "texture": "#2"},
				"down": {"uv": [0.125, 15.625, 0.375, 15.875], "rotation": 180, "texture": "#2"}
			}
		},
		{
			"from": [-1.08102, 2.40497, 9.975],
			"to": [-0.33102, 3.15497, 9.975],
			"rotation": {"angle": -22.5, "axis": "z", "origin": [-0.35, 2.2, 9.975]},
			"faces": {
				"north": {"uv": [0.125, 15.625, 0.375, 15.875], "rotation": 180, "texture": "#2"},
				"east": {"uv": [0.125, 15.625, 0.375, 15.875], "rotation": 180, "texture": "#2"},
				"south": {"uv": [0.125, 15.625, 0.375, 15.875], "rotation": 180, "texture": "#2"},
				"west": {"uv": [0.125, 15.625, 0.375, 15.875], "rotation": 180, "texture": "#2"},
				"up": {"uv": [0.125, 15.625, 0.375, 15.875], "rotation": 180, "texture": "#2"},
				"down": {"uv": [0.125, 15.625, 0.375, 15.875], "rotation": 180, "texture": "#2"}
			}
		},
		{
			"from": [-0.48102, 2.60497, 10.025],
			"to": [0.26898, 3.35497, 10.025],
			"rotation": {"angle": -22.5, "axis": "z", "origin": [0.25, 2.4, 10.025]},
			"faces": {
				"north": {"uv": [0.125, 15.625, 0.375, 15.875], "rotation": 180, "texture": "#2"},
				"east": {"uv": [0.125, 15.625, 0.375, 15.875], "rotation": 180, "texture": "#2"},
				"south": {"uv": [0.125, 15.625, 0.375, 15.875], "rotation": 180, "texture": "#2"},
				"west": {"uv": [0.125, 15.625, 0.375, 15.875], "rotation": 180, "texture": "#2"},
				"up": {"uv": [0.125, 15.625, 0.375, 15.875], "rotation": 180, "texture": "#2"},
				"down": {"uv": [0.125, 15.625, 0.375, 15.875], "rotation": 180, "texture": "#2"}
			}
		},
		{
			"from": [-0.48102, 3.70497, 10.025],
			"to": [0.26898, 4.45497, 10.025],
			"rotation": {"angle": -45, "axis": "z", "origin": [0.25, 3.5, 10.025]},
			"faces": {
				"north": {"uv": [0.125, 15.625, 0.375, 15.875], "rotation": 180, "texture": "#2"},
				"east": {"uv": [0.125, 15.625, 0.375, 15.875], "rotation": 180, "texture": "#2"},
				"south": {"uv": [0.125, 15.625, 0.375, 15.875], "rotation": 180, "texture": "#2"},
				"west": {"uv": [0.125, 15.625, 0.375, 15.875], "rotation": 180, "texture": "#2"},
				"up": {"uv": [0.125, 15.625, 0.375, 15.875], "rotation": 180, "texture": "#2"},
				"down": {"uv": [0.125, 15.625, 0.375, 15.875], "rotation": 180, "texture": "#2"}
			}
		},
		{
			"from": [-1.28102, 3.70497, 10.075],
			"to": [-0.53102, 4.45497, 10.075],
			"rotation": {"angle": -45, "axis": "z", "origin": [-0.55, 3.5, 10.075]},
			"faces": {
				"north": {"uv": [0.125, 15.625, 0.375, 15.875], "rotation": 180, "texture": "#2"},
				"east": {"uv": [0.125, 15.625, 0.375, 15.875], "rotation": 180, "texture": "#2"},
				"south": {"uv": [0.125, 15.625, 0.375, 15.875], "rotation": 180, "texture": "#2"},
				"west": {"uv": [0.125, 15.625, 0.375, 15.875], "rotation": 180, "texture": "#2"},
				"up": {"uv": [0.125, 15.625, 0.375, 15.875], "rotation": 180, "texture": "#2"},
				"down": {"uv": [0.125, 15.625, 0.375, 15.875], "rotation": 180, "texture": "#2"}
			}
		},
		{
			"from": [-2.08102, 3.70497, 10],
			"to": [-1.33102, 4.45497, 10],
			"rotation": {"angle": -45, "axis": "z", "origin": [-1.35, 3.5, 10]},
			"faces": {
				"north": {"uv": [0.125, 15.625, 0.375, 15.875], "rotation": 180, "texture": "#2"},
				"east": {"uv": [0.125, 15.625, 0.375, 15.875], "rotation": 180, "texture": "#2"},
				"south": {"uv": [0.125, 15.625, 0.375, 15.875], "rotation": 180, "texture": "#2"},
				"west": {"uv": [0.125, 15.625, 0.375, 15.875], "rotation": 180, "texture": "#2"},
				"up": {"uv": [0.125, 15.625, 0.375, 15.875], "rotation": 180, "texture": "#2"},
				"down": {"uv": [0.125, 15.625, 0.375, 15.875], "rotation": 180, "texture": "#2"}
			}
		},
		{
			"from": [-2.78102, 3.70497, 9.925],
			"to": [-2.03102, 4.45497, 9.925],
			"rotation": {"angle": -45, "axis": "z", "origin": [-2.05, 3.5, 9.925]},
			"faces": {
				"north": {"uv": [0.125, 15.625, 0.375, 15.875], "rotation": 180, "texture": "#2"},
				"east": {"uv": [0.125, 15.625, 0.375, 15.875], "rotation": 180, "texture": "#2"},
				"south": {"uv": [0.125, 15.625, 0.375, 15.875], "rotation": 180, "texture": "#2"},
				"west": {"uv": [0.125, 15.625, 0.375, 15.875], "rotation": 180, "texture": "#2"},
				"up": {"uv": [0.125, 15.625, 0.375, 15.875], "rotation": 180, "texture": "#2"},
				"down": {"uv": [0.125, 15.625, 0.375, 15.875], "rotation": 180, "texture": "#2"}
			}
		},
		{
			"from": [-3.68102, 3.60497, 10],
			"to": [-2.93102, 4.35497, 10],
			"rotation": {"angle": -45, "axis": "z", "origin": [-2.95, 3.4, 10]},
			"faces": {
				"north": {"uv": [0.125, 15.625, 0.375, 15.875], "rotation": 180, "texture": "#2"},
				"east": {"uv": [0.125, 15.625, 0.375, 15.875], "rotation": 180, "texture": "#2"},
				"south": {"uv": [0.125, 15.625, 0.375, 15.875], "rotation": 180, "texture": "#2"},
				"west": {"uv": [0.125, 15.625, 0.375, 15.875], "rotation": 180, "texture": "#2"},
				"up": {"uv": [0.125, 15.625, 0.375, 15.875], "rotation": 180, "texture": "#2"},
				"down": {"uv": [0.125, 15.625, 0.375, 15.875], "rotation": 180, "texture": "#2"}
			}
		},
		{
			"from": [-3.38102, 1.60497, 5.95],
			"to": [-2.63102, 2.35497, 5.95],
			"rotation": {"angle": -22.5, "axis": "z", "origin": [-2.65, 1.4, 5.95]},
			"faces": {
				"north": {"uv": [0.125, 15.625, 0.375, 15.875], "rotation": 180, "texture": "#2"},
				"east": {"uv": [0.125, 15.625, 0.375, 15.875], "rotation": 180, "texture": "#2"},
				"south": {"uv": [0.125, 15.625, 0.375, 15.875], "rotation": 180, "texture": "#2"},
				"west": {"uv": [0.125, 15.625, 0.375, 15.875], "rotation": 180, "texture": "#2"},
				"up": {"uv": [0.125, 15.625, 0.375, 15.875], "rotation": 180, "texture": "#2"},
				"down": {"uv": [0.125, 15.625, 0.375, 15.875], "rotation": 180, "texture": "#2"}
			}
		},
		{
			"from": [-2.58102, 2.00497, 5.975],
			"to": [-1.83102, 2.75497, 5.975],
			"rotation": {"angle": -22.5, "axis": "z", "origin": [-1.85, 1.8, 5.975]},
			"faces": {
				"north": {"uv": [0.125, 15.625, 0.375, 15.875], "rotation": 180, "texture": "#2"},
				"east": {"uv": [0.125, 15.625, 0.375, 15.875], "rotation": 180, "texture": "#2"},
				"south": {"uv": [0.125, 15.625, 0.375, 15.875], "rotation": 180, "texture": "#2"},
				"west": {"uv": [0.125, 15.625, 0.375, 15.875], "rotation": 180, "texture": "#2"},
				"up": {"uv": [0.125, 15.625, 0.375, 15.875], "rotation": 180, "texture": "#2"},
				"down": {"uv": [0.125, 15.625, 0.375, 15.875], "rotation": 180, "texture": "#2"}
			}
		},
		{
			"from": [-1.78102, 2.20497, 5.975],
			"to": [-1.03102, 2.95497, 5.975],
			"rotation": {"angle": -22.5, "axis": "z", "origin": [-1.05, 2, 5.975]},
			"faces": {
				"north": {"uv": [0.125, 15.625, 0.375, 15.875], "rotation": 180, "texture": "#2"},
				"east": {"uv": [0.125, 15.625, 0.375, 15.875], "rotation": 180, "texture": "#2"},
				"south": {"uv": [0.125, 15.625, 0.375, 15.875], "rotation": 180, "texture": "#2"},
				"west": {"uv": [0.125, 15.625, 0.375, 15.875], "rotation": 180, "texture": "#2"},
				"up": {"uv": [0.125, 15.625, 0.375, 15.875], "rotation": 180, "texture": "#2"},
				"down": {"uv": [0.125, 15.625, 0.375, 15.875], "rotation": 180, "texture": "#2"}
			}
		},
		{
			"from": [-1.08102, 2.40497, 6.05],
			"to": [-0.33102, 3.15497, 6.05],
			"rotation": {"angle": -22.5, "axis": "z", "origin": [-0.35, 2.2, 6.05]},
			"faces": {
				"north": {"uv": [0.125, 15.625, 0.375, 15.875], "rotation": 180, "texture": "#2"},
				"east": {"uv": [0.125, 15.625, 0.375, 15.875], "rotation": 180, "texture": "#2"},
				"south": {"uv": [0.125, 15.625, 0.375, 15.875], "rotation": 180, "texture": "#2"},
				"west": {"uv": [0.125, 15.625, 0.375, 15.875], "rotation": 180, "texture": "#2"},
				"up": {"uv": [0.125, 15.625, 0.375, 15.875], "rotation": 180, "texture": "#2"},
				"down": {"uv": [0.125, 15.625, 0.375, 15.875], "rotation": 180, "texture": "#2"}
			}
		},
		{
			"from": [-0.48102, 2.60497, 6],
			"to": [0.26898, 3.35497, 6],
			"rotation": {"angle": -22.5, "axis": "z", "origin": [0.25, 2.4, 6]},
			"faces": {
				"north": {"uv": [0.125, 15.625, 0.375, 15.875], "rotation": 180, "texture": "#2"},
				"east": {"uv": [0.125, 15.625, 0.375, 15.875], "rotation": 180, "texture": "#2"},
				"south": {"uv": [0.125, 15.625, 0.375, 15.875], "rotation": 180, "texture": "#2"},
				"west": {"uv": [0.125, 15.625, 0.375, 15.875], "rotation": 180, "texture": "#2"},
				"up": {"uv": [0.125, 15.625, 0.375, 15.875], "rotation": 180, "texture": "#2"},
				"down": {"uv": [0.125, 15.625, 0.375, 15.875], "rotation": 180, "texture": "#2"}
			}
		},
		{
			"from": [-3.78102, 3.60497, 5.975],
			"to": [-3.03102, 4.35497, 5.975],
			"rotation": {"angle": -45, "axis": "z", "origin": [-3.05, 3.4, 5.975]},
			"faces": {
				"north": {"uv": [0.125, 15.625, 0.375, 15.875], "rotation": 180, "texture": "#2"},
				"east": {"uv": [0.125, 15.625, 0.375, 15.875], "rotation": 180, "texture": "#2"},
				"south": {"uv": [0.125, 15.625, 0.375, 15.875], "rotation": 180, "texture": "#2"},
				"west": {"uv": [0.125, 15.625, 0.375, 15.875], "rotation": 180, "texture": "#2"},
				"up": {"uv": [0.125, 15.625, 0.375, 15.875], "rotation": 180, "texture": "#2"},
				"down": {"uv": [0.125, 15.625, 0.375, 15.875], "rotation": 180, "texture": "#2"}
			}
		},
		{
			"from": [-2.78102, 3.70497, 5.95],
			"to": [-2.03102, 4.45497, 5.95],
			"rotation": {"angle": -45, "axis": "z", "origin": [-2.05, 3.5, 5.95]},
			"faces": {
				"north": {"uv": [0.125, 15.625, 0.375, 15.875], "rotation": 180, "texture": "#2"},
				"east": {"uv": [0.125, 15.625, 0.375, 15.875], "rotation": 180, "texture": "#2"},
				"south": {"uv": [0.125, 15.625, 0.375, 15.875], "rotation": 180, "texture": "#2"},
				"west": {"uv": [0.125, 15.625, 0.375, 15.875], "rotation": 180, "texture": "#2"},
				"up": {"uv": [0.125, 15.625, 0.375, 15.875], "rotation": 180, "texture": "#2"},
				"down": {"uv": [0.125, 15.625, 0.375, 15.875], "rotation": 180, "texture": "#2"}
			}
		},
		{
			"from": [-2.08102, 3.70497, 6],
			"to": [-1.33102, 4.45497, 6],
			"rotation": {"angle": -45, "axis": "z", "origin": [-1.35, 3.5, 6]},
			"faces": {
				"north": {"uv": [0.125, 15.625, 0.375, 15.875], "rotation": 180, "texture": "#2"},
				"east": {"uv": [0.125, 15.625, 0.375, 15.875], "rotation": 180, "texture": "#2"},
				"south": {"uv": [0.125, 15.625, 0.375, 15.875], "rotation": 180, "texture": "#2"},
				"west": {"uv": [0.125, 15.625, 0.375, 15.875], "rotation": 180, "texture": "#2"},
				"up": {"uv": [0.125, 15.625, 0.375, 15.875], "rotation": 180, "texture": "#2"},
				"down": {"uv": [0.125, 15.625, 0.375, 15.875], "rotation": 180, "texture": "#2"}
			}
		},
		{
			"from": [-1.28102, 3.70497, 6.05],
			"to": [-0.53102, 4.45497, 6.05],
			"rotation": {"angle": -45, "axis": "z", "origin": [-0.55, 3.5, 6.05]},
			"faces": {
				"north": {"uv": [0.125, 15.625, 0.375, 15.875], "rotation": 180, "texture": "#2"},
				"east": {"uv": [0.125, 15.625, 0.375, 15.875], "rotation": 180, "texture": "#2"},
				"south": {"uv": [0.125, 15.625, 0.375, 15.875], "rotation": 180, "texture": "#2"},
				"west": {"uv": [0.125, 15.625, 0.375, 15.875], "rotation": 180, "texture": "#2"},
				"up": {"uv": [0.125, 15.625, 0.375, 15.875], "rotation": 180, "texture": "#2"},
				"down": {"uv": [0.125, 15.625, 0.375, 15.875], "rotation": 180, "texture": "#2"}
			}
		},
		{
			"from": [-0.48102, 3.70497, 6.05],
			"to": [0.26898, 4.45497, 6.05],
			"rotation": {"angle": -45, "axis": "z", "origin": [0.25, 3.5, 6.05]},
			"faces": {
				"north": {"uv": [0.125, 15.625, 0.375, 15.875], "rotation": 180, "texture": "#2"},
				"east": {"uv": [0.125, 15.625, 0.375, 15.875], "rotation": 180, "texture": "#2"},
				"south": {"uv": [0.125, 15.625, 0.375, 15.875], "rotation": 180, "texture": "#2"},
				"west": {"uv": [0.125, 15.625, 0.375, 15.875], "rotation": 180, "texture": "#2"},
				"up": {"uv": [0.125, 15.625, 0.375, 15.875], "rotation": 180, "texture": "#2"},
				"down": {"uv": [0.125, 15.625, 0.375, 15.875], "rotation": 180, "texture": "#2"}
			}
		}
	],
	"gui_light": "front",
	"display": {
		"thirdperson_righthand": {
			"rotation": [0, -106, 1],
			"translation": [0, 8.25, -1.5]
		},
		"thirdperson_lefthand": {
			"rotation": [0, 92, 1],
			"translation": [0, 8.25, -1.5]
		},
		"firstperson_righthand": {
			"rotation": [16, -99, 12],
			"translation": [9.75, 7.75, -2.25],
			"scale": [0.73, 1.08, 1]
		},
		"firstperson_lefthand": {
			"rotation": [102, 92, -89],
			"translation": [13, 7.25, -5.75],
			"scale": [0.73, 1.08, 1]
		},
		"ground": {
			"translation": [0, 5.5, 0],
			"scale": [0.9, 0.9, 0.9]
		},
		"gui": {
			"rotation": [14, -36, -1],
			"translation": [-0.5, 3.75, 0.5],
			"scale": [0.8, 0.8, 0.8]
		},
		"head": {
			"rotation": [0, -90, 0],
			"translation": [0, 50, 0],
			"scale": [3.5, 3.5, 3.5]
		},
		"fixed": {
			"translation": [-0.5, 5, 0]
		}
	},
	"groups": [
		{
			"name": "Shark",
			"origin": [5, 0, 8],
			"color": 0,
			"nbt": "{}",
			"children": [0, 1, 2, 3, 4, 5, 6, 7, 8, 9, 10, 11, 12, 13, 14, 15, 16, 17, 18, 19, 20, 21, 22, 23, 24, 25, 26, 27, 28, 29, 30, 31, 32, 33, 34, 35, 36, 37, 38]
		}
	]
}