{
	"credit": "Made with Blockbench",
	"texture_size": [64, 64],
	"textures": {
		"0": "custom/nether_portal",
		"1": "custom/shark_gun",
		"2": "custom/shark",
		"particle": "custom/nether_portal"
	},
	"elements": [
		{
			"from": [1, 2, 5],
			"to": [12, 7, 11],
			"rotation": {"angle": 0, "axis": "y", "origin": [-3, 2, 0]},
			"faces": {
				"north": {"uv": [2.75, 0, 5.5, 1.25], "texture": "#2"},
				"east": {"uv": [2.25, 4.5, 3.75, 5.75], "texture": "#2"},
				"south": {"uv": [2.75, 1.25, 5.5, 2.5], "texture": "#2"},
				"west": {"uv": [4.5, 3.5, 6, 4.75], "texture": "#2"},
				"up": {"uv": [2.75, 1.5, 0, 0], "texture": "#2"},
				"down": {"uv": [2.75, 1.5, 0, 3], "texture": "#2"}
			}
		},
		{
			"from": [3.25, 3.5, 11],
			"to": [6.25, 4.5, 17],
			"rotation": {"angle": 22.5, "axis": "y", "origin": [3.25, 3.5, 11]},
			"faces": {
				"north": {"uv": [7, 5, 7.75, 5.25], "texture": "#2"},
				"east": {"uv": [8.5, 1.5, 7, 1.75], "texture": "#2"},
				"south": {"uv": [7.75, 4.75, 7, 5], "texture": "#2"},
				"west": {"uv": [8.5, 1.75, 7, 2], "texture": "#2"},
				"up": {"uv": [2.75, 5.75, 2, 7.25], "texture": "#2"},
				"down": {"uv": [3.5, 7.25, 2.75, 5.75], "texture": "#2"}
			}
		},
		{
			"from": [2, 7, 7.5],
			"to": [4.5, 11.75, 8.5],
			"rotation": {"angle": -45, "axis": "z", "origin": [2, 7, 8.5]},
			"faces": {
				"north": {"uv": [6.25, 1.25, 6.875, 2.5], "texture": "#2"},
				"east": {"uv": [3.5, 7, 3.75, 8.25], "texture": "#2"},
				"south": {"uv": [6.25, 4.5, 6.875, 5.75], "texture": "#2"},
				"west": {"uv": [3.75, 7, 4, 8.25], "texture": "#2"},
				"up": {"uv": [7.625, 5.5, 7, 5.25], "texture": "#2"},
				"down": {"uv": [7.625, 5.5, 7, 5.75], "texture": "#2"}
			}
		},
		{
			"from": [19, 5.5, 7.5],
			"to": [21.25, 9, 8.5],
			"rotation": {"angle": -45, "axis": "z", "origin": [19, 5.5, 8.5]},
			"faces": {
				"north": {"uv": [1.25, 6.5, 1.875, 7.375], "texture": "#2"},
				"east": {"uv": [7, 2.75, 7.25, 3.625], "texture": "#2"},
				"south": {"uv": [6.75, 0, 7.375, 0.875], "texture": "#2"},
				"west": {"uv": [4, 7, 4.25, 7.875], "texture": "#2"},
				"up": {"uv": [7.625, 6.25, 7, 6], "texture": "#2"},
				"down": {"uv": [7.625, 6.25, 7, 6.5], "texture": "#2"}
			}
		},
		{
			"from": [20.5, 2, 7.5],
			"to": [23.5, 4.5, 8.5],
			"rotation": {"angle": -45, "axis": "z", "origin": [20.5, 4, 8.5]},
			"faces": {
				"north": {"uv": [5, 2.75, 5.75, 3.375], "texture": "#2"},
				"east": {"uv": [2, 5, 2.25, 5.625], "texture": "#2"},
				"south": {"uv": [4.5, 6.75, 5.25, 7.375], "texture": "#2"},
				"west": {"uv": [5.75, 2.75, 6, 3.375], "texture": "#2"},
				"up": {"uv": [7.75, 2.5, 7, 2.25], "texture": "#2"},
				"down": {"uv": [7.75, 4.5, 7, 4.75], "texture": "#2"}
			}
		},
		{
			"from": [3.25, 3.5, -1],
			"to": [6.25, 4.5, 5],
			"rotation": {"angle": -22.5, "axis": "y", "origin": [3.25, 3.5, 5]},
			"faces": {
				"north": {"uv": [7, 4.75, 7.75, 5], "texture": "#2"},
				"east": {"uv": [7, 1.5, 8.5, 1.75], "texture": "#2"},
				"south": {"uv": [7, 5, 7.75, 5.25], "texture": "#2"},
				"west": {"uv": [7, 1.75, 8.5, 2], "texture": "#2"},
				"up": {"uv": [2.75, 7.25, 2, 5.75], "texture": "#2"},
				"down": {"uv": [3.5, 5.75, 2.75, 7.25], "texture": "#2"}
			}
		},
		{
			"from": [12, 2, 6],
			"to": [21, 6, 10],
			"rotation": {"angle": 0, "axis": "y", "origin": [8, 2, 0]},
			"faces": {
				"north": {"uv": [2.75, 2.5, 5, 3.5], "texture": "#2"},
				"east": {"uv": [6, 2.75, 7, 3.75], "texture": "#2"},
				"south": {"uv": [0, 3, 2.25, 4], "texture": "#2"},
				"west": {"uv": [3.5, 6, 4.5, 7], "texture": "#2"},
				"up": {"uv": [4.5, 4.5, 2.25, 3.5], "texture": "#2"},
				"down": {"uv": [2.25, 4, 0, 5], "texture": "#2"}
			}
		},
		{
			"from": [-4, 4, 5.5],
			"to": [1, 7, 10.5],
			"rotation": {"angle": 0, "axis": "y", "origin": [-3, 2, 0]},
			"faces": {
				"north": {"uv": [6, 3.75, 7.25, 4.5], "texture": "#2"},
				"east": {"uv": [4.5, 6, 5.75, 6.75], "texture": "#2"},
				"south": {"uv": [5.75, 6, 7, 6.75], "texture": "#2"},
				"west": {"uv": [0, 6.25, 1.25, 7], "texture": "#2"},
				"up": {"uv": [5, 6, 3.75, 4.75], "texture": "#2"},
				"down": {"uv": [1.25, 5, 0, 6.25], "texture": "#2"}
			}
		},
		{
			"from": [-3, 2.5, 5.75],
			"to": [2, 4, 10.25],
			"rotation": {"angle": 22.5, "axis": "z", "origin": [2, 2, 8]},
			"faces": {
				"north": {"uv": [5.25, 6.75, 6.5, 7.125], "texture": "#2"},
				"east": {"uv": [0, 7, 1.125, 7.375], "texture": "#2"},
				"south": {"uv": [6.5, 6.75, 7.75, 7.125], "texture": "#2"},
				"west": {"uv": [7, 1, 8.125, 1.375], "texture": "#2"},
				"up": {"uv": [6.25, 5.875, 5, 4.75], "texture": "#2"},
				"down": {"uv": [6.75, 0, 5.5, 1.125], "texture": "#2"}
			}
		},
		{
			"from": [-3.38102, 1.60497, 10],
			"to": [-2.63102, 2.35497, 10],
			"rotation": {"angle": -22.5, "axis": "z", "origin": [-2.65, 1.4, 10]},
			"faces": {
				"north": {"uv": [0.125, 15.625, 0.375, 15.875], "rotation": 180, "texture": "#2"},
				"east": {"uv": [0.125, 15.625, 0.375, 15.875], "rotation": 180, "texture": "#2"},
				"south": {"uv": [0.125, 15.625, 0.375, 15.875], "rotation": 180, "texture": "#2"},
				"west": {"uv": [0.125, 15.625, 0.375, 15.875], "rotation": 180, "texture": "#2"},
				"up": {"uv": [0.125, 15.625, 0.375, 15.875], "rotation": 180, "texture": "#2"},
				"down": {"uv": [0.125, 15.625, 0.375, 15.875], "rotation": 180, "texture": "#2"}
			}
		},
		{
			"from": [-3.175, 1.60497, 8.56898],
			"to": [-3.175, 2.15497, 9.11898],
			"rotation": {"angle": 45, "axis": "x", "origin": [-3.175, 1.2, 9.3]},
			"faces": {
				"north": {"uv": [0.125, 15.625, 0.375, 15.875], "rotation": 180, "texture": "#2"},
				"east": {"uv": [0.125, 15.625, 0.375, 15.875], "rotation": 180, "texture": "#2"},
				"south": {"uv": [0.125, 15.625, 0.375, 15.875], "rotation": 180, "texture": "#2"},
				"west": {"uv": [0.125, 15.625, 0.375, 15.875], "rotation": 180, "texture": "#2"},
				"up": {"uv": [0.125, 15.625, 0.375, 15.875], "rotation": 270, "texture": "#2"},
				"down": {"uv": [0.125, 15.625, 0.375, 15.875], "rotation": 90, "texture": "#2"}
			}
		},
		{
			"from": [-3.125, 1.57997, 7.76898],
			"to": [-3.125, 2.12997, 8.31898],
			"rotation": {"angle": 45, "axis": "x", "origin": [-3.125, 1.175, 8.5]},
			"faces": {
				"north": {"uv": [0.125, 15.625, 0.375, 15.875], "rotation": 180, "texture": "#2"},
				"east": {"uv": [0.125, 15.625, 0.375, 15.875], "rotation": 180, "texture": "#2"},
				"south": {"uv": [0.125, 15.625, 0.375, 15.875], "rotation": 180, "texture": "#2"},
				"west": {"uv": [0.125, 15.625, 0.375, 15.875], "rotation": 180, "texture": "#2"},
				"up": {"uv": [0.125, 15.625, 0.375, 15.875], "rotation": 270, "texture": "#2"},
				"down": {"uv": [0.125, 15.625, 0.375, 15.875], "rotation": 90, "texture": "#2"}
			}
		},
		{
			"from": [-3.175, 1.60497, 6.96898],
			"to": [-3.175, 2.15497, 7.51898],
			"rotation": {"angle": 45, "axis": "x", "origin": [-3.175, 1.2, 7.7]},
			"faces": {
				"north": {"uv": [0.125, 15.625, 0.375, 15.875], "rotation": 180, "texture": "#2"},
				"east": {"uv": [0.125, 15.625, 0.375, 15.875], "rotation": 180, "texture": "#2"},
				"south": {"uv": [0.125, 15.625, 0.375, 15.875], "rotation": 180, "texture": "#2"},
				"west": {"uv": [0.125, 15.625, 0.375, 15.875], "rotation": 180, "texture": "#2"},
				"up": {"uv": [0.125, 15.625, 0.375, 15.875], "rotation": 270, "texture": "#2"},
				"down": {"uv": [0.125, 15.625, 0.375, 15.875], "rotation": 90, "texture": "#2"}
			}
		},
		{
			"from": [-3.225, 1.57997, 6.16898],
			"to": [-3.225, 2.12997, 6.71898],
			"rotation": {"angle": 45, "axis": "x", "origin": [-3.225, 1.175, 6.9]},
			"faces": {
				"north": {"uv": [0.125, 15.625, 0.375, 15.875], "rotation": 180, "texture": "#2"},
				"east": {"uv": [0.125, 15.625, 0.375, 15.875], "rotation": 180, "texture": "#2"},
				"south": {"uv": [0.125, 15.625, 0.375, 15.875], "rotation": 180, "texture": "#2"},
				"west": {"uv": [0.125, 15.625, 0.375, 15.875], "rotation": 180, "texture": "#2"},
				"up": {"uv": [0.125, 15.625, 0.375, 15.875], "rotation": 270, "texture": "#2"},
				"down": {"uv": [0.125, 15.625, 0.375, 15.875], "rotation": 90, "texture": "#2"}
			}
		},
		{
			"from": [-3.15, 1.60497, 5.46898],
			"to": [-3.15, 2.15497, 6.01898],
			"rotation": {"angle": 45, "axis": "x", "origin": [-3.15, 1.2, 6.2]},
			"faces": {
				"north": {"uv": [0.125, 15.625, 0.375, 15.875], "rotation": 180, "texture": "#2"},
				"east": {"uv": [0.125, 15.625, 0.375, 15.875], "rotation": 180, "texture": "#2"},
				"south": {"uv": [0.125, 15.625, 0.375, 15.875], "rotation": 180, "texture": "#2"},
				"west": {"uv": [0.125, 15.625, 0.375, 15.875], "rotation": 180, "texture": "#2"},
				"up": {"uv": [0.125, 15.625, 0.375, 15.875], "rotation": 270, "texture": "#2"},
				"down": {"uv": [0.125, 15.625, 0.375, 15.875], "rotation": 90, "texture": "#2"}
			}
		},
		{
			"from": [-3.575, 3.52997, 5.39398],
			"to": [-3.575, 4.17997, 6.04398],
			"rotation": {"angle": 45, "axis": "x", "origin": [-3.575, 3.125, 6.225]},
			"faces": {
				"north": {"uv": [0.125, 15.625, 0.375, 15.875], "rotation": 180, "texture": "#2"},
				"east": {"uv": [0.125, 15.625, 0.375, 15.875], "rotation": 180, "texture": "#2"},
				"south": {"uv": [0.125, 15.625, 0.375, 15.875], "rotation": 180, "texture": "#2"},
				"west": {"uv": [0.125, 15.625, 0.375, 15.875], "rotation": 180, "texture": "#2"},
				"up": {"uv": [0.125, 15.625, 0.375, 15.875], "rotation": 270, "texture": "#2"},
				"down": {"uv": [0.125, 15.625, 0.375, 15.875], "rotation": 90, "texture": "#2"}
			}
		},
		{
			"from": [-3.575, 3.52997, 8.69398],
			"to": [-3.575, 4.17997, 9.34398],
			"rotation": {"angle": 45, "axis": "x", "origin": [-3.575, 3.125, 9.525]},
			"faces": {
				"north": {"uv": [0.125, 15.625, 0.375, 15.875], "rotation": 180, "texture": "#2"},
				"east": {"uv": [0.125, 15.625, 0.375, 15.875], "rotation": 180, "texture": "#2"},
				"south": {"uv": [0.125, 15.625, 0.375, 15.875], "rotation": 180, "texture": "#2"},
				"west": {"uv": [0.125, 15.625, 0.375, 15.875], "rotation": 180, "texture": "#2"},
				"up": {"uv": [0.125, 15.625, 0.375, 15.875], "rotation": 270, "texture": "#2"},
				"down": {"uv": [0.125, 15.625, 0.375, 15.875], "rotation": 90, "texture": "#2"}
			}
		},
		{
			"from": [-3.525, 3.60497, 6.26898],
			"to": [-3.525, 4.15497, 6.81898],
			"rotation": {"angle": 45, "axis": "x", "origin": [-3.525, 3.2, 7]},
			"faces": {
				"north": {"uv": [0.125, 15.625, 0.375, 15.875], "rotation": 180, "texture": "#2"},
				"east": {"uv": [0.125, 15.625, 0.375, 15.875], "rotation": 180, "texture": "#2"},
				"south": {"uv": [0.125, 15.625, 0.375, 15.875], "rotation": 180, "texture": "#2"},
				"west": {"uv": [0.125, 15.625, 0.375, 15.875], "rotation": 180, "texture": "#2"},
				"up": {"uv": [0.125, 15.625, 0.375, 15.875], "rotation": 270, "texture": "#2"},
				"down": {"uv": [0.125, 15.625, 0.375, 15.875], "rotation": 90, "texture": "#2"}
			}
		},
		{
			"from": [-3.6, 3.60497, 7.06898],
			"to": [-3.6, 4.15497, 7.61898],
			"rotation": {"angle": 45, "axis": "x", "origin": [-3.6, 3.2, 7.8]},
			"faces": {
				"north": {"uv": [0.125, 15.625, 0.375, 15.875], "rotation": 180, "texture": "#2"},
				"east": {"uv": [0.125, 15.625, 0.375, 15.875], "rotation": 180, "texture": "#2"},
				"south": {"uv": [0.125, 15.625, 0.375, 15.875], "rotation": 180, "texture": "#2"},
				"west": {"uv": [0.125, 15.625, 0.375, 15.875], "rotation": 180, "texture": "#2"},
				"up": {"uv": [0.125, 15.625, 0.375, 15.875], "rotation": 270, "texture": "#2"},
				"down": {"uv": [0.125, 15.625, 0.375, 15.875], "rotation": 90, "texture": "#2"}
			}
		},
		{
			"from": [-3.525, 3.60497, 7.86898],
			"to": [-3.525, 4.15497, 8.41898],
			"rotation": {"angle": 45, "axis": "x", "origin": [-3.525, 3.2, 8.6]},
			"faces": {
				"north": {"uv": [0.125, 15.625, 0.375, 15.875], "rotation": 180, "texture": "#2"},
				"east": {"uv": [0.125, 15.625, 0.375, 15.875], "rotation": 180, "texture": "#2"},
				"south": {"uv": [0.125, 15.625, 0.375, 15.875], "rotation": 180, "texture": "#2"},
				"west": {"uv": [0.125, 15.625, 0.375, 15.875], "rotation": 180, "texture": "#2"},
				"up": {"uv": [0.125, 15.625, 0.375, 15.875], "rotation": 270, "texture": "#2"},
				"down": {"uv": [0.125, 15.625, 0.375, 15.875], "rotation": 90, "texture": "#2"}
			}
		},
		{
			"from": [-2.58102, 2.00497, 9.925],
			"to": [-1.83102, 2.75497, 9.925],
			"rotation": {"angle": -22.5, "axis": "z", "origin": [-1.85, 1.8, 9.925]},
			"faces": {
				"north": {"uv": [0.125, 15.625, 0.375, 15.875], "rotation": 180, "texture": "#2"},
				"east": {"uv": [0.125, 15.625, 0.375, 15.875], "rotation": 180, "texture": "#2"},
				"south": {"uv": [0.125, 15.625, 0.375, 15.875], "rotation": 180, "texture": "#2"},
				"west": {"uv": [0.125, 15.625, 0.375, 15.875], "rotation": 180, "texture": "#2"},
				"up": {"uv": [0.125, 15.625, 0.375, 15.875], "rotation": 180, "texture": "#2"},
				"down": {"uv": [0.125, 15.625, 0.375, 15.875], "rotation": 180, "texture": "#2"}
			}
		},
		{
			"from": [-1.78102, 2.20497, 10],
			"to": [-1.03102, 2.95497, 10],
			"rotation": {"angle": -22.5, "axis": "z", "origin": [-1.05, 2, 10]},
			"faces": {
				"north": {"uv": [0.125, 15.625, 0.375, 15.875], "rotation": 180, "texture": "#2"},
				"east": {"uv": [0.125, 15.625, 0.375, 15.875], "rotation": 180, "texture": "#2"},
				"south": {"uv": [0.125, 15.625, 0.375, 15.875], "rotation": 180, "texture": "#2"},
				"west": {"uv": [0.125, 15.625, 0.375, 15.875], "rotation": 180, "texture": "#2"},
				"up": {"uv": [0.125, 15.625, 0.375, 15.875], "rotation": 180, "texture": "#2"},
				"down": {"uv": [0.125, 15.625, 0.375, 15.875], "rotation": 180, "texture": "#2"}
			}
		},
		{
			"from": [-1.08102, 2.40497, 9.975],
			"to": [-0.33102, 3.15497, 9.975],
			"rotation": {"angle": -22.5, "axis": "z", "origin": [-0.35, 2.2, 9.975]},
			"faces": {
				"north": {"uv": [0.125, 15.625, 0.375, 15.875], "rotation": 180, "texture": "#2"},
				"east": {"uv": [0.125, 15.625, 0.375, 15.875], "rotation": 180, "texture": "#2"},
				"south": {"uv": [0.125, 15.625, 0.375, 15.875], "rotation": 180, "texture": "#2"},
				"west": {"uv": [0.125, 15.625, 0.375, 15.875], "rotation": 180, "texture": "#2"},
				"up": {"uv": [0.125, 15.625, 0.375, 15.875], "rotation": 180, "texture": "#2"},
				"down": {"uv": [0.125, 15.625, 0.375, 15.875], "rotation": 180, "texture": "#2"}
			}
		},
		{
			"from": [-0.48102, 2.60497, 10.025],
			"to": [0.26898, 3.35497, 10.025],
			"rotation": {"angle": -22.5, "axis": "z", "origin": [0.25, 2.4, 10.025]},
			"faces": {
				"north": {"uv": [0.125, 15.625, 0.375, 15.875], "rotation": 180, "texture": "#2"},
				"east": {"uv": [0.125, 15.625, 0.375, 15.875], "rotation": 180, "texture": "#2"},
				"south": {"uv": [0.125, 15.625, 0.375, 15.875], "rotation": 180, "texture": "#2"},
				"west": {"uv": [0.125, 15.625, 0.375, 15.875], "rotation": 180, "texture": "#2"},
				"up": {"uv": [0.125, 15.625, 0.375, 15.875], "rotation": 180, "texture": "#2"},
				"down": {"uv": [0.125, 15.625, 0.375, 15.875], "rotation": 180, "texture": "#2"}
			}
		},
		{
			"from": [-0.48102, 3.70497, 10.025],
			"to": [0.26898, 4.45497, 10.025],
			"rotation": {"angle": -45, "axis": "z", "origin": [0.25, 3.5, 10.025]},
			"faces": {
				"north": {"uv": [0.125, 15.625, 0.375, 15.875], "rotation": 180, "texture": "#2"},
				"east": {"uv": [0.125, 15.625, 0.375, 15.875], "rotation": 180, "texture": "#2"},
				"south": {"uv": [0.125, 15.625, 0.375, 15.875], "rotation": 180, "texture": "#2"},
				"west": {"uv": [0.125, 15.625, 0.375, 15.875], "rotation": 180, "texture": "#2"},
				"up": {"uv": [0.125, 15.625, 0.375, 15.875], "rotation": 180, "texture": "#2"},
				"down": {"uv": [0.125, 15.625, 0.375, 15.875], "rotation": 180, "texture": "#2"}
			}
		},
		{
			"from": [-1.28102, 3.70497, 10.075],
			"to": [-0.53102, 4.45497, 10.075],
			"rotation": {"angle": -45, "axis": "z", "origin": [-0.55, 3.5, 10.075]},
			"faces": {
				"north": {"uv": [0.125, 15.625, 0.375, 15.875], "rotation": 180, "texture": "#2"},
				"east": {"uv": [0.125, 15.625, 0.375, 15.875], "rotation": 180, "texture": "#2"},
				"south": {"uv": [0.125, 15.625, 0.375, 15.875], "rotation": 180, "texture": "#2"},
				"west": {"uv": [0.125, 15.625, 0.375, 15.875], "rotation": 180, "texture": "#2"},
				"up": {"uv": [0.125, 15.625, 0.375, 15.875], "rotation": 180, "texture": "#2"},
				"down": {"uv": [0.125, 15.625, 0.375, 15.875], "rotation": 180, "texture": "#2"}
			}
		},
		{
			"from": [-2.08102, 3.70497, 10],
			"to": [-1.33102, 4.45497, 10],
			"rotation": {"angle": -45, "axis": "z", "origin": [-1.35, 3.5, 10]},
			"faces": {
				"north": {"uv": [0.125, 15.625, 0.375, 15.875], "rotation": 180, "texture": "#2"},
				"east": {"uv": [0.125, 15.625, 0.375, 15.875], "rotation": 180, "texture": "#2"},
				"south": {"uv": [0.125, 15.625, 0.375, 15.875], "rotation": 180, "texture": "#2"},
				"west": {"uv": [0.125, 15.625, 0.375, 15.875], "rotation": 180, "texture": "#2"},
				"up": {"uv": [0.125, 15.625, 0.375, 15.875], "rotation": 180, "texture": "#2"},
				"down": {"uv": [0.125, 15.625, 0.375, 15.875], "rotation": 180, "texture": "#2"}
			}
		},
		{
			"from": [-2.78102, 3.70497, 9.925],
			"to": [-2.03102, 4.45497, 9.925],
			"rotation": {"angle": -45, "axis": "z", "origin": [-2.05, 3.5, 9.925]},
			"faces": {
				"north": {"uv": [0.125, 15.625, 0.375, 15.875], "rotation": 180, "texture": "#2"},
				"east": {"uv": [0.125, 15.625, 0.375, 15.875], "rotation": 180, "texture": "#2"},
				"south": {"uv": [0.125, 15.625, 0.375, 15.875], "rotation": 180, "texture": "#2"},
				"west": {"uv": [0.125, 15.625, 0.375, 15.875], "rotation": 180, "texture": "#2"},
				"up": {"uv": [0.125, 15.625, 0.375, 15.875], "rotation": 180, "texture": "#2"},
				"down": {"uv": [0.125, 15.625, 0.375, 15.875], "rotation": 180, "texture": "#2"}
			}
		},
		{
			"from": [-3.68102, 3.60497, 10],
			"to": [-2.93102, 4.35497, 10],
			"rotation": {"angle": -45, "axis": "z", "origin": [-2.95, 3.4, 10]},
			"faces": {
				"north": {"uv": [0.125, 15.625, 0.375, 15.875], "rotation": 180, "texture": "#2"},
				"east": {"uv": [0.125, 15.625, 0.375, 15.875], "rotation": 180, "texture": "#2"},
				"south": {"uv": [0.125, 15.625, 0.375, 15.875], "rotation": 180, "texture": "#2"},
				"west": {"uv": [0.125, 15.625, 0.375, 15.875], "rotation": 180, "texture": "#2"},
				"up": {"uv": [0.125, 15.625, 0.375, 15.875], "rotation": 180, "texture": "#2"},
				"down": {"uv": [0.125, 15.625, 0.375, 15.875], "rotation": 180, "texture": "#2"}
			}
		},
		{
			"from": [-3.38102, 1.60497, 5.95],
			"to": [-2.63102, 2.35497, 5.95],
			"rotation": {"angle": -22.5, "axis": "z", "origin": [-2.65, 1.4, 5.95]},
			"faces": {
				"north": {"uv": [0.125, 15.625, 0.375, 15.875], "rotation": 180, "texture": "#2"},
				"east": {"uv": [0.125, 15.625, 0.375, 15.875], "rotation": 180, "texture": "#2"},
				"south": {"uv": [0.125, 15.625, 0.375, 15.875], "rotation": 180, "texture": "#2"},
				"west": {"uv": [0.125, 15.625, 0.375, 15.875], "rotation": 180, "texture": "#2"},
				"up": {"uv": [0.125, 15.625, 0.375, 15.875], "rotation": 180, "texture": "#2"},
				"down": {"uv": [0.125, 15.625, 0.375, 15.875], "rotation": 180, "texture": "#2"}
			}
		},
		{
			"from": [-2.58102, 2.00497, 5.975],
			"to": [-1.83102, 2.75497, 5.975],
			"rotation": {"angle": -22.5, "axis": "z", "origin": [-1.85, 1.8, 5.975]},
			"faces": {
				"north": {"uv": [0.125, 15.625, 0.375, 15.875], "rotation": 180, "texture": "#2"},
				"east": {"uv": [0.125, 15.625, 0.375, 15.875], "rotation": 180, "texture": "#2"},
				"south": {"uv": [0.125, 15.625, 0.375, 15.875], "rotation": 180, "texture": "#2"},
				"west": {"uv": [0.125, 15.625, 0.375, 15.875], "rotation": 180, "texture": "#2"},
				"up": {"uv": [0.125, 15.625, 0.375, 15.875], "rotation": 180, "texture": "#2"},
				"down": {"uv": [0.125, 15.625, 0.375, 15.875], "rotation": 180, "texture": "#2"}
			}
		},
		{
			"from": [-1.78102, 2.20497, 5.975],
			"to": [-1.03102, 2.95497, 5.975],
			"rotation": {"angle": -22.5, "axis": "z", "origin": [-1.05, 2, 5.975]},
			"faces": {
				"north": {"uv": [0.125, 15.625, 0.375, 15.875], "rotation": 180, "texture": "#2"},
				"east": {"uv": [0.125, 15.625, 0.375, 15.875], "rotation": 180, "texture": "#2"},
				"south": {"uv": [0.125, 15.625, 0.375, 15.875], "rotation": 180, "texture": "#2"},
				"west": {"uv": [0.125, 15.625, 0.375, 15.875], "rotation": 180, "texture": "#2"},
				"up": {"uv": [0.125, 15.625, 0.375, 15.875], "rotation": 180, "texture": "#2"},
				"down": {"uv": [0.125, 15.625, 0.375, 15.875], "rotation": 180, "texture": "#2"}
			}
		},
		{
			"from": [-1.08102, 2.40497, 6.05],
			"to": [-0.33102, 3.15497, 6.05],
			"rotation": {"angle": -22.5, "axis": "z", "origin": [-0.35, 2.2, 6.05]},
			"faces": {
				"north": {"uv": [0.125, 15.625, 0.375, 15.875], "rotation": 180, "texture": "#2"},
				"east": {"uv": [0.125, 15.625, 0.375, 15.875], "rotation": 180, "texture": "#2"},
				"south": {"uv": [0.125, 15.625, 0.375, 15.875], "rotation": 180, "texture": "#2"},
				"west": {"uv": [0.125, 15.625, 0.375, 15.875], "rotation": 180, "texture": "#2"},
				"up": {"uv": [0.125, 15.625, 0.375, 15.875], "rotation": 180, "texture": "#2"},
				"down": {"uv": [0.125, 15.625, 0.375, 15.875], "rotation": 180, "texture": "#2"}
			}
		},
		{
			"from": [-0.48102, 2.60497, 6],
			"to": [0.26898, 3.35497, 6],
			"rotation": {"angle": -22.5, "axis": "z", "origin": [0.25, 2.4, 6]},
			"faces": {
				"north": {"uv": [0.125, 15.625, 0.375, 15.875], "rotation": 180, "texture": "#2"},
				"east": {"uv": [0.125, 15.625, 0.375, 15.875], "rotation": 180, "texture": "#2"},
				"south": {"uv": [0.125, 15.625, 0.375, 15.875], "rotation": 180, "texture": "#2"},
				"west": {"uv": [0.125, 15.625, 0.375, 15.875], "rotation": 180, "texture": "#2"},
				"up": {"uv": [0.125, 15.625, 0.375, 15.875], "rotation": 180, "texture": "#2"},
				"down": {"uv": [0.125, 15.625, 0.375, 15.875], "rotation": 180, "texture": "#2"}
			}
		},
		{
			"from": [-3.78102, 3.60497, 5.975],
			"to": [-3.03102, 4.35497, 5.975],
			"rotation": {"angle": -45, "axis": "z", "origin": [-3.05, 3.4, 5.975]},
			"faces": {
				"north": {"uv": [0.125, 15.625, 0.375, 15.875], "rotation": 180, "texture": "#2"},
				"east": {"uv": [0.125, 15.625, 0.375, 15.875], "rotation": 180, "texture": "#2"},
				"south": {"uv": [0.125, 15.625, 0.375, 15.875], "rotation": 180, "texture": "#2"},
				"west": {"uv": [0.125, 15.625, 0.375, 15.875], "rotation": 180, "texture": "#2"},
				"up": {"uv": [0.125, 15.625, 0.375, 15.875], "rotation": 180, "texture": "#2"},
				"down": {"uv": [0.125, 15.625, 0.375, 15.875], "rotation": 180, "texture": "#2"}
			}
		},
		{
			"from": [-2.78102, 3.70497, 5.95],
			"to": [-2.03102, 4.45497, 5.95],
			"rotation": {"angle": -45, "axis": "z", "origin": [-2.05, 3.5, 5.95]},
			"faces": {
				"north": {"uv": [0.125, 15.625, 0.375, 15.875], "rotation": 180, "texture": "#2"},
				"east": {"uv": [0.125, 15.625, 0.375, 15.875], "rotation": 180, "texture": "#2"},
				"south": {"uv": [0.125, 15.625, 0.375, 15.875], "rotation": 180, "texture": "#2"},
				"west": {"uv": [0.125, 15.625, 0.375, 15.875], "rotation": 180, "texture": "#2"},
				"up": {"uv": [0.125, 15.625, 0.375, 15.875], "rotation": 180, "texture": "#2"},
				"down": {"uv": [0.125, 15.625, 0.375, 15.875], "rotation": 180, "texture": "#2"}
			}
		},
		{
			"from": [-2.08102, 3.70497, 6],
			"to": [-1.33102, 4.45497, 6],
			"rotation": {"angle": -45, "axis": "z", "origin": [-1.35, 3.5, 6]},
			"faces": {
				"north": {"uv": [0.125, 15.625, 0.375, 15.875], "rotation": 180, "texture": "#2"},
				"east": {"uv": [0.125, 15.625, 0.375, 15.875], "rotation": 180, "texture": "#2"},
				"south": {"uv": [0.125, 15.625, 0.375, 15.875], "rotation": 180, "texture": "#2"},
				"west": {"uv": [0.125, 15.625, 0.375, 15.875], "rotation": 180, "texture": "#2"},
				"up": {"uv": [0.125, 15.625, 0.375, 15.875], "rotation": 180, "texture": "#2"},
				"down": {"uv": [0.125, 15.625, 0.375, 15.875], "rotation": 180, "texture": "#2"}
			}
		},
		{
			"from": [-1.28102, 3.70497, 6.05],
			"to": [-0.53102, 4.45497, 6.05],
			"rotation": {"angle": -45, "axis": "z", "origin": [-0.55, 3.5, 6.05]},
			"faces": {
				"north": {"uv": [0.125, 15.625, 0.375, 15.875], "rotation": 180, "texture": "#2"},
				"east": {"uv": [0.125, 15.625, 0.375, 15.875], "rotation": 180, "texture": "#2"},
				"south": {"uv": [0.125, 15.625, 0.375, 15.875], "rotation": 180, "texture": "#2"},
				"west": {"uv": [0.125, 15.625, 0.375, 15.875], "rotation": 180, "texture": "#2"},
				"up": {"uv": [0.125, 15.625, 0.375, 15.875], "rotation": 180, "texture": "#2"},
				"down": {"uv": [0.125, 15.625, 0.375, 15.875], "rotation": 180, "texture": "#2"}
			}
		},
		{
			"from": [-0.48102, 3.70497, 6.05],
			"to": [0.26898, 4.45497, 6.05],
			"rotation": {"angle": -45, "axis": "z", "origin": [0.25, 3.5, 6.05]},
			"faces": {
				"north": {"uv": [0.125, 15.625, 0.375, 15.875], "rotation": 180, "texture": "#2"},
				"east": {"uv": [0.125, 15.625, 0.375, 15.875], "rotation": 180, "texture": "#2"},
				"south": {"uv": [0.125, 15.625, 0.375, 15.875], "rotation": 180, "texture": "#2"},
				"west": {"uv": [0.125, 15.625, 0.375, 15.875], "rotation": 180, "texture": "#2"},
				"up": {"uv": [0.125, 15.625, 0.375, 15.875], "rotation": 180, "texture": "#2"},
				"down": {"uv": [0.125, 15.625, 0.375, 15.875], "rotation": 180, "texture": "#2"}
			}
		},
		{
			"name": "bone",
			"from": [1.25, 1.9, 7.75],
			"to": [1.5, 2.25, 8.25],
			"rotation": {"angle": -45, "axis": "z", "origin": [1.25, 2.25, 8]},
			"faces": {
				"north": {"uv": [15.875, 0.25, 15.75, 0.125], "texture": "#1"},
				"east": {"uv": [15.875, 0.25, 15.75, 0.125], "texture": "#1"},
				"south": {"uv": [15.875, 0.25, 15.75, 0.125], "texture": "#1"},
				"west": {"uv": [15.875, 0.25, 15.75, 0.125], "texture": "#1"},
				"up": {"uv": [15.875, 0.25, 15.75, 0.125], "texture": "#1"},
				"down": {"uv": [15.875, 0.25, 15.75, 0.125], "texture": "#1"}
			}
		},
		{
			"name": "bone",
			"from": [11.75, 1.9, 7.75],
			"to": [12.1, 2.25, 8.25],
			"rotation": {"angle": -45, "axis": "z", "origin": [11.75, 2.25, 8]},
			"faces": {
				"north": {"uv": [15.875, 0.25, 15.75, 0.125], "texture": "#1"},
				"east": {"uv": [15.875, 0.25, 15.75, 0.125], "texture": "#1"},
				"south": {"uv": [15.875, 0.25, 15.75, 0.125], "texture": "#1"},
				"west": {"uv": [15.875, 0.25, 15.75, 0.125], "texture": "#1"},
				"up": {"uv": [15.875, 0.25, 15.75, 0.125], "texture": "#1"},
				"down": {"uv": [15.875, 0.25, 15.75, 0.125], "texture": "#1"}
			}
		},
		{
			"name": "bone",
			"from": [5, 2, 9],
			"to": [5.25, 2.25, 10.65],
			"rotation": {"angle": 22.5, "axis": "y", "origin": [5, 2, 9]},
			"faces": {
				"north": {"uv": [15.875, 0.25, 15.75, 0.125], "texture": "#1"},
				"east": {"uv": [15.875, 0.25, 15.75, 0.125], "texture": "#1"},
				"south": {"uv": [15.875, 0.25, 15.75, 0.125], "texture": "#1"},
				"west": {"uv": [15.875, 0.25, 15.75, 0.125], "texture": "#1"},
				"up": {"uv": [15.875, 0.25, 15.75, 0.125], "texture": "#1"},
				"down": {"uv": [15.875, 0.25, 15.75, 0.125], "texture": "#1"}
			}
		},
		{
			"name": "bone",
			"from": [5, 2, 8.25],
			"to": [5.25, 2.25, 9],
			"rotation": {"angle": 0, "axis": "y", "origin": [5, 2, 8.25]},
			"faces": {
				"north": {"uv": [15.875, 0.25, 15.75, 0.125], "texture": "#1"},
				"east": {"uv": [15.875, 0.25, 15.75, 0.125], "texture": "#1"},
				"south": {"uv": [15.875, 0.25, 15.75, 0.125], "texture": "#1"},
				"west": {"uv": [15.875, 0.25, 15.75, 0.125], "texture": "#1"},
				"up": {"uv": [15.875, 0.25, 15.75, 0.125], "texture": "#1"},
				"down": {"uv": [15.875, 0.25, 15.75, 0.125], "texture": "#1"}
			}
		},
		{
			"name": "bone",
			"from": [5, 2, 7],
			"to": [5.25, 2.25, 7.75],
			"rotation": {"angle": 0, "axis": "y", "origin": [5, 2, 7]},
			"faces": {
				"north": {"uv": [15.875, 0.25, 15.75, 0.125], "texture": "#1"},
				"east": {"uv": [15.875, 0.25, 15.75, 0.125], "texture": "#1"},
				"south": {"uv": [15.875, 0.25, 15.75, 0.125], "texture": "#1"},
				"west": {"uv": [15.875, 0.25, 15.75, 0.125], "texture": "#1"},
				"up": {"uv": [15.875, 0.25, 15.75, 0.125], "texture": "#1"},
				"down": {"uv": [15.875, 0.25, 15.75, 0.125], "texture": "#1"}
			}
		},
		{
			"name": "bone",
			"from": [5.75, 2, 8.25],
			"to": [6, 2.25, 9],
			"rotation": {"angle": 0, "axis": "y", "origin": [5.75, 2, 8.25]},
			"faces": {
				"north": {"uv": [15.875, 0.25, 15.75, 0.125], "texture": "#1"},
				"east": {"uv": [15.875, 0.25, 15.75, 0.125], "texture": "#1"},
				"south": {"uv": [15.875, 0.25, 15.75, 0.125], "texture": "#1"},
				"west": {"uv": [15.875, 0.25, 15.75, 0.125], "texture": "#1"},
				"up": {"uv": [15.875, 0.25, 15.75, 0.125], "texture": "#1"},
				"down": {"uv": [15.875, 0.25, 15.75, 0.125], "texture": "#1"}
			}
		},
		{
			"name": "bone",
			"from": [5.75, 2, 7],
			"to": [6, 2.25, 7.75],
			"rotation": {"angle": 0, "axis": "y", "origin": [5.75, 2, 7]},
			"faces": {
				"north": {"uv": [15.875, 0.25, 15.75, 0.125], "texture": "#1"},
				"east": {"uv": [15.875, 0.25, 15.75, 0.125], "texture": "#1"},
				"south": {"uv": [15.875, 0.25, 15.75, 0.125], "texture": "#1"},
				"west": {"uv": [15.875, 0.25, 15.75, 0.125], "texture": "#1"},
				"up": {"uv": [15.875, 0.25, 15.75, 0.125], "texture": "#1"},
				"down": {"uv": [15.875, 0.25, 15.75, 0.125], "texture": "#1"}
			}
		},
		{
			"name": "bone",
			"from": [6.5, 2, 8.25],
			"to": [6.75, 2.25, 8.5],
			"rotation": {"angle": 0, "axis": "y", "origin": [6.5, 2, 8.25]},
			"faces": {
				"north": {"uv": [15.875, 0.25, 15.75, 0.125], "texture": "#1"},
				"east": {"uv": [15.875, 0.25, 15.75, 0.125], "texture": "#1"},
				"south": {"uv": [15.875, 0.25, 15.75, 0.125], "texture": "#1"},
				"west": {"uv": [15.875, 0.25, 15.75, 0.125], "texture": "#1"},
				"up": {"uv": [15.875, 0.25, 15.75, 0.125], "texture": "#1"},
				"down": {"uv": [15.875, 0.25, 15.75, 0.125], "texture": "#1"}
			}
		},
		{
			"name": "bone",
			"from": [6.5, 2, 7.5],
			"to": [6.75, 2.25, 7.75],
			"rotation": {"angle": 0, "axis": "y", "origin": [6.5, 2, 7.5]},
			"faces": {
				"north": {"uv": [15.875, 0.25, 15.75, 0.125], "texture": "#1"},
				"east": {"uv": [15.875, 0.25, 15.75, 0.125], "texture": "#1"},
				"south": {"uv": [15.875, 0.25, 15.75, 0.125], "texture": "#1"},
				"west": {"uv": [15.875, 0.25, 15.75, 0.125], "texture": "#1"},
				"up": {"uv": [15.875, 0.25, 15.75, 0.125], "texture": "#1"},
				"down": {"uv": [15.875, 0.25, 15.75, 0.125], "texture": "#1"}
			}
		},
		{
			"name": "bone",
			"from": [5.75, 2, 9],
			"to": [6, 2.25, 10.65],
			"rotation": {"angle": 22.5, "axis": "y", "origin": [5.75, 2, 9]},
			"faces": {
				"north": {"uv": [15.875, 0.25, 15.75, 0.125], "texture": "#1"},
				"east": {"uv": [15.875, 0.25, 15.75, 0.125], "texture": "#1"},
				"south": {"uv": [15.875, 0.25, 15.75, 0.125], "texture": "#1"},
				"west": {"uv": [15.875, 0.25, 15.75, 0.125], "texture": "#1"},
				"up": {"uv": [15.875, 0.25, 15.75, 0.125], "texture": "#1"},
				"down": {"uv": [15.875, 0.25, 15.75, 0.125], "texture": "#1"}
			}
		},
		{
			"name": "bone",
			"from": [6.5, 2, 8.5],
			"to": [6.75, 2.25, 10.15],
			"rotation": {"angle": 22.5, "axis": "y", "origin": [6.5, 2, 8.5]},
			"faces": {
				"north": {"uv": [15.875, 0.25, 15.75, 0.125], "texture": "#1"},
				"east": {"uv": [15.875, 0.25, 15.75, 0.125], "texture": "#1"},
				"south": {"uv": [15.875, 0.25, 15.75, 0.125], "texture": "#1"},
				"west": {"uv": [15.875, 0.25, 15.75, 0.125], "texture": "#1"},
				"up": {"uv": [15.875, 0.25, 15.75, 0.125], "texture": "#1"},
				"down": {"uv": [15.875, 0.25, 15.75, 0.125], "texture": "#1"}
			}
		},
		{
			"name": "bone",
			"from": [6.5, 2, 5.85],
			"to": [6.75, 2.25, 7.5],
			"rotation": {"angle": -22.5, "axis": "y", "origin": [6.5, 2.25, 7.5]},
			"faces": {
				"north": {"uv": [15.875, 0.25, 15.75, 0.125], "texture": "#1"},
				"east": {"uv": [15.875, 0.25, 15.75, 0.125], "texture": "#1"},
				"south": {"uv": [15.875, 0.25, 15.75, 0.125], "texture": "#1"},
				"west": {"uv": [15.875, 0.25, 15.75, 0.125], "texture": "#1"},
				"up": {"uv": [15.875, 0.25, 15.75, 0.125], "texture": "#1"},
				"down": {"uv": [15.875, 0.25, 15.75, 0.125], "texture": "#1"}
			}
		},
		{
			"name": "bone",
			"from": [7.13143, 2, 10.0244],
			"to": [7.38143, 2.25, 10.9244],
			"rotation": {"angle": 45, "axis": "y", "origin": [7.13143, 2, 10.0244]},
			"faces": {
				"north": {"uv": [15.875, 0.25, 15.75, 0.125], "texture": "#1"},
				"east": {"uv": [15.875, 0.25, 15.75, 0.125], "texture": "#1"},
				"south": {"uv": [15.875, 0.25, 15.75, 0.125], "texture": "#1"},
				"west": {"uv": [15.875, 0.25, 15.75, 0.125], "texture": "#1"},
				"up": {"uv": [15.875, 0.25, 15.75, 0.125], "texture": "#1"},
				"down": {"uv": [15.875, 0.25, 15.75, 0.125], "texture": "#1"}
			}
		},
		{
			"name": "bone",
			"from": [6.45883, 2, 5.3542],
			"to": [6.70883, 2.25, 6.2542],
			"rotation": {"angle": -45, "axis": "y", "origin": [7.13143, 2.25, 6.9268]},
			"faces": {
				"north": {"uv": [15.875, 0.25, 15.75, 0.125], "texture": "#1"},
				"east": {"uv": [15.875, 0.25, 15.75, 0.125], "texture": "#1"},
				"south": {"uv": [15.875, 0.25, 15.75, 0.125], "texture": "#1"},
				"west": {"uv": [15.875, 0.25, 15.75, 0.125], "texture": "#1"},
				"up": {"uv": [15.875, 0.25, 15.75, 0.125], "texture": "#1"},
				"down": {"uv": [15.875, 0.25, 15.75, 0.125], "texture": "#1"}
			}
		},
		{
			"name": "bone",
			"from": [7.25, 2, 8.25],
			"to": [7.5, 2.25, 8.5],
			"rotation": {"angle": 0, "axis": "y", "origin": [7.25, 2, 8.25]},
			"faces": {
				"north": {"uv": [15.875, 0.25, 15.75, 0.125], "texture": "#1"},
				"east": {"uv": [15.875, 0.25, 15.75, 0.125], "texture": "#1"},
				"south": {"uv": [15.875, 0.25, 15.75, 0.125], "texture": "#1"},
				"west": {"uv": [15.875, 0.25, 15.75, 0.125], "texture": "#1"},
				"up": {"uv": [15.875, 0.25, 15.75, 0.125], "texture": "#1"},
				"down": {"uv": [15.875, 0.25, 15.75, 0.125], "texture": "#1"}
			}
		},
		{
			"name": "bone",
			"from": [7.25, 2, 7.5],
			"to": [7.5, 2.25, 7.75],
			"rotation": {"angle": 0, "axis": "y", "origin": [7.25, 2, 7.5]},
			"faces": {
				"north": {"uv": [15.875, 0.25, 15.75, 0.125], "texture": "#1"},
				"east": {"uv": [15.875, 0.25, 15.75, 0.125], "texture": "#1"},
				"south": {"uv": [15.875, 0.25, 15.75, 0.125], "texture": "#1"},
				"west": {"uv": [15.875, 0.25, 15.75, 0.125], "texture": "#1"},
				"up": {"uv": [15.875, 0.25, 15.75, 0.125], "texture": "#1"},
				"down": {"uv": [15.875, 0.25, 15.75, 0.125], "texture": "#1"}
			}
		},
		{
			"name": "bone",
			"from": [7.25, 2, 8.5],
			"to": [7.5, 2.25, 9.9],
			"rotation": {"angle": 22.5, "axis": "y", "origin": [7.25, 2, 8.5]},
			"faces": {
				"north": {"uv": [15.875, 0.25, 15.75, 0.125], "texture": "#1"},
				"east": {"uv": [15.875, 0.25, 15.75, 0.125], "texture": "#1"},
				"south": {"uv": [15.875, 0.25, 15.75, 0.125], "texture": "#1"},
				"west": {"uv": [15.875, 0.25, 15.75, 0.125], "texture": "#1"},
				"up": {"uv": [15.875, 0.25, 15.75, 0.125], "texture": "#1"},
				"down": {"uv": [15.875, 0.25, 15.75, 0.125], "texture": "#1"}
			}
		},
		{
			"name": "bone",
			"from": [7.25, 2, 6.1],
			"to": [7.5, 2.25, 7.5],
			"rotation": {"angle": -22.5, "axis": "y", "origin": [7.25, 2.25, 7.5]},
			"faces": {
				"north": {"uv": [15.875, 0.25, 15.75, 0.125], "texture": "#1"},
				"east": {"uv": [15.875, 0.25, 15.75, 0.125], "texture": "#1"},
				"south": {"uv": [15.875, 0.25, 15.75, 0.125], "texture": "#1"},
				"west": {"uv": [15.875, 0.25, 15.75, 0.125], "texture": "#1"},
				"up": {"uv": [15.875, 0.25, 15.75, 0.125], "texture": "#1"},
				"down": {"uv": [15.875, 0.25, 15.75, 0.125], "texture": "#1"}
			}
		},
		{
			"name": "bone",
			"from": [7.78576, 2, 9.79343],
			"to": [8.03576, 2.25, 10.94343],
			"rotation": {"angle": 45, "axis": "y", "origin": [7.78576, 2, 9.79343]},
			"faces": {
				"north": {"uv": [15.875, 0.25, 15.75, 0.125], "texture": "#1"},
				"east": {"uv": [15.875, 0.25, 15.75, 0.125], "texture": "#1"},
				"south": {"uv": [15.875, 0.25, 15.75, 0.125], "texture": "#1"},
				"west": {"uv": [15.875, 0.25, 15.75, 0.125], "texture": "#1"},
				"up": {"uv": [15.875, 0.25, 15.75, 0.125], "texture": "#1"},
				"down": {"uv": [15.875, 0.25, 15.75, 0.125], "texture": "#1"}
			}
		},
		{
			"name": "bone",
			"from": [7.78576, 2, 5.05657],
			"to": [8.03576, 2.25, 6.20657],
			"rotation": {"angle": -45, "axis": "y", "origin": [7.78576, 2.25, 6.20657]},
			"faces": {
				"north": {"uv": [15.875, 0.25, 15.75, 0.125], "texture": "#1"},
				"east": {"uv": [15.875, 0.25, 15.75, 0.125], "texture": "#1"},
				"south": {"uv": [15.875, 0.25, 15.75, 0.125], "texture": "#1"},
				"west": {"uv": [15.875, 0.25, 15.75, 0.125], "texture": "#1"},
				"up": {"uv": [15.875, 0.25, 15.75, 0.125], "texture": "#1"},
				"down": {"uv": [15.875, 0.25, 15.75, 0.125], "texture": "#1"}
			}
		},
		{
			"name": "bone",
			"from": [8, 2, 8.25],
			"to": [8.25, 2.25, 9.4],
			"rotation": {"angle": 22.5, "axis": "y", "origin": [8, 2, 8.25]},
			"faces": {
				"north": {"uv": [15.875, 0.25, 15.75, 0.125], "texture": "#1"},
				"east": {"uv": [15.875, 0.25, 15.75, 0.125], "texture": "#1"},
				"south": {"uv": [15.875, 0.25, 15.75, 0.125], "texture": "#1"},
				"west": {"uv": [15.875, 0.25, 15.75, 0.125], "texture": "#1"},
				"up": {"uv": [15.875, 0.25, 15.75, 0.125], "texture": "#1"},
				"down": {"uv": [15.875, 0.25, 15.75, 0.125], "texture": "#1"}
			}
		},
		{
			"name": "bone",
			"from": [8, 2, 6.6],
			"to": [8.25, 2.25, 7.75],
			"rotation": {"angle": -22.5, "axis": "y", "origin": [8, 2.25, 7.75]},
			"faces": {
				"north": {"uv": [15.875, 0.25, 15.75, 0.125], "texture": "#1"},
				"east": {"uv": [15.875, 0.25, 15.75, 0.125], "texture": "#1"},
				"south": {"uv": [15.875, 0.25, 15.75, 0.125], "texture": "#1"},
				"west": {"uv": [15.875, 0.25, 15.75, 0.125], "texture": "#1"},
				"up": {"uv": [15.875, 0.25, 15.75, 0.125], "texture": "#1"},
				"down": {"uv": [15.875, 0.25, 15.75, 0.125], "texture": "#1"}
			}
		},
		{
			"name": "bone",
			"from": [8.75, 2, 8.25],
			"to": [9, 2.25, 8.9],
			"rotation": {"angle": 22.5, "axis": "y", "origin": [8.75, 2, 8.25]},
			"faces": {
				"north": {"uv": [15.875, 0.25, 15.75, 0.125], "texture": "#1"},
				"east": {"uv": [15.875, 0.25, 15.75, 0.125], "texture": "#1"},
				"south": {"uv": [15.875, 0.25, 15.75, 0.125], "texture": "#1"},
				"west": {"uv": [15.875, 0.25, 15.75, 0.125], "texture": "#1"},
				"up": {"uv": [15.875, 0.25, 15.75, 0.125], "texture": "#1"},
				"down": {"uv": [15.875, 0.25, 15.75, 0.125], "texture": "#1"}
			}
		},
		{
			"name": "bone",
			"from": [8.75, 2, 7.1],
			"to": [9, 2.25, 7.75],
			"rotation": {"angle": -22.5, "axis": "y", "origin": [8.75, 2.25, 7.75]},
			"faces": {
				"north": {"uv": [15.875, 0.25, 15.75, 0.125], "texture": "#1"},
				"east": {"uv": [15.875, 0.25, 15.75, 0.125], "texture": "#1"},
				"south": {"uv": [15.875, 0.25, 15.75, 0.125], "texture": "#1"},
				"west": {"uv": [15.875, 0.25, 15.75, 0.125], "texture": "#1"},
				"up": {"uv": [15.875, 0.25, 15.75, 0.125], "texture": "#1"},
				"down": {"uv": [15.875, 0.25, 15.75, 0.125], "texture": "#1"}
			}
		},
		{
			"name": "bone",
			"from": [8.44009, 2, 9.31246],
			"to": [8.69009, 2.25, 10.71246],
			"rotation": {"angle": 45, "axis": "y", "origin": [8.44009, 2, 9.31246]},
			"faces": {
				"north": {"uv": [15.875, 0.25, 15.75, 0.125], "texture": "#1"},
				"east": {"uv": [15.875, 0.25, 15.75, 0.125], "texture": "#1"},
				"south": {"uv": [15.875, 0.25, 15.75, 0.125], "texture": "#1"},
				"west": {"uv": [15.875, 0.25, 15.75, 0.125], "texture": "#1"},
				"up": {"uv": [15.875, 0.25, 15.75, 0.125], "texture": "#1"},
				"down": {"uv": [15.875, 0.25, 15.75, 0.125], "texture": "#1"}
			}
		},
		{
			"name": "bone",
			"from": [8.44009, 2, 5.28754],
			"to": [8.69009, 2.25, 6.68754],
			"rotation": {"angle": -45, "axis": "y", "origin": [8.44009, 2.25, 6.68754]},
			"faces": {
				"north": {"uv": [15.875, 0.25, 15.75, 0.125], "texture": "#1"},
				"east": {"uv": [15.875, 0.25, 15.75, 0.125], "texture": "#1"},
				"south": {"uv": [15.875, 0.25, 15.75, 0.125], "texture": "#1"},
				"west": {"uv": [15.875, 0.25, 15.75, 0.125], "texture": "#1"},
				"up": {"uv": [15.875, 0.25, 15.75, 0.125], "texture": "#1"},
				"down": {"uv": [15.875, 0.25, 15.75, 0.125], "texture": "#1"}
			}
		},
		{
			"name": "bone",
			"from": [8.99874, 2, 8.85052],
			"to": [9.24874, 2.25, 10.50052],
			"rotation": {"angle": 45, "axis": "y", "origin": [8.99874, 2, 8.85052]},
			"faces": {
				"north": {"uv": [15.875, 0.25, 15.75, 0.125], "texture": "#1"},
				"east": {"uv": [15.875, 0.25, 15.75, 0.125], "texture": "#1"},
				"south": {"uv": [15.875, 0.25, 15.75, 0.125], "texture": "#1"},
				"west": {"uv": [15.875, 0.25, 15.75, 0.125], "texture": "#1"},
				"up": {"uv": [15.875, 0.25, 15.75, 0.125], "texture": "#1"},
				"down": {"uv": [15.875, 0.25, 15.75, 0.125], "texture": "#1"}
			}
		},
		{
			"name": "bone",
			"from": [8.99874, 2, 5.49948],
			"to": [9.24874, 2.25, 7.14948],
			"rotation": {"angle": -45, "axis": "y", "origin": [8.99874, 2.25, 7.14948]},
			"faces": {
				"north": {"uv": [15.875, 0.25, 15.75, 0.125], "texture": "#1"},
				"east": {"uv": [15.875, 0.25, 15.75, 0.125], "texture": "#1"},
				"south": {"uv": [15.875, 0.25, 15.75, 0.125], "texture": "#1"},
				"west": {"uv": [15.875, 0.25, 15.75, 0.125], "texture": "#1"},
				"up": {"uv": [15.875, 0.25, 15.75, 0.125], "texture": "#1"},
				"down": {"uv": [15.875, 0.25, 15.75, 0.125], "texture": "#1"}
			}
		},
		{
			"name": "bone",
			"from": [9.5, 2, 8.25],
			"to": [9.75, 2.25, 8.9],
			"rotation": {"angle": 22.5, "axis": "y", "origin": [9.5, 2, 8.25]},
			"faces": {
				"north": {"uv": [15.875, 0.25, 15.75, 0.125], "texture": "#1"},
				"east": {"uv": [15.875, 0.25, 15.75, 0.125], "texture": "#1"},
				"south": {"uv": [15.875, 0.25, 15.75, 0.125], "texture": "#1"},
				"west": {"uv": [15.875, 0.25, 15.75, 0.125], "texture": "#1"},
				"up": {"uv": [15.875, 0.25, 15.75, 0.125], "texture": "#1"},
				"down": {"uv": [15.875, 0.25, 15.75, 0.125], "texture": "#1"}
			}
		},
		{
			"name": "bone",
			"from": [9.5, 2, 7.1],
			"to": [9.75, 2.25, 7.75],
			"rotation": {"angle": -22.5, "axis": "y", "origin": [9.5, 2.25, 7.75]},
			"faces": {
				"north": {"uv": [15.875, 0.25, 15.75, 0.125], "texture": "#1"},
				"east": {"uv": [15.875, 0.25, 15.75, 0.125], "texture": "#1"},
				"south": {"uv": [15.875, 0.25, 15.75, 0.125], "texture": "#1"},
				"west": {"uv": [15.875, 0.25, 15.75, 0.125], "texture": "#1"},
				"up": {"uv": [15.875, 0.25, 15.75, 0.125], "texture": "#1"},
				"down": {"uv": [15.875, 0.25, 15.75, 0.125], "texture": "#1"}
			}
		},
		{
			"name": "bone",
			"from": [10.5, 2, 8],
			"to": [11.4, 2.25, 8.25],
			"rotation": {"angle": -22.5, "axis": "y", "origin": [10.5, 2, 8.25]},
			"faces": {
				"north": {"uv": [15.875, 0.25, 15.75, 0.125], "texture": "#1"},
				"east": {"uv": [15.875, 0.25, 15.75, 0.125], "texture": "#1"},
				"south": {"uv": [15.875, 0.25, 15.75, 0.125], "texture": "#1"},
				"west": {"uv": [15.875, 0.25, 15.75, 0.125], "texture": "#1"},
				"up": {"uv": [15.875, 0.25, 15.75, 0.125], "texture": "#1"},
				"down": {"uv": [15.875, 0.25, 15.75, 0.125], "texture": "#1"}
			}
		},
		{
			"name": "bone",
			"from": [10.5, 2, 7.75],
			"to": [11.4, 2.25, 8],
			"rotation": {"angle": 22.5, "axis": "y", "origin": [10.5, 2.25, 7.75]},
			"faces": {
				"north": {"uv": [15.875, 0.25, 15.75, 0.125], "texture": "#1"},
				"east": {"uv": [15.875, 0.25, 15.75, 0.125], "texture": "#1"},
				"south": {"uv": [15.875, 0.25, 15.75, 0.125], "texture": "#1"},
				"west": {"uv": [15.875, 0.25, 15.75, 0.125], "texture": "#1"},
				"up": {"uv": [15.875, 0.25, 15.75, 0.125], "texture": "#1"},
				"down": {"uv": [15.875, 0.25, 15.75, 0.125], "texture": "#1"}
			}
		},
		{
			"name": "bone",
			"from": [9.74874, 2, 8.60052],
			"to": [10.89874, 2.25, 8.85052],
			"rotation": {"angle": -22.5, "axis": "y", "origin": [9.74874, 2, 8.85052]},
			"faces": {
				"north": {"uv": [15.875, 0.25, 15.75, 0.125], "texture": "#1"},
				"east": {"uv": [15.875, 0.25, 15.75, 0.125], "texture": "#1"},
				"south": {"uv": [15.875, 0.25, 15.75, 0.125], "texture": "#1"},
				"west": {"uv": [15.875, 0.25, 15.75, 0.125], "texture": "#1"},
				"up": {"uv": [15.875, 0.25, 15.75, 0.125], "texture": "#1"},
				"down": {"uv": [15.875, 0.25, 15.75, 0.125], "texture": "#1"}
			}
		},
		{
			"name": "bone",
			"from": [9.74874, 2, 7.14948],
			"to": [10.89874, 2.25, 7.39948],
			"rotation": {"angle": 22.5, "axis": "y", "origin": [9.74874, 2.25, 7.14948]},
			"faces": {
				"north": {"uv": [15.875, 0.25, 15.75, 0.125], "texture": "#1"},
				"east": {"uv": [15.875, 0.25, 15.75, 0.125], "texture": "#1"},
				"south": {"uv": [15.875, 0.25, 15.75, 0.125], "texture": "#1"},
				"west": {"uv": [15.875, 0.25, 15.75, 0.125], "texture": "#1"},
				"up": {"uv": [15.875, 0.25, 15.75, 0.125], "texture": "#1"},
				"down": {"uv": [15.875, 0.25, 15.75, 0.125], "texture": "#1"}
			}
		},
		{
			"name": "bone",
			"from": [3.5, 2, 8.25],
			"to": [3.75, 2.25, 9.5],
			"rotation": {"angle": 0, "axis": "y", "origin": [3.5, 2, 8.25]},
			"faces": {
				"north": {"uv": [15.875, 0.25, 15.75, 0.125], "texture": "#1"},
				"east": {"uv": [15.875, 0.25, 15.75, 0.125], "texture": "#1"},
				"south": {"uv": [15.875, 0.25, 15.75, 0.125], "texture": "#1"},
				"west": {"uv": [15.875, 0.25, 15.75, 0.125], "texture": "#1"},
				"up": {"uv": [15.875, 0.25, 15.75, 0.125], "texture": "#1"},
				"down": {"uv": [15.875, 0.25, 15.75, 0.125], "texture": "#1"}
			}
		},
		{
			"name": "bone",
			"from": [3.5, 2, 6.5],
			"to": [3.75, 2.25, 7.75],
			"rotation": {"angle": 0, "axis": "y", "origin": [3.5, 2, 6.5]},
			"faces": {
				"north": {"uv": [15.875, 0.25, 15.75, 0.125], "texture": "#1"},
				"east": {"uv": [15.875, 0.25, 15.75, 0.125], "texture": "#1"},
				"south": {"uv": [15.875, 0.25, 15.75, 0.125], "texture": "#1"},
				"west": {"uv": [15.875, 0.25, 15.75, 0.125], "texture": "#1"},
				"up": {"uv": [15.875, 0.25, 15.75, 0.125], "texture": "#1"},
				"down": {"uv": [15.875, 0.25, 15.75, 0.125], "texture": "#1"}
			}
		},
		{
			"name": "bone",
			"from": [2, 2, 8.25],
			"to": [2.25, 2.25, 10],
			"rotation": {"angle": 0, "axis": "y", "origin": [2, 2, 8.25]},
			"faces": {
				"north": {"uv": [15.875, 0.25, 15.75, 0.125], "texture": "#1"},
				"east": {"uv": [15.875, 0.25, 15.75, 0.125], "texture": "#1"},
				"south": {"uv": [15.875, 0.25, 15.75, 0.125], "texture": "#1"},
				"west": {"uv": [15.875, 0.25, 15.75, 0.125], "texture": "#1"},
				"up": {"uv": [15.875, 0.25, 15.75, 0.125], "texture": "#1"},
				"down": {"uv": [15.875, 0.25, 15.75, 0.125], "texture": "#1"}
			}
		},
		{
			"name": "bone",
			"from": [2, 2, 6],
			"to": [2.25, 2.25, 7.75],
			"rotation": {"angle": 0, "axis": "y", "origin": [2, 2, 6]},
			"faces": {
				"north": {"uv": [15.875, 0.25, 15.75, 0.125], "texture": "#1"},
				"east": {"uv": [15.875, 0.25, 15.75, 0.125], "texture": "#1"},
				"south": {"uv": [15.875, 0.25, 15.75, 0.125], "texture": "#1"},
				"west": {"uv": [15.875, 0.25, 15.75, 0.125], "texture": "#1"},
				"up": {"uv": [15.875, 0.25, 15.75, 0.125], "texture": "#1"},
				"down": {"uv": [15.875, 0.25, 15.75, 0.125], "texture": "#1"}
			}
		},
		{
			"name": "bone",
			"from": [1.25, 2, 8.25],
			"to": [1.5, 2.25, 9],
			"rotation": {"angle": 22.5, "axis": "x", "origin": [1.25, 2.25, 8.25]},
			"faces": {
				"north": {"uv": [15.875, 0.25, 15.75, 0.125], "texture": "#1"},
				"east": {"uv": [15.875, 0.25, 15.75, 0.125], "texture": "#1"},
				"south": {"uv": [15.875, 0.25, 15.75, 0.125], "texture": "#1"},
				"west": {"uv": [15.875, 0.25, 15.75, 0.125], "texture": "#1"},
				"up": {"uv": [15.875, 0.25, 15.75, 0.125], "texture": "#1"},
				"down": {"uv": [15.875, 0.25, 15.75, 0.125], "texture": "#1"}
			}
		},
		{
			"name": "bone",
			"from": [1.25, 2, 7],
			"to": [1.5, 2.25, 7.75],
			"rotation": {"angle": -22.5, "axis": "x", "origin": [1.5, 2.25, 7.75]},
			"faces": {
				"north": {"uv": [15.875, 0.25, 15.75, 0.125], "texture": "#1"},
				"east": {"uv": [15.875, 0.25, 15.75, 0.125], "texture": "#1"},
				"south": {"uv": [15.875, 0.25, 15.75, 0.125], "texture": "#1"},
				"west": {"uv": [15.875, 0.25, 15.75, 0.125], "texture": "#1"},
				"up": {"uv": [15.875, 0.25, 15.75, 0.125], "texture": "#1"},
				"down": {"uv": [15.875, 0.25, 15.75, 0.125], "texture": "#1"}
			}
		},
		{
			"name": "bone",
			"from": [3.5, 2, 9.5],
			"to": [3.75, 2.25, 10.65],
			"rotation": {"angle": 22.5, "axis": "y", "origin": [3.5, 2, 9.5]},
			"faces": {
				"north": {"uv": [15.875, 0.25, 15.75, 0.125], "texture": "#1"},
				"east": {"uv": [15.875, 0.25, 15.75, 0.125], "texture": "#1"},
				"south": {"uv": [15.875, 0.25, 15.75, 0.125], "texture": "#1"},
				"west": {"uv": [15.875, 0.25, 15.75, 0.125], "texture": "#1"},
				"up": {"uv": [15.875, 0.25, 15.75, 0.125], "texture": "#1"},
				"down": {"uv": [15.875, 0.25, 15.75, 0.125], "texture": "#1"}
			}
		},
		{
			"name": "bone",
			"from": [4.25, 2, 8.25],
			"to": [4.5, 2.25, 9.5],
			"rotation": {"angle": 0, "axis": "y", "origin": [4.25, 2, 8.25]},
			"faces": {
				"north": {"uv": [15.875, 0.25, 15.75, 0.125], "texture": "#1"},
				"east": {"uv": [15.875, 0.25, 15.75, 0.125], "texture": "#1"},
				"south": {"uv": [15.875, 0.25, 15.75, 0.125], "texture": "#1"},
				"west": {"uv": [15.875, 0.25, 15.75, 0.125], "texture": "#1"},
				"up": {"uv": [15.875, 0.25, 15.75, 0.125], "texture": "#1"},
				"down": {"uv": [15.875, 0.25, 15.75, 0.125], "texture": "#1"}
			}
		},
		{
			"name": "bone",
			"from": [4.25, 2, 6.5],
			"to": [4.5, 2.25, 7.75],
			"rotation": {"angle": 0, "axis": "y", "origin": [4.25, 2, 6.5]},
			"faces": {
				"north": {"uv": [15.875, 0.25, 15.75, 0.125], "texture": "#1"},
				"east": {"uv": [15.875, 0.25, 15.75, 0.125], "texture": "#1"},
				"south": {"uv": [15.875, 0.25, 15.75, 0.125], "texture": "#1"},
				"west": {"uv": [15.875, 0.25, 15.75, 0.125], "texture": "#1"},
				"up": {"uv": [15.875, 0.25, 15.75, 0.125], "texture": "#1"},
				"down": {"uv": [15.875, 0.25, 15.75, 0.125], "texture": "#1"}
			}
		},
		{
			"name": "bone",
			"from": [4.25, 2, 9.5],
			"to": [4.5, 2.25, 10.65],
			"rotation": {"angle": 22.5, "axis": "y", "origin": [4.25, 2, 9.5]},
			"faces": {
				"north": {"uv": [15.875, 0.25, 15.75, 0.125], "texture": "#1"},
				"east": {"uv": [15.875, 0.25, 15.75, 0.125], "texture": "#1"},
				"south": {"uv": [15.875, 0.25, 15.75, 0.125], "texture": "#1"},
				"west": {"uv": [15.875, 0.25, 15.75, 0.125], "texture": "#1"},
				"up": {"uv": [15.875, 0.25, 15.75, 0.125], "texture": "#1"},
				"down": {"uv": [15.875, 0.25, 15.75, 0.125], "texture": "#1"}
			}
		},
		{
			"name": "bone",
			"from": [2, 2, 10],
			"to": [2.25, 2.25, 10.55],
			"rotation": {"angle": 22.5, "axis": "y", "origin": [2, 2, 10]},
			"faces": {
				"north": {"uv": [15.875, 0.25, 15.75, 0.125], "texture": "#1"},
				"east": {"uv": [15.875, 0.25, 15.75, 0.125], "texture": "#1"},
				"south": {"uv": [15.875, 0.25, 15.75, 0.125], "texture": "#1"},
				"west": {"uv": [15.875, 0.25, 15.75, 0.125], "texture": "#1"},
				"up": {"uv": [15.875, 0.25, 15.75, 0.125], "texture": "#1"},
				"down": {"uv": [15.875, 0.25, 15.75, 0.125], "texture": "#1"}
			}
		},
		{
			"name": "bone",
			"from": [2, 2, 5.45],
			"to": [2.25, 2.25, 6],
			"rotation": {"angle": -22.5, "axis": "y", "origin": [2, 2.25, 6]},
			"faces": {
				"north": {"uv": [15.875, 0.25, 15.75, 0.125], "texture": "#1"},
				"east": {"uv": [15.875, 0.25, 15.75, 0.125], "texture": "#1"},
				"south": {"uv": [15.875, 0.25, 15.75, 0.125], "texture": "#1"},
				"west": {"uv": [15.875, 0.25, 15.75, 0.125], "texture": "#1"},
				"up": {"uv": [15.875, 0.25, 15.75, 0.125], "texture": "#1"},
				"down": {"uv": [15.875, 0.25, 15.75, 0.125], "texture": "#1"}
			}
		},
		{
			"name": "bone",
			"from": [2.75, 2, 5.45],
			"to": [3, 2.25, 6],
			"rotation": {"angle": -22.5, "axis": "y", "origin": [2.75, 2.25, 6]},
			"faces": {
				"north": {"uv": [15.875, 0.25, 15.75, 0.125], "texture": "#1"},
				"east": {"uv": [15.875, 0.25, 15.75, 0.125], "texture": "#1"},
				"south": {"uv": [15.875, 0.25, 15.75, 0.125], "texture": "#1"},
				"west": {"uv": [15.875, 0.25, 15.75, 0.125], "texture": "#1"},
				"up": {"uv": [15.875, 0.25, 15.75, 0.125], "texture": "#1"},
				"down": {"uv": [15.875, 0.25, 15.75, 0.125], "texture": "#1"}
			}
		},
		{
			"name": "bone",
			"from": [3.5, 2, 5.2],
			"to": [3.75, 2.25, 6.5],
			"rotation": {"angle": -22.5, "axis": "y", "origin": [3.5, 2.25, 6.5]},
			"faces": {
				"north": {"uv": [15.875, 0.25, 15.75, 0.125], "texture": "#1"},
				"east": {"uv": [15.875, 0.25, 15.75, 0.125], "texture": "#1"},
				"south": {"uv": [15.875, 0.25, 15.75, 0.125], "texture": "#1"},
				"west": {"uv": [15.875, 0.25, 15.75, 0.125], "texture": "#1"},
				"up": {"uv": [15.875, 0.25, 15.75, 0.125], "texture": "#1"},
				"down": {"uv": [15.875, 0.25, 15.75, 0.125], "texture": "#1"}
			}
		},
		{
			"name": "bone",
			"from": [4.25, 2, 5.2],
			"to": [4.5, 2.25, 6.5],
			"rotation": {"angle": -22.5, "axis": "y", "origin": [4.25, 2.25, 6.5]},
			"faces": {
				"north": {"uv": [15.875, 0.25, 15.75, 0.125], "texture": "#1"},
				"east": {"uv": [15.875, 0.25, 15.75, 0.125], "texture": "#1"},
				"south": {"uv": [15.875, 0.25, 15.75, 0.125], "texture": "#1"},
				"west": {"uv": [15.875, 0.25, 15.75, 0.125], "texture": "#1"},
				"up": {"uv": [15.875, 0.25, 15.75, 0.125], "texture": "#1"},
				"down": {"uv": [15.875, 0.25, 15.75, 0.125], "texture": "#1"}
			}
		},
		{
			"name": "bone",
			"from": [5, 2, 5.2],
			"to": [5.25, 2.25, 7],
			"rotation": {"angle": -22.5, "axis": "y", "origin": [5, 2.25, 7]},
			"faces": {
				"north": {"uv": [15.875, 0.25, 15.75, 0.125], "texture": "#1"},
				"east": {"uv": [15.875, 0.25, 15.75, 0.125], "texture": "#1"},
				"south": {"uv": [15.875, 0.25, 15.75, 0.125], "texture": "#1"},
				"west": {"uv": [15.875, 0.25, 15.75, 0.125], "texture": "#1"},
				"up": {"uv": [15.875, 0.25, 15.75, 0.125], "texture": "#1"},
				"down": {"uv": [15.875, 0.25, 15.75, 0.125], "texture": "#1"}
			}
		},
		{
			"name": "bone",
			"from": [5.75, 2, 5.2],
			"to": [6, 2.25, 7],
			"rotation": {"angle": -22.5, "axis": "y", "origin": [5.75, 2.25, 7]},
			"faces": {
				"north": {"uv": [15.875, 0.25, 15.75, 0.125], "texture": "#1"},
				"east": {"uv": [15.875, 0.25, 15.75, 0.125], "texture": "#1"},
				"south": {"uv": [15.875, 0.25, 15.75, 0.125], "texture": "#1"},
				"west": {"uv": [15.875, 0.25, 15.75, 0.125], "texture": "#1"},
				"up": {"uv": [15.875, 0.25, 15.75, 0.125], "texture": "#1"},
				"down": {"uv": [15.875, 0.25, 15.75, 0.125], "texture": "#1"}
			}
		},
		{
			"name": "bone",
			"from": [2.75, 2, 8.25],
			"to": [3, 2.25, 10],
			"rotation": {"angle": 0, "axis": "y", "origin": [2.75, 2, 8.25]},
			"faces": {
				"north": {"uv": [15.875, 0.25, 15.75, 0.125], "texture": "#1"},
				"east": {"uv": [15.875, 0.25, 15.75, 0.125], "texture": "#1"},
				"south": {"uv": [15.875, 0.25, 15.75, 0.125], "texture": "#1"},
				"west": {"uv": [15.875, 0.25, 15.75, 0.125], "texture": "#1"},
				"up": {"uv": [15.875, 0.25, 15.75, 0.125], "texture": "#1"},
				"down": {"uv": [15.875, 0.25, 15.75, 0.125], "texture": "#1"}
			}
		},
		{
			"name": "bone",
			"from": [2.75, 2, 6],
			"to": [3, 2.25, 7.75],
			"rotation": {"angle": 0, "axis": "y", "origin": [2.75, 2, 6]},
			"faces": {
				"north": {"uv": [15.875, 0.25, 15.75, 0.125], "texture": "#1"},
				"east": {"uv": [15.875, 0.25, 15.75, 0.125], "texture": "#1"},
				"south": {"uv": [15.875, 0.25, 15.75, 0.125], "texture": "#1"},
				"west": {"uv": [15.875, 0.25, 15.75, 0.125], "texture": "#1"},
				"up": {"uv": [15.875, 0.25, 15.75, 0.125], "texture": "#1"},
				"down": {"uv": [15.875, 0.25, 15.75, 0.125], "texture": "#1"}
			}
		},
		{
			"name": "bone",
			"from": [1.25, 2, 7.75],
			"to": [11.75, 2.25, 8.25],
			"rotation": {"angle": 0, "axis": "y", "origin": [2, 2, 7]},
			"faces": {
				"north": {"uv": [15.875, 0.25, 15.75, 0.125], "texture": "#1"},
				"east": {"uv": [15.875, 0.25, 15.75, 0.125], "texture": "#1"},
				"south": {"uv": [15.875, 0.25, 15.75, 0.125], "texture": "#1"},
				"west": {"uv": [15.875, 0.25, 15.75, 0.125], "texture": "#1"},
				"up": {"uv": [15.875, 0.25, 15.75, 0.125], "texture": "#1"},
				"down": {"uv": [15.875, 0.25, 15.75, 0.125], "texture": "#1"}
			}
		},
		{
			"name": "bone",
			"from": [2.75, 2, 10],
			"to": [3, 2.25, 10.55],
			"rotation": {"angle": 22.5, "axis": "y", "origin": [2.75, 2, 10]},
			"faces": {
				"north": {"uv": [15.875, 0.25, 15.75, 0.125], "texture": "#1"},
				"east": {"uv": [15.875, 0.25, 15.75, 0.125], "texture": "#1"},
				"south": {"uv": [15.875, 0.25, 15.75, 0.125], "texture": "#1"},
				"west": {"uv": [15.875, 0.25, 15.75, 0.125], "texture": "#1"},
				"up": {"uv": [15.875, 0.25, 15.75, 0.125], "texture": "#1"},
				"down": {"uv": [15.875, 0.25, 15.75, 0.125], "texture": "#1"}
			}
		},
		{
			"from": [9.5, -3, 7],
			"to": [11.5, 1, 9],
			"rotation": {"angle": 22.5, "axis": "z", "origin": [9.5, 1, 7]},
			"faces": {
				"north": {"uv": [0, 3.5, 0.5, 4.5], "texture": "#1"},
				"east": {"uv": [0.5, 3.5, 1, 4.5], "texture": "#1"},
				"south": {"uv": [3.5, 0.5, 4, 1.5], "texture": "#1"},
				"west": {"uv": [1, 3.5, 1.5, 4.5], "texture": "#1"},
				"up": {"uv": [3.5, 4.5, 3, 4], "texture": "#1"},
				"down": {"uv": [4, 4, 3.5, 4.5], "texture": "#1"}
			}
		},
		{
			"from": [11.5, -1.75, 8],
			"to": [15.25, 0.15, 8],
			"rotation": {"angle": 22.5, "axis": "z", "origin": [11.5, 0.9, 7]},
			"faces": {
				"north": {"uv": [2.5, 0.5, 3.5, 1.125], "texture": "#1"},
				"east": {"uv": [0, 0, 0, 0.625], "texture": "#1"},
				"south": {"uv": [3.5, 0.5, 2.5, 1.125], "texture": "#1"},
				"west": {"uv": [0, 0, 0, 0.625], "texture": "#1"},
				"up": {"uv": [1, 0, 0, 0], "texture": "#1"},
				"down": {"uv": [1, 0, 0, 0], "texture": "#1"}
			}
		},
		{
			"from": [8, -1, 7.5],
			"to": [9, 1, 8.5],
			"rotation": {"angle": 0, "axis": "y", "origin": [8, 1, 7]},
			"faces": {
				"north": {"uv": [3, 5, 3.25, 5.5], "texture": "#1"},
				"east": {"uv": [5, 3, 5.25, 3.5], "texture": "#1"},
				"south": {"uv": [3.25, 5, 3.5, 5.5], "texture": "#1"},
				"west": {"uv": [5, 4, 5.25, 4.5], "texture": "#1"},
				"up": {"uv": [5.75, 5.5, 5.5, 5.25], "texture": "#1"},
				"down": {"uv": [0.25, 5.75, 0, 6], "texture": "#1"}
			}
		},
		{
			"from": [9.5, -0.5, 7.85],
			"to": [9.75, 0.5, 8.15],
			"rotation": {"angle": 0, "axis": "y", "origin": [8, 1, 7]},
			"faces": {
				"north": {"uv": [4, 7, 4.125, 7.25], "texture": "#1"},
				"east": {"uv": [7, 4, 7.125, 4.25], "texture": "#1"},
				"south": {"uv": [4.5, 7, 4.625, 7.25], "texture": "#1"},
				"west": {"uv": [7, 4.5, 7.125, 4.75], "texture": "#1"},
				"up": {"uv": [7.875, 5.375, 7.75, 5.25], "texture": "#1"},
				"down": {"uv": [5.625, 7.75, 5.5, 7.875], "texture": "#1"}
			}
		},
		{
			"from": [8.75, -0.55, 7.85],
			"to": [8.9, 0.45, 8.15],
			"rotation": {"angle": 22.5, "axis": "z", "origin": [7.5, 0.95, 7]},
			"faces": {
				"north": {"uv": [4.75, 7, 4.875, 7.25], "texture": "#1"},
				"east": {"uv": [7, 4.75, 7.125, 5], "texture": "#1"},
				"south": {"uv": [5, 7, 5.125, 7.25], "texture": "#1"},
				"west": {"uv": [5.25, 7, 5.375, 7.25], "texture": "#1"},
				"up": {"uv": [7.875, 5.625, 7.75, 5.5], "texture": "#1"},
				"down": {"uv": [5.875, 7.75, 5.75, 7.875], "texture": "#1"}
			}
		},
		{
			"from": [9, -0.5, 7.85],
			"to": [9.5, -0.25, 8.15],
			"rotation": {"angle": 0, "axis": "y", "origin": [8, 1, 7]},
			"faces": {
				"north": {"uv": [7.75, 5.75, 7.875, 5.875], "texture": "#1"},
				"east": {"uv": [6, 7.75, 6.125, 7.875], "texture": "#1"},
				"south": {"uv": [7.75, 6, 7.875, 6.125], "texture": "#1"},
				"west": {"uv": [6.25, 7.75, 6.375, 7.875], "texture": "#1"},
				"up": {"uv": [7.875, 6.375, 7.75, 6.25], "texture": "#1"},
				"down": {"uv": [6.625, 7.75, 6.5, 7.875], "texture": "#1"}
			}
		},
		{
			"from": [7.75, 0.5, 7.25],
			"to": [10.5, 1, 8.75],
			"rotation": {"angle": 0, "axis": "y", "origin": [8, 1, 7]},
			"faces": {
				"north": {"uv": [2, 5.5, 2.75, 5.625], "texture": "#1"},
				"east": {"uv": [6.25, 3, 6.625, 3.125], "texture": "#1"},
				"south": {"uv": [5.5, 2, 6.25, 2.125], "texture": "#1"},
				"west": {"uv": [3.25, 6.25, 3.625, 6.375], "texture": "#1"},
				"up": {"uv": [4.75, 0.875, 4, 0.5], "texture": "#1"},
				"down": {"uv": [4.75, 1, 4, 1.375], "texture": "#1"}
			}
		},
		{
			"from": [2, 0, 7.85],
			"to": [2.5, 1, 8.15],
			"rotation": {"angle": 22.5, "axis": "z", "origin": [2, 1, 8]},
			"faces": {
				"north": {"uv": [7, 5.25, 7.125, 5.5], "texture": "#1"},
				"east": {"uv": [7, 5.75, 7.125, 6], "texture": "#1"},
				"south": {"uv": [6, 7, 6.125, 7.25], "texture": "#1"},
				"west": {"uv": [7, 6, 7.125, 6.25], "texture": "#1"},
				"up": {"uv": [7.875, 6.625, 7.75, 6.5], "texture": "#1"},
				"down": {"uv": [6.875, 7.75, 6.75, 7.875], "texture": "#1"}
			}
		},
		{
			"from": [2.38268, 0.07612, 7.85],
			"to": [3.13268, 0.57612, 8.15],
			"rotation": {"angle": -45, "axis": "z", "origin": [2.38268, 0.07612, 8]},
			"faces": {
				"north": {"uv": [6.25, 7, 6.5, 7.125], "texture": "#1"},
				"east": {"uv": [7.75, 6.75, 7.875, 6.875], "texture": "#1"},
				"south": {"uv": [7, 6.25, 7.25, 6.375], "texture": "#1"},
				"west": {"uv": [7, 7.75, 7.125, 7.875], "texture": "#1"},
				"up": {"uv": [6.75, 7.125, 6.5, 7], "texture": "#1"},
				"down": {"uv": [7.25, 6.75, 7, 6.875], "texture": "#1"}
			}
		},
		{
			"from": [2.91301, -0.45421, 7.85],
			"to": [3.91301, 0.04579, 8.15],
			"rotation": {"angle": -22.5, "axis": "z", "origin": [2.91301, -0.45421, 8]},
			"faces": {
				"north": {"uv": [7, 7, 7.25, 7.125], "texture": "#1"},
				"east": {"uv": [7.75, 7, 7.875, 7.125], "texture": "#1"},
				"south": {"uv": [0.5, 7.25, 0.75, 7.375], "texture": "#1"},
				"west": {"uv": [7.25, 7.75, 7.375, 7.875], "texture": "#1"},
				"up": {"uv": [7.5, 0.625, 7.25, 0.5], "texture": "#1"},
				"down": {"uv": [1, 7.25, 0.75, 7.375], "texture": "#1"}
			}
		},
		{
			"from": [3.83689, -0.83689, 7.85],
			"to": [5.33689, -0.33689, 8.15],
			"rotation": {"angle": 0, "axis": "y", "origin": [3.83689, -0.83689, 8]},
			"faces": {
				"north": {"uv": [3.75, 6.25, 4.125, 6.375], "texture": "#1"},
				"east": {"uv": [7.75, 7.25, 7.875, 7.375], "texture": "#1"},
				"south": {"uv": [6.25, 4.25, 6.625, 4.375], "texture": "#1"},
				"west": {"uv": [7.5, 7.75, 7.625, 7.875], "texture": "#1"},
				"up": {"uv": [6.625, 4.625, 6.25, 4.5], "texture": "#1"},
				"down": {"uv": [5.125, 6.25, 4.75, 6.375], "texture": "#1"}
			}
		},
		{
			"from": [5.33689, -0.73689, 7.85],
			"to": [6.33689, -0.43689, 8.15],
			"rotation": {"angle": 0, "axis": "y", "origin": [5.33689, -0.83689, 8]},
			"faces": {
				"north": {"uv": [7.25, 0.75, 7.5, 0.875], "texture": "#1"},
				"east": {"uv": [7.75, 7.5, 7.875, 7.625], "texture": "#1"},
				"south": {"uv": [1, 7.25, 1.25, 7.375], "texture": "#1"},
				"west": {"uv": [7.75, 7.75, 7.875, 7.875], "texture": "#1"},
				"up": {"uv": [1.5, 7.375, 1.25, 7.25], "texture": "#1"},
				"down": {"uv": [7.5, 1.25, 7.25, 1.375], "texture": "#1"}
			}
		},
		{
			"from": [6.33689, -0.63689, 7.95],
			"to": [7.08689, -0.53689, 8.05],
			"rotation": {"angle": 0, "axis": "y", "origin": [6.33689, -0.83689, 8]},
			"faces": {
				"north": {"uv": [7.25, 1.5, 7.5, 1.625], "texture": "#1"},
				"east": {"uv": [0, 8, 0.125, 8.125], "texture": "#1"},
				"south": {"uv": [2, 7.25, 2.25, 7.375], "texture": "#1"},
				"west": {"uv": [8, 0, 8.125, 0.125], "texture": "#1"},
				"up": {"uv": [7.5, 2.125, 7.25, 2], "texture": "#1"},
				"down": {"uv": [2.5, 7.25, 2.25, 7.375], "texture": "#1"}
			}
		},
		{
			"from": [3.1, 0, 7.85],
			"to": [3.6, 1, 8.15],
			"rotation": {"angle": 22.5, "axis": "z", "origin": [3, 1, 8]},
			"faces": {
				"north": {"uv": [7.25, 2.25, 7.375, 2.5], "texture": "#1"},
				"east": {"uv": [2.5, 7.25, 2.625, 7.5], "texture": "#1"},
				"south": {"uv": [7.25, 2.5, 7.375, 2.75], "texture": "#1"},
				"west": {"uv": [2.75, 7.25, 2.875, 7.5], "texture": "#1"},
				"up": {"uv": [0.375, 8.125, 0.25, 8], "texture": "#1"},
				"down": {"uv": [8.125, 0.25, 8, 0.375], "texture": "#1"}
			}
		},
		{
			"from": [4, -0.25, 7.85],
			"to": [4.6, 1, 8.15],
			"rotation": {"angle": 22.5, "axis": "z", "origin": [4, 1, 8]},
			"faces": {
				"north": {"uv": [4.25, 6.25, 4.375, 6.625], "texture": "#1"},
				"east": {"uv": [6.25, 5, 6.375, 5.375], "texture": "#1"},
				"south": {"uv": [5.5, 6.25, 5.625, 6.625], "texture": "#1"},
				"west": {"uv": [5.75, 6.25, 5.875, 6.625], "texture": "#1"},
				"up": {"uv": [0.625, 8.125, 0.5, 8], "texture": "#1"},
				"down": {"uv": [8.125, 0.5, 8, 0.625], "texture": "#1"}
			}
		},
		{
			"from": [5, -0.1, 7.85],
			"to": [5.5, 1, 8.15],
			"rotation": {"angle": 22.5, "axis": "z", "origin": [5, 1, 8]},
			"faces": {
				"north": {"uv": [7.25, 2.75, 7.375, 3], "texture": "#1"},
				"east": {"uv": [3, 7.25, 3.125, 7.5], "texture": "#1"},
				"south": {"uv": [7.25, 3, 7.375, 3.25], "texture": "#1"},
				"west": {"uv": [3.25, 7.25, 3.375, 7.5], "texture": "#1"},
				"up": {"uv": [0.875, 8.125, 0.75, 8], "texture": "#1"},
				"down": {"uv": [8.125, 0.75, 8, 0.875], "texture": "#1"}
			}
		},
		{
			"from": [6, 0.1, 7.85],
			"to": [6.4, 1, 8.15],
			"rotation": {"angle": 22.5, "axis": "z", "origin": [6, 1, 8]},
			"faces": {
				"north": {"uv": [3.5, 7.25, 3.625, 7.5], "texture": "#1"},
				"east": {"uv": [7.25, 3.5, 7.375, 3.75], "texture": "#1"},
				"south": {"uv": [7.25, 3.75, 7.375, 4], "texture": "#1"},
				"west": {"uv": [4, 7.25, 4.125, 7.5], "texture": "#1"},
				"up": {"uv": [1.125, 8.125, 1, 8], "texture": "#1"},
				"down": {"uv": [8.125, 1, 8, 1.125], "texture": "#1"}
			}
		},
		{
			"from": [6.9, 0.35, 7.85],
			"to": [7.15, 1, 8.15],
			"rotation": {"angle": 22.5, "axis": "z", "origin": [6.9, 1, 8]},
			"faces": {
				"north": {"uv": [1.25, 8, 1.375, 8.125], "texture": "#1"},
				"east": {"uv": [8, 1.25, 8.125, 1.375], "texture": "#1"},
				"south": {"uv": [1.5, 8, 1.625, 8.125], "texture": "#1"},
				"west": {"uv": [8, 1.5, 8.125, 1.625], "texture": "#1"},
				"up": {"uv": [1.875, 8.125, 1.75, 8], "texture": "#1"},
				"down": {"uv": [8.125, 1.75, 8, 1.875], "texture": "#1"}
			}
		},
		{
			"from": [11, 1, 6],
			"to": [12, 2, 10],
			"rotation": {"angle": 0, "axis": "y", "origin": [5, 5, 7]},
			"faces": {
				"north": {"uv": [0.25, 5.75, 0.5, 6], "texture": "#1"},
				"east": {"uv": [4, 4, 5, 4.25], "texture": "#1"},
				"south": {"uv": [0.5, 5.75, 0.75, 6], "texture": "#1"},
				"west": {"uv": [1.5, 4.25, 2.5, 4.5], "texture": "#1"},
				"up": {"uv": [2.75, 5.25, 2.5, 4.25], "texture": "#1"},
				"down": {"uv": [3, 4.25, 2.75, 5.25], "texture": "#1"}
			}
		},
		{
			"from": [14, 1, 6],
			"to": [15, 2, 10],
			"rotation": {"angle": 0, "axis": "y", "origin": [8, 5, 7]},
			"faces": {
				"north": {"uv": [0.75, 5.75, 1, 6], "texture": "#1"},
				"east": {"uv": [4, 4.25, 5, 4.5], "texture": "#1"},
				"south": {"uv": [1, 5.75, 1.25, 6], "texture": "#1"},
				"west": {"uv": [0, 4.5, 1, 4.75], "texture": "#1"},
				"up": {"uv": [1.25, 5.5, 1, 4.5], "texture": "#1"},
				"down": {"uv": [1.5, 4.5, 1.25, 5.5], "texture": "#1"}
			}
		},
		{
			"from": [15, 1, 6],
			"to": [16, 2, 7],
			"rotation": {"angle": 22.5, "axis": "y", "origin": [15, 1, 7]},
			"faces": {
				"north": {"uv": [1.25, 5.75, 1.5, 6], "texture": "#1"},
				"east": {"uv": [1.5, 5.75, 1.75, 6], "texture": "#1"},
				"south": {"uv": [1.75, 5.75, 2, 6], "texture": "#1"},
				"west": {"uv": [2, 5.75, 2.25, 6], "texture": "#1"},
				"up": {"uv": [2.5, 6, 2.25, 5.75], "texture": "#1"},
				"down": {"uv": [2.75, 5.75, 2.5, 6], "texture": "#1"}
			}
		},
		{
			"from": [15, 1, 9],
			"to": [16, 2, 10],
			"rotation": {"angle": -22.5, "axis": "y", "origin": [15, 1, 9]},
			"faces": {
				"north": {"uv": [2.75, 5.75, 3, 6], "texture": "#1"},
				"east": {"uv": [3, 5.75, 3.25, 6], "texture": "#1"},
				"south": {"uv": [5.75, 3, 6, 3.25], "texture": "#1"},
				"west": {"uv": [3.25, 5.75, 3.5, 6], "texture": "#1"},
				"up": {"uv": [6, 3.5, 5.75, 3.25], "texture": "#1"},
				"down": {"uv": [3.75, 5.75, 3.5, 6], "texture": "#1"}
			}
		},
		{
			"from": [15.92388, 1.25, 5.61732],
			"to": [16.92388, 1.75, 6.61732],
			"rotation": {"angle": 45, "axis": "y", "origin": [15.92388, 1, 6.61732]},
			"faces": {
				"north": {"uv": [7.25, 4, 7.5, 4.125], "texture": "#1"},
				"east": {"uv": [4.25, 7.25, 4.5, 7.375], "texture": "#1"},
				"south": {"uv": [7.25, 4.25, 7.5, 4.375], "texture": "#1"},
				"west": {"uv": [4.5, 7.25, 4.75, 7.375], "texture": "#1"},
				"up": {"uv": [6, 3.75, 5.75, 3.5], "texture": "#1"},
				"down": {"uv": [4, 5.75, 3.75, 6], "texture": "#1"}
			}
		},
		{
			"from": [15.92388, 1.25, 9.7969],
			"to": [16.92388, 1.75, 10.7969],
			"rotation": {"angle": 45, "axis": "y", "origin": [15.92388, 1, 10.7969]},
			"faces": {
				"north": {"uv": [7.25, 4.5, 7.5, 4.625], "texture": "#1"},
				"east": {"uv": [4.75, 7.25, 5, 7.375], "texture": "#1"},
				"south": {"uv": [7.25, 4.75, 7.5, 4.875], "texture": "#1"},
				"west": {"uv": [5, 7.25, 5.25, 7.375], "texture": "#1"},
				"up": {"uv": [6, 4, 5.75, 3.75], "texture": "#1"},
				"down": {"uv": [4.25, 5.75, 4, 6], "texture": "#1"}
			}
		},
		{
			"from": [16.21089, 1.35, 5.34601],
			"to": [17.36089, 1.65, 5.89601],
			"rotation": {"angle": 22.5, "axis": "y", "origin": [16.21089, 1, 5.99601]},
			"faces": {
				"north": {"uv": [7.25, 5, 7.5, 5.125], "texture": "#1"},
				"east": {"uv": [2, 8, 2.125, 8.125], "texture": "#1"},
				"south": {"uv": [5.25, 7.25, 5.5, 7.375], "texture": "#1"},
				"west": {"uv": [8, 2, 8.125, 2.125], "texture": "#1"},
				"up": {"uv": [7.5, 5.375, 7.25, 5.25], "texture": "#1"},
				"down": {"uv": [5.75, 7.25, 5.5, 7.375], "texture": "#1"}
			}
		},
		{
			"from": [16.16089, 1.35, 10.09601],
			"to": [17.31089, 1.65, 10.64601],
			"rotation": {"angle": -22.5, "axis": "y", "origin": [16.16089, 1, 10.12101]},
			"faces": {
				"north": {"uv": [7.25, 5.5, 7.5, 5.625], "texture": "#1"},
				"east": {"uv": [2.25, 8, 2.375, 8.125], "texture": "#1"},
				"south": {"uv": [5.75, 7.25, 6, 7.375], "texture": "#1"},
				"west": {"uv": [8, 2.25, 8.125, 2.375], "texture": "#1"},
				"up": {"uv": [7.5, 5.875, 7.25, 5.75], "texture": "#1"},
				"down": {"uv": [6.25, 7.25, 6, 7.375], "texture": "#1"}
			}
		},
		{
			"from": [16.96089, 1.525, 5.07101],
			"to": [17.81089, 1.625, 5.37101],
			"rotation": {"angle": -22.5, "axis": "z", "origin": [16.96089, 1.575, 5.47101]},
			"faces": {
				"north": {"uv": [7.25, 6, 7.5, 6.125], "texture": "#1"},
				"east": {"uv": [2.5, 8, 2.625, 8.125], "texture": "#1"},
				"south": {"uv": [6.25, 7.25, 6.5, 7.375], "texture": "#1"},
				"west": {"uv": [8, 2.5, 8.125, 2.625], "texture": "#1"},
				"up": {"uv": [7.5, 6.375, 7.25, 6.25], "texture": "#1"},
				"down": {"uv": [6.75, 7.25, 6.5, 7.375], "texture": "#1"}
			}
		},
		{
			"from": [16.96089, 1.525, 10.62101],
			"to": [17.81089, 1.625, 10.92101],
			"rotation": {"angle": -22.5, "axis": "z", "origin": [16.96089, 1.575, 11.02101]},
			"faces": {
				"north": {"uv": [7.25, 6.5, 7.5, 6.625], "texture": "#1"},
				"east": {"uv": [2.75, 8, 2.875, 8.125], "texture": "#1"},
				"south": {"uv": [6.75, 7.25, 7, 7.375], "texture": "#1"},
				"west": {"uv": [8, 2.75, 8.125, 2.875], "texture": "#1"},
				"up": {"uv": [7.5, 6.875, 7.25, 6.75], "texture": "#1"},
				"down": {"uv": [7.25, 7.25, 7, 7.375], "texture": "#1"}
			}
		},
		{
			"from": [12, 1, 6],
			"to": [14, 2, 7],
			"rotation": {"angle": 0, "axis": "y", "origin": [6, 5, 7]},
			"faces": {
				"north": {"uv": [5, 4.5, 5.5, 4.75], "texture": "#1"},
				"east": {"uv": [5.75, 4, 6, 4.25], "texture": "#1"},
				"south": {"uv": [5, 4.75, 5.5, 5], "texture": "#1"},
				"west": {"uv": [4.25, 5.75, 4.5, 6], "texture": "#1"},
				"up": {"uv": [5.5, 5.25, 5, 5], "texture": "#1"},
				"down": {"uv": [3, 5.25, 2.5, 5.5], "texture": "#1"}
			}
		},
		{
			"from": [11.7, 0.9, 5.85],
			"to": [12, 2.1, 6.2],
			"rotation": {"angle": 0, "axis": "y", "origin": [4, 5, 6]},
			"faces": {
				"north": {"uv": [15.5, 0.25, 15.375, 0.125], "texture": "#1"},
				"east": {"uv": [15.5, 0.25, 15.375, 0.125], "texture": "#1"},
				"south": {"uv": [15.5, 0.25, 15.375, 0.125], "texture": "#1"},
				"west": {"uv": [15.5, 0.25, 15.375, 0.125], "texture": "#1"},
				"up": {"uv": [15.5, 0.25, 15.375, 0.125], "texture": "#1"},
				"down": {"uv": [15.5, 0.25, 15.375, 0.125], "texture": "#1"}
			}
		},
		{
			"from": [12.7, 0.9, 5.85],
			"to": [13, 2.1, 6.2],
			"rotation": {"angle": 0, "axis": "y", "origin": [5, 5, 6]},
			"faces": {
				"north": {"uv": [15.5, 0.25, 15.375, 0.125], "texture": "#1"},
				"east": {"uv": [15.5, 0.25, 15.375, 0.125], "texture": "#1"},
				"south": {"uv": [15.5, 0.25, 15.375, 0.125], "texture": "#1"},
				"west": {"uv": [15.5, 0.25, 15.375, 0.125], "texture": "#1"},
				"up": {"uv": [15.5, 0.25, 15.375, 0.125], "texture": "#1"},
				"down": {"uv": [15.5, 0.25, 15.375, 0.125], "texture": "#1"}
			}
		},
		{
			"from": [13.7, 0.9, 5.85],
			"to": [14, 2.1, 6.2],
			"rotation": {"angle": 0, "axis": "y", "origin": [6, 5, 6]},
			"faces": {
				"north": {"uv": [15.5, 0.25, 15.375, 0.125], "texture": "#1"},
				"east": {"uv": [15.5, 0.25, 15.375, 0.125], "texture": "#1"},
				"south": {"uv": [15.5, 0.25, 15.375, 0.125], "texture": "#1"},
				"west": {"uv": [15.5, 0.25, 15.375, 0.125], "texture": "#1"},
				"up": {"uv": [15.5, 0.25, 15.375, 0.125], "texture": "#1"},
				"down": {"uv": [15.5, 0.25, 15.375, 0.125], "texture": "#1"}
			}
		},
		{
			"from": [11.7, 0.9, 9.75],
			"to": [12, 2.1, 10.1],
			"rotation": {"angle": 0, "axis": "y", "origin": [4, 5, 9.9]},
			"faces": {
				"north": {"uv": [15.5, 0.25, 15.375, 0.125], "texture": "#1"},
				"east": {"uv": [15.5, 0.25, 15.375, 0.125], "texture": "#1"},
				"south": {"uv": [15.5, 0.25, 15.375, 0.125], "texture": "#1"},
				"west": {"uv": [15.5, 0.25, 15.375, 0.125], "texture": "#1"},
				"up": {"uv": [15.5, 0.25, 15.375, 0.125], "texture": "#1"},
				"down": {"uv": [15.5, 0.25, 15.375, 0.125], "texture": "#1"}
			}
		},
		{
			"from": [12.7, 0.9, 9.75],
			"to": [13, 2.1, 10.1],
			"rotation": {"angle": 0, "axis": "y", "origin": [5, 5, 9.9]},
			"faces": {
				"north": {"uv": [15.5, 0.25, 15.375, 0.125], "texture": "#1"},
				"east": {"uv": [15.5, 0.25, 15.375, 0.125], "texture": "#1"},
				"south": {"uv": [15.5, 0.25, 15.375, 0.125], "texture": "#1"},
				"west": {"uv": [15.5, 0.25, 15.375, 0.125], "texture": "#1"},
				"up": {"uv": [15.5, 0.25, 15.375, 0.125], "texture": "#1"},
				"down": {"uv": [15.5, 0.25, 15.375, 0.125], "texture": "#1"}
			}
		},
		{
			"from": [13.7, 0.9, 9.75],
			"to": [14, 2.1, 10.1],
			"rotation": {"angle": 0, "axis": "y", "origin": [6, 5, 9.9]},
			"faces": {
				"north": {"uv": [15.5, 0.25, 15.375, 0.125], "texture": "#1"},
				"east": {"uv": [15.5, 0.25, 15.375, 0.125], "texture": "#1"},
				"south": {"uv": [15.5, 0.25, 15.375, 0.125], "texture": "#1"},
				"west": {"uv": [15.5, 0.25, 15.375, 0.125], "texture": "#1"},
				"up": {"uv": [15.5, 0.25, 15.375, 0.125], "texture": "#1"},
				"down": {"uv": [15.5, 0.25, 15.375, 0.125], "texture": "#1"}
			}
		},
		{
			"from": [11.55, 1, 6.65],
			"to": [12.45, 2, 7.45],
			"rotation": {"angle": 45, "axis": "y", "origin": [12, 1, 7]},
			"faces": {
				"north": {"uv": [5.75, 4.25, 6, 4.5], "texture": "#1"},
				"east": {"uv": [4.5, 5.75, 4.75, 6], "texture": "#1"},
				"south": {"uv": [4.75, 5.75, 5, 6], "texture": "#1"},
				"west": {"uv": [5, 5.75, 5.25, 6], "texture": "#1"},
				"up": {"uv": [5.5, 6, 5.25, 5.75], "texture": "#1"},
				"down": {"uv": [6, 5.25, 5.75, 5.5], "texture": "#1"}
			}
		},
		{
			"from": [11.65, 1, 8.55],
			"to": [12.45, 2, 9.45],
			"rotation": {"angle": 45, "axis": "y", "origin": [12, 1, 9]},
			"faces": {
				"north": {"uv": [5.5, 5.75, 5.75, 6], "texture": "#1"},
				"east": {"uv": [5.75, 5.75, 6, 6], "texture": "#1"},
				"south": {"uv": [0, 6, 0.25, 6.25], "texture": "#1"},
				"west": {"uv": [0.25, 6, 0.5, 6.25], "texture": "#1"},
				"up": {"uv": [0.75, 6.25, 0.5, 6], "texture": "#1"},
				"down": {"uv": [1, 6, 0.75, 6.25], "texture": "#1"}
			}
		},
		{
			"from": [13.55, 1, 8.55],
			"to": [14.45, 2, 9.35],
			"rotation": {"angle": 45, "axis": "y", "origin": [14, 1, 9]},
			"faces": {
				"north": {"uv": [1, 6, 1.25, 6.25], "texture": "#1"},
				"east": {"uv": [1.25, 6, 1.5, 6.25], "texture": "#1"},
				"south": {"uv": [1.5, 6, 1.75, 6.25], "texture": "#1"},
				"west": {"uv": [1.75, 6, 2, 6.25], "texture": "#1"},
				"up": {"uv": [2.25, 6.25, 2, 6], "texture": "#1"},
				"down": {"uv": [2.5, 6, 2.25, 6.25], "texture": "#1"}
			}
		},
		{
			"from": [13.55, 1, 6.55],
			"to": [14.35, 2, 7.45],
			"rotation": {"angle": 45, "axis": "y", "origin": [14, 1, 7]},
			"faces": {
				"north": {"uv": [6, 2.25, 6.25, 2.5], "texture": "#1"},
				"east": {"uv": [2.5, 6, 2.75, 6.25], "texture": "#1"},
				"south": {"uv": [6, 2.5, 6.25, 2.75], "texture": "#1"},
				"west": {"uv": [2.75, 6, 3, 6.25], "texture": "#1"},
				"up": {"uv": [6.25, 3, 6, 2.75], "texture": "#1"},
				"down": {"uv": [3.25, 6, 3, 6.25], "texture": "#1"}
			}
		},
		{
			"from": [12, 1, 9],
			"to": [14, 2, 10],
			"rotation": {"angle": 0, "axis": "y", "origin": [6, 5, 10]},
			"faces": {
				"north": {"uv": [5.25, 3, 5.75, 3.25], "texture": "#1"},
				"east": {"uv": [6, 3, 6.25, 3.25], "texture": "#1"},
				"south": {"uv": [5.25, 3.25, 5.75, 3.5], "texture": "#1"},
				"west": {"uv": [3.25, 6, 3.5, 6.25], "texture": "#1"},
				"up": {"uv": [4, 5.5, 3.5, 5.25], "texture": "#1"},
				"down": {"uv": [4.5, 5.25, 4, 5.5], "texture": "#1"}
			}
		},
		{
			"from": [9.5, 0.25, 6.75],
			"to": [12.25, 1, 9.25],
			"rotation": {"angle": 0, "axis": "y", "origin": [6, 4, 9]},
			"faces": {
				"north": {"uv": [4.75, 0, 5.5, 0.25], "texture": "#1"},
				"east": {"uv": [4.75, 0.5, 5.375, 0.75], "texture": "#1"},
				"south": {"uv": [4.75, 0.25, 5.5, 0.5], "texture": "#1"},
				"west": {"uv": [4.75, 0.75, 5.375, 1], "texture": "#1"},
				"up": {"uv": [2.25, 4.125, 1.5, 3.5], "texture": "#1"},
				"down": {"uv": [3, 3.5, 2.25, 4.125], "texture": "#1"}
			}
		},
		{
			"from": [8.25, 0.25, 6.75],
			"to": [9.5, 1, 9.25],
			"rotation": {"angle": -45, "axis": "z", "origin": [9.5, 0.25, 9]},
			"faces": {
				"north": {"uv": [5.5, 2.25, 5.875, 2.5], "texture": "#1"},
				"east": {"uv": [4.75, 1, 5.375, 1.25], "texture": "#1"},
				"south": {"uv": [5.5, 2.5, 5.875, 2.75], "texture": "#1"},
				"west": {"uv": [4.75, 1.25, 5.375, 1.5], "texture": "#1"},
				"up": {"uv": [3.875, 5.125, 3.5, 4.5], "texture": "#1"},
				"down": {"uv": [4.375, 4.5, 4, 5.125], "texture": "#1"}
			}
		},
		{
			"from": [12.25, 0.25, 6.75],
			"to": [13.5, 1, 9.25],
			"rotation": {"angle": 22.5, "axis": "z", "origin": [12.25, 0.25, 9]},
			"faces": {
				"north": {"uv": [2.75, 5.5, 3.125, 5.75], "texture": "#1"},
				"east": {"uv": [4.75, 2.5, 5.375, 2.75], "texture": "#1"},
				"south": {"uv": [5.5, 2.75, 5.875, 3], "texture": "#1"},
				"west": {"uv": [4.75, 2.75, 5.375, 3], "texture": "#1"},
				"up": {"uv": [4.875, 5.125, 4.5, 4.5], "texture": "#1"},
				"down": {"uv": [0.375, 4.75, 0, 5.375], "texture": "#1"}
			}
		},
		{
			"from": [13.40485, 0.72835, 6.75],
			"to": [14.15485, 1.22835, 9.25],
			"rotation": {"angle": 22.5, "axis": "z", "origin": [13.40485, 0.72835, 9]},
			"faces": {
				"north": {"uv": [2.75, 7.5, 3, 7.625], "texture": "#1"},
				"east": {"uv": [5.5, 5, 6.125, 5.125], "texture": "#1"},
				"south": {"uv": [7.5, 2.75, 7.75, 2.875], "texture": "#1"},
				"west": {"uv": [5.25, 5.5, 5.875, 5.625], "texture": "#1"},
				"up": {"uv": [0.75, 5.375, 0.5, 4.75], "texture": "#1"},
				"down": {"uv": [1, 4.75, 0.75, 5.375], "texture": "#1"}
			}
		},
		{
			"from": [12, 1, 7],
			"to": [14, 1.5, 9],
			"rotation": {"angle": 0, "axis": "y", "origin": [6, 5, 8]},
			"faces": {
				"north": {"uv": [6, 3.25, 6.5, 3.375], "texture": "#1"},
				"east": {"uv": [3.5, 6, 4, 6.125], "texture": "#1"},
				"south": {"uv": [6, 3.5, 6.5, 3.625], "texture": "#1"},
				"west": {"uv": [6, 3.75, 6.5, 3.875], "texture": "#1"},
				"up": {"uv": [2, 5, 1.5, 4.5], "texture": "#1"},
				"down": {"uv": [2.5, 4.5, 2, 5], "texture": "#1"}
			}
		},
		{
			"from": [1, 1, 6],
			"to": [11, 2, 10],
			"rotation": {"angle": 0, "axis": "y", "origin": [5, 5, 7]},
			"faces": {
				"north": {"uv": [2.25, 2.5, 4.75, 2.75], "texture": "#1"},
				"east": {"uv": [4.5, 2, 5.5, 2.25], "texture": "#1"},
				"south": {"uv": [2.25, 2.75, 4.75, 3], "texture": "#1"},
				"west": {"uv": [4.5, 2.25, 5.5, 2.5], "texture": "#1"},
				"up": {"uv": [2.5, 1, 0, 0], "texture": "#1"},
				"down": {"uv": [2.5, 1, 0, 2], "texture": "#1"}
			}
		},
		{
			"from": [15, 1, 7],
			"to": [17, 2, 9],
			"rotation": {"angle": -22.5, "axis": "z", "origin": [15, 2, 8]},
			"faces": {
				"north": {"uv": [5.25, 4, 5.75, 4.25], "texture": "#1"},
				"east": {"uv": [5.25, 4.25, 5.75, 4.5], "texture": "#1"},
				"south": {"uv": [4.5, 5.25, 5, 5.5], "texture": "#1"},
				"west": {"uv": [5, 5.25, 5.5, 5.5], "texture": "#1"},
				"up": {"uv": [3.5, 5, 3, 4.5], "texture": "#1"},
				"down": {"uv": [5, 3, 4.5, 3.5], "texture": "#1"}
			}
		},
		{
			"from": [16.5, 0.5, 7.25],
			"to": [18, 1, 8.75],
			"rotation": {"angle": 0, "axis": "y", "origin": [16.5, 1, 8]},
			"faces": {
				"north": {"uv": [6.25, 5.5, 6.625, 5.625], "texture": "#1"},
				"east": {"uv": [6.25, 6, 6.625, 6.125], "texture": "#1"},
				"south": {"uv": [6.25, 6.25, 6.625, 6.375], "texture": "#1"},
				"west": {"uv": [6.5, 0, 6.875, 0.125], "texture": "#1"},
				"up": {"uv": [1.875, 5.375, 1.5, 5], "texture": "#1"},
				"down": {"uv": [2.375, 5, 2, 5.375], "texture": "#1"}
			}
		},
		{
			"from": [17.95, 0.575, 7.5],
			"to": [19.45, 0.875, 8.5],
			"rotation": {"angle": -22.5, "axis": "z", "origin": [17.95, 0.825, 8]},
			"faces": {
				"north": {"uv": [0.25, 6.5, 0.625, 6.625], "texture": "#1"},
				"east": {"uv": [3, 7.5, 3.25, 7.625], "texture": "#1"},
				"south": {"uv": [6.5, 0.25, 6.875, 0.375], "texture": "#1"},
				"west": {"uv": [7.5, 3, 7.75, 3.125], "texture": "#1"},
				"up": {"uv": [3.625, 5.75, 3.25, 5.5], "texture": "#1"},
				"down": {"uv": [4.125, 5.5, 3.75, 5.75], "texture": "#1"}
			}
		},
		{
			"from": [19.2, 0.2, 7.75],
			"to": [20.7, 0.3, 8.25],
			"rotation": {"angle": -45, "axis": "z", "origin": [19.2, 0.25, 8]},
			"faces": {
				"north": {"uv": [6.5, 0.5, 6.875, 0.625], "texture": "#1"},
				"east": {"uv": [4.5, 8, 4.625, 8.125], "texture": "#1"},
				"south": {"uv": [0.75, 6.5, 1.125, 6.625], "texture": "#1"},
				"west": {"uv": [8, 4.5, 8.125, 4.625], "texture": "#1"},
				"up": {"uv": [6.875, 0.875, 6.5, 0.75], "texture": "#1"},
				"down": {"uv": [6.875, 1, 6.5, 1.125], "texture": "#1"}
			}
		},
		{
			"from": [2, 1, 10],
			"to": [11, 2, 11.25],
			"rotation": {"angle": -22.5, "axis": "x", "origin": [5, 1, 10]},
			"faces": {
				"north": {"uv": [0, 3, 2.25, 3.25], "texture": "#1"},
				"east": {"uv": [4.25, 5.5, 4.625, 5.75], "texture": "#1"},
				"south": {"uv": [2.25, 3, 4.5, 3.25], "texture": "#1"},
				"west": {"uv": [5.5, 4.5, 5.875, 4.75], "texture": "#1"},
				"up": {"uv": [2.25, 2.375, 0, 2], "texture": "#1"},
				"down": {"uv": [4.5, 2, 2.25, 2.375], "texture": "#1"}
			}
		},
		{
			"from": [2, 1, 4.75],
			"to": [11, 2, 6],
			"rotation": {"angle": 22.5, "axis": "x", "origin": [6, 1, 6]},
			"faces": {
				"north": {"uv": [0, 3.25, 2.25, 3.5], "texture": "#1"},
				"east": {"uv": [4.75, 5.5, 5.125, 5.75], "texture": "#1"},
				"south": {"uv": [2.25, 3.25, 4.5, 3.5], "texture": "#1"},
				"west": {"uv": [5.5, 4.75, 5.875, 5], "texture": "#1"},
				"up": {"uv": [2.25, 2.875, 0, 2.5], "texture": "#1"},
				"down": {"uv": [4.75, 0, 2.5, 0.375], "texture": "#1"}
			}
		},
		{
			"from": [11, 1.25, 9.55],
			"to": [15, 1.75, 10.05],
			"rotation": {"angle": 0, "axis": "y", "origin": [5, 1.5, 8.8]},
			"faces": {
				"north": {"uv": [15.125, 0.25, 15, 0.125], "texture": "#1"},
				"east": {"uv": [15.125, 0.25, 15, 0.125], "texture": "#1"},
				"south": {"uv": [15.125, 0.25, 15, 0.125], "texture": "#1"},
				"west": {"uv": [15.125, 0.25, 15, 0.125], "texture": "#1"},
				"up": {"uv": [15.125, 0.25, 15, 0.125], "texture": "#1"},
				"down": {"uv": [15.125, 0.25, 15, 0.125], "texture": "#1"}
			}
		},
		{
			"from": [11, 1.25, 5.95],
			"to": [15, 1.75, 6.45],
			"rotation": {"angle": 0, "axis": "y", "origin": [5, 1.5, 5.2]},
			"faces": {
				"north": {"uv": [15.125, 0.25, 15, 0.125], "texture": "#1"},
				"east": {"uv": [15.125, 0.25, 15, 0.125], "texture": "#1"},
				"south": {"uv": [15.125, 0.25, 15, 0.125], "texture": "#1"},
				"west": {"uv": [15.125, 0.25, 15, 0.125], "texture": "#1"},
				"up": {"uv": [15.125, 0.25, 15, 0.125], "texture": "#1"},
				"down": {"uv": [15.125, 0.25, 15, 0.125], "texture": "#1"}
			}
		},
		{
			"name": "portal",
			"from": [12, 1.4, 7],
			"to": [14, 1.65, 9],
			"rotation": {"angle": 0, "axis": "y", "origin": [12, 1.4, 8]},
			"faces": {
				"up": {"uv": [0, 0, 16, 16], "texture": "#0"}
			}
		}
	],
	"gui_light": "front",
	"display": {
		"thirdperson_righthand": {
			"rotation": [0, -106, 1],
			"translation": [0, 8.25, -1.5]
		},
		"thirdperson_lefthand": {
			"rotation": [0, 92, 1],
			"translation": [0, 8.25, -1.5]
		},
		"firstperson_righthand": {
			"rotation": [17, -99, 8],
			"translation": [16, 17, -2.25],
			"scale": [0.73, 1.08, 1]
		},
		"firstperson_lefthand": {
			"rotation": [102, 92, -89],
			"translation": [13, 7.25, -5.75],
			"scale": [0.73, 1.08, 1]
		},
		"ground": {
			"translation": [0, 5.5, 0],
			"scale": [0.9, 0.9, 0.9]
		},
		"gui": {
			"rotation": [14, -36, -1],
			"translation": [-0.5, 3.75, 0.5],
			"scale": [0.8, 0.8, 0.8]
		},
		"fixed": {
			"translation": [-0.5, 5, 0]
		}
	},
	"groups": [
		{
			"name": "Shark",
			"origin": [5, 0, 8],
			"color": 0,
			"nbt": "{}",
			"children": [0, 1, 2, 3, 4, 5, 6, 7, 8, 9, 10, 11, 12, 13, 14, 15, 16, 17, 18, 19, 20, 21, 22, 23, 24, 25, 26, 27, 28, 29, 30, 31, 32, 33, 34, 35, 36, 37, 38]
		},
		{
			"name": "Gun",
			"origin": [8, 8, 8],
			"color": 0,
			"nbt": "{}",
			"children": [39, 40, 41, 42, 43, 44, 45, 46, 47, 48, 49, 50, 51, 52, 53, 54, 55, 56, 57, 58, 59, 60, 61, 62, 63, 64, 65, 66, 67, 68, 69, 70, 71, 72, 73, 74, 75, 76, 77, 78, 79, 80, 81, 82, 83, 84, 85, 86, 87, 88, 89, 90, 91, 92, 93, 94, 95, 96, 97, 98, 99, 100, 101, 102, 103, 104, 105, 106, 107, 108, 109, 110, 111, 112, 113, 114, 115, 116, 117, 118, 119, 120, 121, 122, 123, 124, 125, 126, 127, 128, 129, 130, 131, 132, 133, 134, 135, 136, 137, 138, 139, 140, 141, 142, 143, 144, 145, 146, 147, 148]
		}
	]
}