{
	"credit": "Made with Blockbench",
	"textures": {
		"2": "custom/piston_extension",
		"3": "custom/piston_inner",
		"4": "custom/piston_side",
		"5": "custom/piston_bottom",
		"particle": "custom/piston_top"
	},
	"elements": [
		{
			"from": [6, 6, 0],
			"to": [10, 10, 3.25],
			"faces": {
				"north": {"uv": [0, 4, 4, 8], "texture": "#2"},
				"east": {"uv": [13, 4, 16, 0], "texture": "#2"},
				"south": {"uv": [0, 4, 4, 8], "texture": "#2"},
				"west": {"uv": [16, 0, 13, 4], "texture": "#2"},
				"up": {"uv": [16, 0, 13, 4], "rotation": 90, "texture": "#2"},
				"down": {"uv": [13, 4, 16, 0], "rotation": 90, "texture": "#2"}
			}
		},
		{
			"from": [6, 6.025, 3.25],
			"to": [10, 9.975, 7.25],
			"rotation": {"angle": 22.5, "axis": "y", "origin": [6, 6, 3.25]},
			"faces": {
				"north": {"uv": [0, 4, 4, 8], "texture": "#2"},
				"east": {"uv": [8, 4, 12, 0], "texture": "#2"},
				"south": {"uv": [0, 4, 4, 8], "texture": "#2"},
				"west": {"uv": [12, 0, 8, 4], "texture": "#2"},
				"up": {"uv": [12, 0, 8, 4], "rotation": 90, "texture": "#2"},
				"down": {"uv": [10, 4, 14, 0], "rotation": 90, "texture": "#2"}
			}
		},
		{
			"from": [12.75, 6, 6],
			"to": [16, 10, 10],
			"faces": {
				"north": {"uv": [0, 4, 3, 0], "texture": "#2"},
				"east": {"uv": [0, 4, 4, 8], "texture": "#2"},
				"south": {"uv": [3, 0, 0, 4], "texture": "#2"},
				"west": {"uv": [0, 4, 4, 8], "texture": "#2"},
				"up": {"uv": [3, 0, 0, 4], "texture": "#2"},
				"down": {"uv": [0, 4, 3, 0], "rotation": 180, "texture": "#2"}
			}
		},
		{
			"from": [8.75, 6.025, 6],
			"to": [12.75, 9.975, 10],
			"rotation": {"angle": -22.5, "axis": "y", "origin": [12.75, 6, 10]},
			"faces": {
				"north": {"uv": [2, 4, 6, 0], "texture": "#2"},
				"east": {"uv": [0, 4, 4, 8], "texture": "#2"},
				"south": {"uv": [6, 0, 2, 4], "texture": "#2"},
				"west": {"uv": [0, 4, 4, 8], "texture": "#2"},
				"up": {"uv": [6, 0, 2, 4], "texture": "#2"},
				"down": {"uv": [2, 4, 6, 0], "rotation": 180, "texture": "#2"}
			}
		},
		{
			"from": [11.1758, 6, 5.44059],
			"to": [15.5008, 10, 7.59059],
			"rotation": {"angle": 45, "axis": "y", "origin": [11.1758, 6, 10.59059]},
			"faces": {
				"north": {"uv": [0, 4, 4, 8], "texture": "#2"},
				"east": {"uv": [6, 4, 8, 0], "texture": "#2"},
				"south": {"uv": [0, 4, 4, 8], "texture": "#2"},
				"west": {"uv": [8, 0, 6, 4], "texture": "#2"},
				"up": {"uv": [8, 0, 6, 4], "rotation": 90, "texture": "#2"},
				"down": {"uv": [6, 4, 8, 0], "rotation": 90, "texture": "#2"}
			}
		},
		{
			"from": [0, 0, -4],
			"to": [16, 16, 0],
			"faces": {
				"north": {"uv": [0, 0, 16, 16], "texture": "#particle"},
				"east": {"uv": [0, 0, 16, 4], "rotation": 90, "texture": "#4"},
				"south": {"uv": [0, 0, 16, 16], "texture": "#particle"},
				"west": {"uv": [0, 4, 16, 0], "rotation": 90, "texture": "#4"},
				"up": {"uv": [0, 0, 16, 4], "texture": "#4"},
				"down": {"uv": [0, 4, 16, 0], "texture": "#4"}
			}
		},
		{
			"from": [16, 0, 0],
			"to": [28, 16, 16],
			"faces": {
				"north": {"uv": [0, 4, 16, 16], "rotation": 90, "texture": "#4"},
				"east": {"uv": [0, 0, 16, 16], "texture": "#5"},
				"south": {"uv": [0, 4, 16, 16], "rotation": 90, "texture": "#4"},
				"west": {"uv": [0, 0, 16, 16], "texture": "#3"},
				"up": {"uv": [0, 4, 16, 16], "rotation": 270, "texture": "#4"},
				"down": {"uv": [0, 4, 16, 16], "rotation": 90, "texture": "#4"}
			}
		}
	],
	"display": {
		"thirdperson_righthand": {
			"rotation": [-98, 142, 86],
			"translation": [-1.5, 1.25, 1.5],
			"scale": [0.2, 0.2, 0.2]
		},
		"thirdperson_lefthand": {
			"rotation": [-98, 158, -82],
			"translation": [-1.5, 1.25, 1.5],
			"scale": [0.2, 0.2, 0.2]
		},
		"firstperson_righthand": {
			"rotation": [3, 75, -116],
			"translation": [3, 2.75, 0],
			"scale": [0.2, 0.2, 0.2]
		},
		"firstperson_lefthand": {
			"rotation": [8, 69, 80],
			"translation": [3, 2.75, 0],
			"scale": [0.2, 0.2, 0.2]
		},
		"ground": {
			"rotation": [0, 0, -90],
			"translation": [0, 1.5, 0],
			"scale": [0.2, 0.2, 0.2]
		},
		"gui": {
			"rotation": [24, 130, -90],
			"translation": [0, 3.75, 0],
			"scale": [0.5, 0.5, 0.5]
		},
		"head": {
			"rotation": [0, -180, 0],
			"translation": [0, -30.425, 0],
			"scale": [1.6, 1.6, 1.6]
		},
		"fixed": {
			"rotation": [0, -90, -90],
			"translation": [0, 3.75, 0],
			"scale": [0.7, 0.7, 0.7]
		}
	}
}