{
	"credit": "Made with Blockbench",
	"textures": {
		"2": "custom/piston_extension",
		"3": "custom/piston_side",
		"particle": "custom/piston_top"
	},
	"elements": [
		{
			"from": [6, 6, 0],
			"to": [10, 10, 12],
			"faces": {
				"north": {"uv": [0, 4, 4, 8], "texture": "#2"},
				"east": {"uv": [4, 4, 16, 0], "texture": "#2"},
				"south": {"uv": [0, 4, 4, 8], "texture": "#2"},
				"west": {"uv": [16, 0, 4, 4], "texture": "#2"},
				"up": {"uv": [16, 0, 4, 4], "rotation": 90, "texture": "#2"},
				"down": {"uv": [4, 4, 16, 0], "rotation": 90, "texture": "#2"}
			}
		},
		{
			"from": [0, 0, 12],
			"to": [16, 16, 16],
			"faces": {
				"north": {"uv": [0, 0, 16, 16], "texture": "#particle"},
				"east": {"uv": [0, 4, 16, 0], "rotation": 90, "texture": "#3"},
				"south": {"uv": [0, 0, 16, 16], "texture": "#particle"},
				"west": {"uv": [0, 0, 16, 4], "rotation": 90, "texture": "#3"},
				"up": {"uv": [0, 0, 16, 4], "rotation": 180, "texture": "#3"},
				"down": {"uv": [0, 0, 16, 4], "texture": "#3"}
			}
		}
	],
	"display": {
		"head": {
			"rotation": [-90, 0, 0],
			"translation": [0, -30.425, 0],
			"scale": [1.6, 1.6, 1.6]
		}
	}
}