{
	"credit": "Made with Blockbench",
	"textures": {
		"1": "custom/piston_side",
		"3": "custom/piston_inner",
		"4": "custom/piston_bottom",
		"particle": "custom/piston_top"
	},
	"elements": [
		{
			"from": [0, 0, 0],
			"to": [16, 16, 12],
			"faces": {
				"north": {"uv": [0, 0, 16, 16], "texture": "#4"},
				"east": {"uv": [0, 4, 16, 16], "rotation": 90, "texture": "#1"},
				"south": {"uv": [0, 0, 16, 16], "texture": "#3"},
				"west": {"uv": [0, 4, 16, 16], "rotation": 90, "texture": "#1"},
				"up": {"uv": [16, 4, 0, 16], "texture": "#1"},
				"down": {"uv": [16, 4, 0, 16], "texture": "#1"}
			}
		},
		{
			"from": [0, 0, 12],
			"to": [16, 16, 16],
			"faces": {
				"north": {"uv": [0, 0, 16, 16], "texture": "#1"},
				"east": {"uv": [0, 0, 16, 4], "rotation": 270, "texture": "#1"},
				"south": {"uv": [0, 0, 16, 16], "texture": "#particle"},
				"west": {"uv": [16, 4, 0, 0], "rotation": 270, "texture": "#1"},
				"up": {"uv": [16, 4, 0, 0], "texture": "#1"},
				"down": {"uv": [0, 0, 16, 4], "texture": "#1"}
			}
		}
	],
	"display": {
		"thirdperson_righthand": {
			"scale": [1.6, 1, 1]
		},
		"head": {
			"rotation": [0, -180, 0],
			"translation": [0, -30.425, 0],
			"scale": [1.6, 1.6, 1.6]
		}
	}
}