{
	"credit": "Made with Blockbench",
	"texture_size": [64, 64],
	"textures": {
		"0": "custom/red_wool",
		"1": "custom/Blue",
		"particle": "custom/red_wool"
	},
	"elements": [
		{
			"from": [0, 0, 0],
			"to": [16, 16, 16],
			"faces": {
				"north": {"uv": [0, 0, 16, 16], "texture": "#0"},
				"east": {"uv": [0, 0, 16, 16], "texture": "#0"},
				"south": {"uv": [0, 0, 16, 16], "texture": "#0"},
				"west": {"uv": [0, 0, 16, 16], "texture": "#0"},
				"up": {"uv": [0, 0, 16, 16], "texture": "#0"},
				"down": {"uv": [0, 0, 16, 16], "texture": "#0"}
			}
		},
		{
			"from": [6.5625, 7.625, -0.4375],
			"to": [9.75, 8.8125, 0.875],
			"rotation": {"angle": 0, "axis": "y", "origin": [8.1875, 8.1875, -0.375]},
			"faces": {
				"north": {"uv": [0, 0, 2, 6], "texture": "#1"},
				"east": {"uv": [8, 3, 12, 5], "texture": "#1"},
				"south": {"uv": [2, 0, 4, 7], "texture": "#1"},
				"west": {"uv": [8, 0, 12, 2], "texture": "#1"},
				"up": {"uv": [0, 0, 2, 5], "texture": "#1"},
				"down": {"uv": [0, 0, 2, 5], "texture": "#1"}
			}
		},
		{
			"from": [6.75, 11.4375, -0.5],
			"to": [9.6875, 12.625, 0.875],
			"rotation": {"angle": 0, "axis": "y", "origin": [8.1875, 8.1875, -0.375]},
			"faces": {
				"north": {"uv": [0, 0, 2, 6], "texture": "#1"},
				"east": {"uv": [8, 3, 12, 5], "texture": "#1"},
				"south": {"uv": [2, 0, 4, 7], "texture": "#1"},
				"west": {"uv": [8, 0, 12, 2], "texture": "#1"},
				"up": {"uv": [0, 0, 2, 5], "texture": "#1"},
				"down": {"uv": [0, 0, 2, 5], "texture": "#1"}
			}
		},
		{
			"from": [9.6875, 4.125, -0.5625],
			"to": [10.8125, 11.4375, 0.875],
			"rotation": {"angle": 0, "axis": "y", "origin": [8.1875, 8.1875, -0.375]},
			"faces": {
				"north": {"uv": [14, 5, 16, 10], "texture": "#1"},
				"east": {"uv": [14, 5, 16, 10], "texture": "#1"},
				"south": {"uv": [14, 5, 16, 10], "texture": "#1"},
				"west": {"uv": [14, 5, 16, 10], "texture": "#1"},
				"up": {"uv": [14, 5, 16, 10], "texture": "#1"},
				"down": {"uv": [14, 5, 16, 10], "rotation": 90, "texture": "#1"}
			}
		},
		{
			"from": [5.5625, 4.125, -0.5625],
			"to": [6.6875, 11.4375, 0.875],
			"rotation": {"angle": 0, "axis": "y", "origin": [8.1875, 8.1875, -0.375]},
			"faces": {
				"north": {"uv": [0, 0, 2, 6], "texture": "#1"},
				"east": {"uv": [8, 3, 12, 5], "texture": "#1"},
				"south": {"uv": [2, 0, 4, 7], "texture": "#1"},
				"west": {"uv": [8, 0, 12, 2], "texture": "#1"},
				"up": {"uv": [0, 0, 2, 5], "texture": "#1"},
				"down": {"uv": [0, 0, 2, 5], "texture": "#1"}
			}
		}
	],
	"display": {
		"thirdperson_righthand": {
			"rotation": [78, 0, 0],
			"scale": [0.2, 0.2, 0.2]
		},
		"thirdperson_lefthand": {
			"rotation": [78, 0, 0],
			"scale": [0.2, 0.2, 0.2]
		},
		"firstperson_righthand": {
			"rotation": [103, 31, -143],
			"scale": [0.3, 0.3, 0.3]
		},
		"firstperson_lefthand": {
			"rotation": [103, 31, -128],
			"scale": [0.3, 0.3, 0.3]
		},
		"ground": {
			"rotation": [26, 0, 18],
			"translation": [0, -0.25, 0],
			"scale": [0.3, 0.3, 0.3]
		},
		"gui": {
			"rotation": [-180, -6, -170],
			"scale": [0.6, 0.6, 1]
		},
		"head": {
			"rotation": [0, 90, 0],
			"translation": [-6, 4, -4],
			"scale": [0.2, 0.2, 0.11]
		},
		"fixed": {
			"rotation": [-4, -18, 11],
			"translation": [-1, 0, 4.75],
			"scale": [0.5, 0.5, 0.95]
		}
	},
	"groups": [
		{
			"name": "group",
			"origin": [8, 8, 8],
			"children": [0,
				{
					"name": "group",
					"origin": [13.25, 12.5, 7.5],
					"children": [1, 2, 3, 4]
				}
			]
		}
	]
}