{
	"credit": "Made with Blockbench",
	"texture_size": [32, 32],
	"textures": {
		"0": "custom/round",
		"1": "custom/hood",
		"particle": "custom/round"
	},
	"elements": [
		{
			"from": [3, 0, 2.5],
			"to": [4, 8.5, 4],
			"rotation": {"angle": 0, "axis": "x", "origin": [9.25, 8, 7.5]},
			"faces": {
				"north": {"uv": [0, 0, 0.5, 4.25], "texture": "#1"},
				"east": {"uv": [0, 0, 0.75, 4.25], "texture": "#1"},
				"south": {"uv": [0, 0, 0.5, 4.25], "texture": "#1"},
				"west": {"uv": [0, 0, 0.75, 4.25], "texture": "#1"},
				"up": {"uv": [0, 0, 0.5, 0.75], "texture": "#1"},
				"down": {"uv": [0, 0, 0.5, 0.75], "texture": "#1"}
			}
		},
		{
			"from": [3, 0, 11.5],
			"to": [4, 7.25, 13],
			"rotation": {"angle": 0, "axis": "x", "origin": [9.25, 8, 7.5]},
			"faces": {
				"north": {"uv": [0, 0, 0.5, 3.625], "texture": "#1"},
				"east": {"uv": [0, 0, 0.75, 3.625], "texture": "#1"},
				"south": {"uv": [0, 0, 0.5, 3.625], "texture": "#1"},
				"west": {"uv": [0, 0, 0.75, 3.625], "texture": "#1"},
				"up": {"uv": [0, 0, 0.5, 0.75], "texture": "#1"},
				"down": {"uv": [0, 0, 0.5, 0.75], "texture": "#1"}
			}
		},
		{
			"from": [4, 0, 11.5],
			"to": [5, 6.25, 12.6875],
			"rotation": {"angle": 0, "axis": "x", "origin": [9.25, 8, 7.5]},
			"faces": {
				"north": {"uv": [0, 0, 0.5, 3.125], "texture": "#1"},
				"east": {"uv": [0, 0, 0.59375, 3.125], "texture": "#1"},
				"south": {"uv": [0, 0, 0.5, 3.125], "texture": "#1"},
				"west": {"uv": [0, 0, 0.59375, 3.125], "texture": "#1"},
				"up": {"uv": [0, 0, 0.5, 0.59375], "texture": "#1"},
				"down": {"uv": [0, 0, 0.5, 0.59375], "texture": "#1"}
			}
		},
		{
			"from": [11.75, 0, 10.875],
			"to": [12.75, 6.25, 11.3125],
			"rotation": {"angle": 0, "axis": "x", "origin": [9.25, 8, 7.5]},
			"faces": {
				"north": {"uv": [0, 0, 0.5, 3.125], "texture": "#1"},
				"east": {"uv": [0, 0, 0.21875, 3.125], "texture": "#1"},
				"south": {"uv": [0, 0, 0.5, 3.125], "texture": "#1"},
				"west": {"uv": [0, 0, 0.21875, 3.125], "texture": "#1"},
				"up": {"uv": [0, 0, 0.5, 0.21875], "texture": "#1"},
				"down": {"uv": [0, 0, 0.5, 0.21875], "texture": "#1"}
			}
		},
		{
			"from": [4, 0, 2.875],
			"to": [5, 6.25, 3.3125],
			"rotation": {"angle": 0, "axis": "x", "origin": [9.25, 8, 7.5]},
			"faces": {
				"north": {"uv": [0, 0, 0.5, 3.125], "texture": "#1"},
				"east": {"uv": [0, 0, 0.21875, 3.125], "texture": "#1"},
				"south": {"uv": [0, 0, 0.5, 3.125], "texture": "#1"},
				"west": {"uv": [0, 0, 0.21875, 3.125], "texture": "#1"},
				"up": {"uv": [0, 0, 0.5, 0.21875], "texture": "#1"},
				"down": {"uv": [0, 0, 0.5, 0.21875], "texture": "#1"}
			}
		},
		{
			"from": [7.25, 0, 3.5625],
			"to": [8.25, 5.0625, 3.75],
			"rotation": {"angle": 0, "axis": "x", "origin": [9.25, 8, 7.5]},
			"faces": {
				"north": {"uv": [0, 0, 0.5, 2.53125], "texture": "#1"},
				"east": {"uv": [0, 0, 0.09375, 2.53125], "texture": "#1"},
				"south": {"uv": [0, 0, 0.5, 2.53125], "texture": "#1"},
				"west": {"uv": [0, 0, 0.09375, 2.53125], "texture": "#1"},
				"up": {"uv": [0, 0, 0.5, 0.09375], "texture": "#1"},
				"down": {"uv": [0, 0, 0.5, 0.09375], "texture": "#1"}
			}
		},
		{
			"from": [10.5, 0, 4.0625],
			"to": [11.5, 3.8125, 4.25],
			"rotation": {"angle": 0, "axis": "x", "origin": [9.25, 8, 7.5]},
			"faces": {
				"north": {"uv": [0, 0, 0.5, 1.90625], "texture": "#1"},
				"east": {"uv": [0, 0, 0.09375, 1.90625], "texture": "#1"},
				"south": {"uv": [0, 0, 0.5, 1.90625], "texture": "#1"},
				"west": {"uv": [0, 0, 0.09375, 1.90625], "texture": "#1"},
				"up": {"uv": [0, 0, 0.5, 0.09375], "texture": "#1"},
				"down": {"uv": [0, 0, 0.5, 0.09375], "texture": "#1"}
			}
		},
		{
			"from": [9.5, 0, 11.75],
			"to": [10.5, 3.4375, 11.9375],
			"rotation": {"angle": 0, "axis": "x", "origin": [9.25, 8, 7.5]},
			"faces": {
				"north": {"uv": [0, 0, 0.5, 1.71875], "texture": "#1"},
				"east": {"uv": [0, 0, 0.09375, 1.71875], "texture": "#1"},
				"south": {"uv": [0, 0, 0.5, 1.71875], "texture": "#1"},
				"west": {"uv": [0, 0, 0.09375, 1.71875], "texture": "#1"},
				"up": {"uv": [0, 0, 0.5, 0.09375], "texture": "#1"},
				"down": {"uv": [0, 0, 0.5, 0.09375], "texture": "#1"}
			}
		},
		{
			"from": [12.6875, 0, 10.75],
			"to": [13.6875, 1.9375, 10.9375],
			"rotation": {"angle": 0, "axis": "x", "origin": [9.25, 8, 7.5]},
			"faces": {
				"north": {"uv": [0, 0, 0.5, 0.96875], "texture": "#1"},
				"east": {"uv": [0, 0, 0.09375, 0.96875], "texture": "#1"},
				"south": {"uv": [0, 0, 0.5, 0.96875], "texture": "#1"},
				"west": {"uv": [0, 0, 0.09375, 0.96875], "texture": "#1"},
				"up": {"uv": [0, 0, 0.5, 0.09375], "texture": "#1"},
				"down": {"uv": [0, 0, 0.5, 0.09375], "texture": "#1"}
			}
		},
		{
			"from": [7.5625, 0, 12.125],
			"to": [8.5625, 4.4375, 12.3125],
			"rotation": {"angle": 0, "axis": "x", "origin": [9.25, 8, 7.5]},
			"faces": {
				"north": {"uv": [0, 0, 0.5, 2.21875], "texture": "#1"},
				"east": {"uv": [0, 0, 0.09375, 2.21875], "texture": "#1"},
				"south": {"uv": [0, 0, 0.5, 2.21875], "texture": "#1"},
				"west": {"uv": [0, 0, 0.09375, 2.21875], "texture": "#1"},
				"up": {"uv": [0, 0, 0.5, 0.09375], "texture": "#1"},
				"down": {"uv": [0, 0, 0.5, 0.09375], "texture": "#1"}
			}
		},
		{
			"from": [3, 7.25, 11],
			"to": [4, 8.75, 12.5],
			"rotation": {"angle": 0, "axis": "x", "origin": [9.25, 8, 7.5]},
			"faces": {
				"north": {"uv": [0, 0, 0.5, 0.75], "texture": "#1"},
				"east": {"uv": [0, 0, 0.75, 0.75], "texture": "#1"},
				"south": {"uv": [0, 0, 0.5, 0.75], "texture": "#1"},
				"west": {"uv": [0, 0, 0.75, 0.75], "texture": "#1"},
				"up": {"uv": [0, 0, 0.5, 0.75], "texture": "#1"},
				"down": {"uv": [0, 0, 0.5, 0.75], "texture": "#1"}
			}
		},
		{
			"from": [3, 8.5, 3],
			"to": [4, 9.5, 4.5],
			"rotation": {"angle": 0, "axis": "x", "origin": [9.25, 8, 7.5]},
			"faces": {
				"north": {"uv": [0, 0, 0.5, 0.5], "texture": "#1"},
				"east": {"uv": [0, 0, 0.75, 0.5], "texture": "#1"},
				"south": {"uv": [0, 0, 0.5, 0.5], "texture": "#1"},
				"west": {"uv": [0, 0, 0.75, 0.5], "texture": "#1"},
				"up": {"uv": [0, 0, 0.5, 0.75], "texture": "#1"},
				"down": {"uv": [0, 0, 0.5, 0.75], "texture": "#1"}
			}
		},
		{
			"from": [3, 9.5, 3.75],
			"to": [4, 10.5, 5.25],
			"rotation": {"angle": 0, "axis": "x", "origin": [9.25, 8, 7.5]},
			"faces": {
				"north": {"uv": [0, 0, 0.5, 0.5], "texture": "#1"},
				"east": {"uv": [0, 0, 0.75, 0.5], "texture": "#1"},
				"south": {"uv": [0, 0, 0.5, 0.5], "texture": "#1"},
				"west": {"uv": [0, 0, 0.75, 0.5], "texture": "#1"},
				"up": {"uv": [0, 0, 0.5, 0.75], "texture": "#1"},
				"down": {"uv": [0, 0, 0.5, 0.75], "texture": "#1"}
			}
		},
		{
			"from": [3, 10.5, 4.25],
			"to": [4, 11, 5.75],
			"rotation": {"angle": 0, "axis": "x", "origin": [9.25, 8, 7.5]},
			"faces": {
				"north": {"uv": [0, 0, 0.5, 0.25], "texture": "#1"},
				"east": {"uv": [0, 0, 0.75, 0.25], "texture": "#1"},
				"south": {"uv": [0, 0, 0.5, 0.25], "texture": "#1"},
				"west": {"uv": [0, 0, 0.75, 0.25], "texture": "#1"},
				"up": {"uv": [0, 0, 0.5, 0.75], "texture": "#1"},
				"down": {"uv": [0, 0, 0.5, 0.75], "texture": "#1"}
			}
		},
		{
			"from": [3, 11, 5],
			"to": [4, 11.5, 11],
			"rotation": {"angle": 0, "axis": "x", "origin": [9.25, 8, 7.5]},
			"faces": {
				"north": {"uv": [0, 0, 0.5, 0.25], "texture": "#1"},
				"east": {"uv": [0, 0, 3, 0.25], "texture": "#1"},
				"south": {"uv": [0, 0, 0.5, 0.25], "texture": "#1"},
				"west": {"uv": [0, 0, 3, 0.25], "texture": "#1"},
				"up": {"uv": [0, 0, 0.5, 3], "texture": "#1"},
				"down": {"uv": [0, 0, 0.5, 3], "texture": "#1"}
			}
		},
		{
			"from": [3, 11.5, 5.75],
			"to": [4, 12, 9],
			"rotation": {"angle": 0, "axis": "x", "origin": [9.25, 8, 7.5]},
			"faces": {
				"north": {"uv": [0, 0, 0.5, 0.25], "texture": "#1"},
				"east": {"uv": [0, 0, 1.625, 0.25], "texture": "#1"},
				"south": {"uv": [0, 0, 0.5, 0.25], "texture": "#1"},
				"west": {"uv": [0, 0, 1.625, 0.25], "texture": "#1"},
				"up": {"uv": [0, 0, 0.5, 1.625], "texture": "#1"},
				"down": {"uv": [0, 0, 0.5, 1.625], "texture": "#1"}
			}
		},
		{
			"from": [3, 8.75, 10.25],
			"to": [4, 9.5, 11.6875],
			"rotation": {"angle": 0, "axis": "x", "origin": [9.25, 8, 7.5]},
			"faces": {
				"north": {"uv": [0, 0, 0.5, 0.375], "texture": "#1"},
				"east": {"uv": [0, 0, 0.71875, 0.375], "texture": "#1"},
				"south": {"uv": [0, 0, 0.5, 0.375], "texture": "#1"},
				"west": {"uv": [0, 0, 0.71875, 0.375], "texture": "#1"},
				"up": {"uv": [0, 0, 0.5, 0.71875], "texture": "#1"},
				"down": {"uv": [0, 0, 0.5, 0.71875], "texture": "#1"}
			}
		},
		{
			"from": [3, 9.5, 9.75],
			"to": [4, 11, 11],
			"rotation": {"angle": 0, "axis": "x", "origin": [9.25, 8, 7.5]},
			"faces": {
				"north": {"uv": [0, 0, 0.5, 0.75], "texture": "#1"},
				"east": {"uv": [0, 0, 0.625, 0.75], "texture": "#1"},
				"south": {"uv": [0, 0, 0.5, 0.75], "texture": "#1"},
				"west": {"uv": [0, 0, 0.625, 0.75], "texture": "#1"},
				"up": {"uv": [0, 0, 0.5, 0.625], "texture": "#1"},
				"down": {"uv": [0, 0, 0.5, 0.625], "texture": "#1"}
			}
		},
		{
			"from": [3, 10.75, 8.5],
			"to": [4, 11, 9.75],
			"rotation": {"angle": 0, "axis": "x", "origin": [9.25, 8, 7.5]},
			"faces": {
				"north": {"uv": [0, 0, 0.5, 0.125], "texture": "#1"},
				"east": {"uv": [0, 0, 0.625, 0.125], "texture": "#1"},
				"south": {"uv": [0, 0, 0.5, 0.125], "texture": "#1"},
				"west": {"uv": [0, 0, 0.625, 0.125], "texture": "#1"},
				"up": {"uv": [0, 0, 0.5, 0.625], "texture": "#1"},
				"down": {"uv": [0, 0, 0.5, 0.625], "texture": "#1"}
			}
		},
		{
			"from": [4, 0, 11.5],
			"to": [7.5, 8, 12.25],
			"rotation": {"angle": 0, "axis": "x", "origin": [9.25, 8, 7.5]},
			"faces": {
				"north": {"uv": [0, 0, 1.75, 4], "texture": "#1"},
				"east": {"uv": [0, 0, 0.375, 4], "texture": "#1"},
				"south": {"uv": [0, 0, 1.75, 4], "texture": "#1"},
				"west": {"uv": [0, 0, 0.375, 4], "texture": "#1"},
				"up": {"uv": [0, 0, 1.75, 0.375], "texture": "#1"},
				"down": {"uv": [0, 0, 1.75, 0.375], "texture": "#1"}
			}
		},
		{
			"from": [6, 0, 11.25],
			"to": [9.5, 7.5, 12.125],
			"rotation": {"angle": 0, "axis": "x", "origin": [9.25, 8, 7.5]},
			"faces": {
				"north": {"uv": [0, 0, 1.75, 3.75], "texture": "#1"},
				"east": {"uv": [0, 0, 0.4375, 3.75], "texture": "#1"},
				"south": {"uv": [0, 0, 1.75, 3.75], "texture": "#1"},
				"west": {"uv": [0, 0, 0.4375, 3.75], "texture": "#1"},
				"up": {"uv": [0, 0, 1.75, 0.4375], "texture": "#1"},
				"down": {"uv": [0, 0, 1.75, 0.4375], "texture": "#1"}
			}
		},
		{
			"from": [8.25, 0, 10.75],
			"to": [11.75, 7.25, 11.75],
			"rotation": {"angle": 0, "axis": "x", "origin": [9.25, 8, 7.5]},
			"faces": {
				"north": {"uv": [0, 0, 1.75, 3.625], "texture": "#1"},
				"east": {"uv": [0, 0, 0.5, 3.625], "texture": "#1"},
				"south": {"uv": [0, 0, 1.75, 3.625], "texture": "#1"},
				"west": {"uv": [0, 0, 0.5, 3.625], "texture": "#1"},
				"up": {"uv": [0, 0, 1.75, 0.5], "texture": "#1"},
				"down": {"uv": [0, 0, 1.75, 0.5], "texture": "#1"}
			}
		},
		{
			"from": [3.75, 0, 3.25],
			"to": [7.25, 8.5, 4],
			"rotation": {"angle": 0, "axis": "x", "origin": [9.25, 8, 7.5]},
			"faces": {
				"north": {"uv": [0, 0, 1.75, 4.25], "texture": "#1"},
				"east": {"uv": [0, 0, 0.375, 4.25], "texture": "#1"},
				"south": {"uv": [0, 0, 1.75, 4.25], "texture": "#1"},
				"west": {"uv": [0, 0, 0.375, 4.25], "texture": "#1"},
				"up": {"uv": [0, 0, 1.75, 0.375], "texture": "#1"},
				"down": {"uv": [0, 0, 1.75, 0.375], "texture": "#1"}
			}
		},
		{
			"from": [7, 0, 3.75],
			"to": [10.5, 8.25, 4.75],
			"rotation": {"angle": 0, "axis": "x", "origin": [9.25, 8, 7.5]},
			"faces": {
				"north": {"uv": [0, 0, 1.75, 4.125], "texture": "#1"},
				"east": {"uv": [0, 0, 0.5, 4.125], "texture": "#1"},
				"south": {"uv": [0, 0, 1.75, 4.125], "texture": "#1"},
				"west": {"uv": [0, 0, 0.5, 4.125], "texture": "#1"},
				"up": {"uv": [0, 0, 1.75, 0.5], "texture": "#1"},
				"down": {"uv": [0, 0, 1.75, 0.5], "texture": "#1"}
			}
		},
		{
			"from": [9.75, 0, 4.25],
			"to": [13.25, 7.75, 5],
			"rotation": {"angle": 0, "axis": "x", "origin": [9.25, 8, 7.5]},
			"faces": {
				"north": {"uv": [0, 0, 1.75, 3.875], "texture": "#1"},
				"east": {"uv": [0, 0, 0.375, 3.875], "texture": "#1"},
				"south": {"uv": [0, 0, 1.75, 3.875], "texture": "#1"},
				"west": {"uv": [0, 0, 0.375, 3.875], "texture": "#1"},
				"up": {"uv": [0, 0, 1.75, 0.375], "texture": "#1"},
				"down": {"uv": [0, 0, 1.75, 0.375], "texture": "#1"}
			}
		},
		{
			"from": [11.5, 0, 4.5],
			"to": [15, 6.75, 5.8125],
			"rotation": {"angle": 0, "axis": "x", "origin": [9.25, 8, 7.5]},
			"faces": {
				"north": {"uv": [0, 0, 1.75, 3.375], "texture": "#1"},
				"east": {"uv": [0, 0, 0.65625, 3.375], "texture": "#1"},
				"south": {"uv": [0, 0, 1.75, 3.375], "texture": "#1"},
				"west": {"uv": [0, 0, 0.65625, 3.375], "texture": "#1"},
				"up": {"uv": [0, 0, 1.75, 0.65625], "texture": "#1"},
				"down": {"uv": [0, 0, 1.75, 0.65625], "texture": "#1"}
			}
		},
		{
			"from": [10.5, 0, 10],
			"to": [14, 7.5, 10.75],
			"rotation": {"angle": 0, "axis": "x", "origin": [9.25, 8, 7.5]},
			"faces": {
				"north": {"uv": [0, 0, 1.75, 3.75], "texture": "#1"},
				"east": {"uv": [0, 0, 0.375, 3.75], "texture": "#1"},
				"south": {"uv": [0, 0, 1.75, 3.75], "texture": "#1"},
				"west": {"uv": [0, 0, 0.375, 3.75], "texture": "#1"},
				"up": {"uv": [0, 0, 1.75, 0.375], "texture": "#1"},
				"down": {"uv": [0, 0, 1.75, 0.375], "texture": "#1"}
			}
		},
		{
			"from": [4, 7.25, 10.9375],
			"to": [8, 9.3125, 11.5625],
			"rotation": {"angle": 0, "axis": "x", "origin": [9.25, 8, 7.5]},
			"faces": {
				"north": {"uv": [0, 0, 2, 1.03125], "texture": "#1"},
				"east": {"uv": [0, 0, 0.3125, 1.03125], "texture": "#1"},
				"south": {"uv": [0, 0, 2, 1.03125], "texture": "#1"},
				"west": {"uv": [0, 0, 0.3125, 1.03125], "texture": "#1"},
				"up": {"uv": [0, 0, 2, 0.3125], "texture": "#1"},
				"down": {"uv": [0, 0, 2, 0.3125], "texture": "#1"}
			}
		},
		{
			"from": [6.5, 7, 10.75],
			"to": [10.5, 8.5, 11.5],
			"rotation": {"angle": 0, "axis": "x", "origin": [9.25, 8, 7.5]},
			"faces": {
				"north": {"uv": [0, 0, 2, 0.75], "texture": "#1"},
				"east": {"uv": [0, 0, 0.375, 0.75], "texture": "#1"},
				"south": {"uv": [0, 0, 2, 0.75], "texture": "#1"},
				"west": {"uv": [0, 0, 0.375, 0.75], "texture": "#1"},
				"up": {"uv": [0, 0, 2, 0.375], "texture": "#1"},
				"down": {"uv": [0, 0, 2, 0.375], "texture": "#1"}
			}
		},
		{
			"from": [8, 7, 10.25],
			"to": [12, 8.5, 11.0625],
			"rotation": {"angle": 0, "axis": "x", "origin": [9.25, 8, 7.5]},
			"faces": {
				"north": {"uv": [0, 0, 2, 0.75], "texture": "#1"},
				"east": {"uv": [0, 0, 0.40625, 0.75], "texture": "#1"},
				"south": {"uv": [0, 0, 2, 0.75], "texture": "#1"},
				"west": {"uv": [0, 0, 0.40625, 0.75], "texture": "#1"},
				"up": {"uv": [0, 0, 2, 0.40625], "texture": "#1"},
				"down": {"uv": [0, 0, 2, 0.40625], "texture": "#1"}
			}
		},
		{
			"from": [4, 8.1875, 3.8125],
			"to": [7.5625, 9.75, 4.4375],
			"rotation": {"angle": 0, "axis": "x", "origin": [9.25, 8, 7.5]},
			"faces": {
				"north": {"uv": [0, 0, 1.78125, 0.78125], "texture": "#1"},
				"east": {"uv": [0, 0, 0.3125, 0.78125], "texture": "#1"},
				"south": {"uv": [0, 0, 1.78125, 0.78125], "texture": "#1"},
				"west": {"uv": [0, 0, 0.3125, 0.78125], "texture": "#1"},
				"up": {"uv": [0, 0, 1.78125, 0.3125], "texture": "#1"},
				"down": {"uv": [0, 0, 1.78125, 0.3125], "texture": "#1"}
			}
		},
		{
			"from": [6.5625, 7.75, 4.25],
			"to": [10.125, 9.3125, 4.875],
			"rotation": {"angle": 0, "axis": "x", "origin": [9.25, 8, 7.5]},
			"faces": {
				"north": {"uv": [0, 0, 1.78125, 0.78125], "texture": "#1"},
				"east": {"uv": [0, 0, 0.3125, 0.78125], "texture": "#1"},
				"south": {"uv": [0, 0, 1.78125, 0.78125], "texture": "#1"},
				"west": {"uv": [0, 0, 0.3125, 0.78125], "texture": "#1"},
				"up": {"uv": [0, 0, 1.78125, 0.3125], "texture": "#1"},
				"down": {"uv": [0, 0, 1.78125, 0.3125], "texture": "#1"}
			}
		},
		{
			"from": [9.8125, 7.1875, 4.625],
			"to": [13.375, 8.75, 5.25],
			"rotation": {"angle": 0, "axis": "x", "origin": [9.25, 8, 7.5]},
			"faces": {
				"north": {"uv": [0, 0, 1.78125, 0.78125], "texture": "#1"},
				"east": {"uv": [0, 0, 0.3125, 0.78125], "texture": "#1"},
				"south": {"uv": [0, 0, 1.78125, 0.78125], "texture": "#1"},
				"west": {"uv": [0, 0, 0.3125, 0.78125], "texture": "#1"},
				"up": {"uv": [0, 0, 1.78125, 0.3125], "texture": "#1"},
				"down": {"uv": [0, 0, 1.78125, 0.3125], "texture": "#1"}
			}
		},
		{
			"from": [9.8125, 8.1875, 5.125],
			"to": [13.375, 9.8125, 5.75],
			"rotation": {"angle": 0, "axis": "x", "origin": [9.25, 8, 7.5]},
			"faces": {
				"north": {"uv": [0, 0, 1.78125, 0.8125], "texture": "#1"},
				"east": {"uv": [0, 0, 0.3125, 0.8125], "texture": "#1"},
				"south": {"uv": [0, 0, 1.78125, 0.8125], "texture": "#1"},
				"west": {"uv": [0, 0, 0.3125, 0.8125], "texture": "#1"},
				"up": {"uv": [0, 0, 1.78125, 0.3125], "texture": "#1"},
				"down": {"uv": [0, 0, 1.78125, 0.3125], "texture": "#1"}
			}
		},
		{
			"from": [9.8125, 7.4375, 9.875],
			"to": [13.375, 9.375, 10.5],
			"rotation": {"angle": 0, "axis": "x", "origin": [9.25, 8, 7.5]},
			"faces": {
				"north": {"uv": [0, 0, 1.78125, 0.96875], "texture": "#1"},
				"east": {"uv": [0, 0, 0.3125, 0.96875], "texture": "#1"},
				"south": {"uv": [0, 0, 1.78125, 0.96875], "texture": "#1"},
				"west": {"uv": [0, 0, 0.3125, 0.96875], "texture": "#1"},
				"up": {"uv": [0, 0, 1.78125, 0.3125], "texture": "#1"},
				"down": {"uv": [0, 0, 1.78125, 0.3125], "texture": "#1"}
			}
		},
		{
			"from": [7.5625, 8.4375, 10.4375],
			"to": [11.125, 10.0625, 11.0625],
			"rotation": {"angle": 0, "axis": "x", "origin": [9.25, 8, 7.5]},
			"faces": {
				"north": {"uv": [0, 0, 1.78125, 0.8125], "texture": "#1"},
				"east": {"uv": [0, 0, 0.3125, 0.8125], "texture": "#1"},
				"south": {"uv": [0, 0, 1.78125, 0.8125], "texture": "#1"},
				"west": {"uv": [0, 0, 0.3125, 0.8125], "texture": "#1"},
				"up": {"uv": [0, 0, 1.78125, 0.3125], "texture": "#1"},
				"down": {"uv": [0, 0, 1.78125, 0.3125], "texture": "#1"}
			}
		},
		{
			"from": [4.0625, 8.4375, 10.4375],
			"to": [7.625, 11, 11.0625],
			"rotation": {"angle": 0, "axis": "x", "origin": [9.25, 8, 7.5]},
			"faces": {
				"north": {"uv": [0, 0, 1.78125, 1.28125], "texture": "#1"},
				"east": {"uv": [0, 0, 0.3125, 1.28125], "texture": "#1"},
				"south": {"uv": [0, 0, 1.78125, 1.28125], "texture": "#1"},
				"west": {"uv": [0, 0, 0.3125, 1.28125], "texture": "#1"},
				"up": {"uv": [0, 0, 1.78125, 0.3125], "texture": "#1"},
				"down": {"uv": [0, 0, 1.78125, 0.3125], "texture": "#1"}
			}
		},
		{
			"from": [3.9375, 8.4375, 4.0625],
			"to": [7.625, 11.5, 4.8125],
			"rotation": {"angle": 0, "axis": "x", "origin": [9.25, 8, 7.5]},
			"faces": {
				"north": {"uv": [0, 0, 1.84375, 1.53125], "texture": "#1"},
				"east": {"uv": [0, 0, 0.375, 1.53125], "texture": "#1"},
				"south": {"uv": [0, 0, 1.84375, 1.53125], "texture": "#1"},
				"west": {"uv": [0, 0, 0.375, 1.53125], "texture": "#1"},
				"up": {"uv": [0, 0, 1.84375, 0.375], "texture": "#1"},
				"down": {"uv": [0, 0, 1.84375, 0.375], "texture": "#1"}
			}
		},
		{
			"from": [6.5625, 8.4375, 4.875],
			"to": [10.125, 9.9375, 5.5],
			"rotation": {"angle": 0, "axis": "x", "origin": [9.25, 8, 7.5]},
			"faces": {
				"north": {"uv": [0, 0, 1.78125, 0.75], "texture": "#1"},
				"east": {"uv": [0, 0, 0.3125, 0.75], "texture": "#1"},
				"south": {"uv": [0, 0, 1.78125, 0.75], "texture": "#1"},
				"west": {"uv": [0, 0, 0.3125, 0.75], "texture": "#1"},
				"up": {"uv": [0, 0, 1.78125, 0.3125], "texture": "#1"},
				"down": {"uv": [0, 0, 1.78125, 0.3125], "texture": "#1"}
			}
		},
		{
			"from": [3.8125, 11.625, 7.125],
			"to": [8.375, 13.625, 7.5625],
			"rotation": {"angle": 0, "axis": "x", "origin": [9.25, 8, 7.5]},
			"faces": {
				"north": {"uv": [0, 0, 2.28125, 1], "rotation": 180, "texture": "#1"},
				"east": {"uv": [0, 0, 1, 0.21875], "rotation": 90, "texture": "#1"},
				"south": {"uv": [0, 0, 2.28125, 1], "texture": "#1"},
				"west": {"uv": [0, 0, 1, 0.21875], "rotation": 270, "texture": "#1"},
				"up": {"uv": [0, 0, 2.28125, 0.21875], "texture": "#1"},
				"down": {"uv": [0, 0, 2.28125, 0.21875], "rotation": 180, "texture": "#1"}
			}
		},
		{
			"from": [3.8125, 11.5625, 7.5625],
			"to": [7.375, 13.4375, 8.625],
			"rotation": {"angle": 0, "axis": "x", "origin": [9.25, 8, 7.5]},
			"faces": {
				"north": {"uv": [0, 0, 1.78125, 0.9375], "rotation": 180, "texture": "#1"},
				"east": {"uv": [0, 0, 0.9375, 0.53125], "rotation": 90, "texture": "#1"},
				"south": {"uv": [0, 0, 1.78125, 0.9375], "texture": "#1"},
				"west": {"uv": [0, 0, 0.9375, 0.53125], "rotation": 270, "texture": "#1"},
				"up": {"uv": [0, 0, 1.78125, 0.53125], "texture": "#1"},
				"down": {"uv": [0, 0, 1.78125, 0.53125], "rotation": 180, "texture": "#1"}
			}
		},
		{
			"from": [3.9375, 11.44347, 4.41973],
			"to": [7.3125, 12.63097, 7.85723],
			"rotation": {"angle": 45, "axis": "x", "origin": [9.25, 8, 7.5]},
			"faces": {
				"north": {"uv": [0, 0, 1.6875, 0.59375], "rotation": 180, "texture": "#1"},
				"east": {"uv": [0, 0, 1.71875, 0.59375], "rotation": 180, "texture": "#1"},
				"south": {"uv": [0, 0, 1.6875, 0.59375], "rotation": 180, "texture": "#1"},
				"west": {"uv": [0, 0, 1.71875, 0.59375], "rotation": 180, "texture": "#1"},
				"up": {"uv": [0, 0, 1.6875, 1.71875], "texture": "#1"},
				"down": {"uv": [0, 0, 1.6875, 1.71875], "texture": "#1"}
			}
		},
		{
			"from": [3.9375, 11.95312, 5.76743],
			"to": [7.5, 12.51562, 7.89243],
			"rotation": {"angle": -22.5, "axis": "x", "origin": [9.25, 8, 7.5]},
			"faces": {
				"north": {"uv": [0, 0, 1.78125, 0.28125], "rotation": 180, "texture": "#1"},
				"east": {"uv": [0, 0, 1.0625, 0.28125], "rotation": 180, "texture": "#1"},
				"south": {"uv": [0, 0, 1.78125, 0.28125], "rotation": 180, "texture": "#1"},
				"west": {"uv": [0, 0, 1.0625, 0.28125], "rotation": 180, "texture": "#1"},
				"up": {"uv": [0, 0, 1.78125, 1.0625], "texture": "#1"},
				"down": {"uv": [0, 0, 1.78125, 1.0625], "texture": "#1"}
			}
		},
		{
			"from": [3.8125, 11.5625, 6.0625],
			"to": [7.375, 12.875, 7.125],
			"rotation": {"angle": 0, "axis": "x", "origin": [9.25, 8, 7.5]},
			"faces": {
				"north": {"uv": [0, 0, 1.78125, 0.65625], "rotation": 180, "texture": "#1"},
				"east": {"uv": [0, 0, 0.65625, 0.53125], "rotation": 90, "texture": "#1"},
				"south": {"uv": [0, 0, 1.78125, 0.65625], "texture": "#1"},
				"west": {"uv": [0, 0, 0.65625, 0.53125], "rotation": 270, "texture": "#1"},
				"up": {"uv": [0, 0, 1.78125, 0.53125], "texture": "#1"},
				"down": {"uv": [0, 0, 1.78125, 0.53125], "rotation": 180, "texture": "#1"}
			}
		},
		{
			"from": [6.21713, 10.84666, 7.0625],
			"to": [10.21713, 12.84666, 7.625],
			"rotation": {"angle": -22.5, "axis": "z", "origin": [9.25, 8, 7.5]},
			"faces": {
				"north": {"uv": [0, 0, 2, 1], "rotation": 180, "texture": "#1"},
				"east": {"uv": [0, 0, 1, 0.28125], "rotation": 90, "texture": "#1"},
				"south": {"uv": [0, 0, 2, 1], "texture": "#1"},
				"west": {"uv": [0, 0, 1, 0.28125], "rotation": 270, "texture": "#1"},
				"up": {"uv": [0, 0, 2, 0.28125], "texture": "#1"},
				"down": {"uv": [0, 0, 2, 0.28125], "rotation": 180, "texture": "#1"}
			}
		},
		{
			"from": [8.26386, 10.78055, 7.125],
			"to": [15.38886, 13.28055, 7.5625],
			"rotation": {"angle": -45, "axis": "z", "origin": [9.25, 8, 7.5]},
			"faces": {
				"north": {"uv": [0, 0, 3.5625, 1.25], "rotation": 180, "texture": "#1"},
				"east": {"uv": [0, 0, 1.25, 0.21875], "rotation": 90, "texture": "#1"},
				"south": {"uv": [0, 0, 3.5625, 1.25], "texture": "#1"},
				"west": {"uv": [0, 0, 1.25, 0.21875], "rotation": 270, "texture": "#1"},
				"up": {"uv": [0, 0, 3.5625, 0.21875], "texture": "#1"},
				"down": {"uv": [0, 0, 3.5625, 0.21875], "rotation": 180, "texture": "#1"}
			}
		},
		{
			"from": [14.02098, 0.54808, 7.0625],
			"to": [15.77098, 4.23558, 7.625],
			"rotation": {"angle": 22.5, "axis": "z", "origin": [9.25, 8, 7.5]},
			"faces": {
				"north": {"uv": [0, 0, 1.84375, 0.875], "rotation": 90, "texture": "#1"},
				"east": {"uv": [0, 0, 1.84375, 0.28125], "rotation": 90, "texture": "#1"},
				"south": {"uv": [0, 0, 1.84375, 0.875], "rotation": 90, "texture": "#1"},
				"west": {"uv": [0, 0, 1.84375, 0.28125], "rotation": 270, "texture": "#1"},
				"up": {"uv": [0, 0, 0.875, 0.28125], "texture": "#1"},
				"down": {"uv": [0, 0, 0.875, 0.28125], "rotation": 180, "texture": "#1"}
			}
		},
		{
			"from": [16.375, 0.0625, 7.125],
			"to": [17.5, 3.75, 7.5625],
			"rotation": {"angle": 0, "axis": "z", "origin": [9.25, 8, 7.5]},
			"faces": {
				"north": {"uv": [0, 0, 1.84375, 0.5625], "rotation": 90, "texture": "#1"},
				"east": {"uv": [0, 0, 1.84375, 0.21875], "rotation": 90, "texture": "#1"},
				"south": {"uv": [0, 0, 1.84375, 0.5625], "rotation": 90, "texture": "#1"},
				"west": {"uv": [0, 0, 1.84375, 0.21875], "rotation": 270, "texture": "#1"},
				"up": {"uv": [0, 0, 0.5625, 0.21875], "texture": "#1"},
				"down": {"uv": [0, 0, 0.5625, 0.21875], "rotation": 180, "texture": "#1"}
			}
		},
		{
			"from": [10.3164, 0, 12.60638],
			"to": [14.5039, 4.75, 13.23138],
			"rotation": {"angle": 45, "axis": "y", "origin": [9.25, 8, 7.5]},
			"faces": {
				"north": {"uv": [0, 0, 2.09375, 2.375], "texture": "#1"},
				"east": {"uv": [0, 0, 0.3125, 2.375], "texture": "#1"},
				"south": {"uv": [0, 0, 2.09375, 2.375], "texture": "#1"},
				"west": {"uv": [0, 0, 0.3125, 2.375], "texture": "#1"},
				"up": {"uv": [0, 0, 2.09375, 0.3125], "texture": "#1"},
				"down": {"uv": [0, 0, 2.09375, 0.3125], "texture": "#1"}
			}
		},
		{
			"from": [10.5039, 4.6875, 12.29388],
			"to": [14.5039, 7.4375, 12.91888],
			"rotation": {"angle": 45, "axis": "y", "origin": [9.25, 8, 7.5]},
			"faces": {
				"north": {"uv": [0, 0, 2, 1.375], "texture": "#1"},
				"east": {"uv": [0, 0, 0.3125, 1.375], "texture": "#1"},
				"south": {"uv": [0, 0, 2, 1.375], "texture": "#1"},
				"west": {"uv": [0, 0, 0.3125, 1.375], "texture": "#1"},
				"up": {"uv": [0, 0, 2, 0.3125], "texture": "#1"},
				"down": {"uv": [0, 0, 2, 0.3125], "texture": "#1"}
			}
		},
		{
			"from": [10.71361, 4.6875, 2.04451],
			"to": [14.65111, 7.375, 2.66951],
			"rotation": {"angle": -45, "axis": "y", "origin": [9.25, 8, 7.5]},
			"faces": {
				"north": {"uv": [0, 0, 1.96875, 1.34375], "texture": "#1"},
				"east": {"uv": [0, 0, 0.3125, 1.34375], "texture": "#1"},
				"south": {"uv": [0, 0, 1.96875, 1.34375], "texture": "#1"},
				"west": {"uv": [0, 0, 0.3125, 1.34375], "texture": "#1"},
				"up": {"uv": [0, 0, 1.96875, 0.3125], "rotation": 180, "texture": "#1"},
				"down": {"uv": [0, 0, 1.96875, 0.3125], "rotation": 180, "texture": "#1"}
			}
		},
		{
			"from": [10.71361, 0, 1.85701],
			"to": [14.90111, 4.75, 2.48201],
			"rotation": {"angle": -45, "axis": "y", "origin": [9.25, 8, 7.5]},
			"faces": {
				"north": {"uv": [0, 0, 2.09375, 2.375], "texture": "#1"},
				"east": {"uv": [0, 0, 0.3125, 2.375], "texture": "#1"},
				"south": {"uv": [0, 0, 2.09375, 2.375], "texture": "#1"},
				"west": {"uv": [0, 0, 0.3125, 2.375], "texture": "#1"},
				"up": {"uv": [0, 0, 2.09375, 0.3125], "rotation": 180, "texture": "#1"},
				"down": {"uv": [0, 0, 2.09375, 0.3125], "rotation": 180, "texture": "#1"}
			}
		},
		{
			"from": [6.9375, 10.93902, 3.98667],
			"to": [10.3125, 11.50152, 8.29917],
			"rotation": {"angle": 45, "axis": "x", "origin": [9.25, 8, 7.5]},
			"faces": {
				"north": {"uv": [0, 0, 1.6875, 0.28125], "rotation": 180, "texture": "#1"},
				"east": {"uv": [0, 0, 2.15625, 0.28125], "rotation": 180, "texture": "#1"},
				"south": {"uv": [0, 0, 1.6875, 0.28125], "rotation": 180, "texture": "#1"},
				"west": {"uv": [0, 0, 2.15625, 0.28125], "rotation": 180, "texture": "#1"},
				"up": {"uv": [0, 0, 1.6875, 2.15625], "texture": "#1"},
				"down": {"uv": [0, 0, 1.6875, 2.15625], "texture": "#1"}
			}
		},
		{
			"from": [10.3125, 9.75781, 4.91789],
			"to": [13.6875, 10.63281, 8.79289],
			"rotation": {"angle": 45, "axis": "x", "origin": [9.25, 8, 7.5]},
			"faces": {
				"north": {"uv": [0, 0, 1.6875, 0.4375], "rotation": 180, "texture": "#1"},
				"east": {"uv": [0, 0, 1.9375, 0.4375], "rotation": 180, "texture": "#1"},
				"south": {"uv": [0, 0, 1.6875, 0.4375], "rotation": 180, "texture": "#1"},
				"west": {"uv": [0, 0, 1.9375, 0.4375], "rotation": 180, "texture": "#1"},
				"up": {"uv": [0, 0, 1.6875, 1.9375], "texture": "#1"},
				"down": {"uv": [0, 0, 1.6875, 1.9375], "texture": "#1"}
			}
		},
		{
			"from": [6.9375, 10.49708, 7.08027],
			"to": [10.25, 11.05958, 10.89277],
			"rotation": {"angle": -45, "axis": "x", "origin": [9.25, 8, 7.5]},
			"faces": {
				"north": {"uv": [0, 0, 1.65625, 0.28125], "rotation": 180, "texture": "#1"},
				"east": {"uv": [0, 0, 1.90625, 0.28125], "rotation": 180, "texture": "#1"},
				"south": {"uv": [0, 0, 1.65625, 0.28125], "rotation": 180, "texture": "#1"},
				"west": {"uv": [0, 0, 1.90625, 0.28125], "rotation": 180, "texture": "#1"},
				"up": {"uv": [0, 0, 1.65625, 1.90625], "texture": "#1"},
				"down": {"uv": [0, 0, 1.65625, 1.90625], "texture": "#1"}
			}
		},
		{
			"from": [10.25, 9.94086, 6.77405],
			"to": [13.625, 10.56586, 9.39905],
			"rotation": {"angle": -45, "axis": "x", "origin": [9.25, 8, 7.5]},
			"faces": {
				"north": {"uv": [0, 0, 1.6875, 0.3125], "rotation": 180, "texture": "#1"},
				"east": {"uv": [0, 0, 1.3125, 0.3125], "rotation": 180, "texture": "#1"},
				"south": {"uv": [0, 0, 1.6875, 0.3125], "rotation": 180, "texture": "#1"},
				"west": {"uv": [0, 0, 1.3125, 0.3125], "rotation": 180, "texture": "#1"},
				"up": {"uv": [0, 0, 1.6875, 1.3125], "texture": "#1"},
				"down": {"uv": [0, 0, 1.6875, 1.3125], "texture": "#1"}
			}
		},
		{
			"from": [4, 9.9375, 4.25],
			"to": [7.5625, 11.4375, 9.8125],
			"rotation": {"angle": 0, "axis": "x", "origin": [9.25, 8, 7.5]},
			"faces": {
				"north": {"uv": [0, 0, 1.78125, 0.75], "texture": "#1"},
				"east": {"uv": [0, 0, 2.78125, 0.75], "texture": "#1"},
				"south": {"uv": [0, 0, 1.78125, 0.75], "texture": "#1"},
				"west": {"uv": [0, 0, 2.78125, 0.75], "texture": "#1"},
				"up": {"uv": [0, 0, 1.78125, 2.78125], "texture": "#1"},
				"down": {"uv": [0, 0, 1.78125, 2.78125], "texture": "#1"}
			}
		},
		{
			"from": [6.9375, 10.18772, 4.73798],
			"to": [10.3125, 10.93772, 9.05048],
			"rotation": {"angle": 45, "axis": "x", "origin": [9.25, 8, 7.5]},
			"faces": {
				"north": {"uv": [0, 0, 1.6875, 0.375], "rotation": 180, "texture": "#1"},
				"east": {"uv": [0, 0, 2.15625, 0.375], "rotation": 180, "texture": "#1"},
				"south": {"uv": [0, 0, 1.6875, 0.375], "rotation": 180, "texture": "#1"},
				"west": {"uv": [0, 0, 2.15625, 0.375], "rotation": 180, "texture": "#1"},
				"up": {"uv": [0, 0, 1.6875, 2.15625], "texture": "#1"},
				"down": {"uv": [0, 0, 1.6875, 2.15625], "texture": "#1"}
			}
		},
		{
			"from": [10.40425, 6.6875, 2.47887],
			"to": [14.40425, 9.3125, 6.22887],
			"rotation": {"angle": -45, "axis": "y", "origin": [9.25, 8, 7.5]},
			"faces": {
				"north": {"uv": [0, 0, 2, 1.3125], "texture": "#1"},
				"east": {"uv": [0, 0, 1.875, 1.3125], "texture": "#1"},
				"south": {"uv": [0, 0, 2, 1.3125], "texture": "#1"},
				"west": {"uv": [0, 0, 1.875, 1.3125], "texture": "#1"},
				"up": {"uv": [0, 0, 2, 1.875], "rotation": 180, "texture": "#1"},
				"down": {"uv": [0, 0, 2, 1.875], "rotation": 180, "texture": "#1"}
			}
		},
		{
			"from": [11.71675, 8, 3.10387],
			"to": [13.46675, 9.9375, 5.22887],
			"rotation": {"angle": -45, "axis": "y", "origin": [9.25, 8, 7.5]},
			"faces": {
				"north": {"uv": [0, 0, 0.875, 0.96875], "texture": "#1"},
				"east": {"uv": [0, 0, 1.0625, 0.96875], "texture": "#1"},
				"south": {"uv": [0, 0, 0.875, 0.96875], "texture": "#1"},
				"west": {"uv": [0, 0, 1.0625, 0.96875], "texture": "#1"},
				"up": {"uv": [0, 0, 0.875, 1.0625], "rotation": 180, "texture": "#1"},
				"down": {"uv": [0, 0, 0.875, 1.0625], "rotation": 180, "texture": "#1"}
			}
		},
		{
			"from": [11.71675, 8.5625, 3.66637],
			"to": [12.90425, 10.5, 5.22887],
			"rotation": {"angle": -45, "axis": "y", "origin": [9.25, 8, 7.5]},
			"faces": {
				"north": {"uv": [0, 0, 0.59375, 0.96875], "texture": "#1"},
				"east": {"uv": [0, 0, 0.78125, 0.96875], "texture": "#1"},
				"south": {"uv": [0, 0, 0.59375, 0.96875], "texture": "#1"},
				"west": {"uv": [0, 0, 0.78125, 0.96875], "texture": "#1"},
				"up": {"uv": [0, 0, 0.59375, 0.78125], "rotation": 180, "texture": "#1"},
				"down": {"uv": [0, 0, 0.59375, 0.78125], "rotation": 180, "texture": "#1"}
			}
		},
		{
			"from": [3.6875, -0.125, 3.9375],
			"to": [7.1875, 7.4375, 11.8125],
			"rotation": {"angle": 0, "axis": "y", "origin": [14.3125, 3.5625, 15.5]},
			"faces": {
				"north": {"uv": [0, 0, 1.75, 3.78125], "texture": "#0"},
				"east": {"uv": [0, 0, 3.9375, 3.78125], "texture": "#0"},
				"south": {"uv": [0, 0, 1.75, 3.78125], "texture": "#0"},
				"west": {"uv": [0, 0, 3.9375, 3.78125], "texture": "#0"},
				"up": {"uv": [0, 0, 1.75, 3.9375], "texture": "#0"},
				"down": {"uv": [0, 0, 1.75, 3.9375], "texture": "#0"}
			}
		},
		{
			"from": [3.8125, 0, 4.9375],
			"to": [9.8125, 9.875, 10.9375],
			"rotation": {"angle": 0, "axis": "y", "origin": [14.3125, 8, 15.5]},
			"faces": {
				"north": {"uv": [0, 0, 3, 4.9375], "texture": "#0"},
				"east": {"uv": [0, 0, 3, 4.9375], "texture": "#0"},
				"south": {"uv": [0, 0, 3, 4.9375], "texture": "#0"},
				"west": {"uv": [0, 0, 3, 4.9375], "texture": "#0"},
				"up": {"uv": [0, 0, 3, 3], "texture": "#0"},
				"down": {"uv": [0, 0, 3, 3], "texture": "#0"}
			}
		},
		{
			"from": [4.875, -0.125, 4.9375],
			"to": [14.75, 0.125, 10.0625],
			"rotation": {"angle": 0, "axis": "y", "origin": [15.5, 3.5625, 15.5]},
			"faces": {
				"north": {"uv": [0, 0, 4.9375, 0.125], "texture": "#0"},
				"east": {"uv": [0, 0, 2.5625, 0.125], "texture": "#0"},
				"south": {"uv": [0, 0, 4.9375, 0.125], "texture": "#0"},
				"west": {"uv": [0, 0, 2.5625, 0.125], "texture": "#0"},
				"up": {"uv": [0, 0, 4.9375, 2.5625], "texture": "#0"},
				"down": {"uv": [0, 0, 4.9375, 2.5625], "texture": "#0"}
			}
		},
		{
			"from": [4.875, -0.125, 4.6875],
			"to": [10.5, 0.125, 10.9375],
			"rotation": {"angle": 0, "axis": "y", "origin": [15.5, 3.5625, 15.5]},
			"faces": {
				"north": {"uv": [0, 0, 2.8125, 0.125], "texture": "#0"},
				"east": {"uv": [0, 0, 3.125, 0.125], "texture": "#0"},
				"south": {"uv": [0, 0, 2.8125, 0.125], "texture": "#0"},
				"west": {"uv": [0, 0, 3.125, 0.125], "texture": "#0"},
				"up": {"uv": [0, 0, 2.8125, 3.125], "texture": "#0"},
				"down": {"uv": [0, 0, 2.8125, 3.125], "texture": "#0"}
			}
		},
		{
			"from": [17.4375, -0.125, 2.875],
			"to": [20.25, 0.125, 5.5625],
			"rotation": {"angle": 45, "axis": "y", "origin": [20.875, 3.5625, 10.875]},
			"faces": {
				"north": {"uv": [0, 0, 1.40625, 0.125], "texture": "#0"},
				"east": {"uv": [0, 0, 1.34375, 0.125], "texture": "#0"},
				"south": {"uv": [0, 0, 1.40625, 0.125], "texture": "#0"},
				"west": {"uv": [0, 0, 1.34375, 0.125], "texture": "#0"},
				"up": {"uv": [0, 0, 1.40625, 1.34375], "texture": "#0"},
				"down": {"uv": [0, 0, 1.40625, 1.34375], "texture": "#0"}
			}
		}
	],
	"display": {
		"thirdperson_righthand": {
			"rotation": [79, -94, 0],
			"scale": [0.27, 0.28, 0.28]
		},
		"thirdperson_lefthand": {
			"rotation": [68, 99, 0],
			"scale": [0.24, 0.27, 0.28]
		},
		"firstperson_righthand": {
			"rotation": [0, 61, 0],
			"translation": [0, 4.25, 0],
			"scale": [0.51, 0.52, 0.51]
		},
		"firstperson_lefthand": {
			"rotation": [0, -114, 0],
			"translation": [0, 3.75, 0],
			"scale": [0.51, 0.52, 0.49]
		},
		"head": {
			"rotation": [0, -90, 0],
			"translation": [0.25, 8, 0.5],
			"scale": [1.8, 1.81, 1.8]
		}
	},
	"groups": [
		{
			"name": "group",
			"origin": [20.875, 3.5625, 10.875],
			"children": [0, 1, 2, 3, 4, 5, 6, 7, 8, 9, 10, 11, 12, 13, 14, 15, 16, 17, 18, 19, 20, 21, 22, 23, 24, 25, 26, 27, 28, 29, 30, 31, 32, 33, 34, 35, 36, 37, 38, 39, 40, 41, 42, 43, 44, 45, 46, 47, 48, 49, 50, 51, 52, 53, 54, 55, 56, 57, 58, 59, 60]
		},
		{
			"name": "group",
			"origin": [20.875, 3.5625, 10.875],
			"children": [61, 62, 63, 64, 65]
		}
	]
}