{
	"credit": "Made with Blockbench",
	"textures": {
		"0": "custom/blade",
		"1": "custom/handle",
		"particle": "custom/blade"
	},
	"elements": [
		{
			"name": "handle",
			"from": [7, 0, 7],
			"to": [7.375, 2.5, 7.4375],
			"rotation": {"angle": 0, "axis": "y", "origin": [7.1875, 0.8125, 7.25]},
			"faces": {
				"north": {"uv": [0, 0, 2, 12], "texture": "#1"},
				"east": {"uv": [0, 0, 2, 12], "texture": "#1"},
				"south": {"uv": [0, 0, 2, 12], "texture": "#1"},
				"west": {"uv": [0, 0, 2, 12], "texture": "#1"},
				"up": {"uv": [14, 0, 16, 2], "texture": "#1"},
				"down": {"uv": [14, 0, 16, 2], "texture": "#1"}
			}
		},
		{
			"from": [7.0625, 2.25, 6.5625],
			"to": [7.3125, 5, 7.375],
			"rotation": {"angle": 0, "axis": "y", "origin": [7.1875, 0.8125, 7.25]},
			"faces": {
				"north": {"uv": [4, 0, 5, 9], "texture": "#0"},
				"east": {"uv": [12, 0, 9, 9], "texture": "#0"},
				"south": {"uv": [15, 0, 16, 9], "texture": "#0"},
				"west": {"uv": [9, 0, 12, 9], "texture": "#0"},
				"up": {"uv": [12, 11, 16, 15], "texture": "#0"},
				"down": {"uv": [12, 11, 16, 15], "texture": "#0"}
			}
		}
	],
	"display": {
		"thirdperson_righthand": {
			"translation": [2.5, 20.25, 4],
			"scale": [3, 3, 3]
		},
		"thirdperson_lefthand": {
			"translation": [-14.5, 20.25, 4],
			"scale": [3, 3, 3]
		},
		"firstperson_righthand": {
			"rotation": [-16, 0, 0],
			"translation": [3.5, 20, -1.75],
			"scale": [3, 3, 3]
		},
		"firstperson_lefthand": {
			"rotation": [-16, 0, 0],
			"translation": [0.25, 20, -1.75],
			"scale": [3, 3, 3]
		},
		"ground": {
			"translation": [0, 20, 0],
			"scale": [3, 3, 3]
		},
		"gui": {
			"rotation": [7, 113, -7],
			"translation": [1, 16.5, 0],
			"scale": [3, 3, 3]
		},
		"fixed": {
			"rotation": [0, -90, 0],
			"translation": [-2.75, 15.75, 0],
			"scale": [3, 3, 3]
		}
	},
	"groups": [
		{
			"name": "group",
			"origin": [15, 8, 15],
			"children": [0, 1]
		}
	]
}