{
	"credit": "Made with Blockbench",
	"textures": {
		"0": "custom/hammer_blood",
		"1": "custom/oak_planks",
		"particle": "custom/hammer_blood"
	},
	"elements": [
		{
			"from": [7, 0, 7],
			"to": [9, 22, 9],
			"faces": {
				"north": {"uv": [0, 0, 2, 16], "texture": "#1"},
				"east": {"uv": [0, 0, 2, 16], "texture": "#1"},
				"south": {"uv": [0, 0, 2, 16], "texture": "#1"},
				"west": {"uv": [0, 0, 2, 16], "texture": "#1"},
				"up": {"uv": [0, 0, 2, 2], "texture": "#1"},
				"down": {"uv": [0, 0, 2, 2], "texture": "#1"}
			}
		},
		{
			"from": [4, 16, 5.25],
			"to": [12, 21.5, 10.75],
			"faces": {
				"north": {"uv": [8, 1, 0, 6.5], "texture": "#0"},
				"east": {"uv": [7, 7, 16, 16], "texture": "#0"},
				"south": {"uv": [0, 1, 8, 6.5], "texture": "#0"},
				"west": {"uv": [1, 1, 8, 8], "texture": "#0"},
				"up": {"uv": [0, 1, 8, 6.5], "texture": "#0"},
				"down": {"uv": [0, 1, 8, 6.5], "texture": "#0"}
			}
		}
	],
	"display": {
		"thirdperson_righthand": {
			"rotation": [0, 90, 0],
			"translation": [0, 2.5, 1.75]
		},
		"thirdperson_lefthand": {
			"rotation": [0, -90, 0],
			"translation": [0, 2.5, 2.5]
		}
	}
}