{
	"credit": "Made with Blockbench",
	"textures": {
		"0": "custom/oak_planks",
		"particle": "custom/oak_planks"
	},
	"elements": [
		{
			"from": [7, 7.5, 0],
			"to": [9, 9.5, 16],
			"faces": {
				"north": {"uv": [0, 1, 3, 4], "texture": "#0"},
				"east": {"uv": [0, 5, 16, 8], "texture": "#0"},
				"south": {"uv": [9, 1, 12, 4], "texture": "#0"},
				"west": {"uv": [0, 1, 16, 4], "texture": "#0"},
				"up": {"uv": [0, 0, 2, 16], "texture": "#0"},
				"down": {"uv": [0, 0, 2, 16], "texture": "#0"}
			}
		}
	]
}