{
	"credit": "Made with Blockbench",
	"texture_size": [32, 32],
	"textures": {
		"0": "custom/Teeth",
		"1": "custom/skin",
		"2": "custom/Nose",
		"3": "custom/black",
		"particle": "custom/Teeth"
	},
	"elements": [
		{
			"from": [4.5, 4.75, 6],
			"to": [12.5, 5.5, 6.75],
			"rotation": {"angle": 0, "axis": "y", "origin": [8.25, 5.25, 6.5]},
			"faces": {
				"north": {"uv": [0, 0, 4, 0.375], "texture": "#1"},
				"east": {"uv": [0, 0, 0.375, 0.375], "texture": "#1"},
				"south": {"uv": [0, 0, 4, 0.375], "texture": "#1"},
				"west": {"uv": [0, 0, 0.375, 0.375], "texture": "#1"},
				"up": {"uv": [0, 0, 4, 0.375], "texture": "#1"},
				"down": {"uv": [0, 0, 4, 0.375], "texture": "#1"}
			}
		},
		{
			"from": [5.75, 8.5, 6],
			"to": [11.25, 9.25, 6.75],
			"rotation": {"angle": 0, "axis": "y", "origin": [8.25, 9, 6.5]},
			"faces": {
				"north": {"uv": [0, 0, 2.75, 0.375], "texture": "#1"},
				"east": {"uv": [0, 0, 0.375, 0.375], "texture": "#1"},
				"south": {"uv": [0, 0, 2.75, 0.375], "texture": "#1"},
				"west": {"uv": [0, 0, 0.375, 0.375], "texture": "#1"},
				"up": {"uv": [0, 0, 2.75, 0.375], "texture": "#1"},
				"down": {"uv": [0, 0, 2.75, 0.375], "texture": "#1"}
			}
		},
		{
			"from": [2.25, 7, 6],
			"to": [3, 10, 6.75],
			"rotation": {"angle": 0, "axis": "y", "origin": [2.5, 10, 6.5]},
			"faces": {
				"north": {"uv": [0, 0, 1.5, 0.375], "rotation": 90, "texture": "#1"},
				"east": {"uv": [0, 0, 1.5, 0.375], "rotation": 270, "texture": "#1"},
				"south": {"uv": [0, 0, 1.5, 0.375], "rotation": 270, "texture": "#1"},
				"west": {"uv": [0, 0, 1.5, 0.375], "rotation": 270, "texture": "#1"},
				"up": {"uv": [0, 0, 0.375, 0.375], "rotation": 270, "texture": "#1"},
				"down": {"uv": [0, 0, 0.375, 0.375], "rotation": 270, "texture": "#1"}
			}
		},
		{
			"from": [3, 10, 6],
			"to": [5, 10.75, 6.75],
			"rotation": {"angle": 0, "axis": "y", "origin": [5, 10.5, 6.5]},
			"faces": {
				"north": {"uv": [0, 0, 1, 0.375], "texture": "#1"},
				"east": {"uv": [0, 0, 0.375, 0.375], "texture": "#1"},
				"south": {"uv": [0, 0, 1, 0.375], "texture": "#1"},
				"west": {"uv": [0, 0, 0.375, 0.375], "texture": "#1"},
				"up": {"uv": [0, 0, 1, 0.375], "texture": "#1"},
				"down": {"uv": [0, 0, 1, 0.375], "texture": "#1"}
			}
		},
		{
			"from": [5, 9.25, 6],
			"to": [5.75, 10, 6.75],
			"rotation": {"angle": 0, "axis": "y", "origin": [5.25, 10, 6.5]},
			"faces": {
				"north": {"uv": [0, 0, 0.375, 0.375], "rotation": 90, "texture": "#1"},
				"east": {"uv": [0, 0, 0.375, 0.375], "rotation": 270, "texture": "#1"},
				"south": {"uv": [0, 0, 0.375, 0.375], "rotation": 270, "texture": "#1"},
				"west": {"uv": [0, 0, 0.375, 0.375], "rotation": 270, "texture": "#1"},
				"up": {"uv": [0, 0, 0.375, 0.375], "rotation": 270, "texture": "#1"},
				"down": {"uv": [0, 0, 0.375, 0.375], "rotation": 270, "texture": "#1"}
			}
		},
		{
			"from": [11.25, 9.25, 6],
			"to": [12, 10, 6.75],
			"rotation": {"angle": 0, "axis": "y", "origin": [11.5, 10, 6.5]},
			"faces": {
				"north": {"uv": [0, 0, 0.375, 0.375], "rotation": 90, "texture": "#1"},
				"east": {"uv": [0, 0, 0.375, 0.375], "rotation": 270, "texture": "#1"},
				"south": {"uv": [0, 0, 0.375, 0.375], "rotation": 270, "texture": "#1"},
				"west": {"uv": [0, 0, 0.375, 0.375], "rotation": 270, "texture": "#1"},
				"up": {"uv": [0, 0, 0.375, 0.375], "rotation": 270, "texture": "#1"},
				"down": {"uv": [0, 0, 0.375, 0.375], "rotation": 270, "texture": "#1"}
			}
		},
		{
			"from": [14, 7, 6],
			"to": [14.75, 10, 6.75],
			"rotation": {"angle": 0, "axis": "y", "origin": [14.25, 10, 6.5]},
			"faces": {
				"north": {"uv": [0, 0, 1.5, 0.375], "rotation": 90, "texture": "#1"},
				"east": {"uv": [0, 0, 1.5, 0.375], "rotation": 270, "texture": "#1"},
				"south": {"uv": [0, 0, 1.5, 0.375], "rotation": 270, "texture": "#1"},
				"west": {"uv": [0, 0, 1.5, 0.375], "rotation": 270, "texture": "#1"},
				"up": {"uv": [0, 0, 0.375, 0.375], "rotation": 270, "texture": "#1"},
				"down": {"uv": [0, 0, 0.375, 0.375], "rotation": 270, "texture": "#1"}
			}
		},
		{
			"from": [12, 10, 6],
			"to": [14, 10.75, 6.75],
			"rotation": {"angle": 0, "axis": "y", "origin": [14, 10.5, 6.5]},
			"faces": {
				"north": {"uv": [0, 0, 1, 0.375], "texture": "#1"},
				"east": {"uv": [0, 0, 0.375, 0.375], "texture": "#1"},
				"south": {"uv": [0, 0, 1, 0.375], "texture": "#1"},
				"west": {"uv": [0, 0, 0.375, 0.375], "texture": "#1"},
				"up": {"uv": [0, 0, 1, 0.375], "texture": "#1"},
				"down": {"uv": [0, 0, 1, 0.375], "texture": "#1"}
			}
		},
		{
			"from": [13.25, 6.25, 6],
			"to": [14, 7, 6.75],
			"rotation": {"angle": 0, "axis": "y", "origin": [13.5, 7, 6.5]},
			"faces": {
				"north": {"uv": [0, 0, 0.375, 0.375], "rotation": 90, "texture": "#1"},
				"east": {"uv": [0, 0, 0.375, 0.375], "rotation": 270, "texture": "#1"},
				"south": {"uv": [0, 0, 0.375, 0.375], "rotation": 270, "texture": "#1"},
				"west": {"uv": [0, 0, 0.375, 0.375], "rotation": 270, "texture": "#1"},
				"up": {"uv": [0, 0, 0.375, 0.375], "rotation": 270, "texture": "#1"},
				"down": {"uv": [0, 0, 0.375, 0.375], "rotation": 270, "texture": "#1"}
			}
		},
		{
			"from": [3, 6.25, 6],
			"to": [3.75, 7, 6.75],
			"rotation": {"angle": 0, "axis": "y", "origin": [3.25, 7, 6.5]},
			"faces": {
				"north": {"uv": [0, 0, 0.375, 0.375], "rotation": 90, "texture": "#1"},
				"east": {"uv": [0, 0, 0.375, 0.375], "rotation": 270, "texture": "#1"},
				"south": {"uv": [0, 0, 0.375, 0.375], "rotation": 270, "texture": "#1"},
				"west": {"uv": [0, 0, 0.375, 0.375], "rotation": 270, "texture": "#1"},
				"up": {"uv": [0, 0, 0.375, 0.375], "rotation": 270, "texture": "#1"},
				"down": {"uv": [0, 0, 0.375, 0.375], "rotation": 270, "texture": "#1"}
			}
		},
		{
			"from": [3.75, 5.5, 6],
			"to": [4.5, 6.25, 6.75],
			"rotation": {"angle": 0, "axis": "y", "origin": [4, 6.25, 6.5]},
			"faces": {
				"north": {"uv": [0, 0, 0.375, 0.375], "rotation": 90, "texture": "#1"},
				"east": {"uv": [0, 0, 0.375, 0.375], "rotation": 270, "texture": "#1"},
				"south": {"uv": [0, 0, 0.375, 0.375], "rotation": 270, "texture": "#1"},
				"west": {"uv": [0, 0, 0.375, 0.375], "rotation": 270, "texture": "#1"},
				"up": {"uv": [0, 0, 0.375, 0.375], "rotation": 270, "texture": "#1"},
				"down": {"uv": [0, 0, 0.375, 0.375], "rotation": 270, "texture": "#1"}
			}
		},
		{
			"from": [12.5, 5.5, 6],
			"to": [13.25, 6.25, 6.75],
			"rotation": {"angle": 0, "axis": "y", "origin": [12.75, 6.25, 6.5]},
			"faces": {
				"north": {"uv": [0, 0, 0.375, 0.375], "rotation": 90, "texture": "#1"},
				"east": {"uv": [0, 0, 0.375, 0.375], "rotation": 270, "texture": "#1"},
				"south": {"uv": [0, 0, 0.375, 0.375], "rotation": 270, "texture": "#1"},
				"west": {"uv": [0, 0, 0.375, 0.375], "rotation": 270, "texture": "#1"},
				"up": {"uv": [0, 0, 0.375, 0.375], "rotation": 270, "texture": "#1"},
				"down": {"uv": [0, 0, 0.375, 0.375], "rotation": 270, "texture": "#1"}
			}
		},
		{
			"from": [6.125, 6.875, 5.75],
			"to": [6.875, 8.5, 6.5],
			"rotation": {"angle": 0, "axis": "y", "origin": [6.625, 8, 6.25]},
			"faces": {
				"north": {"uv": [0, 0, 0.375, 0.8125], "texture": "#0"},
				"east": {"uv": [0, 0, 0.375, 0.8125], "texture": "#0"},
				"south": {"uv": [0, 0, 0.375, 0.8125], "texture": "#0"},
				"west": {"uv": [0, 0, 0.375, 0.8125], "texture": "#0"},
				"up": {"uv": [0, 0, 0.375, 0.375], "texture": "#0"},
				"down": {"uv": [0, 0, 0.375, 0.375], "texture": "#0"}
			}
		},
		{
			"from": [7.125, 7.75, 5.75],
			"to": [7.875, 8.5, 6.5],
			"rotation": {"angle": 0, "axis": "y", "origin": [7.625, 8, 6.25]},
			"faces": {
				"north": {"uv": [0, 0, 0.375, 0.375], "texture": "#0"},
				"east": {"uv": [0, 0, 0.375, 0.375], "texture": "#0"},
				"south": {"uv": [0, 0, 0.375, 0.375], "texture": "#0"},
				"west": {"uv": [0, 0, 0.375, 0.375], "texture": "#0"},
				"up": {"uv": [0, 0, 0.375, 0.375], "texture": "#0"},
				"down": {"uv": [0, 0, 0.375, 0.375], "texture": "#0"}
			}
		},
		{
			"from": [8.125, 6.9375, 5.75],
			"to": [8.875, 8.5, 6.5],
			"rotation": {"angle": 0, "axis": "y", "origin": [8.625, 8, 6.25]},
			"faces": {
				"north": {"uv": [0, 0, 0.375, 0.78125], "texture": "#0"},
				"east": {"uv": [0, 0, 0.375, 0.78125], "texture": "#0"},
				"south": {"uv": [0, 0, 0.375, 0.78125], "texture": "#0"},
				"west": {"uv": [0, 0, 0.375, 0.78125], "texture": "#0"},
				"up": {"uv": [0, 0, 0.375, 0.375], "texture": "#0"},
				"down": {"uv": [0, 0, 0.375, 0.375], "texture": "#0"}
			}
		},
		{
			"from": [9.125, 7.625, 5.75],
			"to": [9.875, 8.5, 6.5],
			"rotation": {"angle": 0, "axis": "y", "origin": [9.625, 8, 6.25]},
			"faces": {
				"north": {"uv": [0, 0, 0.375, 0.4375], "texture": "#0"},
				"east": {"uv": [0, 0, 0.375, 0.4375], "texture": "#0"},
				"south": {"uv": [0, 0, 0.375, 0.4375], "texture": "#0"},
				"west": {"uv": [0, 0, 0.375, 0.4375], "texture": "#0"},
				"up": {"uv": [0, 0, 0.375, 0.375], "texture": "#0"},
				"down": {"uv": [0, 0, 0.375, 0.375], "texture": "#0"}
			}
		},
		{
			"from": [10.125, 7.1875, 5.75],
			"to": [10.875, 8.5, 6.5],
			"rotation": {"angle": 0, "axis": "y", "origin": [10.625, 8, 6.25]},
			"faces": {
				"north": {"uv": [0, 0, 0.375, 0.65625], "texture": "#0"},
				"east": {"uv": [0, 0, 0.375, 0.65625], "texture": "#0"},
				"south": {"uv": [0, 0, 0.375, 0.65625], "texture": "#0"},
				"west": {"uv": [0, 0, 0.375, 0.65625], "texture": "#0"},
				"up": {"uv": [0, 0, 0.375, 0.375], "texture": "#0"},
				"down": {"uv": [0, 0, 0.375, 0.375], "texture": "#0"}
			}
		},
		{
			"from": [10.3125, 5.5, 5.75],
			"to": [11.0625, 6.5, 6.5],
			"rotation": {"angle": 0, "axis": "y", "origin": [10.5625, 6, 6.25]},
			"faces": {
				"north": {"uv": [0, 0, 0.375, 0.5], "rotation": 180, "texture": "#0"},
				"east": {"uv": [0, 0, 0.375, 0.5], "rotation": 180, "texture": "#0"},
				"south": {"uv": [0, 0, 0.375, 0.5], "rotation": 180, "texture": "#0"},
				"west": {"uv": [0, 0, 0.375, 0.5], "rotation": 180, "texture": "#0"},
				"up": {"uv": [0, 0, 0.375, 0.375], "rotation": 180, "texture": "#0"},
				"down": {"uv": [0, 0, 0.375, 0.375], "rotation": 180, "texture": "#0"}
			}
		},
		{
			"from": [9.25, 5.5, 5.75],
			"to": [10, 6.8125, 6.5],
			"rotation": {"angle": 0, "axis": "y", "origin": [9.5, 6, 6.25]},
			"faces": {
				"north": {"uv": [0, 0, 0.375, 0.65625], "rotation": 180, "texture": "#0"},
				"east": {"uv": [0, 0, 0.375, 0.65625], "rotation": 180, "texture": "#0"},
				"south": {"uv": [0, 0, 0.375, 0.65625], "rotation": 180, "texture": "#0"},
				"west": {"uv": [0, 0, 0.375, 0.65625], "rotation": 180, "texture": "#0"},
				"up": {"uv": [0, 0, 0.375, 0.375], "rotation": 180, "texture": "#0"},
				"down": {"uv": [0, 0, 0.375, 0.375], "rotation": 180, "texture": "#0"}
			}
		},
		{
			"from": [8, 5.5, 5.75],
			"to": [8.75, 6.25, 6.5],
			"rotation": {"angle": 0, "axis": "y", "origin": [8.25, 6, 6.25]},
			"faces": {
				"north": {"uv": [0, 0, 0.375, 0.375], "rotation": 180, "texture": "#0"},
				"east": {"uv": [0, 0, 0.375, 0.375], "rotation": 180, "texture": "#0"},
				"south": {"uv": [0, 0, 0.375, 0.375], "rotation": 180, "texture": "#0"},
				"west": {"uv": [0, 0, 0.375, 0.375], "rotation": 180, "texture": "#0"},
				"up": {"uv": [0, 0, 0.375, 0.375], "rotation": 180, "texture": "#0"},
				"down": {"uv": [0, 0, 0.375, 0.375], "rotation": 180, "texture": "#0"}
			}
		},
		{
			"from": [6.875, 5.5, 5.75],
			"to": [7.625, 6.8125, 6.5],
			"rotation": {"angle": 0, "axis": "y", "origin": [7.125, 6, 6.25]},
			"faces": {
				"north": {"uv": [0, 0, 0.375, 0.65625], "rotation": 180, "texture": "#0"},
				"east": {"uv": [0, 0, 0.375, 0.65625], "rotation": 180, "texture": "#0"},
				"south": {"uv": [0, 0, 0.375, 0.65625], "rotation": 180, "texture": "#0"},
				"west": {"uv": [0, 0, 0.375, 0.65625], "rotation": 180, "texture": "#0"},
				"up": {"uv": [0, 0, 0.375, 0.375], "rotation": 180, "texture": "#0"},
				"down": {"uv": [0, 0, 0.375, 0.375], "rotation": 180, "texture": "#0"}
			}
		},
		{
			"from": [5.8125, 5.5, 5.75],
			"to": [6.5625, 6.25, 6.5],
			"rotation": {"angle": 0, "axis": "y", "origin": [6.0625, 6, 6.25]},
			"faces": {
				"north": {"uv": [0, 0, 0.375, 0.375], "rotation": 180, "texture": "#0"},
				"east": {"uv": [0, 0, 0.375, 0.375], "rotation": 180, "texture": "#0"},
				"south": {"uv": [0, 0, 0.375, 0.375], "rotation": 180, "texture": "#0"},
				"west": {"uv": [0, 0, 0.375, 0.375], "rotation": 180, "texture": "#0"},
				"up": {"uv": [0, 0, 0.375, 0.375], "rotation": 180, "texture": "#0"},
				"down": {"uv": [0, 0, 0.375, 0.375], "rotation": 180, "texture": "#0"}
			}
		},
		{
			"from": [11.25, 7.75, 5.75],
			"to": [12, 9.25, 6.5],
			"rotation": {"angle": 0, "axis": "y", "origin": [11.75, 8.75, 6.25]},
			"faces": {
				"north": {"uv": [0, 0, 0.375, 0.75], "texture": "#0"},
				"east": {"uv": [0, 0, 0.375, 0.75], "texture": "#0"},
				"south": {"uv": [0, 0, 0.375, 0.75], "texture": "#0"},
				"west": {"uv": [0, 0, 0.375, 0.75], "texture": "#0"},
				"up": {"uv": [0, 0, 0.375, 0.375], "texture": "#0"},
				"down": {"uv": [0, 0, 0.375, 0.375], "texture": "#0"}
			}
		},
		{
			"from": [5, 8.125, 5.75],
			"to": [5.75, 9.25, 6.5],
			"rotation": {"angle": 0, "axis": "y", "origin": [5.5, 8.75, 6.25]},
			"faces": {
				"north": {"uv": [0, 0, 0.375, 0.5625], "texture": "#0"},
				"east": {"uv": [0, 0, 0.375, 0.5625], "texture": "#0"},
				"south": {"uv": [0, 0, 0.375, 0.5625], "texture": "#0"},
				"west": {"uv": [0, 0, 0.375, 0.5625], "texture": "#0"},
				"up": {"uv": [0, 0, 0.375, 0.375], "texture": "#0"},
				"down": {"uv": [0, 0, 0.375, 0.375], "texture": "#0"}
			}
		},
		{
			"from": [12.1875, 9.1875, 5.75],
			"to": [12.9375, 10, 6.5],
			"rotation": {"angle": 0, "axis": "y", "origin": [12.6875, 9.5, 6.25]},
			"faces": {
				"north": {"uv": [0, 0, 0.375, 0.40625], "texture": "#0"},
				"east": {"uv": [0, 0, 0.375, 0.40625], "texture": "#0"},
				"south": {"uv": [0, 0, 0.375, 0.40625], "texture": "#0"},
				"west": {"uv": [0, 0, 0.375, 0.40625], "texture": "#0"},
				"up": {"uv": [0, 0, 0.375, 0.375], "texture": "#0"},
				"down": {"uv": [0, 0, 0.375, 0.375], "texture": "#0"}
			}
		},
		{
			"from": [13.1875, 8.3125, 5.75],
			"to": [13.9375, 10, 6.5],
			"rotation": {"angle": 0, "axis": "y", "origin": [13.6875, 9.5, 6.25]},
			"faces": {
				"north": {"uv": [0, 0, 0.375, 0.84375], "texture": "#0"},
				"east": {"uv": [0, 0, 0.375, 0.84375], "texture": "#0"},
				"south": {"uv": [0, 0, 0.375, 0.84375], "texture": "#0"},
				"west": {"uv": [0, 0, 0.375, 0.84375], "texture": "#0"},
				"up": {"uv": [0, 0, 0.375, 0.375], "texture": "#0"},
				"down": {"uv": [0, 0, 0.375, 0.375], "texture": "#0"}
			}
		},
		{
			"from": [4.0625, 9.5, 5.75],
			"to": [4.8125, 10, 6.5],
			"rotation": {"angle": 0, "axis": "y", "origin": [4.5625, 9.5, 6.25]},
			"faces": {
				"north": {"uv": [0, 0, 0.375, 0.25], "texture": "#0"},
				"east": {"uv": [0, 0, 0.375, 0.25], "texture": "#0"},
				"south": {"uv": [0, 0, 0.375, 0.25], "texture": "#0"},
				"west": {"uv": [0, 0, 0.375, 0.25], "texture": "#0"},
				"up": {"uv": [0, 0, 0.375, 0.375], "texture": "#0"},
				"down": {"uv": [0, 0, 0.375, 0.375], "texture": "#0"}
			}
		},
		{
			"from": [3.0625, 9.125, 5.75],
			"to": [3.8125, 10, 6.5],
			"rotation": {"angle": 0, "axis": "y", "origin": [3.5625, 9.5, 6.25]},
			"faces": {
				"north": {"uv": [0, 0, 0.375, 0.4375], "texture": "#0"},
				"east": {"uv": [0, 0, 0.375, 0.4375], "texture": "#0"},
				"south": {"uv": [0, 0, 0.375, 0.4375], "texture": "#0"},
				"west": {"uv": [0, 0, 0.375, 0.4375], "texture": "#0"},
				"up": {"uv": [0, 0, 0.375, 0.375], "texture": "#0"},
				"down": {"uv": [0, 0, 0.375, 0.375], "texture": "#0"}
			}
		},
		{
			"from": [11.375, 5.5, 5.75],
			"to": [12.125, 7.25, 6.5],
			"rotation": {"angle": 0, "axis": "y", "origin": [11.875, 6.3125, 6.25]},
			"faces": {
				"north": {"uv": [0, 0, 0.375, 0.875], "texture": "#0"},
				"east": {"uv": [0, 0, 0.375, 0.875], "texture": "#0"},
				"south": {"uv": [0, 0, 0.375, 0.875], "texture": "#0"},
				"west": {"uv": [0, 0, 0.375, 0.875], "texture": "#0"},
				"up": {"uv": [0, 0, 0.375, 0.375], "texture": "#0"},
				"down": {"uv": [0, 0, 0.375, 0.375], "texture": "#0"}
			}
		},
		{
			"from": [12.5, 6.25, 5.75],
			"to": [13.25, 7.125, 6.5],
			"rotation": {"angle": 0, "axis": "y", "origin": [13, 7.0625, 6.25]},
			"faces": {
				"north": {"uv": [0, 0, 0.375, 0.4375], "texture": "#0"},
				"east": {"uv": [0, 0, 0.375, 0.4375], "texture": "#0"},
				"south": {"uv": [0, 0, 0.375, 0.4375], "texture": "#0"},
				"west": {"uv": [0, 0, 0.375, 0.4375], "texture": "#0"},
				"up": {"uv": [0, 0, 0.375, 0.375], "texture": "#0"},
				"down": {"uv": [0, 0, 0.375, 0.375], "texture": "#0"}
			}
		},
		{
			"from": [3.8125, 6.25, 5.75],
			"to": [4.5625, 7.1875, 6.5],
			"rotation": {"angle": 0, "axis": "y", "origin": [4.3125, 7.0625, 6.25]},
			"faces": {
				"north": {"uv": [0, 0, 0.375, 0.46875], "texture": "#0"},
				"east": {"uv": [0, 0, 0.375, 0.46875], "texture": "#0"},
				"south": {"uv": [0, 0, 0.375, 0.46875], "texture": "#0"},
				"west": {"uv": [0, 0, 0.375, 0.46875], "texture": "#0"},
				"up": {"uv": [0, 0, 0.375, 0.375], "texture": "#0"},
				"down": {"uv": [0, 0, 0.375, 0.375], "texture": "#0"}
			}
		},
		{
			"from": [4.75, 5.5, 5.75],
			"to": [5.5, 6.8125, 6.5],
			"rotation": {"angle": 0, "axis": "y", "origin": [5.25, 6.3125, 6.25]},
			"faces": {
				"north": {"uv": [0, 0, 0.375, 0.65625], "texture": "#0"},
				"east": {"uv": [0, 0, 0.375, 0.65625], "texture": "#0"},
				"south": {"uv": [0, 0, 0.375, 0.65625], "texture": "#0"},
				"west": {"uv": [0, 0, 0.375, 0.65625], "texture": "#0"},
				"up": {"uv": [0, 0, 0.375, 0.375], "texture": "#0"},
				"down": {"uv": [0, 0, 0.375, 0.375], "texture": "#0"}
			}
		},
		{
			"from": [6.9375, 10.0625, 4],
			"to": [9.9375, 13.0625, 7],
			"rotation": {"angle": 0, "axis": "y", "origin": [14.9375, 18.0625, 12]},
			"faces": {
				"north": {"uv": [0, 0, 1.5, 1.5], "texture": "#2"},
				"east": {"uv": [0, 0, 1.5, 1.5], "texture": "#2"},
				"south": {"uv": [0, 0, 1.5, 1.5], "texture": "#2"},
				"west": {"uv": [0, 0, 1.5, 1.5], "texture": "#2"},
				"up": {"uv": [0, 0, 1.5, 1.5], "texture": "#2"},
				"down": {"uv": [0, 0, 1.5, 1.5], "texture": "#2"}
			}
		},
		{
			"from": [3, 6.25, 6.25],
			"to": [5, 10, 6.875],
			"rotation": {"angle": 0, "axis": "y", "origin": [12.5, 15.75, 14]},
			"faces": {
				"north": {"uv": [0, 0, 1, 1.875], "texture": "#3"},
				"east": {"uv": [0, 0, 0.3125, 1.875], "texture": "#3"},
				"south": {"uv": [0, 0, 1, 1.875], "texture": "#3"},
				"west": {"uv": [0, 0, 0.3125, 1.875], "texture": "#3"},
				"up": {"uv": [0, 0, 1, 0.3125], "texture": "#3"},
				"down": {"uv": [0, 0, 1, 0.3125], "texture": "#3"}
			}
		},
		{
			"from": [4.5, 5.5, 6.25],
			"to": [12.5, 9.25, 6.875],
			"rotation": {"angle": 0, "axis": "y", "origin": [14, 15, 14]},
			"faces": {
				"north": {"uv": [0, 0, 4, 1.875], "texture": "#3"},
				"east": {"uv": [0, 0, 0.3125, 1.875], "texture": "#3"},
				"south": {"uv": [0, 0, 4, 1.875], "texture": "#3"},
				"west": {"uv": [0, 0, 0.3125, 1.875], "texture": "#3"},
				"up": {"uv": [0, 0, 4, 0.3125], "texture": "#3"},
				"down": {"uv": [0, 0, 4, 0.3125], "texture": "#3"}
			}
		},
		{
			"from": [12, 6.25, 6.25],
			"to": [14, 10, 6.875],
			"rotation": {"angle": 0, "axis": "y", "origin": [21.5, 15.75, 14]},
			"faces": {
				"north": {"uv": [0, 0, 1, 1.875], "texture": "#3"},
				"east": {"uv": [0, 0, 0.3125, 1.875], "texture": "#3"},
				"south": {"uv": [0, 0, 1, 1.875], "texture": "#3"},
				"west": {"uv": [0, 0, 0.3125, 1.875], "texture": "#3"},
				"up": {"uv": [0, 0, 1, 0.3125], "texture": "#3"},
				"down": {"uv": [0, 0, 1, 0.3125], "texture": "#3"}
			}
		}
	],
	"display": {
		"head": {
			"translation": [-0.5, -5.25, -5.25],
			"scale": [1.03, 1, 1]
		}
	},
	"groups": [
		{
			"name": "Outside",
			"origin": [12.75, 6.25, 6.5],
			"children": [0, 1, 2, 3, 4, 5, 6, 7, 8, 9, 10, 11]
		},
		{
			"name": "Teeth",
			"origin": [5.25, 6.3125, 6.25],
			"children": [12, 13, 14, 15, 16, 17, 18, 19, 20, 21, 22, 23, 24, 25, 26, 27, 28, 29, 30, 31]
		},
		{
			"name": "group",
			"origin": [8, 8, 8],
			"children": [32]
		},
		{
			"name": "Inside",
			"origin": [8, 8, 8],
			"children": [33, 34, 35]
		}
	]
}