{
	"credit": "Made with Blockbench",
	"texture_size": [64, 64],
	"textures": {
		"0": "custom/book_Inside",
		"1": "custom/BookTexture",
		"particle": "custom/book_Inside"
	},
	"elements": [
		{
			"from": [3.5, 0.5, 8],
			"to": [9.5, 1, 16],
			"rotation": {"angle": -45, "axis": "x", "origin": [8, 0.75, 7.5]},
			"faces": {
				"north": {"uv": [0, 0, 1.5, 0.125], "texture": "#0"},
				"east": {"uv": [0, 0, 2, 0.125], "texture": "#0"},
				"south": {"uv": [0, 0, 1.5, 0.125], "texture": "#0"},
				"west": {"uv": [0, 0, 15.5, 3], "texture": "#0"},
				"up": {"uv": [0, 0, 1.5, 2], "texture": "#0"},
				"down": {"uv": [0, 0, 1.5, 2], "texture": "#0"}
			}
		},
		{
			"from": [3.625, 1.625, 7.3125],
			"to": [9.5625, 9.5625, 8.25],
			"rotation": {"angle": 45, "axis": "x", "origin": [4.5, 1.25, 7.25]},
			"faces": {
				"north": {"uv": [2.5, 0, 13.75, 16], "texture": "#1"},
				"east": {"uv": [2.5, 0, 4, 16], "texture": "#1"},
				"south": {"uv": [10, 10.5, 3.75, 16], "texture": "#1"},
				"west": {"uv": [2.75, 0, 4, 16], "texture": "#1"},
				"up": {"uv": [6.5, 10.75, 12, 16], "texture": "#1"},
				"down": {"uv": [6.5, 10.75, 12, 16], "texture": "#1"}
			}
		},
		{
			"from": [8.5, 5.0625, 13],
			"to": [9, 5.3125, 14],
			"rotation": {"angle": -45, "axis": "x", "origin": [8.5, 6.5, 11.5]},
			"faces": {
				"north": {"uv": [15, 0.5, 16, 2.75], "rotation": 180, "texture": "#1"},
				"east": {"uv": [15, 0.75, 15.75, 3], "rotation": 270, "texture": "#1"},
				"south": {"uv": [15, 0.5, 16, 2.75], "texture": "#1"},
				"west": {"uv": [15, 0.5, 15.5, 2.75], "rotation": 90, "texture": "#1"},
				"up": {"uv": [14.75, 1, 15.5, 2.25], "rotation": 180, "texture": "#1"},
				"down": {"uv": [15, 1, 15.75, 2.25], "texture": "#1"}
			}
		}
	],
	"display": {
		"thirdperson_righthand": {
			"rotation": [-118, 0, -180],
			"translation": [-1.25, 3, 7]
		},
		"firstperson_righthand": {
			"rotation": [-146, 14, -180],
			"translation": [-4, 7.25, 6.5]
		},
		"firstperson_lefthand": {
			"rotation": [32, -180, -10],
			"translation": [1, 6.25, 4.75]
		},
		"ground": {
			"rotation": [-37, 0, 0],
			"translation": [0, 3.75, 0]
		},
		"gui": {
			"rotation": [-128, 3, -180],
			"translation": [-3.5, 1.25, 0],
			"scale": [2.3, 2, 2.3]
		},
		"head": {
			"rotation": [-35, 19, 44],
			"translation": [-4.25, 16.75, -4.75],
			"scale": [1.5, 1.5, 1.5]
		},
		"fixed": {
			"rotation": [-39, 0, 0],
			"translation": [0.25, 0, -7.25]
		}
	},
	"groups": [
		{
			"name": "InsideBook",
			"origin": [8, 0.75, 7.5],
			"children": [0]
		},
		{
			"name": "OutsideBook",
			"origin": [8, 8, 8],
			"children": [1]
		}, 2]
}