{"elements":[{"from":[6.7,2.7375000000000007,5.375],"to":[9.325,7.987500000000001,8],"rotation":{"angle":0,"axis":"y","origin":[3.5125,2.9250000000000007,6.875]},"faces":{"north":{"uv":[6,9.25,7,11],"texture":"#9"},"east":{"uv":[9.25,8,10.25,9.75],"texture":"#9"},"south":{"uv":[9.5,1.75,10.5,3.5],"texture":"#9"},"west":{"uv":[9.5,3.5,10.5,5.25],"texture":"#9"},"up":{"uv":[11.25,11.25,10.25,10.25],"texture":"#9"},"down":{"uv":[11.5,1,10.5,2],"texture":"#9"}}}],"textures":{"4":"minecraft:custom/demon_head","9":"minecraft:custom/demon_body"},"display":{"head":{"translation":[0,-6.4,0],"scale":[3.2,3.2,3.2],"rotation":[0,180,0]}},"texture_size":[64,64]}