{"elements":[{"from":[7.9875,4.3125,6.5125],"to":[10.9875,9.5625,9.5125],"rotation":{"angle":0,"axis":"y","origin":[4.9875,0,8.2]},"faces":{"north":{"uv":[7.25,8.25,8.25,10],"texture":"#9"},"east":{"uv":[8.25,8.25,9.25,10],"texture":"#9"},"south":{"uv":[8.5,2.75,9.5,4.5],"texture":"#9"},"west":{"uv":[4,8.5,5,10.25],"texture":"#9"},"up":{"uv":[6,11.25,5,10.25],"texture":"#9"},"down":{"uv":[11.25,7.25,10.25,8.25],"texture":"#9"}}}],"textures":{"4":"minecraft:custom/demon_head","9":"minecraft:custom/demon_body"},"display":{"head":{"translation":[0,-6.4,0],"scale":[3.2,3.2,3.2],"rotation":[0,180,0]}},"texture_size":[64,64]}