{"elements":[{"from":[4.9875,4.3125,6.5125],"to":[7.9875,9.5625,9.5125],"rotation":{"angle":0,"axis":"y","origin":[10.9875,0,8.2]},"faces":{"north":{"uv":[1,8.25,2,10],"texture":"#9"},"east":{"uv":[8.25,1,9.25,2.75],"texture":"#9"},"south":{"uv":[2,8.25,3,10],"texture":"#9"},"west":{"uv":[3,8.25,4,10],"texture":"#9"},"up":{"uv":[11.25,1,10.25,0],"texture":"#9"},"down":{"uv":[5,10.25,4,11.25],"texture":"#9"}}}],"textures":{"4":"minecraft:custom/demon_head","9":"minecraft:custom/demon_body"},"display":{"head":{"translation":[0,-6.4,0],"scale":[3.2,3.2,3.2],"rotation":[0,180,0]}},"texture_size":[64,64]}