{"elements":[{"from":[7,2.625,6.3125],"to":[10,8.125,9.3125],"rotation":{"angle":0,"axis":"y","origin":[10,7.9375,8]},"faces":{"north":{"uv":[1.25,6.5,2.25,8.25],"texture":"#9"},"east":{"uv":[2.25,6.5,3.25,8.25],"texture":"#9"},"south":{"uv":[3.25,6.5,4.25,8.25],"texture":"#9"},"west":{"uv":[4.25,6.75,5.25,8.5],"texture":"#9"},"up":{"uv":[1,10.75,0,9.75],"texture":"#9"}}},{"from":[7.125,2.875,6.4375],"to":[9.875,8.125,9.1875],"rotation":{"angle":0,"axis":"y","origin":[10,7.9375,8]},"faces":{"north":{"uv":[15,0,16,1.75],"texture":"#9"},"east":{"uv":[15,0,16,1.75],"texture":"#9"},"south":{"uv":[15,0,16,1.75],"texture":"#9"},"west":{"uv":[15,0,16,1.75],"texture":"#9"},"down":{"uv":[16,1,15,0],"texture":"#9"}}}],"textures":{"4":"minecraft:custom/demon_head","9":"minecraft:custom/demon_body"},"display":{"head":{"translation":[0,-6.4,0],"scale":[3.2,3.2,3.2],"rotation":[0,180,0]}},"texture_size":[64,64]}