{
	"credit": "Made with Blockbench",
	"textures": {
		"0": "block/stone",
		"particle": "block/stone"
	},
	"elements": [
		{
			"from": [0, 0, 0],
			"to": [16, 2, 16],
			"faces": {
				"north": {"uv": [0, 14, 16, 16], "texture": "#0"},
				"east": {"uv": [0, 0, 16, 2], "texture": "#0"},
				"south": {"uv": [0, 14, 16, 16], "texture": "#0"},
				"up": {"uv": [0, 0, 16, 16], "texture": "#0"}
			}
		},
		{
			"from": [0, 2, 0],
			"to": [12, 4, 16],
			"faces": {
				"north": {"uv": [4, 12, 16, 14], "texture": "#0"},
				"east": {"uv": [0, 12, 16, 14], "texture": "#0"},
				"south": {"uv": [0, 12, 12, 14], "texture": "#0"},
				"up": {"uv": [0, 0, 12, 16], "texture": "#0"}
			}
		},
		{
			"from": [0, 4, 0],
			"to": [8, 6, 16],
			"faces": {
				"north": {"uv": [8, 10, 16, 12], "texture": "#0"},
				"east": {"uv": [0, 10, 16, 12], "texture": "#0"},
				"south": {"uv": [0, 10, 8, 12], "texture": "#0"},
				"up": {"uv": [0, 0, 8, 16], "texture": "#0"}
			}
		},
		{
			"from": [0, 6, 0],
			"to": [6, 8, 16],
			"faces": {
				"north": {"uv": [10, 8, 16, 10], "texture": "#0"},
				"east": {"uv": [0, 8, 16, 10], "texture": "#0"},
				"south": {"uv": [0, 8, 6, 10], "texture": "#0"},
				"up": {"uv": [0, 0, 6, 16], "texture": "#0"},
				"down": {"uv": [0, 0, 6, 16], "texture": "#0"}
			}
		},
		{
			"from": [16, 0, 0],
			"to": [18, 2, 16],
			"faces": {
				"north": {"uv": [14, 14, 16, 16], "texture": "#0"},
				"east": {"uv": [0, 14, 16, 16], "texture": "#0"},
				"south": {"uv": [0, 14, 2, 16], "texture": "#0"},
				"west": {"uv": [0, 0, 16, 2], "texture": "#0"},
				"up": {"uv": [0, 0, 2, 16], "texture": "#0"}
			}
		},
		{
			"from": [0, 16, 0],
			"to": [2, 18, 16],
			"faces": {
				"north": {"uv": [0, 0, 2, 2], "texture": "#0"},
				"east": {"uv": [0, 14, 16, 16], "texture": "#0"},
				"south": {"uv": [0, 14, 2, 16], "texture": "#0"},
				"up": {"uv": [0, 0, 2, 16], "texture": "#0"}
			}
		},
		{
			"from": [0, 8, 0],
			"to": [4, 12, 16],
			"faces": {
				"north": {"uv": [12, 4, 16, 8], "texture": "#0"},
				"east": {"uv": [0, 4, 16, 8], "texture": "#0"},
				"south": {"uv": [0, 4, 4, 8], "texture": "#0"},
				"up": {"uv": [0, 0, 4, 16], "texture": "#0"}
			}
		},
		{
			"from": [0, 12, 0],
			"to": [2, 16, 16],
			"faces": {
				"north": {"uv": [14, 0, 16, 4], "texture": "#0"},
				"east": {"uv": [0, 0, 16, 4], "texture": "#0"},
				"south": {"uv": [0, 0, 2, 4], "texture": "#0"},
				"up": {"uv": [0, 0, 2, 16], "texture": "#0"}
			}
		}
	],
	"display": {
		"thirdperson_righthand": {
			"scale": [1.6, 1.6, 1.6]
		},
		"head": {
			"translation": [0, -30.425, 0],
			"scale": [1.6, 1.6, 1.6]
		}
	}
}