{
	"credit": "Made with Blockbench",
	"textures": {
		"0": "block/stone",
		"particle": "block/stone"
	},
	"elements": [
		{
			"from": [4, 4, 14],
			"to": [6, 10, 16],
			"rotation": {"angle": 0, "axis": "z", "origin": [10, 10, 0]},
			"faces": {
				"north": {"uv": [0, 0, 2, 6], "texture": "#0"},
				"east": {"uv": [11, 6, 12, 12], "texture": "#0"},
				"south": {"uv": [0, 0, 2, 6], "texture": "#0"},
				"up": {"uv": [3, 4, 5, 5], "texture": "#0"},
				"down": {"uv": [0, 0, 2, 1], "texture": "#0"}
			}
		},
		{
			"from": [2, 2, 14],
			"to": [4, 12, 16],
			"rotation": {"angle": 0, "axis": "z", "origin": [10, 10, 0]},
			"faces": {
				"north": {"uv": [13, 4, 15, 14], "texture": "#0"},
				"east": {"uv": [9, 5, 10, 15], "texture": "#0"},
				"south": {"uv": [0, 0, 2, 10], "texture": "#0"},
				"up": {"uv": [8, 6, 10, 7], "texture": "#0"},
				"down": {"uv": [0, 0, 2, 1], "texture": "#0"}
			}
		},
		{
			"from": [0, 0, 14],
			"to": [2, 14, 16],
			"rotation": {"angle": 0, "axis": "z", "origin": [10, 10, 0]},
			"faces": {
				"north": {"uv": [12, 0, 14, 14], "texture": "#0"},
				"east": {"uv": [0, 0, 1, 14], "texture": "#0"},
				"south": {"uv": [0, 0, 2, 14], "texture": "#0"},
				"up": {"uv": [8, 9, 10, 10], "texture": "#0"},
				"down": {"uv": [0, 0, 2, 1], "texture": "#0"}
			}
		},
		{
			"from": [-4, 0, 14],
			"to": [0, 16, 16],
			"rotation": {"angle": 0, "axis": "z", "origin": [10, 10, 0]},
			"faces": {
				"north": {"uv": [5, 0, 9, 16], "texture": "#0"},
				"east": {"uv": [9, 0, 10, 16], "texture": "#0"},
				"south": {"uv": [5, 0, 9, 16], "texture": "#0"},
				"west": {"uv": [4, 0, 5, 16], "texture": "#0"},
				"up": {"uv": [1, 2, 5, 3], "texture": "#0"}
			}
		},
		{
			"from": [-4, -14, 14],
			"to": [0, 0, 16],
			"rotation": {"angle": 0, "axis": "z", "origin": [10, 10, 0]},
			"faces": {
				"north": {"uv": [12, 2, 16, 16], "texture": "#0"},
				"east": {"uv": [0, 0, 1, 14], "texture": "#0"},
				"south": {"uv": [1, 2, 5, 16], "texture": "#0"},
				"west": {"uv": [6, 1, 7, 15], "texture": "#0"},
				"down": {"uv": [5, 7, 9, 8], "texture": "#0"}
			}
		},
		{
			"from": [-8, -2, 14],
			"to": [-4, 14, 16],
			"rotation": {"angle": 0, "axis": "z", "origin": [10, 10, 0]},
			"faces": {
				"north": {"uv": [0, 0, 4, 16], "texture": "#0"},
				"south": {"uv": [6, 0, 10, 16], "texture": "#0"},
				"west": {"uv": [9, 0, 10, 16], "texture": "#0"},
				"up": {"uv": [8, 10, 12, 11], "texture": "#0"}
			}
		},
		{
			"from": [-8, -12, 14],
			"to": [-4, -2, 16],
			"rotation": {"angle": 0, "axis": "z", "origin": [10, 10, 0]},
			"faces": {
				"north": {"uv": [4, 4, 8, 14], "texture": "#0"},
				"south": {"uv": [8, 1, 12, 11], "texture": "#0"},
				"west": {"uv": [10, 4, 11, 14], "texture": "#0"},
				"down": {"uv": [0, 2, 4, 3], "texture": "#0"}
			}
		},
		{
			"from": [-10, -4, 14],
			"to": [-8, 12, 16],
			"rotation": {"angle": 0, "axis": "z", "origin": [10, 10, 0]},
			"faces": {
				"north": {"uv": [2, 0, 4, 16], "texture": "#0"},
				"south": {"uv": [2, 0, 4, 16], "texture": "#0"},
				"west": {"uv": [2, 0, 3, 16], "texture": "#0"},
				"up": {"uv": [0, 10, 2, 11], "texture": "#0"}
			}
		},
		{
			"from": [-10, -10, 14],
			"to": [-8, -4, 16],
			"rotation": {"angle": 0, "axis": "z", "origin": [10, 10, 0]},
			"faces": {
				"north": {"uv": [0, 0, 2, 6], "texture": "#0"},
				"south": {"uv": [5, 5, 7, 11], "texture": "#0"},
				"west": {"uv": [4, 3, 5, 9], "texture": "#0"},
				"down": {"uv": [5, 10, 7, 11], "texture": "#0"}
			}
		},
		{
			"from": [-12, -6, 14],
			"to": [-10, 10, 16],
			"rotation": {"angle": 0, "axis": "z", "origin": [10, 10, 0]},
			"faces": {
				"north": {"uv": [3, 0, 5, 16], "texture": "#0"},
				"south": {"uv": [11, 0, 13, 16], "texture": "#0"},
				"west": {"uv": [2, 0, 3, 16], "texture": "#0"},
				"up": {"uv": [0, 0, 2, 1], "texture": "#0"}
			}
		},
		{
			"from": [-12, -8, 14],
			"to": [-10, -6, 16],
			"rotation": {"angle": 0, "axis": "z", "origin": [10, 10, 0]},
			"faces": {
				"north": {"uv": [9, 8, 11, 10], "texture": "#0"},
				"south": {"uv": [11, 0, 13, 2], "texture": "#0"},
				"west": {"uv": [2, 0, 3, 2], "texture": "#0"},
				"down": {"uv": [6, 7, 8, 8], "texture": "#0"}
			}
		},
		{
			"from": [-14, -4, 14],
			"to": [-12, 6, 16],
			"rotation": {"angle": 0, "axis": "z", "origin": [10, 10, 0]},
			"faces": {
				"north": {"uv": [11, 5, 13, 15], "texture": "#0"},
				"south": {"uv": [9, 6, 11, 16], "texture": "#0"},
				"west": {"uv": [11, 5, 12, 15], "texture": "#0"},
				"up": {"uv": [7, 7, 9, 8], "texture": "#0"},
				"down": {"uv": [8, 6, 10, 7], "texture": "#0"}
			}
		},
		{
			"from": [0, -14, 14],
			"to": [2, -4, 16],
			"rotation": {"angle": 0, "axis": "z", "origin": [10, 10, 0]},
			"faces": {
				"north": {"uv": [4, 1, 6, 11], "texture": "#0"},
				"east": {"uv": [0, 0, 1, 10], "texture": "#0"},
				"south": {"uv": [5, 3, 7, 13], "texture": "#0"},
				"up": {"uv": [0, 0, 2, 1], "texture": "#0"},
				"down": {"uv": [5, 7, 7, 8], "texture": "#0"}
			}
		},
		{
			"from": [2, -16, 14],
			"to": [4, -8, 16],
			"rotation": {"angle": 0, "axis": "z", "origin": [10, 10, 0]},
			"faces": {
				"north": {"uv": [0, 0, 2, 8], "texture": "#0"},
				"east": {"uv": [5, 3, 6, 11], "texture": "#0"},
				"south": {"uv": [1, 1, 3, 9], "texture": "#0"},
				"west": {"uv": [0, 0, 1, 8], "texture": "#0"},
				"up": {"uv": [0, 0, 2, 1], "texture": "#0"},
				"down": {"uv": [0, 10, 2, 11], "texture": "#0"}
			}
		},
		{
			"from": [4, -16, 14],
			"to": [6, -10, 16],
			"rotation": {"angle": 0, "axis": "z", "origin": [10, 10, 0]},
			"faces": {
				"north": {"uv": [8, 6, 10, 12], "texture": "#0"},
				"east": {"uv": [6, 5, 7, 11], "texture": "#0"},
				"south": {"uv": [3, 6, 5, 12], "texture": "#0"},
				"up": {"uv": [0, 0, 2, 1], "texture": "#0"},
				"down": {"uv": [11, 10, 13, 11], "texture": "#0"}
			}
		},
		{
			"from": [6, -16, 14],
			"to": [10, -12, 16],
			"rotation": {"angle": 0, "axis": "z", "origin": [10, 10, 0]},
			"faces": {
				"north": {"uv": [12, 0, 16, 4], "texture": "#0"},
				"east": {"uv": [5, 5, 6, 9], "texture": "#0"},
				"south": {"uv": [8, 9, 12, 13], "texture": "#0"},
				"up": {"uv": [0, 0, 4, 1], "texture": "#0"},
				"down": {"uv": [6, 7, 10, 8], "texture": "#0"}
			}
		},
		{
			"from": [10, -16, 14],
			"to": [14, -14, 16],
			"rotation": {"angle": 0, "axis": "z", "origin": [10, 10, 0]},
			"faces": {
				"north": {"uv": [5, 0, 9, 2], "texture": "#0"},
				"east": {"uv": [6, 6, 7, 8], "texture": "#0"},
				"south": {"uv": [8, 6, 12, 8], "texture": "#0"},
				"up": {"uv": [0, 0, 4, 1], "texture": "#0"},
				"down": {"uv": [1, 7, 5, 8], "texture": "#0"}
			}
		}
	],
	"display": {
		"thirdperson_righthand": {
			"scale": [1.6, 1.6, 1.6]
		},
		"head": {
			"translation": [0, -6.37, 0],
			"scale": [1.604, 1.604, 1.6]
		}
	},
	"groups": [
		{
			"name": "Door_quarter",
			"origin": [0, 0, 0],
			"color": 0,
			"children": [0, 1, 2, 3, 4, 5, 6, 7, 8, 9, 10, 11, 12, 13, 14, 15, 16]
		}
	]
}