{
	"credit": "Made with Blockbench",
	"textures": {
		"0": "custom/stone",
		"particle": "custom/stone"
	},
	"elements": [
		{
			"from": [7, 8, 7],
			"to": [8, 11, 8],
			"rotation": {"angle": 0, "axis": "z", "origin": [4, 3.5, 8]},
			"faces": {
				"north": {"uv": [0, 0, 2, 6], "texture": "#0"},
				"east": {"uv": [11, 6, 12, 12], "texture": "#0"},
				"south": {"uv": [0, 0, 2, 6], "texture": "#0"},
				"up": {"uv": [3, 4, 5, 5], "texture": "#0"},
				"down": {"uv": [0, 0, 2, 1], "texture": "#0"}
			}
		},
		{
			"from": [6, 7, 7],
			"to": [7, 12, 8],
			"rotation": {"angle": 0, "axis": "z", "origin": [4, 3.5, 8]},
			"faces": {
				"north": {"uv": [13, 4, 15, 14], "texture": "#0"},
				"east": {"uv": [9, 5, 10, 15], "texture": "#0"},
				"south": {"uv": [0, 0, 2, 10], "texture": "#0"},
				"up": {"uv": [8, 6, 10, 7], "texture": "#0"},
				"down": {"uv": [0, 0, 2, 1], "texture": "#0"}
			}
		},
		{
			"from": [5, 6, 7],
			"to": [6, 13, 8],
			"rotation": {"angle": 0, "axis": "z", "origin": [4, 3.5, 8]},
			"faces": {
				"north": {"uv": [12, 0, 14, 14], "texture": "#0"},
				"east": {"uv": [0, 0, 1, 14], "texture": "#0"},
				"south": {"uv": [0, 0, 2, 14], "texture": "#0"},
				"up": {"uv": [8, 9, 10, 10], "texture": "#0"},
				"down": {"uv": [0, 0, 2, 1], "texture": "#0"}
			}
		},
		{
			"from": [3, 6, 7],
			"to": [5, 14, 8],
			"rotation": {"angle": 0, "axis": "z", "origin": [4, 3.5, 8]},
			"faces": {
				"north": {"uv": [5, 0, 9, 16], "texture": "#0"},
				"east": {"uv": [9, 0, 10, 16], "texture": "#0"},
				"south": {"uv": [5, 0, 9, 16], "texture": "#0"},
				"west": {"uv": [4, 0, 5, 16], "texture": "#0"},
				"up": {"uv": [1, 2, 5, 3], "texture": "#0"}
			}
		},
		{
			"from": [3, -1, 7],
			"to": [5, 6, 8],
			"rotation": {"angle": 0, "axis": "z", "origin": [4, 3.5, 8]},
			"faces": {
				"north": {"uv": [12, 2, 16, 16], "texture": "#0"},
				"east": {"uv": [0, 0, 1, 14], "texture": "#0"},
				"south": {"uv": [1, 2, 5, 16], "texture": "#0"},
				"west": {"uv": [6, 1, 7, 15], "texture": "#0"},
				"down": {"uv": [5, 7, 9, 8], "texture": "#0"}
			}
		},
		{
			"from": [1, 5, 7],
			"to": [3, 13, 8],
			"rotation": {"angle": 0, "axis": "z", "origin": [4, 3.5, 8]},
			"faces": {
				"north": {"uv": [0, 0, 4, 16], "texture": "#0"},
				"south": {"uv": [6, 0, 10, 16], "texture": "#0"},
				"west": {"uv": [9, 0, 10, 16], "texture": "#0"},
				"up": {"uv": [8, 10, 12, 11], "texture": "#0"}
			}
		},
		{
			"from": [1, 0, 7],
			"to": [3, 5, 8],
			"rotation": {"angle": 0, "axis": "z", "origin": [4, 3.5, 8]},
			"faces": {
				"north": {"uv": [4, 4, 8, 14], "texture": "#0"},
				"south": {"uv": [8, 1, 12, 11], "texture": "#0"},
				"west": {"uv": [10, 4, 11, 14], "texture": "#0"},
				"down": {"uv": [0, 2, 4, 3], "texture": "#0"}
			}
		},
		{
			"from": [0, 4, 7],
			"to": [1, 12, 8],
			"rotation": {"angle": 0, "axis": "z", "origin": [4, 3.5, 8]},
			"faces": {
				"north": {"uv": [2, 0, 4, 16], "texture": "#0"},
				"south": {"uv": [2, 0, 4, 16], "texture": "#0"},
				"west": {"uv": [2, 0, 3, 16], "texture": "#0"},
				"up": {"uv": [0, 10, 2, 11], "texture": "#0"}
			}
		},
		{
			"from": [0, 1, 7],
			"to": [1, 4, 8],
			"rotation": {"angle": 0, "axis": "z", "origin": [4, 3.5, 8]},
			"faces": {
				"north": {"uv": [0, 0, 2, 6], "texture": "#0"},
				"south": {"uv": [5, 5, 7, 11], "texture": "#0"},
				"west": {"uv": [4, 3, 5, 9], "texture": "#0"},
				"down": {"uv": [5, 10, 7, 11], "texture": "#0"}
			}
		},
		{
			"from": [-1, 3, 7],
			"to": [0, 11, 8],
			"rotation": {"angle": 0, "axis": "z", "origin": [4, 3.5, 8]},
			"faces": {
				"north": {"uv": [3, 0, 5, 16], "texture": "#0"},
				"south": {"uv": [11, 0, 13, 16], "texture": "#0"},
				"west": {"uv": [2, 0, 3, 16], "texture": "#0"},
				"up": {"uv": [0, 0, 2, 1], "texture": "#0"}
			}
		},
		{
			"from": [-1, 2, 7],
			"to": [0, 3, 8],
			"rotation": {"angle": 0, "axis": "z", "origin": [4, 3.5, 8]},
			"faces": {
				"north": {"uv": [9, 8, 11, 10], "texture": "#0"},
				"south": {"uv": [11, 0, 13, 2], "texture": "#0"},
				"west": {"uv": [2, 0, 3, 2], "texture": "#0"},
				"down": {"uv": [6, 7, 8, 8], "texture": "#0"}
			}
		},
		{
			"from": [-2, 4, 7],
			"to": [-1, 9, 8],
			"rotation": {"angle": 0, "axis": "z", "origin": [4, 3.5, 8]},
			"faces": {
				"north": {"uv": [11, 5, 13, 15], "texture": "#0"},
				"south": {"uv": [9, 6, 11, 16], "texture": "#0"},
				"west": {"uv": [11, 5, 12, 15], "texture": "#0"},
				"up": {"uv": [7, 7, 9, 8], "texture": "#0"},
				"down": {"uv": [8, 6, 10, 7], "texture": "#0"}
			}
		},
		{
			"from": [5, -1, 7],
			"to": [6, 4, 8],
			"rotation": {"angle": 0, "axis": "z", "origin": [4, 3.5, 8]},
			"faces": {
				"north": {"uv": [4, 1, 6, 11], "texture": "#0"},
				"east": {"uv": [0, 0, 1, 10], "texture": "#0"},
				"south": {"uv": [5, 3, 7, 13], "texture": "#0"},
				"up": {"uv": [0, 0, 2, 1], "texture": "#0"},
				"down": {"uv": [5, 7, 7, 8], "texture": "#0"}
			}
		},
		{
			"from": [6, -2, 7],
			"to": [7, 2, 8],
			"rotation": {"angle": 0, "axis": "z", "origin": [4, 3.5, 8]},
			"faces": {
				"north": {"uv": [0, 0, 2, 8], "texture": "#0"},
				"east": {"uv": [5, 3, 6, 11], "texture": "#0"},
				"south": {"uv": [1, 1, 3, 9], "texture": "#0"},
				"west": {"uv": [0, 0, 1, 8], "texture": "#0"},
				"up": {"uv": [0, 0, 2, 1], "texture": "#0"},
				"down": {"uv": [0, 10, 2, 11], "texture": "#0"}
			}
		},
		{
			"from": [7, -2, 7],
			"to": [8, 1, 8],
			"rotation": {"angle": 0, "axis": "z", "origin": [4, 3.5, 8]},
			"faces": {
				"north": {"uv": [8, 6, 10, 12], "texture": "#0"},
				"east": {"uv": [6, 5, 7, 11], "texture": "#0"},
				"south": {"uv": [3, 6, 5, 12], "texture": "#0"},
				"up": {"uv": [0, 0, 2, 1], "texture": "#0"},
				"down": {"uv": [11, 10, 13, 11], "texture": "#0"}
			}
		},
		{
			"from": [8, -2, 7],
			"to": [10, 0, 8],
			"rotation": {"angle": 0, "axis": "z", "origin": [4, 3.5, 8]},
			"faces": {
				"north": {"uv": [12, 0, 16, 4], "texture": "#0"},
				"east": {"uv": [5, 5, 6, 9], "texture": "#0"},
				"south": {"uv": [8, 9, 12, 13], "texture": "#0"},
				"up": {"uv": [0, 0, 4, 1], "texture": "#0"},
				"down": {"uv": [6, 7, 10, 8], "texture": "#0"}
			}
		},
		{
			"from": [10, -2, 7],
			"to": [12, -1, 8],
			"rotation": {"angle": 0, "axis": "z", "origin": [4, 3.5, 8]},
			"faces": {
				"north": {"uv": [5, 0, 9, 2], "texture": "#0"},
				"east": {"uv": [6, 6, 7, 8], "texture": "#0"},
				"south": {"uv": [8, 6, 12, 8], "texture": "#0"},
				"up": {"uv": [0, 0, 4, 1], "texture": "#0"},
				"down": {"uv": [1, 7, 5, 8], "texture": "#0"}
			}
		},
		{
			"from": [8, 3, 7],
			"to": [9, 6, 8],
			"rotation": {"angle": 0, "axis": "z", "origin": [4, 3.5, 8]},
			"faces": {
				"north": {"uv": [0, 0, 2, 6], "rotation": 180, "texture": "#0"},
				"south": {"uv": [0, 0, 2, 6], "rotation": 180, "texture": "#0"},
				"west": {"uv": [11, 6, 12, 12], "rotation": 180, "texture": "#0"},
				"up": {"uv": [0, 0, 2, 1], "rotation": 180, "texture": "#0"},
				"down": {"uv": [3, 4, 5, 5], "rotation": 180, "texture": "#0"}
			}
		},
		{
			"from": [9, 2, 7],
			"to": [10, 7, 8],
			"rotation": {"angle": 0, "axis": "z", "origin": [4, 3.5, 8]},
			"faces": {
				"north": {"uv": [13, 4, 15, 14], "rotation": 180, "texture": "#0"},
				"south": {"uv": [0, 0, 2, 10], "rotation": 180, "texture": "#0"},
				"west": {"uv": [9, 5, 10, 15], "rotation": 180, "texture": "#0"},
				"up": {"uv": [0, 0, 2, 1], "rotation": 180, "texture": "#0"},
				"down": {"uv": [8, 6, 10, 7], "rotation": 180, "texture": "#0"}
			}
		},
		{
			"from": [10, 1, 7],
			"to": [11, 8, 8],
			"rotation": {"angle": 0, "axis": "z", "origin": [4, 3.5, 8]},
			"faces": {
				"north": {"uv": [12, 0, 14, 14], "rotation": 180, "texture": "#0"},
				"south": {"uv": [0, 0, 2, 14], "rotation": 180, "texture": "#0"},
				"west": {"uv": [0, 0, 1, 14], "rotation": 180, "texture": "#0"},
				"up": {"uv": [0, 0, 2, 1], "rotation": 180, "texture": "#0"},
				"down": {"uv": [8, 9, 10, 10], "rotation": 180, "texture": "#0"}
			}
		},
		{
			"from": [11, 0, 7],
			"to": [13, 8, 8],
			"rotation": {"angle": 0, "axis": "z", "origin": [4, 3.5, 8]},
			"faces": {
				"north": {"uv": [5, 0, 9, 16], "rotation": 180, "texture": "#0"},
				"east": {"uv": [4, 0, 5, 16], "rotation": 180, "texture": "#0"},
				"south": {"uv": [5, 0, 9, 16], "rotation": 180, "texture": "#0"},
				"west": {"uv": [9, 0, 10, 16], "rotation": 180, "texture": "#0"},
				"down": {"uv": [1, 2, 5, 3], "rotation": 180, "texture": "#0"}
			}
		},
		{
			"from": [11, 8, 7],
			"to": [13, 15, 8],
			"rotation": {"angle": 0, "axis": "z", "origin": [4, 3.5, 8]},
			"faces": {
				"north": {"uv": [12, 2, 16, 16], "rotation": 180, "texture": "#0"},
				"east": {"uv": [6, 1, 7, 15], "rotation": 180, "texture": "#0"},
				"south": {"uv": [1, 2, 5, 16], "rotation": 180, "texture": "#0"},
				"west": {"uv": [0, 0, 1, 14], "rotation": 180, "texture": "#0"},
				"up": {"uv": [5, 7, 9, 8], "rotation": 180, "texture": "#0"}
			}
		},
		{
			"from": [13, 1, 7],
			"to": [15, 9, 8],
			"rotation": {"angle": 0, "axis": "z", "origin": [4, 3.5, 8]},
			"faces": {
				"north": {"uv": [0, 0, 4, 16], "rotation": 180, "texture": "#0"},
				"east": {"uv": [9, 0, 10, 16], "rotation": 180, "texture": "#0"},
				"south": {"uv": [6, 0, 10, 16], "rotation": 180, "texture": "#0"},
				"down": {"uv": [8, 10, 12, 11], "rotation": 180, "texture": "#0"}
			}
		},
		{
			"from": [13, 9, 7],
			"to": [15, 14, 8],
			"rotation": {"angle": 0, "axis": "z", "origin": [4, 3.5, 8]},
			"faces": {
				"north": {"uv": [4, 4, 8, 14], "rotation": 180, "texture": "#0"},
				"east": {"uv": [10, 4, 11, 14], "rotation": 180, "texture": "#0"},
				"south": {"uv": [8, 1, 12, 11], "rotation": 180, "texture": "#0"},
				"up": {"uv": [0, 2, 4, 3], "rotation": 180, "texture": "#0"}
			}
		},
		{
			"from": [15, 2, 7],
			"to": [16, 10, 8],
			"rotation": {"angle": 0, "axis": "z", "origin": [4, 3.5, 8]},
			"faces": {
				"north": {"uv": [2, 0, 4, 16], "rotation": 180, "texture": "#0"},
				"east": {"uv": [2, 0, 3, 16], "rotation": 180, "texture": "#0"},
				"south": {"uv": [2, 0, 4, 16], "rotation": 180, "texture": "#0"},
				"down": {"uv": [0, 10, 2, 11], "rotation": 180, "texture": "#0"}
			}
		},
		{
			"from": [15, 10, 7],
			"to": [16, 13, 8],
			"rotation": {"angle": 0, "axis": "z", "origin": [4, 3.5, 8]},
			"faces": {
				"north": {"uv": [0, 0, 2, 6], "rotation": 180, "texture": "#0"},
				"east": {"uv": [4, 3, 5, 9], "rotation": 180, "texture": "#0"},
				"south": {"uv": [5, 5, 7, 11], "rotation": 180, "texture": "#0"},
				"up": {"uv": [5, 10, 7, 11], "rotation": 180, "texture": "#0"}
			}
		},
		{
			"from": [16, 3, 7],
			"to": [17, 11, 8],
			"rotation": {"angle": 0, "axis": "z", "origin": [4, 3.5, 8]},
			"faces": {
				"north": {"uv": [3, 0, 5, 16], "rotation": 180, "texture": "#0"},
				"east": {"uv": [2, 0, 3, 16], "rotation": 180, "texture": "#0"},
				"south": {"uv": [11, 0, 13, 16], "rotation": 180, "texture": "#0"},
				"down": {"uv": [0, 0, 2, 1], "rotation": 180, "texture": "#0"}
			}
		},
		{
			"from": [16, 11, 7],
			"to": [17, 12, 8],
			"rotation": {"angle": 0, "axis": "z", "origin": [4, 3.5, 8]},
			"faces": {
				"north": {"uv": [9, 8, 11, 10], "rotation": 180, "texture": "#0"},
				"east": {"uv": [2, 0, 3, 2], "rotation": 180, "texture": "#0"},
				"south": {"uv": [11, 0, 13, 2], "rotation": 180, "texture": "#0"},
				"up": {"uv": [6, 7, 8, 8], "rotation": 180, "texture": "#0"}
			}
		},
		{
			"from": [17, 5, 7],
			"to": [18, 10, 8],
			"rotation": {"angle": 0, "axis": "z", "origin": [4, 3.5, 8]},
			"faces": {
				"north": {"uv": [11, 5, 13, 15], "rotation": 180, "texture": "#0"},
				"east": {"uv": [11, 5, 12, 15], "rotation": 180, "texture": "#0"},
				"south": {"uv": [9, 6, 11, 16], "rotation": 180, "texture": "#0"},
				"up": {"uv": [8, 6, 10, 7], "rotation": 180, "texture": "#0"},
				"down": {"uv": [7, 7, 9, 8], "rotation": 180, "texture": "#0"}
			}
		},
		{
			"from": [10, 10, 7],
			"to": [11, 15, 8],
			"rotation": {"angle": 0, "axis": "z", "origin": [4, 3.5, 8]},
			"faces": {
				"north": {"uv": [4, 1, 6, 11], "rotation": 180, "texture": "#0"},
				"south": {"uv": [5, 3, 7, 13], "rotation": 180, "texture": "#0"},
				"west": {"uv": [0, 0, 1, 10], "rotation": 180, "texture": "#0"},
				"up": {"uv": [5, 7, 7, 8], "rotation": 180, "texture": "#0"},
				"down": {"uv": [0, 0, 2, 1], "rotation": 180, "texture": "#0"}
			}
		},
		{
			"from": [9, 12, 7],
			"to": [10, 16, 8],
			"rotation": {"angle": 0, "axis": "z", "origin": [4, 3.5, 8]},
			"faces": {
				"north": {"uv": [0, 0, 2, 8], "rotation": 180, "texture": "#0"},
				"east": {"uv": [0, 0, 1, 8], "rotation": 180, "texture": "#0"},
				"south": {"uv": [1, 1, 3, 9], "rotation": 180, "texture": "#0"},
				"west": {"uv": [5, 3, 6, 11], "rotation": 180, "texture": "#0"},
				"up": {"uv": [0, 10, 2, 11], "rotation": 180, "texture": "#0"},
				"down": {"uv": [0, 0, 2, 1], "rotation": 180, "texture": "#0"}
			}
		},
		{
			"from": [8, 13, 7],
			"to": [9, 16, 8],
			"rotation": {"angle": 0, "axis": "z", "origin": [4, 3.5, 8]},
			"faces": {
				"north": {"uv": [8, 6, 10, 12], "rotation": 180, "texture": "#0"},
				"south": {"uv": [3, 6, 5, 12], "rotation": 180, "texture": "#0"},
				"west": {"uv": [6, 5, 7, 11], "rotation": 180, "texture": "#0"},
				"up": {"uv": [11, 10, 13, 11], "rotation": 180, "texture": "#0"},
				"down": {"uv": [0, 0, 2, 1], "rotation": 180, "texture": "#0"}
			}
		},
		{
			"from": [6, 14, 7],
			"to": [8, 16, 8],
			"rotation": {"angle": 0, "axis": "z", "origin": [4, 3.5, 8]},
			"faces": {
				"north": {"uv": [12, 0, 16, 4], "rotation": 180, "texture": "#0"},
				"south": {"uv": [8, 9, 12, 13], "rotation": 180, "texture": "#0"},
				"west": {"uv": [5, 5, 6, 9], "rotation": 180, "texture": "#0"},
				"up": {"uv": [6, 7, 10, 8], "rotation": 180, "texture": "#0"},
				"down": {"uv": [0, 0, 4, 1], "rotation": 180, "texture": "#0"}
			}
		},
		{
			"from": [4, 15, 7],
			"to": [6, 16, 8],
			"rotation": {"angle": 0, "axis": "z", "origin": [4, 3.5, 8]},
			"faces": {
				"north": {"uv": [5, 0, 9, 2], "rotation": 180, "texture": "#0"},
				"south": {"uv": [8, 6, 12, 8], "rotation": 180, "texture": "#0"},
				"west": {"uv": [6, 6, 7, 8], "rotation": 180, "texture": "#0"},
				"up": {"uv": [1, 7, 5, 8], "rotation": 180, "texture": "#0"},
				"down": {"uv": [0, 0, 4, 1], "rotation": 180, "texture": "#0"}
			}
		}
	],
	"display": {
		"thirdperson_righthand": {
			"rotation": [15, 11, 0],
			"translation": [-1, 1.5, 1],
			"scale": [0.3, 0.3, 0.3]
		},
		"thirdperson_lefthand": {
			"rotation": [15, 11, 0],
			"translation": [-1, 1.5, 1],
			"scale": [0.3, 0.3, 0.3]
		},
		"firstperson_righthand": {
			"rotation": [1, 4, 4],
			"translation": [0.5, 3, 2.25],
			"scale": [0.2, 0.2, 0.2]
		},
		"firstperson_lefthand": {
			"rotation": [1, 4, 4],
			"translation": [0.5, 3, 2.25],
			"scale": [0.2, 0.2, 0.2]
		},
		"ground": {
			"scale": [0.3, 0.3, 0.3]
		},
		"gui": {
			"rotation": [-2, 33, 0],
			"scale": [0.73, 0.77, 0.96]
		},
		"head": {
			"translation": [0, -6.37, 0],
			"scale": [1.604, 1.604, 1.6]
		}
	},
	"groups": [
		{
			"name": "Door_quarter",
			"origin": [0, 0, 0],
			"color": 0,
			"children": [0, 1, 2, 3, 4, 5, 6, 7, 8, 9, 10, 11, 12, 13, 14, 15, 16]
		},
		{
			"name": "Door_quarter",
			"origin": [0, 0, 0],
			"color": 0,
			"children": [17, 18, 19, 20, 21, 22, 23, 24, 25, 26, 27, 28, 29, 30, 31, 32, 33]
		}
	]
}