{"elements":[{"from":[7.375,6,7.375],"to":[8.625,14.5,8.625],"rotation":{"angle":0,"axis":"y","origin":[8,0.5,15.5]},"faces":{"north":{"uv":[1,0.25,1.25,0.5],"texture":"#0"},"east":{"uv":[1,0.25,1.25,0.5],"texture":"#0"},"south":{"uv":[1,0.25,1.25,0.5],"texture":"#0"},"west":{"uv":[1,0.25,1.25,0.5],"texture":"#0"},"up":{"uv":[1,0.25,1.25,0.5],"texture":"#0"},"down":{"uv":[1,0.25,1.25,0.5],"texture":"#0"}}},{"from":[7.25,14,7.25],"to":[8.75,15,8.75],"rotation":{"angle":0,"axis":"y","origin":[8,7,15.5]},"faces":{"north":{"uv":[1.75,1.75,2,2],"texture":"#0"},"east":{"uv":[1.75,1.75,2,2],"texture":"#0"},"south":{"uv":[1.75,1.75,2,2],"texture":"#0"},"west":{"uv":[1.75,1.75,2,2],"texture":"#0"},"up":{"uv":[1.75,1.75,2,2],"texture":"#0"},"down":{"uv":[1.75,1.75,2,2],"texture":"#0"}}}],"textures":{"0":"minecraft:custom/rover"},"display":{"head":{"translation":[0,-6.4,0],"scale":[3.2,3.2,3.2],"rotation":[0,180,0]}}}