{"elements":[{"from":[14.5,-5.125,22.625],"to":[15.75,-3.875,24.375],"rotation":{"angle":0,"axis":"y","origin":[16.75,-4.5,23.5]},"faces":{"north":{"uv":[1.75,1.75,2,2],"texture":"#0"},"east":{"uv":[1.75,1.75,2,2],"texture":"#0"},"south":{"uv":[1.75,1.75,2,2],"texture":"#0"},"west":{"uv":[1.75,1.75,2,2],"texture":"#0"},"up":{"uv":[1.75,1.75,2,2],"texture":"#0"},"down":{"uv":[1.75,1.75,2,2],"texture":"#0"}}},{"from":[14.5,-2.625,1.875],"to":[16.25,-0.875,4.125],"rotation":{"angle":0,"axis":"y","origin":[17.25,-2,3]},"faces":{"north":{"uv":[1.75,1.75,2,2],"texture":"#0"},"east":{"uv":[1.75,1.75,2,2],"texture":"#0"},"south":{"uv":[1.75,1.75,2,2],"texture":"#0"},"west":{"uv":[1.75,1.75,2,2],"texture":"#0"},"up":{"uv":[1.75,1.75,2,2],"texture":"#0"},"down":{"uv":[1.75,1.75,2,2],"texture":"#0"}}},{"from":[14,-0.125,7.875],"to":[15.75,2,11.125],"rotation":{"angle":0,"axis":"y","origin":[16.75,1,9.5]},"faces":{"north":{"uv":[1,1.75,1.25,2],"texture":"#0"},"east":{"uv":[1,1.75,1.25,2],"texture":"#0"},"south":{"uv":[1,1.75,1.25,2],"texture":"#0"},"up":{"uv":[1,1.75,1.25,2],"texture":"#0"}}},{"from":[0.25,-0.125,7.875],"to":[2,2,11.125],"rotation":{"angle":0,"axis":"y","origin":[3,1,9.5]},"faces":{"north":{"uv":[1,1.75,1.25,2],"texture":"#0"},"south":{"uv":[1,1.75,1.25,2],"texture":"#0"},"west":{"uv":[1,1.75,1.25,2],"texture":"#0"},"up":{"uv":[1,1.75,1.25,2],"texture":"#0"}}},{"from":[13,-0.125,7.875],"to":[15.75,1.5,11.125],"rotation":{"angle":45,"axis":"z","origin":[15.75,-0.125,9.5]},"faces":{"north":{"uv":[1,1.75,1.25,2],"texture":"#0"},"south":{"uv":[1,1.75,1.25,2],"texture":"#0"},"down":{"uv":[1,1.75,1.25,2],"texture":"#0"}}},{"from":[0.25,-2.875,7.875],"to":[1.875,-0.125,11.125],"rotation":{"angle":45,"axis":"z","origin":[0.25,-0.125,9.5]},"faces":{"north":{"uv":[1,1.75,1.25,2],"texture":"#0"},"south":{"uv":[1,1.75,1.25,2],"texture":"#0"},"west":{"uv":[1,1.75,1.25,2],"texture":"#0"}}},{"from":[15,-5.125,8.375],"to":[16.25,-3.875,9.625],"rotation":{"angle":0,"axis":"y","origin":[17.25,-4.5,22]},"faces":{"north":{"uv":[1.75,1.75,2,2],"texture":"#0"},"east":{"uv":[1.75,1.75,2,2],"texture":"#0"},"south":{"uv":[1.75,1.75,2,2],"texture":"#0"},"west":{"uv":[1.75,1.75,2,2],"texture":"#0"},"up":{"uv":[1.75,1.75,2,2],"texture":"#0"},"down":{"uv":[1.75,1.75,2,2],"texture":"#0"}}},{"from":[15,-5.125,-3.875],"to":[16.25,-3.875,-2.125],"rotation":{"angle":0,"axis":"y","origin":[17.25,-4.5,10]},"faces":{"north":{"uv":[1.75,1.75,2,2],"texture":"#0"},"east":{"uv":[1.75,1.75,2,2],"texture":"#0"},"south":{"uv":[1.75,1.75,2,2],"texture":"#0"},"west":{"uv":[1.75,1.75,2,2],"texture":"#0"},"up":{"uv":[1.75,1.75,2,2],"texture":"#0"},"down":{"uv":[1.75,1.75,2,2],"texture":"#0"}}},{"from":[15.125,-4.75,1.625],"to":[16.125,-3.75,8.875],"rotation":{"angle":22.5,"axis":"x","origin":[17.25,-4.875,8.625]},"faces":{"east":{"uv":[9,0,9.25,1.5],"texture":"#0"},"west":{"uv":[9,0,9.25,1.5],"texture":"#0"},"up":{"uv":[9,0,9.25,1.5],"rotation":90,"texture":"#0"},"down":{"uv":[9,0,9.25,1.5],"rotation":90,"texture":"#0"}}},{"from":[14.625,-2,2.375],"to":[15.625,-1,9.625],"rotation":{"angle":-22.5,"axis":"x","origin":[16.75,-0.875,2.625]},"faces":{"east":{"uv":[9,0,9.25,1.5],"texture":"#0"},"west":{"uv":[9,0,9.25,1.5],"texture":"#0"},"up":{"uv":[9,0,9.25,1.5],"rotation":90,"texture":"#0"},"down":{"uv":[9,0,9.25,1.5],"rotation":90,"texture":"#0"}}},{"from":[14.625,-2.375,9.875],"to":[15.625,-1.375,24.625],"rotation":{"angle":22.5,"axis":"x","origin":[16.75,-1.25,17.625]},"faces":{"east":{"uv":[9,0,9.25,1.5],"texture":"#0"},"west":{"uv":[9,0,9.25,1.5],"texture":"#0"},"up":{"uv":[9,0,9.25,1.5],"rotation":90,"texture":"#0"},"down":{"uv":[9,0,9.25,1.5],"rotation":90,"texture":"#0"}}},{"from":[15.125,-4.75,-2.75],"to":[16.125,-3.75,4.5],"rotation":{"angle":-22.5,"axis":"x","origin":[14,-4.875,-2.5]},"faces":{"east":{"uv":[9,0,9.25,1.5],"texture":"#0"},"west":{"uv":[9,0,9.25,1.5],"texture":"#0"},"up":{"uv":[9,0,9.25,1.5],"rotation":90,"texture":"#0"},"down":{"uv":[9,0,9.25,1.5],"rotation":90,"texture":"#0"}}},{"from":[0.375,-2.375,9.875],"to":[1.375,-1.375,24.625],"rotation":{"angle":22.5,"axis":"x","origin":[2.5,-1.25,17.625]},"faces":{"east":{"uv":[9,0,9.25,1.5],"texture":"#0"},"west":{"uv":[9,0,9.25,1.5],"texture":"#0"},"up":{"uv":[9,0,9.25,1.5],"rotation":90,"texture":"#0"},"down":{"uv":[9,0,9.25,1.5],"rotation":90,"texture":"#0"}}},{"from":[0.25,-5.125,22.625],"to":[1.5,-3.875,24.375],"rotation":{"angle":0,"axis":"y","origin":[2.5,-4.5,23.5]},"faces":{"north":{"uv":[1.75,1.75,2,2],"texture":"#0"},"east":{"uv":[1.75,1.75,2,2],"texture":"#0"},"south":{"uv":[1.75,1.75,2,2],"texture":"#0"},"west":{"uv":[1.75,1.75,2,2],"texture":"#0"},"up":{"uv":[1.75,1.75,2,2],"texture":"#0"},"down":{"uv":[1.75,1.75,2,2],"texture":"#0"}}},{"from":[0.375,-2,2.375],"to":[1.375,-1,9.625],"rotation":{"angle":-22.5,"axis":"x","origin":[2.5,-0.875,2.625]},"faces":{"east":{"uv":[9,0,9.25,1.5],"texture":"#0"},"west":{"uv":[9,0,9.25,1.5],"texture":"#0"},"up":{"uv":[9,0,9.25,1.5],"rotation":90,"texture":"#0"},"down":{"uv":[9,0,9.25,1.5],"rotation":90,"texture":"#0"}}},{"from":[-0.25,-2.625,1.875],"to":[1.5,-0.875,4.125],"rotation":{"angle":0,"axis":"y","origin":[2.5,-2,3]},"faces":{"north":{"uv":[1.75,1.75,2,2],"texture":"#0"},"east":{"uv":[1.75,1.75,2,2],"texture":"#0"},"south":{"uv":[1.75,1.75,2,2],"texture":"#0"},"west":{"uv":[1.75,1.75,2,2],"texture":"#0"},"up":{"uv":[1.75,1.75,2,2],"texture":"#0"},"down":{"uv":[1.75,1.75,2,2],"texture":"#0"}}},{"from":[-0.125,-4.75,-2.75],"to":[0.875,-3.75,4.5],"rotation":{"angle":-22.5,"axis":"x","origin":[-1.25,-4.875,-2.5]},"faces":{"east":{"uv":[9,0,9.25,1.5],"texture":"#0"},"west":{"uv":[9,0,9.25,1.5],"texture":"#0"},"up":{"uv":[9,0,9.25,1.5],"rotation":90,"texture":"#0"},"down":{"uv":[9,0,9.25,1.5],"rotation":90,"texture":"#0"}}},{"from":[-0.125,-4.75,1.625],"to":[0.875,-3.75,8.875],"rotation":{"angle":22.5,"axis":"x","origin":[2,-4.875,8.625]},"faces":{"east":{"uv":[9,0,9.25,1.5],"texture":"#0"},"west":{"uv":[9,0,9.25,1.5],"texture":"#0"},"up":{"uv":[9,0,9.25,1.5],"rotation":90,"texture":"#0"},"down":{"uv":[9,0,9.25,1.5],"rotation":90,"texture":"#0"}}},{"from":[-0.25,-5.125,-3.875],"to":[1,-3.875,-2.125],"rotation":{"angle":0,"axis":"y","origin":[2,-4.5,10]},"faces":{"north":{"uv":[1.75,1.75,2,2],"texture":"#0"},"east":{"uv":[1.75,1.75,2,2],"texture":"#0"},"south":{"uv":[1.75,1.75,2,2],"texture":"#0"},"west":{"uv":[1.75,1.75,2,2],"texture":"#0"},"up":{"uv":[1.75,1.75,2,2],"texture":"#0"},"down":{"uv":[1.75,1.75,2,2],"texture":"#0"}}},{"from":[-0.25,-5.125,8.375],"to":[1,-3.875,9.625],"rotation":{"angle":0,"axis":"y","origin":[2,-4.5,22]},"faces":{"north":{"uv":[1.75,1.75,2,2],"texture":"#0"},"east":{"uv":[1.75,1.75,2,2],"texture":"#0"},"south":{"uv":[1.75,1.75,2,2],"texture":"#0"},"west":{"uv":[1.75,1.75,2,2],"texture":"#0"},"up":{"uv":[1.75,1.75,2,2],"texture":"#0"},"down":{"uv":[1.75,1.75,2,2],"texture":"#0"}}},{"from":[2,-2.5,24],"to":[14,-2,24.5],"rotation":{"angle":0,"axis":"y","origin":[8,-3.5,12.5]},"faces":{"east":{"uv":[0.25,0.25,0.5,0.5],"texture":"#0"},"south":{"uv":[0.25,0.25,0.5,0.5],"texture":"#0"},"west":{"uv":[0.25,0.25,0.5,0.5],"texture":"#0"},"up":{"uv":[0.25,0.25,0.5,0.5],"texture":"#0"},"down":{"uv":[0.25,0.25,0.5,0.5],"texture":"#0"}}},{"from":[2,4,24],"to":[14,4.5,24.5],"rotation":{"angle":0,"axis":"y","origin":[8,-3.5,12.5]},"faces":{"east":{"uv":[0.25,0.25,0.5,0.5],"texture":"#0"},"south":{"uv":[0.25,0.25,0.5,0.5],"texture":"#0"},"west":{"uv":[0.25,0.25,0.5,0.5],"texture":"#0"},"up":{"uv":[0.25,0.25,0.5,0.5],"texture":"#0"},"down":{"uv":[0.25,0.25,0.5,0.5],"texture":"#0"}}},{"from":[2,-2,24],"to":[5,4,24.5],"rotation":{"angle":0,"axis":"y","origin":[8,-3.5,12.5]},"faces":{"north":{"uv":[1,1,1.25,1.25],"texture":"#0"},"east":{"uv":[0.25,0.25,0.5,0.5],"texture":"#0"},"south":{"uv":[0.25,0.25,0.5,0.5],"texture":"#0"},"west":{"uv":[0.25,0.25,0.5,0.5],"texture":"#0"}}},{"from":[2,-2.5,18],"to":[2.5,4.5,24],"rotation":{"angle":0,"axis":"y","origin":[8,-3.5,12.5]},"faces":{"east":{"uv":[1,1,1.25,1.25],"texture":"#0"},"west":{"uv":[0.25,0.25,0.5,0.5],"texture":"#0"},"up":{"uv":[0.25,0.25,0.5,0.5],"texture":"#0"},"down":{"uv":[0.25,0.25,0.5,0.5],"texture":"#0"}}},{"from":[13.5,-2.5,18],"to":[14,4.5,24],"rotation":{"angle":0,"axis":"y","origin":[8,-3.5,12.5]},"faces":{"east":{"uv":[0.25,0.25,0.5,0.5],"texture":"#0"},"west":{"uv":[1,1,1.25,1.25],"texture":"#0"},"up":{"uv":[0.25,0.25,0.5,0.5],"texture":"#0"},"down":{"uv":[0.25,0.25,0.5,0.5],"texture":"#0"}}},{"from":[14,-1.125,19.125],"to":[14.125,2.25,22.5],"rotation":{"angle":0,"axis":"y","origin":[8,-3.5,12.5]},"faces":{"north":{"uv":[9,4.25,9.25,4.5],"texture":"#0"},"east":{"uv":[7.25,4.25,12,9],"texture":"#0"},"south":{"uv":[9,4.25,9.25,4.5],"texture":"#0"},"west":{"uv":[9,4.25,9.25,4.5],"texture":"#0"},"up":{"uv":[9,4.25,9.25,4.5],"texture":"#0"},"down":{"uv":[9,4.25,9.25,4.5],"texture":"#0"}}},{"from":[3.75,4.5,21.125],"to":[5.625,4.625,23],"rotation":{"angle":0,"axis":"z","origin":[8,-3.5,12.5]},"faces":{"north":{"uv":[9,4.25,9.25,4.5],"rotation":90,"texture":"#0"},"east":{"uv":[9,4.25,9.25,4.5],"rotation":270,"texture":"#0"},"south":{"uv":[9,4.25,9.25,4.5],"rotation":270,"texture":"#0"},"west":{"uv":[9,4.25,9.25,4.5],"rotation":270,"texture":"#0"},"up":{"uv":[12,5.25,14.75,8],"rotation":270,"texture":"#0"},"down":{"uv":[9,4.25,9.25,4.5],"rotation":270,"texture":"#0"}}},{"from":[5.625,-3.75,0],"to":[7.5,-1.875,0.25],"rotation":{"angle":22.5,"axis":"x","origin":[8,-3.5,12.5]},"faces":{"north":{"uv":[12,5.25,14.75,8],"rotation":180,"texture":"#0"},"east":{"uv":[9,4.25,9.25,4.5],"rotation":180,"texture":"#0"},"south":{"uv":[9,4.25,9.25,4.5],"rotation":180,"texture":"#0"},"west":{"uv":[9,4.25,9.25,4.5],"rotation":180,"texture":"#0"},"up":{"uv":[9,4.25,9.25,4.5],"rotation":270,"texture":"#0"},"down":{"uv":[9,4.25,9.25,4.5],"rotation":90,"texture":"#0"}}},{"from":[10.125,-1.625,-8.125],"to":[13,1.25,-8],"rotation":{"angle":0,"axis":"y","origin":[8,-3.5,12.5]},"faces":{"north":{"uv":[7.25,4.25,12,9],"texture":"#0"},"east":{"uv":[9,4.25,9.25,4.5],"texture":"#0"},"south":{"uv":[9,4.25,9.25,4.5],"texture":"#0"},"west":{"uv":[9,4.25,9.25,4.5],"texture":"#0"},"up":{"uv":[9,4.25,9.25,4.5],"rotation":270,"texture":"#0"},"down":{"uv":[9,4.25,9.25,4.5],"rotation":90,"texture":"#0"}}},{"from":[2,1.5,18],"to":[14,4.5,19],"rotation":{"angle":22.5,"axis":"x","origin":[8,4.5,18]},"faces":{"north":{"uv":[0.5,11,8.5,12.75],"texture":"#0"},"east":{"uv":[0.25,0.25,0.5,0.5],"texture":"#0"},"south":{"uv":[0.25,1.75,0.5,2],"texture":"#0"},"west":{"uv":[0.25,0.25,0.5,0.5],"texture":"#0"}}},{"from":[5,2,16],"to":[11,2.5,18],"rotation":{"angle":22.5,"axis":"x","origin":[8,2.5,16]},"faces":{"east":{"uv":[1.75,1.75,2,2],"texture":"#0"},"west":{"uv":[1.75,1.75,2,2],"texture":"#0"},"up":{"uv":[1.75,1.75,2,2],"texture":"#0"}}},{"from":[2,-2.5,-8],"to":[14,-2,18],"rotation":{"angle":0,"axis":"y","origin":[8,-3.5,12.5]},"faces":{"north":{"uv":[0.25,0.25,0.5,0.5],"texture":"#0"},"east":{"uv":[0.25,0.25,0.5,0.5],"texture":"#0"},"west":{"uv":[0.25,0.25,0.5,0.5],"texture":"#0"},"down":{"uv":[0.25,0.25,0.5,0.5],"texture":"#0"}}},{"from":[13,-2,-7],"to":[14,2,3],"rotation":{"angle":0,"axis":"y","origin":[8,-3.5,12.5]},"faces":{"east":{"uv":[0.25,0.25,0.5,0.5],"texture":"#0"},"up":{"uv":[0.25,0.25,0.5,0.5],"texture":"#0"}}},{"from":[2,-2,-8],"to":[14,3.5,-7],"rotation":{"angle":0,"axis":"y","origin":[8,-3.5,12.5]},"faces":{"north":{"uv":[0.25,0.25,0.5,0.5],"texture":"#0"},"east":{"uv":[0.25,0.25,0.5,0.5],"texture":"#0"},"south":{"uv":[0.25,0.25,0.5,0.5],"texture":"#0"},"west":{"uv":[0.25,0.25,0.5,0.5],"texture":"#0"},"up":{"uv":[0.25,0.25,0.5,0.5],"texture":"#0"}}},{"from":[2,-0.5999999999999996,-8],"to":[14,3.5,-7],"rotation":{"angle":-22.5,"axis":"x","origin":[8,3.5,-7]},"faces":{"north":{"uv":[0.25,0.25,0.5,0.5],"texture":"#0"},"east":{"uv":[0.25,0.25,0.5,0.5],"texture":"#0"},"south":{"uv":[9.5,2.5,9.75,0],"texture":"#0"},"west":{"uv":[0.25,0.25,0.5,0.5],"texture":"#0"}}},{"from":[3,-2,3],"to":[13,2,4],"rotation":{"angle":22.5,"axis":"x","origin":[8,2,3]},"faces":{"north":{"uv":[1.75,1.75,2,2],"texture":"#0"},"east":{"uv":[0.25,0.25,0.5,0.5],"texture":"#0"},"west":{"uv":[0.25,0.25,0.5,0.5],"texture":"#0"}}},{"from":[2,-2,3],"to":[14,2,18],"rotation":{"angle":0,"axis":"y","origin":[8,5,5]},"faces":{"east":{"uv":[0.25,0.25,0.5,0.5],"texture":"#0"},"south":{"uv":[0.25,1.75,0.5,2],"texture":"#0"},"west":{"uv":[0.25,0.25,0.5,0.5],"texture":"#0"},"up":{"uv":[0,10,8.75,14.25],"rotation":90,"texture":"#0"}}},{"from":[4.5,2.5,9.5],"to":[11.5,3.5,16.5],"rotation":{"angle":0,"axis":"y","origin":[8,-3.5,12.5]},"faces":{"north":{"uv":[9.25,0,9.5,0.5],"texture":"#0"},"east":{"uv":[9.25,0,9.5,0.5],"texture":"#0"},"south":{"uv":[9.25,0,9.5,0.5],"texture":"#0"},"west":{"uv":[9.25,0,9.5,0.5],"texture":"#0"},"up":{"uv":[12,5.25,14.75,2.5],"texture":"#0"},"down":{"uv":[1.75,1.75,2,2],"texture":"#0"}}},{"from":[5,1.5,11],"to":[11,2.5,16],"rotation":{"angle":0,"axis":"y","origin":[8,-3.5,12.5]},"faces":{"north":{"uv":[1.75,1.75,2,2],"texture":"#0"},"east":{"uv":[1.75,1.75,2,2],"texture":"#0"},"west":{"uv":[1.75,1.75,2,2],"texture":"#0"}}},{"from":[5,2,2],"to":[11,3.5,8],"rotation":{"angle":0,"axis":"y","origin":[8,-3.5,12.5]},"faces":{"east":{"uv":[7.75,2.5,12,4.25],"texture":"#0"},"west":{"uv":[12,2.5,7.75,4.25],"texture":"#0"},"up":{"uv":[1,0.25,1.25,0.5],"texture":"#0"}}},{"from":[5,0.5,7],"to":[11,3.5,8],"rotation":{"angle":-22.5,"axis":"x","origin":[8,3.5,8]},"faces":{"east":{"uv":[0.25,0.25,0.5,0.5],"texture":"#0"},"south":{"uv":[0.25,0.25,0.5,0.5],"texture":"#0"},"west":{"uv":[0.25,0.25,0.5,0.5],"texture":"#0"}}},{"from":[7.625,3.25,7.125],"to":[8.375,3.75,7.875],"rotation":{"angle":0,"axis":"x","origin":[8,3.5,8]},"faces":{"north":{"uv":[1,1.75,1.25,2],"texture":"#0"},"east":{"uv":[1,1.75,1.25,2],"texture":"#0"},"south":{"uv":[1,1.75,1.25,2],"texture":"#0"},"west":{"uv":[1,1.75,1.25,2],"texture":"#0"},"up":{"uv":[1,1.75,1.25,2],"texture":"#0"},"down":{"uv":[1,1.75,1.25,2],"texture":"#0"}}},{"from":[7.75,3.75,7.25],"to":[8.25,3.875,7.75],"rotation":{"angle":0,"axis":"x","origin":[8,3.5,8]},"faces":{"north":{"uv":[3.25,0.25,3.5,0.5],"texture":"#0"},"east":{"uv":[3.25,0.25,3.5,0.5],"texture":"#0"},"south":{"uv":[3.25,0.25,3.5,0.5],"texture":"#0"},"west":{"uv":[3.25,0.25,3.5,0.5],"texture":"#0"},"up":{"uv":[3.25,0.25,3.5,0.5],"texture":"#0"},"down":{"uv":[3.25,0.25,3.5,0.5],"texture":"#0"}}},{"from":[5,0,2],"to":[11,3.5,3.5],"rotation":{"angle":22.5,"axis":"x","origin":[8,3.5,2]},"faces":{"north":{"uv":[0.25,0.25,0.5,0.5],"texture":"#0"},"east":{"uv":[0.25,0.25,0.5,0.5],"texture":"#0"},"west":{"uv":[0.25,0.25,0.5,0.5],"texture":"#0"}}},{"from":[5,-4.5,0.5],"to":[11,-1.5,11],"rotation":{"angle":0,"axis":"y","origin":[8,-4.5,11]},"faces":{"east":{"uv":[0.25,0.25,0.5,0.5],"texture":"#0"},"west":{"uv":[0.25,0.25,0.5,0.5],"texture":"#0"},"down":{"uv":[0.25,0.25,0.5,0.5],"texture":"#0"}}},{"from":[5,-4.5,9.5],"to":[11,-1.5,11],"rotation":{"angle":22.5,"axis":"x","origin":[8,-4.5,11]},"faces":{"east":{"uv":[0.25,0.25,0.5,0.5],"texture":"#0"},"south":{"uv":[0.25,0.25,0.5,0.5],"texture":"#0"},"west":{"uv":[0.25,0.25,0.5,0.5],"texture":"#0"}}},{"from":[5,-4.5,0.5],"to":[11,-1.5,2],"rotation":{"angle":-22.5,"axis":"x","origin":[8,-4.5,0.5]},"faces":{"north":{"uv":[0.25,0.25,0.5,0.5],"texture":"#0"},"east":{"uv":[0.25,0.25,0.5,0.5],"texture":"#0"},"west":{"uv":[0.25,0.25,0.5,0.5],"texture":"#0"}}},{"from":[6,2.5,3],"to":[10,4.5,7],"rotation":{"angle":0,"axis":"y","origin":[8,-3.5,12.5]},"faces":{"north":{"uv":[0.25,1,0.5,1.25],"texture":"#0"},"east":{"uv":[0.25,1,0.5,1.25],"texture":"#0"},"south":{"uv":[0.25,1,0.5,1.25],"texture":"#0"},"west":{"uv":[0.25,1,0.5,1.25],"texture":"#0"},"up":{"uv":[0.25,1,0.5,1.25],"texture":"#0"}}},{"from":[2.5,-2,18],"to":[5,4,23.5],"rotation":{"angle":0,"axis":"y","origin":[8,-3.5,12.5]},"faces":{"east":{"uv":[0.25,1.75,0.5,2],"texture":"#0"},"south":{"uv":[1,1,1.25,1.25],"texture":"#0"}}},{"from":[11,-2,18],"to":[13.5,4,23.5],"rotation":{"angle":0,"axis":"y","origin":[8,-3.5,12.5]},"faces":{"south":{"uv":[1,1,1.25,1.25],"texture":"#0"},"west":{"uv":[0.25,1.75,0.5,2],"texture":"#0"}}},{"from":[11,-2,24],"to":[14,4,24.5],"rotation":{"angle":0,"axis":"y","origin":[8,-3.5,12.5]},"faces":{"north":{"uv":[1,1,1.25,1.25],"texture":"#0"},"east":{"uv":[0.25,0.25,0.5,0.5],"texture":"#0"},"south":{"uv":[0.25,0.25,0.5,0.5],"texture":"#0"},"west":{"uv":[0.25,0.25,0.5,0.5],"texture":"#0"}}},{"from":[12.75,7.25,19.875],"to":[12.875,7.75,21.125],"rotation":{"angle":0,"axis":"y","origin":[9.625,-1.5,12.875]},"faces":{"east":{"uv":[1,1,1.25,1.25],"texture":"#0"},"south":{"uv":[1,1,1.25,1.25],"texture":"#0"},"west":{"uv":[1,1,1.25,1.25],"texture":"#0"}}},{"from":[12.125,7.25,19.875],"to":[12.25,7.75,21.125],"rotation":{"angle":0,"axis":"y","origin":[9,-1.5,12.875]},"faces":{"east":{"uv":[1,1,1.25,1.25],"texture":"#0"},"south":{"uv":[1,1,1.25,1.25],"texture":"#0"},"west":{"uv":[1,1,1.25,1.25],"texture":"#0"}}},{"from":[12.125,7.125,19.875],"to":[12.875,7.25,21.125],"rotation":{"angle":0,"axis":"y","origin":[9,-1.625,12.875]},"faces":{"east":{"uv":[1,1,1.25,1.25],"texture":"#0"},"south":{"uv":[1,1,1.25,1.25],"texture":"#0"},"west":{"uv":[1,1,1.25,1.25],"texture":"#0"},"up":{"uv":[1,1,1.25,1.25],"texture":"#0"},"down":{"uv":[1,1,1.25,1.25],"texture":"#0"}}},{"from":[12.125,7.75,19.875],"to":[12.875,7.875,21.125],"rotation":{"angle":0,"axis":"y","origin":[9,-1,12.875]},"faces":{"east":{"uv":[1,1,1.25,1.25],"texture":"#0"},"south":{"uv":[1,1,1.25,1.25],"texture":"#0"},"west":{"uv":[1,1,1.25,1.25],"texture":"#0"},"up":{"uv":[1,1,1.25,1.25],"texture":"#0"},"down":{"uv":[1,1,1.25,1.25],"texture":"#0"}}},{"from":[12,7,19.5],"to":[13,8,20.75],"rotation":{"angle":0,"axis":"y","origin":[9,-1,12.5]},"faces":{"north":{"uv":[1,1.75,1.25,2],"texture":"#0"},"south":{"uv":[14.75,2.5,16,3.75],"texture":"#0"}}},{"from":[13,7,19.5],"to":[13.5,8,21],"rotation":{"angle":0,"axis":"y","origin":[9.5,-1,12.5]},"faces":{"north":{"uv":[1,1.75,1.25,2],"texture":"#0"},"east":{"uv":[1,1.75,1.25,2],"texture":"#0"},"south":{"uv":[1,1.75,1.25,2],"texture":"#0"},"west":{"uv":[1,1,1.25,1.25],"texture":"#0"}}},{"from":[11,7,19.5],"to":[12,8,21],"rotation":{"angle":0,"axis":"y","origin":[8,-1,12.5]},"faces":{"north":{"uv":[1,1.75,1.25,2],"texture":"#0"},"east":{"uv":[1,1,1.25,1.25],"texture":"#0"},"south":{"uv":[1,1.75,1.25,2],"texture":"#0"},"west":{"uv":[1,1.75,1.25,2],"texture":"#0"}}},{"from":[11,8,19.5],"to":[13.5,8.5,21],"rotation":{"angle":0,"axis":"y","origin":[8,0,12.5]},"faces":{"north":{"uv":[1,1.75,1.25,2],"texture":"#0"},"east":{"uv":[1,1.75,1.25,2],"texture":"#0"},"south":{"uv":[1,1.75,1.25,2],"texture":"#0"},"west":{"uv":[1,1.75,1.25,2],"texture":"#0"},"up":{"uv":[1,1.75,1.25,2],"texture":"#0"},"down":{"uv":[0.25,1,0.5,1.25],"texture":"#0"}}},{"from":[10.25,7.375,19.625],"to":[10.5,7.625,20.875],"rotation":{"angle":0,"axis":"y","origin":[7,-0.625,12.5]},"faces":{"north":{"uv":[1,1,1.25,1.25],"texture":"#0"},"east":{"uv":[1,1,1.25,1.25],"texture":"#0"},"south":{"uv":[1,1,1.25,1.25],"texture":"#0"},"west":{"uv":[1,1,1.25,1.25],"texture":"#0"},"up":{"uv":[1,1,1.25,1.25],"texture":"#0"},"down":{"uv":[1,1,1.25,1.25],"texture":"#0"}}},{"from":[10.25,5.75,20.125],"to":[10.5,7.375,20.375],"rotation":{"angle":0,"axis":"y","origin":[7,-2.25,12.5]},"faces":{"north":{"uv":[1,1,1.25,1.25],"texture":"#0"},"east":{"uv":[1,1,1.25,1.25],"texture":"#0"},"south":{"uv":[1,1,1.25,1.25],"texture":"#0"},"west":{"uv":[1,1,1.25,1.25],"texture":"#0"},"down":{"uv":[1,1,1.25,1.25],"texture":"#0"}}},{"from":[10.5,7.375,19.625],"to":[11,7.625,19.875],"rotation":{"angle":0,"axis":"y","origin":[7,-0.625,12]},"faces":{"north":{"uv":[1,1,1.25,1.25],"texture":"#0"},"south":{"uv":[1,1,1.25,1.25],"texture":"#0"},"up":{"uv":[1,1,1.25,1.25],"texture":"#0"},"down":{"uv":[1,1,1.25,1.25],"texture":"#0"}}},{"from":[10.5,7.375,20.625],"to":[11,7.625,20.875],"rotation":{"angle":0,"axis":"y","origin":[7,-0.625,13]},"faces":{"north":{"uv":[1,1,1.25,1.25],"texture":"#0"},"south":{"uv":[1,1,1.25,1.25],"texture":"#0"},"up":{"uv":[1,1,1.25,1.25],"texture":"#0"},"down":{"uv":[1,1,1.25,1.25],"texture":"#0"}}},{"from":[10.5,5.75,20.125],"to":[12,6,20.375],"rotation":{"angle":0,"axis":"y","origin":[8,-2.25,12.5]},"faces":{"north":{"uv":[1,1,1.25,1.25],"texture":"#0"},"south":{"uv":[1,1,1.25,1.25],"texture":"#0"},"up":{"uv":[1,1,1.25,1.25],"texture":"#0"},"down":{"uv":[1,1,1.25,1.25],"texture":"#0"}}},{"from":[11,6.5,19.5],"to":[13.5,7,21],"rotation":{"angle":0,"axis":"y","origin":[8,-1.5,12.5]},"faces":{"north":{"uv":[1,1.75,1.25,2],"texture":"#0"},"east":{"uv":[1,1.75,1.25,2],"texture":"#0"},"south":{"uv":[1,1.75,1.25,2],"texture":"#0"},"west":{"uv":[1,1.75,1.25,2],"texture":"#0"},"up":{"uv":[0.25,1,0.5,1.25],"texture":"#0"},"down":{"uv":[1,1.75,1.25,2],"texture":"#0"}}},{"from":[12.5,5.75,20.125],"to":[13,6,20.375],"rotation":{"angle":45,"axis":"y","origin":[12.25,5.25,20.25]},"faces":{"north":{"uv":[1,1,1.25,1.25],"texture":"#0"},"east":{"uv":[1,1,1.25,1.25],"texture":"#0"},"south":{"uv":[1,1,1.25,1.25],"texture":"#0"},"west":{"uv":[1,1,1.25,1.25],"texture":"#0"},"up":{"uv":[1,1,1.25,1.25],"texture":"#0"},"down":{"uv":[1,1,1.25,1.25],"texture":"#0"}}},{"from":[2.125,4,-7.875],"to":[2.875,5.5,-7.125],"rotation":{"angle":0,"axis":"y","origin":[9.25,-3.5,-15.25]},"faces":{"north":{"uv":[14.75,3.75,16,6],"texture":"#0"},"east":{"uv":[14.75,3.75,16,6],"texture":"#0"},"south":{"uv":[14.75,3.75,16,6],"texture":"#0"},"west":{"uv":[14.75,3.75,16,6],"texture":"#0"},"up":{"uv":[14.75,5.75,16,7],"texture":"#0"},"down":{"uv":[14.75,5.75,16,7],"texture":"#0"}}},{"from":[1.5,-1.125,-5.375],"to":[1.75,0.125,-4.125],"rotation":{"angle":0,"axis":"y","origin":[-3,-9,-13.25]},"faces":{"north":{"uv":[2.5,0.25,2.75,0.5],"texture":"#0"},"east":{"uv":[2.5,0.25,2.75,0.5],"texture":"#0"},"south":{"uv":[2.5,0.25,2.75,0.5],"texture":"#0"},"west":{"uv":[2.5,0.25,2.75,0.5],"texture":"#0"},"up":{"uv":[2.5,0.25,2.75,0.5],"texture":"#0"},"down":{"uv":[2.5,0.25,2.75,0.5],"texture":"#0"}}},{"from":[7.375,0.875,-8.5],"to":[8.625,2.125,-8.25],"rotation":{"angle":0,"axis":"y","origin":[-3,-9,-13.25]},"faces":{"north":{"uv":[2.5,0.25,2.75,0.5],"texture":"#0"},"east":{"uv":[2.5,0.25,2.75,0.5],"texture":"#0"},"south":{"uv":[2.5,0.25,2.75,0.5],"texture":"#0"},"west":{"uv":[2.5,0.25,2.75,0.5],"texture":"#0"},"up":{"uv":[2.5,0.25,2.75,0.5],"rotation":90,"texture":"#0"},"down":{"uv":[2.5,0.25,2.75,0.5],"rotation":270,"texture":"#0"}}},{"from":[7.625,2,7.25],"to":[8.375,2.125,11.25],"rotation":{"angle":0,"axis":"x","origin":[-3,-9,-13.25]},"faces":{"north":{"uv":[8.75,0,9,0.25],"rotation":90,"texture":"#0"},"east":{"uv":[8.75,1.25,9,1.5],"rotation":270,"texture":"#0"},"south":{"uv":[2.5,0.25,2.75,0.5],"rotation":90,"texture":"#0"},"west":{"uv":[8.75,0,9,0.25],"rotation":90,"texture":"#0"},"up":{"uv":[8.75,0,9,1.5],"rotation":270,"texture":"#0"},"down":{"uv":[2.5,0.25,2.75,0.5],"texture":"#0"}}},{"from":[11,2,4.375],"to":[14,2.125,5.125],"rotation":{"angle":0,"axis":"y","origin":[-3,-9,-13.25]},"faces":{"north":{"uv":[8.75,1.25,9,1.5],"rotation":270,"texture":"#0"},"east":{"uv":[2.5,0.25,2.75,0.5],"rotation":90,"texture":"#0"},"south":{"uv":[8.75,0,9,0.25],"rotation":90,"texture":"#0"},"west":{"uv":[8.75,0,9,0.25],"rotation":90,"texture":"#0"},"up":{"uv":[8.75,0,9,1.5],"rotation":180,"texture":"#0"},"down":{"uv":[2.5,0.25,2.75,0.5],"rotation":90,"texture":"#0"}}},{"from":[14,1.125,4.375],"to":[14.125,2.125,5.125],"rotation":{"angle":0,"axis":"z","origin":[8.5,-9,-2.25]},"faces":{"north":{"uv":[8.75,1.25,9,1.5],"rotation":180,"texture":"#0"},"east":{"uv":[8.75,0,9,1.5],"rotation":270,"texture":"#0"},"south":{"uv":[8.75,0,9,0.25],"rotation":180,"texture":"#0"},"west":{"uv":[2.5,0.25,2.75,0.5],"rotation":180,"texture":"#0"},"up":{"uv":[8.75,1.5,9,0],"texture":"#0"},"down":{"uv":[2.5,0.25,2.75,0.5],"rotation":180,"texture":"#0"}}},{"from":[14,0.375,5.125],"to":[14.125,1.125,7.875],"rotation":{"angle":0,"axis":"x","origin":[8.5,-9,-2.25]},"faces":{"north":{"uv":[8.75,1.5,9,0],"rotation":180,"texture":"#0"},"east":{"uv":[8.75,0,9,1.5],"texture":"#0"},"south":{"uv":[2.5,0.25,2.75,0.5],"rotation":180,"texture":"#0"},"west":{"uv":[2.5,0.25,2.75,0.5],"rotation":90,"texture":"#0"},"up":{"uv":[8.75,0,9,0.25],"rotation":180,"texture":"#0"},"down":{"uv":[8.75,1.25,9,1.5],"texture":"#0"}}},{"from":[14,0.375,4.375],"to":[14.125,1.125,5.125],"rotation":{"angle":0,"axis":"z","origin":[8.5,-9,-2.25]},"faces":{"north":{"uv":[8.75,1.25,9,1.5],"rotation":180,"texture":"#0"},"east":{"uv":[4.75,4.25,6.25,2.75],"rotation":270,"texture":"#0"},"south":{"uv":[8.75,0,9,0.25],"rotation":180,"texture":"#0"},"west":{"uv":[2.5,0.25,2.75,0.5],"rotation":180,"texture":"#0"},"up":{"uv":[8.75,1.5,9,0],"texture":"#0"},"down":{"uv":[2.5,0.25,2.75,0.5],"rotation":180,"texture":"#0"}}},{"from":[7.625,-2.5,-8.125],"to":[8.375,1,-8],"rotation":{"angle":0,"axis":"y","origin":[-3,-9,-13.25]},"faces":{"north":{"uv":[8.75,0,9,1.5],"rotation":90,"texture":"#0"},"east":{"uv":[8.75,1.25,9,1.5],"texture":"#0"},"south":{"uv":[2.5,0.25,2.75,0.5],"texture":"#0"},"west":{"uv":[8.75,0,9,0.25],"texture":"#0"},"up":{"uv":[2.5,0.25,2.75,0.5],"rotation":90,"texture":"#0"},"down":{"uv":[8.75,0,9,0.25],"rotation":270,"texture":"#0"}}},{"from":[1.875,-1.375,-5.125],"to":[2,-1,-4.375],"rotation":{"angle":0,"axis":"y","origin":[-3,-9,-13.25]},"faces":{"north":{"uv":[8.75,1.25,9,1.5],"texture":"#0"},"east":{"uv":[2.5,0.25,2.75,0.5],"texture":"#0"},"south":{"uv":[8.75,0,9,0.25],"texture":"#0"},"west":{"uv":[8.75,0,9,1.5],"rotation":90,"texture":"#0"},"up":{"uv":[2.5,0.25,2.75,0.5],"texture":"#0"},"down":{"uv":[8.75,0,9,0.25],"texture":"#0"}}},{"from":[1.875,-2.5,-0.25],"to":[2,-2.125,0.5],"rotation":{"angle":0,"axis":"y","origin":[-3,-9,-13.25]},"faces":{"north":{"uv":[8.75,1.25,9,1.5],"texture":"#0"},"east":{"uv":[2.5,0.25,2.75,0.5],"texture":"#0"},"south":{"uv":[8.75,0,9,0.25],"texture":"#0"},"west":{"uv":[8.75,0,9,1.5],"rotation":90,"texture":"#0"},"up":{"uv":[2.5,0.25,2.75,0.5],"texture":"#0"},"down":{"uv":[8.75,0,9,0.25],"texture":"#0"}}},{"from":[1.875,-2.625,-0.25],"to":[5,-2.5,0.5],"rotation":{"angle":0,"axis":"z","origin":[-3,-9,-13.25]},"faces":{"north":{"uv":[8.75,1.25,9,1.5],"rotation":90,"texture":"#0"},"east":{"uv":[8.75,0,9,0.25],"rotation":270,"texture":"#0"},"south":{"uv":[8.75,0,9,0.25],"rotation":270,"texture":"#0"},"west":{"uv":[8.75,0,9,1.5],"rotation":90,"texture":"#0"},"up":{"uv":[2.5,0.25,2.75,0.5],"rotation":270,"texture":"#0"},"down":{"uv":[8.75,0,9,1.5],"texture":"#0"}}},{"from":[1.875,-2.125,-5.125],"to":[2,-1.375,-4.375],"rotation":{"angle":0,"axis":"y","origin":[-3,-9,-13.25]},"faces":{"north":{"uv":[8.75,1.25,9,1.5],"texture":"#0"},"east":{"uv":[2.5,0.25,2.75,0.5],"texture":"#0"},"south":{"uv":[8.75,0,9,0.25],"texture":"#0"},"west":{"uv":[6.25,4.25,4.75,2.75],"rotation":90,"texture":"#0"},"up":{"uv":[2.5,0.25,2.75,0.5],"texture":"#0"},"down":{"uv":[8.75,0,9,0.25],"texture":"#0"}}},{"from":[1.875,-2.125,-0.25],"to":[2,-1.375,0.5],"rotation":{"angle":0,"axis":"x","origin":[2,-1.75,0.375]},"faces":{"north":{"uv":[8.75,0,9,0.25],"rotation":180,"texture":"#0"},"east":{"uv":[2.5,0.25,2.75,0.5],"rotation":180,"texture":"#0"},"south":{"uv":[8.75,1.25,9,1.5],"rotation":180,"texture":"#0"},"west":{"uv":[7.75,4.25,6.25,2.75],"rotation":270,"texture":"#0"},"up":{"uv":[8.75,0,9,0.25],"texture":"#0"},"down":{"uv":[2.5,0.25,2.75,0.5],"texture":"#0"}}},{"from":[1.875,-2.125,-4.375],"to":[2,-1.375,-0.25],"rotation":{"angle":0,"axis":"x","origin":[-3,-9,-13.25]},"faces":{"north":{"uv":[2.5,0.25,2.75,0.5],"rotation":180,"texture":"#0"},"east":{"uv":[2.5,0.25,2.75,0.5],"rotation":90,"texture":"#0"},"south":{"uv":[8.75,0,9,0.25],"texture":"#0"},"west":{"uv":[8.75,0,9,1.5],"texture":"#0"},"up":{"uv":[8.75,0,9,0.25],"texture":"#0"},"down":{"uv":[8.75,1.25,9,1.5],"rotation":180,"texture":"#0"}}},{"from":[7.625,-2.625,-8.125],"to":[8.375,-2.5,1.375],"rotation":{"angle":0,"axis":"x","origin":[-3,-9,-13.25]},"faces":{"north":{"uv":[8.75,0,9,1.5],"rotation":90,"texture":"#0"},"east":{"uv":[8.75,1.25,9,1.5],"rotation":90,"texture":"#0"},"south":{"uv":[8.75,0,9,0.25],"rotation":270,"texture":"#0"},"west":{"uv":[8.75,0,9,0.25],"rotation":270,"texture":"#0"},"up":{"uv":[2.5,0.25,2.75,0.5],"texture":"#0"},"down":{"uv":[8.75,0,9,1.5],"rotation":270,"texture":"#0"}}},{"from":[1.75,-1,-5.25],"to":[2,0,-4.25],"rotation":{"angle":0,"axis":"y","origin":[-2.5,-9,-13.25]},"faces":{"north":{"uv":[4,0.25,4.25,0.5],"texture":"#0"},"south":{"uv":[4,0.25,4.25,0.5],"texture":"#0"},"up":{"uv":[4,0.25,4.25,0.5],"texture":"#0"},"down":{"uv":[4,0.25,4.25,0.5],"texture":"#0"}}},{"from":[7.5,1,-8.25],"to":[8.5,2,-8],"rotation":{"angle":0,"axis":"y","origin":[-2.5,-9,-13.25]},"faces":{"east":{"uv":[4,0.25,4.25,0.5],"texture":"#0"},"west":{"uv":[4,0.25,4.25,0.5],"texture":"#0"},"up":{"uv":[4,0.25,4.25,0.5],"texture":"#0"},"down":{"uv":[4,0.25,4.25,0.5],"texture":"#0"}}},{"from":[3.375,1.875,6.25],"to":[3.625,2.875,6.5],"rotation":{"angle":-22.5,"axis":"x","origin":[3.375,2.875,6.5]},"faces":{"north":{"uv":[0.25,1.75,0.5,2],"texture":"#0"},"east":{"uv":[0.25,1.75,0.5,2],"texture":"#0"},"south":{"uv":[0.25,1.75,0.5,2],"texture":"#0"},"west":{"uv":[0.25,1.75,0.5,2],"texture":"#0"}}},{"from":[3.375,1.875,4.5],"to":[3.625,2.875,4.75],"rotation":{"angle":22.5,"axis":"x","origin":[3.375,2.875,4.5]},"faces":{"north":{"uv":[0.25,1.75,0.5,2],"texture":"#0"},"east":{"uv":[0.25,1.75,0.5,2],"texture":"#0"},"south":{"uv":[0.25,1.75,0.5,2],"texture":"#0"},"west":{"uv":[0.25,1.75,0.5,2],"texture":"#0"}}},{"from":[3.375,2.625,4.5],"to":[3.625,2.875,6.5],"rotation":{"angle":0,"axis":"y","origin":[-0.75,-5.5,-2.75]},"faces":{"east":{"uv":[0.25,1.75,0.5,2],"texture":"#0"},"west":{"uv":[0.25,1.75,0.5,2],"texture":"#0"},"up":{"uv":[0.25,1.75,0.5,2],"texture":"#0"},"down":{"uv":[0.25,1.75,0.5,2],"texture":"#0"}}},{"from":[1.875,2,11.5],"to":[5,2.125,11.625],"rotation":{"angle":0,"axis":"y","origin":[-0.75,-5.5,-2.75]},"faces":{"north":{"uv":[0.25,1.75,0.5,2],"texture":"#0"},"east":{"uv":[0.25,1.75,0.5,2],"texture":"#0"},"south":{"uv":[0.25,1.75,0.5,2],"texture":"#0"},"west":{"uv":[0.25,1.75,0.5,2],"texture":"#0"},"up":{"uv":[0.25,1.75,0.5,2],"texture":"#0"},"down":{"uv":[0.25,1.75,0.5,2],"texture":"#0"}}},{"from":[10,2,9.125],"to":[12.625,2.125,9.25],"rotation":{"angle":0,"axis":"y","origin":[-0.75,-5.5,-2.75]},"faces":{"north":{"uv":[0.25,1.75,0.5,2],"texture":"#0"},"east":{"uv":[0.25,1.75,0.5,2],"texture":"#0"},"south":{"uv":[0.25,1.75,0.5,2],"texture":"#0"},"west":{"uv":[0.25,1.75,0.5,2],"texture":"#0"},"up":{"uv":[0.25,1.75,0.5,2],"texture":"#0"},"down":{"uv":[0.25,1.75,0.5,2],"texture":"#0"}}},{"from":[12.5,2,11.375],"to":[14.125,2.125,11.5],"rotation":{"angle":0,"axis":"y","origin":[-0.75,-5.5,-2.75]},"faces":{"north":{"uv":[0.25,1.75,0.5,2],"texture":"#0"},"east":{"uv":[0.25,1.75,0.5,2],"texture":"#0"},"south":{"uv":[0.25,1.75,0.5,2],"texture":"#0"},"west":{"uv":[0.25,1.75,0.5,2],"texture":"#0"},"up":{"uv":[0.25,1.75,0.5,2],"texture":"#0"},"down":{"uv":[0.25,1.75,0.5,2],"texture":"#0"}}},{"from":[12.5,2,9.25],"to":[12.625,2.125,11.375],"rotation":{"angle":0,"axis":"y","origin":[-0.75,-5.5,-2.75]},"faces":{"north":{"uv":[0.25,1.75,0.5,2],"texture":"#0"},"east":{"uv":[0.25,1.75,0.5,2],"texture":"#0"},"south":{"uv":[0.25,1.75,0.5,2],"texture":"#0"},"west":{"uv":[0.25,1.75,0.5,2],"texture":"#0"},"up":{"uv":[0.25,1.75,0.5,2],"texture":"#0"},"down":{"uv":[0.25,1.75,0.5,2],"texture":"#0"}}},{"from":[2.625,2,11.75],"to":[5,2.125,11.875],"rotation":{"angle":0,"axis":"y","origin":[-0.75,-5.5,-2.75]},"faces":{"north":{"uv":[0.25,1.75,0.5,2],"texture":"#0"},"east":{"uv":[0.25,1.75,0.5,2],"texture":"#0"},"south":{"uv":[0.25,1.75,0.5,2],"texture":"#0"},"west":{"uv":[0.25,1.75,0.5,2],"texture":"#0"},"up":{"uv":[0.25,1.75,0.5,2],"texture":"#0"},"down":{"uv":[0.25,1.75,0.5,2],"texture":"#0"}}},{"from":[9.875,2,8],"to":[10,2.125,11.5],"rotation":{"angle":0,"axis":"y","origin":[-0.75,-5.5,-2.75]},"faces":{"north":{"uv":[0.25,1.75,0.5,2],"texture":"#0"},"east":{"uv":[0.25,1.75,0.5,2],"texture":"#0"},"south":{"uv":[0.25,1.75,0.5,2],"texture":"#0"},"west":{"uv":[0.25,1.75,0.5,2],"texture":"#0"},"up":{"uv":[0.25,1.75,0.5,2],"texture":"#0"},"down":{"uv":[0.25,1.75,0.5,2],"texture":"#0"}}},{"from":[9.875,4.5,20.125],"to":[12,4.625,20.25],"rotation":{"angle":0,"axis":"y","origin":[-0.75,-5.5,-2.75]},"faces":{"north":{"uv":[0.25,1.75,0.5,2],"texture":"#0"},"east":{"uv":[0.25,1.75,0.5,2],"texture":"#0"},"south":{"uv":[0.25,1.75,0.5,2],"texture":"#0"},"west":{"uv":[0.25,1.75,0.5,2],"texture":"#0"},"up":{"uv":[0.25,1.75,0.5,2],"texture":"#0"},"down":{"uv":[0.25,1.75,0.5,2],"texture":"#0"}}},{"from":[13.25,8.5,20.75],"to":[13.375,8.575,20.875],"rotation":{"angle":0,"axis":"y","origin":[-0.75,-5.5,-2.75]},"faces":{"north":{"uv":[0.25,1.75,0.5,2],"texture":"#0"},"east":{"uv":[0.25,1.75,0.5,2],"texture":"#0"},"south":{"uv":[0.25,1.75,0.5,2],"texture":"#0"},"west":{"uv":[0.25,1.75,0.5,2],"texture":"#0"},"up":{"uv":[0.25,1.75,0.5,2],"texture":"#0"},"down":{"uv":[0.25,1.75,0.5,2],"texture":"#0"}}},{"from":[11.25,8.5,20.75],"to":[11.375,8.575,20.875],"rotation":{"angle":0,"axis":"y","origin":[-0.75,-5.5,-2.75]},"faces":{"north":{"uv":[0.25,1.75,0.5,2],"texture":"#0"},"east":{"uv":[0.25,1.75,0.5,2],"texture":"#0"},"south":{"uv":[0.25,1.75,0.5,2],"texture":"#0"},"west":{"uv":[0.25,1.75,0.5,2],"texture":"#0"},"up":{"uv":[0.25,1.75,0.5,2],"texture":"#0"},"down":{"uv":[0.25,1.75,0.5,2],"texture":"#0"}}},{"from":[11.25,8.5,19.625],"to":[11.375,8.575,19.75],"rotation":{"angle":0,"axis":"y","origin":[-0.75,-5.5,-2.75]},"faces":{"north":{"uv":[0.25,1.75,0.5,2],"texture":"#0"},"east":{"uv":[0.25,1.75,0.5,2],"texture":"#0"},"south":{"uv":[0.25,1.75,0.5,2],"texture":"#0"},"west":{"uv":[0.25,1.75,0.5,2],"texture":"#0"},"up":{"uv":[0.25,1.75,0.5,2],"texture":"#0"},"down":{"uv":[0.25,1.75,0.5,2],"texture":"#0"}}},{"from":[13.25,8.5,19.625],"to":[13.375,8.575,19.75],"rotation":{"angle":0,"axis":"y","origin":[-0.75,-5.5,-2.75]},"faces":{"north":{"uv":[0.25,1.75,0.5,2],"texture":"#0"},"east":{"uv":[0.25,1.75,0.5,2],"texture":"#0"},"south":{"uv":[0.25,1.75,0.5,2],"texture":"#0"},"west":{"uv":[0.25,1.75,0.5,2],"texture":"#0"},"up":{"uv":[0.25,1.75,0.5,2],"texture":"#0"},"down":{"uv":[0.25,1.75,0.5,2],"texture":"#0"}}},{"from":[9.875,4.5,17.925],"to":[10,4.625,20.125],"rotation":{"angle":0,"axis":"y","origin":[-0.75,-5.5,-2.75]},"faces":{"north":{"uv":[0.25,1.75,0.5,2],"texture":"#0"},"east":{"uv":[0.25,1.75,0.5,2],"texture":"#0"},"south":{"uv":[0.25,1.75,0.5,2],"texture":"#0"},"west":{"uv":[0.25,1.75,0.5,2],"texture":"#0"},"up":{"uv":[0.25,1.75,0.5,2],"texture":"#0"},"down":{"uv":[0.25,1.75,0.5,2],"texture":"#0"}}},{"from":[9.875,1.769134171618255,17.921193976625567],"to":[10,4.644134171618255,18.046193976625567],"rotation":{"angle":22.5,"axis":"x","origin":[10,4.625,17.875]},"faces":{"north":{"uv":[0.25,1.75,0.5,2],"rotation":180,"texture":"#0"},"east":{"uv":[0.25,1.75,0.5,2],"rotation":90,"texture":"#0"},"south":{"uv":[0.25,1.75,0.5,2],"texture":"#0"},"west":{"uv":[0.25,1.75,0.5,2],"rotation":270,"texture":"#0"},"up":{"uv":[0.25,1.75,0.5,2],"texture":"#0"},"down":{"uv":[0.25,1.75,0.5,2],"rotation":180,"texture":"#0"}}},{"from":[9.625,1.769134171618255,17.921193976625567],"to":[9.75,3.519134171618255,18.046193976625567],"rotation":{"angle":22.5,"axis":"x","origin":[10,4.625,17.875]},"faces":{"north":{"uv":[0.25,1.75,0.5,2],"rotation":180,"texture":"#0"},"east":{"uv":[0.25,1.75,0.5,2],"rotation":90,"texture":"#0"},"south":{"uv":[0.25,1.75,0.5,2],"texture":"#0"},"west":{"uv":[0.25,1.75,0.5,2],"rotation":270,"texture":"#0"},"up":{"uv":[0.25,1.75,0.5,2],"texture":"#0"},"down":{"uv":[0.25,1.75,0.5,2],"rotation":180,"texture":"#0"}}},{"from":[3.874999999999999,3.394134171618255,17.921193976625567],"to":[9.625,3.519134171618255,18.046193976625567],"rotation":{"angle":22.5,"axis":"x","origin":[10,4.625,17.875]},"faces":{"north":{"uv":[0.25,1.75,0.5,2],"rotation":180,"texture":"#0"},"east":{"uv":[0.25,1.75,0.5,2],"rotation":90,"texture":"#0"},"south":{"uv":[0.25,1.75,0.5,2],"texture":"#0"},"west":{"uv":[0.25,1.75,0.5,2],"rotation":270,"texture":"#0"},"up":{"uv":[0.25,1.75,0.5,2],"texture":"#0"},"down":{"uv":[0.25,1.75,0.5,2],"rotation":180,"texture":"#0"}}},{"from":[2.625,2,11.625],"to":[2.75,2.125,11.75],"rotation":{"angle":0,"axis":"y","origin":[-0.75,-5.5,-2.75]},"faces":{"north":{"uv":[0.25,1.75,0.5,2],"texture":"#0"},"east":{"uv":[0.25,1.75,0.5,2],"texture":"#0"},"south":{"uv":[0.25,1.75,0.5,2],"texture":"#0"},"west":{"uv":[0.25,1.75,0.5,2],"texture":"#0"},"up":{"uv":[0.25,1.75,0.5,2],"texture":"#0"},"down":{"uv":[0.25,1.75,0.5,2],"texture":"#0"}}},{"from":[1.875,0.25,11.5],"to":[2,2,11.625],"rotation":{"angle":0,"axis":"y","origin":[-0.75,-5.5,-2.75]},"faces":{"north":{"uv":[0.25,1.75,0.5,2],"texture":"#0"},"east":{"uv":[0.25,1.75,0.5,2],"texture":"#0"},"south":{"uv":[0.25,1.75,0.5,2],"texture":"#0"},"west":{"uv":[0.25,1.75,0.5,2],"texture":"#0"},"up":{"uv":[0.25,1.75,0.5,2],"texture":"#0"},"down":{"uv":[0.25,1.75,0.5,2],"texture":"#0"}}},{"from":[14,1,11.375],"to":[14.125,2,11.5],"rotation":{"angle":0,"axis":"y","origin":[-0.75,-5.5,-2.75]},"faces":{"north":{"uv":[0.25,1.75,0.5,2],"texture":"#0"},"east":{"uv":[0.25,1.75,0.5,2],"texture":"#0"},"south":{"uv":[0.25,1.75,0.5,2],"texture":"#0"},"west":{"uv":[0.25,1.75,0.5,2],"texture":"#0"},"up":{"uv":[0.25,1.75,0.5,2],"texture":"#0"},"down":{"uv":[0.25,1.75,0.5,2],"texture":"#0"}}},{"from":[14,1,11.125],"to":[14.125,1.125,11.375],"rotation":{"angle":0,"axis":"y","origin":[-0.75,-5.5,-2.75]},"faces":{"north":{"uv":[0.25,1.75,0.5,2],"texture":"#0"},"east":{"uv":[0.25,1.75,0.5,2],"texture":"#0"},"south":{"uv":[0.25,1.75,0.5,2],"texture":"#0"},"west":{"uv":[0.25,1.75,0.5,2],"texture":"#0"},"up":{"uv":[0.25,1.75,0.5,2],"texture":"#0"},"down":{"uv":[0.25,1.75,0.5,2],"texture":"#0"}}},{"from":[1.875,0.25,11.125],"to":[2,0.375,11.5],"rotation":{"angle":0,"axis":"y","origin":[-0.75,-5.5,-2.75]},"faces":{"north":{"uv":[0.25,1.75,0.5,2],"texture":"#0"},"east":{"uv":[0.25,1.75,0.5,2],"texture":"#0"},"south":{"uv":[0.25,1.75,0.5,2],"texture":"#0"},"west":{"uv":[0.25,1.75,0.5,2],"texture":"#0"},"up":{"uv":[0.25,1.75,0.5,2],"texture":"#0"},"down":{"uv":[0.25,1.75,0.5,2],"texture":"#0"}}},{"from":[3.25,2.5,4.75],"to":[3.75,3,6.25],"rotation":{"angle":0,"axis":"y","origin":[-0.75,-5.5,-2.75]},"faces":{"north":{"uv":[1.75,0.25,2,0.5],"texture":"#0"},"east":{"uv":[1.75,0.25,2,0.5],"texture":"#0"},"south":{"uv":[1.75,0.25,2,0.5],"texture":"#0"},"west":{"uv":[1.75,0.25,2,0.5],"texture":"#0"},"up":{"uv":[1.75,0.25,2,0.5],"texture":"#0"},"down":{"uv":[1.75,0.25,2,0.5],"texture":"#0"}}},{"from":[1.375,1.375,22],"to":[2.375,1.625,22.25],"rotation":{"angle":-22.5,"axis":"z","origin":[1.375,1.375,22]},"faces":{"north":{"uv":[0.25,1.75,0.5,2],"rotation":90,"texture":"#0"},"south":{"uv":[0.25,1.75,0.5,2],"rotation":270,"texture":"#0"},"up":{"uv":[0.25,1.75,0.5,2],"rotation":270,"texture":"#0"},"down":{"uv":[0.25,1.75,0.5,2],"rotation":270,"texture":"#0"}}},{"from":[1.375,3.125,22],"to":[2.375,3.375,22.25],"rotation":{"angle":22.5,"axis":"z","origin":[1.375,3.375,22]},"faces":{"north":{"uv":[0.25,1.75,0.5,2],"rotation":90,"texture":"#0"},"south":{"uv":[0.25,1.75,0.5,2],"rotation":270,"texture":"#0"},"up":{"uv":[0.25,1.75,0.5,2],"rotation":270,"texture":"#0"},"down":{"uv":[0.25,1.75,0.5,2],"rotation":270,"texture":"#0"}}},{"from":[1.375,1.375,22],"to":[1.625,3.375,22.25],"rotation":{"angle":0,"axis":"x","origin":[1.375,2.875,22]},"faces":{"north":{"uv":[0.25,1.75,0.5,2],"rotation":90,"texture":"#0"},"east":{"uv":[0.25,1.75,0.5,2],"rotation":180,"texture":"#0"},"south":{"uv":[0.25,1.75,0.5,2],"rotation":270,"texture":"#0"},"west":{"uv":[0.25,1.75,0.5,2],"texture":"#0"}}},{"from":[1.25,1.625,21.875],"to":[1.75,3.125,22.375],"rotation":{"angle":0,"axis":"x","origin":[1.375,2.875,22]},"faces":{"north":{"uv":[1.75,0.25,2,0.5],"rotation":90,"texture":"#0"},"east":{"uv":[1.75,0.25,2,0.5],"rotation":180,"texture":"#0"},"south":{"uv":[1.75,0.25,2,0.5],"rotation":270,"texture":"#0"},"west":{"uv":[1.75,0.25,2,0.5],"texture":"#0"},"up":{"uv":[1.75,0.25,2,0.5],"rotation":270,"texture":"#0"},"down":{"uv":[1.75,0.25,2,0.5],"rotation":270,"texture":"#0"}}},{"from":[14.625,-1.125,-5],"to":[14.875,-0.875,-3],"rotation":{"angle":0,"axis":"x","origin":[14.875,2.875,-5]},"faces":{"east":{"uv":[0.25,1.75,0.5,2],"rotation":270,"texture":"#0"},"west":{"uv":[0.25,1.75,0.5,2],"rotation":270,"texture":"#0"},"up":{"uv":[0.25,1.75,0.5,2],"rotation":90,"texture":"#0"},"down":{"uv":[0.25,1.75,0.5,2],"rotation":90,"texture":"#0"}}},{"from":[14.5,-1.25,-4.75],"to":[15,-0.75,-3.25],"rotation":{"angle":0,"axis":"x","origin":[14.875,2.875,-5]},"faces":{"north":{"uv":[1.75,0.25,2,0.5],"rotation":270,"texture":"#0"},"east":{"uv":[1.75,0.25,2,0.5],"rotation":270,"texture":"#0"},"south":{"uv":[1.75,0.25,2,0.5],"rotation":90,"texture":"#0"},"west":{"uv":[1.75,0.25,2,0.5],"rotation":270,"texture":"#0"},"up":{"uv":[1.75,0.25,2,0.5],"rotation":90,"texture":"#0"},"down":{"uv":[1.75,0.25,2,0.5],"rotation":90,"texture":"#0"}}},{"from":[13.875,-1.125,-3.25],"to":[14.875,-0.875,-3],"rotation":{"angle":22.5,"axis":"y","origin":[14.875,-1,-3]},"faces":{"north":{"uv":[0.25,1.75,0.5,2],"rotation":270,"texture":"#0"},"south":{"uv":[0.25,1.75,0.5,2],"rotation":90,"texture":"#0"},"up":{"uv":[0.25,1.75,0.5,2],"rotation":90,"texture":"#0"},"down":{"uv":[0.25,1.75,0.5,2],"rotation":90,"texture":"#0"}}},{"from":[13.875,-1.125,-5],"to":[14.875,-0.875,-4.75],"rotation":{"angle":-22.5,"axis":"y","origin":[14.875,-1.125,-5]},"faces":{"north":{"uv":[0.25,1.75,0.5,2],"rotation":270,"texture":"#0"},"south":{"uv":[0.25,1.75,0.5,2],"rotation":90,"texture":"#0"},"up":{"uv":[0.25,1.75,0.5,2],"rotation":90,"texture":"#0"},"down":{"uv":[0.25,1.75,0.5,2],"rotation":90,"texture":"#0"}}},{"from":[2.25,3.5,-7.75],"to":[2.75,4,-7.25],"rotation":{"angle":0,"axis":"y","origin":[9.25,-4.5,-15.25]},"faces":{"north":{"uv":[1.75,1.75,2,2],"texture":"#0"},"east":{"uv":[1.75,1.75,2,2],"texture":"#0"},"south":{"uv":[1.75,1.75,2,2],"texture":"#0"},"west":{"uv":[1.75,1.75,2,2],"texture":"#0"},"up":{"uv":[1.75,1.75,2,2],"texture":"#0"},"down":{"uv":[1.75,1.75,2,2],"texture":"#0"}}},{"from":[12.374999999999996,2.4999999999999982,15.125],"to":[13.124999999999996,3.2499999999999982,15.875],"rotation":{"angle":0,"axis":"y","origin":[9.25,-3.5,-15.25]},"faces":{"north":{"uv":[14.75,3.75,16,5],"texture":"#0"},"east":{"uv":[14.75,3.75,16,5],"texture":"#0"},"south":{"uv":[14.75,3.75,16,5],"texture":"#0"},"west":{"uv":[14.75,3.75,16,5],"texture":"#0"},"up":{"uv":[14.75,2.5,16,3.75],"texture":"#0"},"down":{"uv":[14.75,5.75,16,7],"texture":"#0"}}},{"from":[12.499999999999996,1.9999999999999982,15.25],"to":[12.999999999999996,2.4999999999999982,15.75],"rotation":{"angle":0,"axis":"y","origin":[9.25,-4.5,-15.25]},"faces":{"north":{"uv":[1.75,1.75,2,2],"texture":"#0"},"east":{"uv":[1.75,1.75,2,2],"texture":"#0"},"south":{"uv":[1.75,1.75,2,2],"texture":"#0"},"west":{"uv":[1.75,1.75,2,2],"texture":"#0"},"up":{"uv":[1.75,1.75,2,2],"texture":"#0"},"down":{"uv":[1.75,1.75,2,2],"texture":"#0"}}},{"from":[2.5,3,16.5],"to":[4,4.5,18],"rotation":{"angle":-22.5,"axis":"x","origin":[3,4.5,18.5]},"faces":{"north":{"uv":[1,0.25,1.25,0.5],"texture":"#0"},"east":{"uv":[1,0.25,1.25,0.5],"texture":"#0"},"west":{"uv":[1,0.25,1.25,0.5],"texture":"#0"},"up":{"uv":[1,0.25,1.25,0.5],"texture":"#0"}}},{"from":[2.25,4.875,17.125],"to":[2.5,5.875,17.375],"rotation":{"angle":-22.5,"axis":"x","origin":[3,4.5,18.5]},"faces":{"north":{"uv":[0.25,1,0.5,1.25],"texture":"#0"},"east":{"uv":[0.25,1,0.5,1.25],"texture":"#0"},"south":{"uv":[0.25,1,0.5,1.25],"texture":"#0"},"west":{"uv":[0.25,1,0.5,1.25],"texture":"#0"},"up":{"uv":[0.25,1,0.5,1.25],"texture":"#0"},"down":{"uv":[0.25,1,0.5,1.25],"texture":"#0"}}},{"from":[3.125,6.375,17.125],"to":[3.375,6.625,17.375],"rotation":{"angle":-22.5,"axis":"x","origin":[3,4.5,18.5]},"faces":{"north":{"uv":[3.25,0.25,3.5,0.5],"texture":"#0"},"east":{"uv":[3.25,0.25,3.5,0.5],"texture":"#0"},"south":{"uv":[3.25,0.25,3.5,0.5],"texture":"#0"},"west":{"uv":[3.25,0.25,3.5,0.5],"texture":"#0"},"up":{"uv":[3.25,0.25,3.5,0.5],"texture":"#0"}}},{"from":[2.5,5.625,17.125],"to":[3,5.875,17.375],"rotation":{"angle":-22.5,"axis":"x","origin":[3,4.5,18.5]},"faces":{"north":{"uv":[0.25,1,0.5,1.25],"texture":"#0"},"south":{"uv":[0.25,1,0.5,1.25],"texture":"#0"},"up":{"uv":[0.25,1,0.5,1.25],"texture":"#0"},"down":{"uv":[0.25,1,0.5,1.25],"texture":"#0"}}},{"from":[3,3.5,17],"to":[3.5,6.5,17.5],"rotation":{"angle":-22.5,"axis":"x","origin":[3,4.5,18.5]},"faces":{"north":{"uv":[1,1.75,1.25,2],"texture":"#0"},"east":{"uv":[1,1.75,1.25,2],"texture":"#0"},"south":{"uv":[1,1.75,1.25,2],"texture":"#0"},"west":{"uv":[1,1.75,1.25,2],"texture":"#0"},"up":{"uv":[1,1.75,1.25,2],"texture":"#0"}}},{"from":[12,4.5,20],"to":[12.5,6.5,20.5],"rotation":{"angle":0,"axis":"y","origin":[8,-3.5,12.5]},"faces":{"north":{"uv":[0.25,1.75,0.5,2],"texture":"#0"},"east":{"uv":[0.25,1.75,0.5,2],"texture":"#0"},"south":{"uv":[0.25,1.75,0.5,2],"texture":"#0"},"west":{"uv":[0.25,1.75,0.5,2],"texture":"#0"}}},{"from":[2.5,4,18],"to":[13.5,4.5,24],"rotation":{"angle":0,"axis":"y","origin":[8,-3.5,12.5]},"faces":{"up":{"uv":[0,10,8,14.25],"texture":"#0"},"down":{"uv":[0.25,1.75,0.5,2],"texture":"#0"}}},{"from":[2.125,4.537499999999998,18.125],"to":[4.375,4.537499999999998,18.75],"rotation":{"angle":0,"axis":"y","origin":[8,-3.5,12.5]},"faces":{"north":{"uv":[9.25,0.5,9.5,0.75],"texture":"#0"},"east":{"uv":[9.25,0.5,9.5,0.75],"texture":"#0"},"south":{"uv":[9.25,0.5,9.5,0.75],"texture":"#0"},"west":{"uv":[9.25,0.5,9.5,0.75],"texture":"#0"},"up":{"uv":[9.25,16,2.5,14.25],"texture":"#0"},"down":{"uv":[9.25,0.5,9.5,0.75],"texture":"#0"}}},{"from":[7.025,2.9999999999999964,8.087500000000002],"to":[8.975,3.599999999999998,8.087500000000002],"rotation":{"angle":-22.5,"axis":"x","origin":[8,3.5,8.5]},"faces":{"north":{"uv":[9.25,0.5,9.5,0.75],"rotation":180,"texture":"#0"},"east":{"uv":[9.25,0.5,9.5,0.75],"rotation":270,"texture":"#0"},"south":{"uv":[10,14.25,15.75,16],"texture":"#0"},"west":{"uv":[9.25,0.5,9.5,0.75],"rotation":90,"texture":"#0"},"up":{"uv":[9.25,0.5,9.5,0.75],"rotation":180,"texture":"#0"},"down":{"uv":[9.25,0.5,9.5,0.75],"texture":"#0"}}},{"from":[2.5,-2.5,18],"to":[13.5,-2,24],"rotation":{"angle":0,"axis":"y","origin":[8,-3.5,12.5]},"faces":{"up":{"uv":[0.25,1.75,0.5,2],"texture":"#0"},"down":{"uv":[0.25,0.25,0.5,0.5],"texture":"#0"}}},{"from":[13,0,-7],"to":[14,2,3],"rotation":{"angle":-22.5,"axis":"z","origin":[13,2,-0.5]},"faces":{"north":{"uv":[0.25,0.25,0.5,0.5],"texture":"#0"},"south":{"uv":[0.25,0.25,0.5,0.5],"texture":"#0"},"west":{"uv":[1.75,1.75,2,2],"texture":"#0"}}},{"from":[2,0,-7],"to":[3,2,3],"rotation":{"angle":22.5,"axis":"z","origin":[3,2,-0.5]},"faces":{"north":{"uv":[0.25,0.25,0.5,0.5],"texture":"#0"},"east":{"uv":[1.75,1.75,2,2],"texture":"#0"},"south":{"uv":[0.25,0.25,0.5,0.5],"texture":"#0"}}},{"from":[2,-2,-7],"to":[3,2,3],"rotation":{"angle":0,"axis":"y","origin":[8,-3.5,12.5]},"faces":{"west":{"uv":[0.25,0.25,0.5,0.5],"texture":"#0"},"up":{"uv":[0.25,0.25,0.5,0.5],"texture":"#0"}}},{"from":[3,-2,-7],"to":[13,0.5,3],"rotation":{"angle":0,"axis":"y","origin":[8,-3.5,12.5]},"faces":{"up":{"uv":[0.25,1.75,0.5,2],"texture":"#0"}}}],"textures":{"0":"minecraft:custom/rover"},"display":{"head":{"translation":[0,-6.4,0],"scale":[3.2,3.2,3.2],"rotation":[0,180,0]}}}