{"elements":[{"from":[7,8.375,7.5],"to":[9,8.875,8.5],"rotation":{"angle":0,"axis":"y","origin":[8,8.375,8]},"faces":{"north":{"uv":[1,1.75,1.25,2],"texture":"#0"},"east":{"uv":[1,1.75,1.25,2],"texture":"#0"},"south":{"uv":[1,1.75,1.25,2],"texture":"#0"},"west":{"uv":[1,1.75,1.25,2],"texture":"#0"},"up":{"uv":[1,1.75,1.25,2],"texture":"#0"},"down":{"uv":[1,1.75,1.25,2],"texture":"#0"}}},{"from":[7.625,7.75,7.625],"to":[8.375,8.625,8.375],"rotation":{"angle":0,"axis":"y","origin":[8,8,8]},"faces":{"north":{"uv":[1,1.75,1.25,2],"texture":"#0"},"east":{"uv":[1,1.75,1.25,2],"texture":"#0"},"south":{"uv":[1,1.75,1.25,2],"texture":"#0"},"west":{"uv":[1,1.75,1.25,2],"texture":"#0"},"up":{"uv":[1,1.75,1.25,2],"texture":"#0"},"down":{"uv":[1,1.75,1.25,2],"texture":"#0"}}}],"textures":{"0":"minecraft:custom/rover"},"display":{"head":{"translation":[0,-6.4,0],"scale":[3.2,3.2,3.2],"rotation":[0,180,0]}}}