{"elements":[{"from":[8,9.5,22.5],"to":[11,15.5,23],"rotation":{"angle":0,"axis":"y","origin":[8,8,8]},"faces":{"north":{"uv":[0.25,0.25,0.5,0.5],"texture":"#0"},"east":{"uv":[0.25,0.25,0.5,0.5],"texture":"#0"},"south":{"uv":[0.25,0.25,0.5,0.5],"texture":"#0"},"west":{"uv":[1.75,1.75,2,2],"texture":"#0"},"up":{"uv":[1.75,1.75,2,2],"texture":"#0"},"down":{"uv":[1.75,1.75,2,2],"texture":"#0"}}}],"textures":{"0":"minecraft:custom/rover"},"display":{"head":{"translation":[0,-6.4,0],"scale":[3.2,3.2,3.2],"rotation":[0,180,0]}}}