{"elements":[{"from":[8,5,6.5],"to":[8.5,5.5,7],"rotation":{"angle":0,"axis":"y","origin":[8,8,6.5]},"faces":{"north":{"uv":[9.25,0.5,9.5,0.75],"texture":"#0"},"east":{"uv":[9.25,0.5,9.5,0.75],"texture":"#0"},"south":{"uv":[9.25,0.5,9.5,0.75],"texture":"#0"},"west":{"uv":[9.25,0.5,9.5,0.75],"texture":"#0"},"up":{"uv":[9.25,0.5,9.5,0.75],"texture":"#0"},"down":{"uv":[9.25,0.5,9.5,0.75],"texture":"#0"}}}],"textures":{"0":"minecraft:custom/rover"},"display":{"head":{"translation":[0,-6.4,0],"scale":[3.2,3.2,3.2],"rotation":[0,180,0]}}}