{"elements":[{"from":[6.5,7.403262897861026,5],"to":[9.5,8.596737102138974,5.5],"rotation":{"angle":-45,"axis":"x","origin":[8,8,8]},"faces":{"north":{"uv":[11.25,1.25,16,0],"texture":"#0"},"east":{"uv":[10.75,1,11,1.25],"texture":"#0"},"south":{"uv":[10.75,0.25,11,0.5],"texture":"#0"},"west":{"uv":[10.75,1,11,1.25],"texture":"#0"}}},{"from":[6.5,7.403262897861026,5],"to":[9.5,8.596737102138974,5.5],"rotation":{"angle":-22.5,"axis":"x","origin":[8,8,8]},"faces":{"north":{"uv":[11.25,1.25,16,2.5],"texture":"#0"},"east":{"uv":[11,1.25,11.5,2.5],"texture":"#0"},"south":{"uv":[10.75,0.25,11,0.5],"texture":"#0"},"west":{"uv":[11.5,2.5,11,1.25],"texture":"#0"}}},{"from":[6.5,7.403262897861026,5],"to":[9.5,8.596737102138974,5.5],"rotation":{"angle":0,"axis":"y","origin":[8,8,8]},"faces":{"north":{"uv":[11.25,1.25,16,0],"texture":"#0"},"east":{"uv":[10.75,1,11,1.25],"texture":"#0"},"south":{"uv":[10.75,0.25,11,0.5],"texture":"#0"},"west":{"uv":[10.75,1,11,1.25],"texture":"#0"}}},{"from":[6.5,7.403262897861026,5],"to":[9.5,8.596737102138974,5.5],"rotation":{"angle":22.5,"axis":"x","origin":[8,8,8]},"faces":{"north":{"uv":[11.25,1.25,16,2.5],"texture":"#0"},"east":{"uv":[11,1.25,11.5,2.5],"texture":"#0"},"south":{"uv":[10.75,0.25,11,0.5],"texture":"#0"},"west":{"uv":[11.5,2.5,11,1.25],"texture":"#0"}}},{"from":[6.5,7.403262897861026,5],"to":[9.5,8.596737102138974,5.5],"rotation":{"angle":45,"axis":"x","origin":[8,8,8]},"faces":{"north":{"uv":[11.25,1.25,16,0],"texture":"#0"},"east":{"uv":[10.75,1,11,1.25],"texture":"#0"},"south":{"uv":[10.75,0.25,11,0.5],"texture":"#0"},"west":{"uv":[10.75,1,11,1.25],"texture":"#0"}}},{"from":[6.5,7.403262897861026,10.5],"to":[9.5,8.596737102138974,11],"rotation":{"angle":-45,"axis":"x","origin":[8,8,8]},"faces":{"north":{"uv":[10.75,0.25,11,0.5],"texture":"#0"},"east":{"uv":[10.75,1,11,1.25],"texture":"#0"},"south":{"uv":[11.25,0,16,1.25],"texture":"#0"},"west":{"uv":[10.75,1,11,1.25],"texture":"#0"}}},{"from":[6.5,7.403262897861026,10.5],"to":[9.5,8.596737102138974,11],"rotation":{"angle":-22.5,"axis":"x","origin":[8,8,8]},"faces":{"north":{"uv":[10.75,0.25,11,0.5],"texture":"#0"},"east":{"uv":[11.5,2.5,11,1.25],"texture":"#0"},"south":{"uv":[11.25,1.25,16,2.5],"texture":"#0"},"west":{"uv":[11,2.5,11.5,1.25],"texture":"#0"}}},{"from":[6.5,7.403262897861026,10.5],"to":[9.5,8.596737102138974,11],"rotation":{"angle":0,"axis":"y","origin":[8,8,8]},"faces":{"north":{"uv":[10.75,0.25,11,0.5],"texture":"#0"},"east":{"uv":[10.75,1,11,1.25],"texture":"#0"},"south":{"uv":[11.25,0,16,1.25],"texture":"#0"},"west":{"uv":[10.75,1,11,1.25],"texture":"#0"}}},{"from":[6.5,7.403262897861026,10.5],"to":[9.5,8.596737102138974,11],"rotation":{"angle":22.5,"axis":"x","origin":[8,8,8]},"faces":{"north":{"uv":[10.75,0.25,11,0.5],"texture":"#0"},"east":{"uv":[11.5,2.5,11,1.25],"texture":"#0"},"south":{"uv":[11.25,1.25,16,2.5],"texture":"#0"},"west":{"uv":[11,2.5,11.5,1.25],"texture":"#0"}}},{"from":[6.5,7.403262897861026,10.5],"to":[9.5,8.596737102138974,11],"rotation":{"angle":45,"axis":"x","origin":[8,8,8]},"faces":{"north":{"uv":[10.75,0.25,11,0.5],"texture":"#0"},"east":{"uv":[10.75,1,11,1.25],"texture":"#0"},"south":{"uv":[11.25,0,16,1.25],"texture":"#0"},"west":{"uv":[10.75,1,11,1.25],"texture":"#0"}}},{"from":[6.5,5,7.403262897861026],"to":[9.5,5.5,8.596737102138974],"rotation":{"angle":-22.5,"axis":"x","origin":[8,8,8]},"faces":{"east":{"uv":[11,1.25,11.5,2.5],"rotation":90,"texture":"#0"},"west":{"uv":[11,1.25,11.5,2.5],"rotation":90,"texture":"#0"},"up":{"uv":[10.75,0.25,11,0.5],"texture":"#0"},"down":{"uv":[11.25,1.25,16,2.5],"texture":"#0"}}},{"from":[6.5,5,7.403262897861026],"to":[9.5,5.5,8.596737102138974],"rotation":{"angle":0,"axis":"y","origin":[8,8,8]},"faces":{"east":{"uv":[10.75,1,11,1.25],"texture":"#0"},"west":{"uv":[10.75,1,11,1.25],"texture":"#0"},"up":{"uv":[10.75,0.25,11,0.5],"texture":"#0"},"down":{"uv":[11.25,0,16,1.25],"texture":"#0"}}},{"from":[6.5,5,7.403262897861026],"to":[9.5,5.5,8.596737102138974],"rotation":{"angle":22.5,"axis":"x","origin":[8,8,8]},"faces":{"east":{"uv":[11,1.25,11.5,2.5],"rotation":90,"texture":"#0"},"west":{"uv":[11,1.25,11.5,2.5],"rotation":90,"texture":"#0"},"up":{"uv":[10.75,0.25,11,0.5],"texture":"#0"},"down":{"uv":[11.25,1.25,16,2.5],"texture":"#0"}}},{"from":[6.5,10.5,7.403262897861026],"to":[9.5,11,8.596737102138974],"rotation":{"angle":-22.5,"axis":"x","origin":[8,8,8]},"faces":{"east":{"uv":[11.5,2.5,11,1.25],"rotation":90,"texture":"#0"},"west":{"uv":[11.5,2.5,11,1.25],"rotation":90,"texture":"#0"},"up":{"uv":[11.25,1.25,16,2.5],"texture":"#0"},"down":{"uv":[10.75,0.25,11,0.5],"texture":"#0"}}},{"from":[6.5,10.5,7.403262897861026],"to":[9.5,11,8.596737102138974],"rotation":{"angle":0,"axis":"y","origin":[8,8,8]},"faces":{"east":{"uv":[10.75,1,11,1.25],"texture":"#0"},"west":{"uv":[10.75,1,11,1.25],"texture":"#0"},"up":{"uv":[11.25,0,16,1.25],"texture":"#0"},"down":{"uv":[10.75,0.25,11,0.5],"texture":"#0"}}},{"from":[6.5,10.5,7.403262897861026],"to":[9.5,11,8.596737102138974],"rotation":{"angle":22.5,"axis":"x","origin":[8,8,8]},"faces":{"east":{"uv":[11.5,2.5,11,1.25],"rotation":90,"texture":"#0"},"west":{"uv":[11.5,2.5,11,1.25],"rotation":90,"texture":"#0"},"up":{"uv":[11.25,1.25,16,2.5],"texture":"#0"},"down":{"uv":[10.75,0.25,11,0.5],"texture":"#0"}}},{"from":[7,7.5,7.5],"to":[9.5,8.5,8.5],"rotation":{"angle":0,"axis":"y","origin":[8.5,8,8]},"faces":{"north":{"uv":[10.75,0.25,11,0.5],"texture":"#0"},"east":{"uv":[10.75,0.25,11,0.5],"texture":"#0"},"south":{"uv":[10.75,0.25,11,0.5],"texture":"#0"},"west":{"uv":[10.75,0.25,11,0.5],"texture":"#0"},"up":{"uv":[10.75,0.25,11,0.5],"texture":"#0"},"down":{"uv":[10.75,0.25,11,0.5],"texture":"#0"}}},{"from":[5,7.75,7.75],"to":[7,8.25,8.25],"rotation":{"angle":0,"axis":"y","origin":[8.5,8,8]},"faces":{"north":{"uv":[10,0.25,10.25,0.5],"texture":"#0"},"south":{"uv":[10,0.25,10.25,0.5],"texture":"#0"},"west":{"uv":[10,0.25,10.25,0.5],"texture":"#0"},"up":{"uv":[10,0.25,10.25,0.5],"texture":"#0"},"down":{"uv":[10,0.25,10.25,0.5],"texture":"#0"}}},{"from":[7.75,7.75,9],"to":[9,8.25,10.5],"rotation":{"angle":22.5,"axis":"y","origin":[9,8,10.5]},"faces":{"north":{"uv":[10,2,10.25,2.25],"texture":"#0"},"east":{"uv":[10,2,10.25,2.25],"texture":"#0"},"up":{"uv":[10,2,10.25,2.25],"texture":"#0"},"down":{"uv":[10,2,10.25,2.25],"texture":"#0"}}},{"from":[7.75,7.75,5.5],"to":[9,8.25,7],"rotation":{"angle":-22.5,"axis":"y","origin":[9,8,5.5]},"faces":{"east":{"uv":[10,2,10.25,2.25],"texture":"#0"},"south":{"uv":[10,2,10.25,2.25],"texture":"#0"},"up":{"uv":[10,2,10.25,2.25],"texture":"#0"},"down":{"uv":[10,2,10.25,2.25],"texture":"#0"}}},{"from":[7.5,5.5,7.75],"to":[9,10.5,8.25],"rotation":{"angle":-45,"axis":"x","origin":[8.5,8,8]},"faces":{"north":{"uv":[10,1,10.25,1.25],"texture":"#0"},"east":{"uv":[10,1,10.25,1.25],"texture":"#0"},"south":{"uv":[10,1,10.25,1.25],"texture":"#0"},"west":{"uv":[10,0.25,10.25,0.5],"texture":"#0"},"up":{"uv":[10,1,10.25,1.25],"texture":"#0"},"down":{"uv":[10,1,10.25,1.25],"texture":"#0"}}},{"from":[7.5,5.5,7.75],"to":[9,10.5,8.25],"rotation":{"angle":45,"axis":"x","origin":[8.5,8,8]},"faces":{"north":{"uv":[10,1,10.25,1.25],"texture":"#0"},"east":{"uv":[10,1,10.25,1.25],"texture":"#0"},"south":{"uv":[10,1,10.25,1.25],"texture":"#0"},"west":{"uv":[10,0.25,10.25,0.5],"texture":"#0"},"up":{"uv":[10,1,10.25,1.25],"texture":"#0"},"down":{"uv":[10,1,10.25,1.25],"texture":"#0"}}},{"from":[7.25,5.5,7.75],"to":[8.25,10.5,8.25],"rotation":{"angle":0,"axis":"y","origin":[8.5,8,8]},"faces":{"north":{"uv":[10,2,10.25,2.25],"texture":"#0"},"east":{"uv":[10,2,10.25,2.25],"texture":"#0"},"south":{"uv":[10,2,10.25,2.25],"texture":"#0"},"west":{"uv":[10,2,10.25,2.25],"texture":"#0"}}},{"from":[7.25,7.75,5.5],"to":[8.25,8.25,10.5],"rotation":{"angle":0,"axis":"y","origin":[8.5,8,8]},"faces":{"east":{"uv":[10,2,10.25,2.25],"texture":"#0"},"west":{"uv":[10,2,10.25,2.25],"texture":"#0"},"up":{"uv":[10,2,10.25,2.25],"texture":"#0"},"down":{"uv":[10,2,10.25,2.25],"texture":"#0"}}},{"from":[7.5,6.375,5.5],"to":[8.5,9.625,10.5],"rotation":{"angle":-45,"axis":"x","origin":[8.5,8,8]},"faces":{"east":{"uv":[10,0.25,10.25,0.5],"texture":"#0"},"west":{"uv":[10,0.25,10.25,0.5],"texture":"#0"},"up":{"uv":[10,0.25,10.25,0.5],"texture":"#0"},"down":{"uv":[10,0.25,10.25,0.5],"texture":"#0"}}},{"from":[7.75,9,7.75],"to":[9,10.5,8.25],"rotation":{"angle":-22.5,"axis":"z","origin":[9,10.5,8]},"faces":{"north":{"uv":[10,2,10.25,2.25],"texture":"#0"},"east":{"uv":[10,2,10.25,2.25],"texture":"#0"},"south":{"uv":[10,2,10.25,2.25],"texture":"#0"},"down":{"uv":[10,2,10.25,2.25],"texture":"#0"}}},{"from":[7.75,5.5,7.75],"to":[9,7,8.25],"rotation":{"angle":22.5,"axis":"z","origin":[9,5.5,8]},"faces":{"north":{"uv":[10,2,10.25,2.25],"texture":"#0"},"east":{"uv":[10,2,10.25,2.25],"texture":"#0"},"south":{"uv":[10,2,10.25,2.25],"texture":"#0"},"up":{"uv":[10,2,10.25,2.25],"texture":"#0"}}},{"from":[7.5,6.375,5.5],"to":[8.5,9.625,10.5],"rotation":{"angle":45,"axis":"x","origin":[8.5,8,8]},"faces":{"east":{"uv":[10,0.25,10.25,0.5],"texture":"#0"},"west":{"uv":[10,0.25,10.25,0.5],"texture":"#0"},"up":{"uv":[10,0.25,10.25,0.5],"texture":"#0"},"down":{"uv":[10,0.25,10.25,0.5],"texture":"#0"}}}],"textures":{"0":"minecraft:custom/rover"},"display":{"head":{"translation":[0,-6.4,0],"scale":[3.2,3.2,3.2],"rotation":[0,180,0]}}}