{"elements":[{"from":[6.125,2.875,6.4375],"to":[8.875,8.125,9.1875],"rotation":{"angle":0,"axis":"y","origin":[6,7.9375,8]},"faces":{"north":{"uv":[15,0,16,1.75],"texture":"#3"},"east":{"uv":[15,0,16,1.75],"texture":"#3"},"south":{"uv":[15,0,16,1.75],"texture":"#3"},"west":{"uv":[15,0,16,1.75],"texture":"#3"},"down":{"uv":[16,0,15,1],"texture":"#3"}}},{"from":[6,2.625,6.3125],"to":[9,8.125,9.3125],"rotation":{"angle":0,"axis":"y","origin":[6,7.9375,8]},"faces":{"north":{"uv":[5.25,6.75,6.25,8.5],"texture":"#3"},"east":{"uv":[7.5,3,8.5,4.75],"texture":"#3"},"south":{"uv":[7.5,4.75,8.5,6.5],"texture":"#3"},"west":{"uv":[6.25,7.5,7.25,9.25],"texture":"#3"},"up":{"uv":[0,9.75,1,10.75],"texture":"#3"}}}],"textures":{"2":"minecraft:custom/demon_head_red","3":"minecraft:custom/demon_body_red"},"display":{"head":{"translation":[0,-6.4,0],"scale":[3.2,3.2,3.2],"rotation":[0,180,0]}},"texture_size":[64,64]}