{
	"credit": "Made with Blockbench",
	"textures": {
		"0": "custom/red",
		"1": "custom/oak_planks",
		"particle": "custom/red"
	},
	"elements": [
		{
			"from": [0, 0, 0],
			"to": [3, 3, 3],
			"faces": {
				"north": {"uv": [12.5, 0.75, 13.25, 1.5], "texture": "#0"},
				"east": {"uv": [14.75, 0.75, 15.5, 1.5], "texture": "#0"},
				"south": {"uv": [14.75, 1.5, 14, 0.75], "rotation": 180, "texture": "#0"},
				"west": {"uv": [13.25, 0.75, 14, 1.5], "texture": "#0"},
				"up": {"uv": [13.25, 0, 14, 0.75], "texture": "#0"},
				"down": {"uv": [14, 0, 14.75, 0.75], "texture": "#0"}
			}
		},
		{
			"from": [13, 0, 0],
			"to": [16, 3, 3],
			"faces": {
				"north": {"uv": [13.25, 0.75, 14, 1.5], "texture": "#0"},
				"east": {"uv": [12.5, 0.75, 13.25, 1.5], "texture": "#0"},
				"south": {"uv": [14.75, 0.75, 15.5, 1.5], "texture": "#0"},
				"west": {"uv": [14.75, 1.5, 14, 0.75], "rotation": 180, "texture": "#0"},
				"up": {"uv": [13.25, 0, 14, 0.75], "rotation": 90, "texture": "#0"},
				"down": {"uv": [14, 0, 14.75, 0.75], "rotation": 270, "texture": "#0"}
			}
		},
		{
			"from": [13, 0, 29],
			"to": [16, 3, 32],
			"rotation": {"angle": 0, "axis": "y", "origin": [16, 0, 18]},
			"faces": {
				"north": {"uv": [14.75, 1.5, 14, 0.75], "rotation": 180, "texture": "#0"},
				"east": {"uv": [13.25, 0.75, 14, 1.5], "texture": "#0"},
				"south": {"uv": [12.5, 0.75, 13.25, 1.5], "texture": "#0"},
				"west": {"uv": [14.75, 0.75, 15.5, 1.5], "texture": "#0"},
				"up": {"uv": [13.25, 0, 14, 0.75], "rotation": 180, "texture": "#0"},
				"down": {"uv": [14, 0, 14.75, 0.75], "rotation": 180, "texture": "#0"}
			}
		},
		{
			"from": [0, 0, 29],
			"to": [3, 3, 32],
			"rotation": {"angle": 0, "axis": "y", "origin": [16, 0, 18]},
			"faces": {
				"north": {"uv": [14.75, 0.75, 15.5, 1.5], "texture": "#0"},
				"east": {"uv": [14.75, 1.5, 14, 0.75], "rotation": 180, "texture": "#0"},
				"south": {"uv": [13.25, 0.75, 14, 1.5], "texture": "#0"},
				"west": {"uv": [12.5, 0.75, 13.25, 1.5], "texture": "#0"},
				"up": {"uv": [13.25, 0, 14, 0.75], "rotation": 270, "texture": "#0"},
				"down": {"uv": [14, 0, 14.75, 0.75], "rotation": 90, "texture": "#0"}
			}
		},
		{
			"from": [0, 3, 0],
			"to": [16, 9, 16],
			"faces": {
				"north": {"uv": [1.5, 1.5, 5.5, 0], "texture": "#0"},
				"east": {"uv": [5.5, 1.5, 7, 5.5], "rotation": 90, "texture": "#0"},
				"south": {"uv": [0, 0, 16, 6], "texture": "#missing"},
				"west": {"uv": [1.5, 5.5, 0, 1.5], "rotation": 90, "texture": "#0"},
				"up": {"uv": [1.5, 1.5, 5.5, 5.5], "texture": "#0"},
				"down": {"uv": [7, 1.5, 11, 5.5], "texture": "#0"}
			}
		},
		{
			"from": [0, 3, 16],
			"to": [16, 9, 32],
			"faces": {
				"north": {"uv": [1.5, 1.5, 5.5, 0], "texture": "#0"},
				"east": {"uv": [5.5, 7, 7, 11], "rotation": 90, "texture": "#0"},
				"south": {"uv": [5.5, 7, 9.5, 5.5], "texture": "#0"},
				"west": {"uv": [1.5, 11, 0, 7], "rotation": 90, "texture": "#0"},
				"up": {"uv": [1.5, 7, 5.5, 11], "texture": "#0"},
				"down": {"uv": [7, 1.5, 11, 5.5], "texture": "#0"}
			}
		},
		{
			"from": [0, -0.025, 0],
			"to": [16, -0.025, 16],
			"faces": {
				"north": {"uv": [0, 0, 16, 0], "texture": "#missing"},
				"east": {"uv": [0, 0, 16, 0], "texture": "#missing"},
				"south": {"uv": [0, 0, 16, 0], "texture": "#missing"},
				"west": {"uv": [0, 0, 16, 0], "texture": "#missing"},
				"up": {"uv": [0, 0, 16, 16], "rotation": 90, "texture": "#1"},
				"down": {"uv": [0, 0, 16, 16], "texture": "#1"}
			}
		},
		{
			"from": [0, -0.025, 16],
			"to": [16, -0.025, 32],
			"faces": {
				"north": {"uv": [0, 0, 16, 0], "texture": "#missing"},
				"east": {"uv": [0, 0, 16, 0], "texture": "#missing"},
				"south": {"uv": [0, 0, 16, 0], "texture": "#missing"},
				"west": {"uv": [0, 0, 16, 0], "texture": "#missing"},
				"up": {"uv": [0, 0, 16, 16], "rotation": 90, "texture": "#1"},
				"down": {"uv": [0, 0, 16, 16], "texture": "#1"}
			}
		}
	],
	"display": {
		"head": {
			"translation": [0, 11.87, 18.29],
			"scale": [2.286, 2.286, 2.286]
		}
	}
}