{
	"credit": "Made with Blockbench",
	"textures": {
		"0": "block/dirt",
		"particle": "custom/oak_planks"
	},
	"elements": [
		{
			"from": [1, 0, 0],
			"to": [15, 0, 1],
			"rotation": {"angle": 0, "axis": "y", "origin": [8, 0, 8]},
			"faces": {
				"up": {"uv": [15, 1, 16, 15], "rotation": 270, "texture": "#0"},
				"down": {"uv": [15, 15, 16, 1], "rotation": 90, "texture": "#0"}
			}
		},
		{
			"from": [15, 0, 0],
			"to": [16, 0, 16],
			"rotation": {"angle": 0, "axis": "y", "origin": [8, 0, 8]},
			"faces": {
				"up": {"uv": [0, 15, 16, 16], "rotation": 270, "texture": "#0"},
				"down": {"uv": [0, 16, 16, 15], "rotation": 90, "texture": "#0"}
			}
		},
		{
			"from": [1, 0, 15],
			"to": [15, 0, 16],
			"rotation": {"angle": 0, "axis": "y", "origin": [8, 0, 8]},
			"faces": {
				"up": {"uv": [0, 1, 1, 15], "rotation": 270, "texture": "#0"},
				"down": {"uv": [0, 15, 1, 1], "rotation": 90, "texture": "#0"}
			}
		},
		{
			"from": [0, 0, 0],
			"to": [1, 0, 16],
			"rotation": {"angle": 0, "axis": "y", "origin": [8, 0, 8]},
			"faces": {
				"up": {"uv": [0, 0, 16, 1], "rotation": 270, "texture": "#0"},
				"down": {"uv": [0, 1, 16, 0], "rotation": 90, "texture": "#0"}
			}
		}
	],
	"display": {
		"head": {
			"rotation": [0, -180, 0],
			"translation": [0, -30.425, 0],
			"scale": [1.6, 1.6, 1.6]
		}
	},
	"groups": [
		{
			"name": "bottom",
			"origin": [8, 0, 8],
			"color": 0,
			"children": [0, 1, 2, 3]
		}
	]
}