{
	"credit": "Made with Blockbench",
	"texture_size": [64, 64],
	"textures": {
		"1": "custom/stone_bricks",
		"particle": "custom/stone_bricks"
	},
	"elements": [
		{
			"from": [0, -16, 0],
			"to": [16, -8, 8],
			"rotation": {"angle": 0, "axis": "y", "origin": [-56, 0, -56]},
			"faces": {
				"north": {"uv": [0, 8, 16, 16], "texture": "#1"},
				"east": {"uv": [8, 8, 16, 16], "texture": "#1"},
				"south": {"uv": [0, 8, 16, 16], "texture": "#1"},
				"west": {"uv": [0, 8, 8, 16], "texture": "#1"},
				"up": {"uv": [0, 8, 16, 16], "texture": "#1"},
				"down": {"uv": [0, 0, 16, 9], "texture": "#1"}
			}
		},
		{
			"from": [0, 0, -16],
			"to": [16, 8, -8],
			"rotation": {"angle": 0, "axis": "y", "origin": [-56, 0, -56]},
			"faces": {
				"north": {"uv": [0, 8, 16, 16], "texture": "#1"},
				"east": {"uv": [8, 8, 16, 16], "texture": "#1"},
				"south": {"uv": [0, 8, 16, 16], "texture": "#1"},
				"west": {"uv": [0, 8, 8, 16], "texture": "#1"},
				"up": {"uv": [0, 8, 16, 16], "texture": "#1"},
				"down": {"uv": [0, 0, 16, 8], "texture": "#1"}
			}
		},
		{
			"from": [0, 24, -16],
			"to": [16, 32, -8],
			"rotation": {"angle": 0, "axis": "y", "origin": [-56, 0, -56]},
			"faces": {
				"north": {"uv": [0, 0, 16, 8], "texture": "#1"},
				"east": {"uv": [8, 0, 16, 8], "texture": "#1"},
				"south": {"uv": [0, 0, 16, 8], "texture": "#1"},
				"west": {"uv": [0, 0, 8, 8], "texture": "#1"},
				"up": {"uv": [0, 8, 16, 16], "texture": "#1"},
				"down": {"uv": [0, 0, 16, 8], "texture": "#1"}
			}
		},
		{
			"from": [0, 24, 8],
			"to": [16, 32, 16],
			"rotation": {"angle": 0, "axis": "y", "origin": [-56, 0, -56]},
			"faces": {
				"north": {"uv": [0, 0, 16, 8], "texture": "#1"},
				"east": {"uv": [0, 0, 8, 8], "texture": "#1"},
				"south": {"uv": [0, 0, 16, 8], "texture": "#1"},
				"west": {"uv": [8, 0, 16, 8], "texture": "#1"},
				"up": {"uv": [0, 0, 16, 8], "texture": "#1"},
				"down": {"uv": [0, 0, 16, 8], "texture": "#1"}
			}
		}
	],
	"display": {
		"thirdperson_righthand": {
			"scale": [1.6, 1.6, 1]
		},
		"head": {
			"rotation": [0, -90, 0],
			"translation": [25.6, -30.45, 0],
			"scale": [1.6, 1.6, 1.6]
		}
	},
	"groups": [
		{
			"name": "root",
			"origin": [0, 0, 0],
			"color": 0,
			"nbt": "{}",
			"children": [0, 1, 2, 3]
		}
	]
}