{
    "parent": "item/generated",
    "textures": {
        "layer0": "item/iron_nugget"
    },
    "overrides": [
        {"predicate": {"custom_model_data": 1}, "model": "item/ladder_chest_1"},
        {"predicate": {"custom_model_data": 2}, "model": "item/ladder_chest_2"},
        {"predicate": {"custom_model_data": 3}, "model": "item/ladder_chest_3"},
        {"predicate": {"custom_model_data": 4}, "model": "item/ladder_chest_4"},
        {"predicate": {"custom_model_data": 5}, "model": "item/ladder_chest_5"},
        {"predicate": {"custom_model_data": 6}, "model": "item/oak_floor_rot1"},
		{"predicate": {"custom_model_data": 7}, "model": "item/oak_floor_rot2"},
		{"predicate": {"custom_model_data": 8}, "model": "item/oak_floor_rot3"},
		{"predicate": {"custom_model_data": 9}, "model": "item/oak_floor_rot4"},
		{"predicate": {"custom_model_data": 10}, "model": "item/dirt_floor_rot1"},
		{"predicate": {"custom_model_data": 11}, "model": "item/dirt_floor_rot2"},
		{"predicate": {"custom_model_data": 12}, "model": "item/dirt_floor_rot3"},
		{"predicate": {"custom_model_data": 13}, "model": "item/dirt_floor_rot4"},
		{"predicate": {"custom_model_data": 14}, "model": "item/stone_floor_rot1"},
		{"predicate": {"custom_model_data": 15}, "model": "item/stone_floor_rot2"},
		{"predicate": {"custom_model_data": 16}, "model": "item/stone_floor_rot3"},
		{"predicate": {"custom_model_data": 17}, "model": "item/stone_floor_rot4"},
		{"predicate": {"custom_model_data": 18}, "model": "item/sand_floor_rot1"},
		{"predicate": {"custom_model_data": 19}, "model": "item/sand_floor_rot2"},
		{"predicate": {"custom_model_data": 20}, "model": "item/sand_floor_rot3"},
		{"predicate": {"custom_model_data": 21}, "model": "item/sand_floor_rot4"},
		{"predicate": {"custom_model_data": 30}, "model": "item/tree/tree"},
		{"predicate": {"custom_model_data": 31}, "model": "item/tree/log_component_empty"},
		{"predicate": {"custom_model_data": 32}, "model": "item/tree/log_component_button_1"},
		{"predicate": {"custom_model_data": 33}, "model": "item/tree/log_component_button_2"},
		{"predicate": {"custom_model_data": 34}, "model": "item/tree/log_component_button_3"},
		{"predicate": {"custom_model_data": 35}, "model": "item/tree/log_component_button_4"},
		{"predicate": {"custom_model_data": 36}, "model": "item/tree/log_component_button_5"},
		{"predicate": {"custom_model_data": 37}, "model": "item/tree/log_component_button_6"},
		{"predicate": {"custom_model_data": 38}, "model": "item/tree/log_component_button_7"},
		{"predicate": {"custom_model_data": 39}, "model": "item/tree/log_component_button_8"},
		{"predicate": {"custom_model_data": 40}, "model": "item/tree/log_component_button_9"},
		{"predicate": {"custom_model_data": 41}, "model": "item/tree/log_component_button_10"},
		{"predicate": {"custom_model_data": 42}, "model": "item/tree/log_component_button_11"},
		{"predicate": {"custom_model_data": 43}, "model": "item/tree/log_component_button_12"},
		{"predicate": {"custom_model_data": 44}, "model": "item/tree/log_component_finish_0"},
		{"predicate": {"custom_model_data": 45}, "model": "item/tree/log_component_finish_1"},
		{"predicate": {"custom_model_data": 46}, "model": "item/tree/log_component_finish_2"},
		{"predicate": {"custom_model_data": 47}, "model": "item/tree/log_component_finish_3"},
		{"predicate": {"custom_model_data": 48}, "model": "item/tree/log_component_finish_4"},
		{"predicate": {"custom_model_data": 49}, "model": "item/tree/log_component_finish_5"},
		{"predicate": {"custom_model_data": 50}, "model": "item/tree/log_component_finish_6"},
		{"predicate": {"custom_model_data": 51}, "model": "item/tree/log_component_finish_7"},
		{"predicate": {"custom_model_data": 52}, "model": "item/tree/log_component_finish_8"},
		{"predicate": {"custom_model_data": 53}, "model": "item/tree/log_component_finish_9"},
		{"predicate": {"custom_model_data": 54}, "model": "item/tree/log_component_finish_10"},
		{"predicate": {"custom_model_data": 55}, "model": "item/tree/log_component_finish_11"},
		{"predicate": {"custom_model_data": 56}, "model": "item/tree/log_component_finish_12"},
		{"predicate": {"custom_model_data": 57}, "model": "item/tree/log_component_finish_13"},
		{"predicate": {"custom_model_data": 58}, "model": "item/tree/log_component_finish_14"},
		{"predicate": {"custom_model_data": 59}, "model": "item/tree/log_component_finish_15"},
		{"predicate": {"custom_model_data": 60}, "model": "item/tree/log_component_finish_16"},
		{"predicate": {"custom_model_data": 61}, "model": "item/tree/log_component_finish_17"},
		{"predicate": {"custom_model_data": 62}, "model": "item/tree/log_component_finish_18"},
		{"predicate": {"custom_model_data": 63}, "model": "item/tree/log_component_finish_19"},
		{"predicate": {"custom_model_data": 64}, "model": "item/tree/oak_log_bottom"},
		{"predicate": {"custom_model_data": 80}, "model": "item/stone_wall/corner_bottom"},
		{"predicate": {"custom_model_data": 81}, "model": "item/stone_wall/corner_top"},
		{"predicate": {"custom_model_data": 82}, "model": "item/stone_wall/door_quarter"},
		{"predicate": {"custom_model_data": 83}, "model": "item/stone_wall/door_quarter2"},
		{"predicate": {"custom_model_data": 84}, "model": "item/stone_wall/door_center"},
		{"predicate": {"custom_model_data": 85}, "model": "item/stone_wall/door_center2"},
		{"predicate": {"custom_model_data": 86}, "model": "item/stone_wall/stone_block"},
		{"predicate": {"custom_model_data": 87}, "model": "item/stone_wall/fake_rail"},
		{"predicate": {"custom_model_data": 88}, "model": "item/stone_brick_block"},
		{"predicate": {"custom_model_data": 89}, "model": "item/stone_brick_stair1"},
		{"predicate": {"custom_model_data": 90}, "model": "item/stone_brick_stair2"},
		{"predicate": {"custom_model_data": 91}, "model": "item/stone_brick_stair3"},
		{"predicate": {"custom_model_data": 92}, "model": "item/stone_brick_stair4"},
		{"predicate": {"custom_model_data": 93}, "model": "item/stone_brick_slice1"},
		{"predicate": {"custom_model_data": 94}, "model": "item/stone_brick_slice2"},
		{"predicate": {"custom_model_data": 95}, "model": "item/stone_brick_slice3"},
		{"predicate": {"custom_model_data": 96}, "model": "item/stone_brick_slice4"},
		{"predicate": {"custom_model_data": 97}, "model": "item/stone_block"},
		{"predicate": {"custom_model_data": 98}, "model": "item/bed_door1"},
		{"predicate": {"custom_model_data": 99}, "model": "item/bed_door2"},
		{"predicate": {"custom_model_data": 100}, "model": "item/bed_door3"},
		{"predicate": {"custom_model_data": 101}, "model": "item/bed_door4"},
		{"predicate": {"custom_model_data": 102}, "model": "item/heart_door_left"},
		{"predicate": {"custom_model_data": 103}, "model": "item/heart_door_right"},
		{"predicate": {"custom_model_data": 104}, "model": "item/heart_door_stone_left"},
		{"predicate": {"custom_model_data": 105}, "model": "item/heart_door_stone_right"},
		{"predicate": {"custom_model_data": 106}, "model": "item/heart_door_left1"},
		{"predicate": {"custom_model_data": 107}, "model": "item/heart_door_right2"},
		{"predicate": {"custom_model_data": 108}, "model": "item/heart_door_left2"},
		{"predicate": {"custom_model_data": 109}, "model": "item/heart_door_right2"},
		{"predicate": {"custom_model_data": 110}, "model": "item/heart_door_left3"},
		{"predicate": {"custom_model_data": 111}, "model": "item/heart_door_right3"},
		{"predicate": {"custom_model_data": 112}, "model": "item/heart_door_outline"}
		

		
    ]
}
