{
	"credit": "Made with Blockbench",
	"textures": {
		"1": "custom/normal",
		"2": "custom/ladder",
		"particle": "custom/oak_planks"
	},
	"elements": [
		{
			"name": "ladder",
			"from": [1, 0, 14.975],
			"to": [15, 12, 14.975],
			"rotation": {"angle": 0, "axis": "x", "origin": [23, 0, 16]},
			"faces": {
				"north": {"uv": [1, 16, 15, 4], "texture": "#2"},
				"east": {"uv": [0, 0, 0, 0], "rotation": 90, "texture": "#2"},
				"west": {"uv": [0, 0, 0, 0], "rotation": 270, "texture": "#2"},
				"up": {"uv": [0, 0, 0, 0], "texture": "#2"},
				"down": {"uv": [0, 0, 0, 0], "rotation": 180, "texture": "#2"}
			}
		},
		{
			"name": "chest",
			"from": [1, 0, 1],
			"to": [15, 10, 15],
			"faces": {
				"north": {"uv": [14, 10.75, 10.5, 8.25], "texture": "#1"},
				"east": {"uv": [3.5, 10.75, 0, 8.25], "texture": "#1"},
				"south": {"uv": [7, 10.75, 3.5, 8.25], "texture": "#1"},
				"west": {"uv": [10.5, 10.75, 7, 8.25], "texture": "#1"},
				"down": {"uv": [7, 8.25, 3.5, 4.75], "texture": "#1"}
			}
		},
		{
			"name": "chest",
			"from": [1, 9, 1],
			"to": [15, 14, 15],
			"rotation": {"angle": 0, "axis": "x", "origin": [8, 9, 15]},
			"faces": {
				"north": {"uv": [14, 4.75, 10.5, 3.5], "texture": "#1"},
				"east": {"uv": [3.5, 4.75, 0, 3.5], "texture": "#1"},
				"south": {"uv": [7, 4.75, 3.5, 3.5], "texture": "#1"},
				"west": {"uv": [10.5, 4.75, 7, 3.5], "texture": "#1"},
				"up": {"uv": [10.5, 0, 7, 3.5], "texture": "#1"}
			}
		},
		{
			"name": "chest",
			"from": [7, 7, 0],
			"to": [9, 11, 1],
			"rotation": {"angle": 0, "axis": "x", "origin": [8, 9, 15]},
			"faces": {
				"north": {"uv": [0.75, 1.25, 0.25, 0.25], "texture": "#1"},
				"east": {"uv": [0, 1.25, 0.25, 0.25], "texture": "#1"},
				"south": {"uv": [1.5, 1.25, 1, 0.25], "texture": "#1"},
				"west": {"uv": [0.75, 1.25, 1, 0.25], "texture": "#1"},
				"up": {"uv": [0.25, 0.25, 0.75, 0], "texture": "#1"},
				"down": {"uv": [0.75, 0.25, 1.25, 0], "texture": "#1"}
			}
		},
		{
			"name": "chest inverted",
			"from": [15, 14, 15],
			"to": [1, 9, 1],
			"rotation": {"angle": 0, "axis": "x", "origin": [8, 9, 15]},
			"faces": {
				"north": {"uv": [7, 3.5, 3.5, 4.75], "texture": "#1"},
				"east": {"uv": [10.5, 3.5, 7, 4.75], "texture": "#1"},
				"south": {"uv": [14, 3.5, 10.5, 4.75], "texture": "#1"},
				"west": {"uv": [3.5, 3.5, 0, 4.75], "texture": "#1"},
				"down": {"uv": [7, 0, 10.5, 3.5], "texture": "#1"}
			}
		}
	],
	"display": {
		"thirdperson_righthand": {
			"rotation": [27, -38, 2],
			"translation": [-0.75, -0.75, 0],
			"scale": [0.2, 0.2, 0.2]
		},
		"thirdperson_lefthand": {
			"rotation": [27, -38, 2],
			"translation": [-0.75, -0.75, 0],
			"scale": [0.2, 0.2, 0.2]
		},
		"firstperson_righthand": {
			"rotation": [0, 104, -7],
			"translation": [-1.25, 1.75, 2.25],
			"scale": [0.2, 0.2, 0.2]
		},
		"firstperson_lefthand": {
			"rotation": [0, 104, -7],
			"translation": [-1.25, 1.75, 2.25],
			"scale": [0.2, 0.2, 0.2]
		},
		"ground": {
			"translation": [0, -0.5, 0],
			"scale": [0.3, 0.3, 0.3]
		},
		"gui": {
			"rotation": [19, -135, 0],
			"scale": [0.7, 0.7, 0.7]
		},
		"head": {
			"rotation": [0, -180, 0],
			"translation": [0, -30.5, 0],
			"scale": [1.6, 1.6, 1.6]
		}
	},
	"groups": [0, 1,
		{
			"name": "lid",
			"origin": [8, 8, 8],
			"color": 0,
			"children": [2, 3, 4]
		}
	]
}