{
	"credit": "Made with Blockbench",
	"textures": {
		"1": "custom/normal",
		"3": "custom/diamond_ore",
		"4": "custom/ore_top",
		"5": "custom/ore_bottom",
		"particle": "custom/oak_planks"
	},
	"elements": [
		{
			"name": "chest",
			"from": [0, 0, 0],
			"to": [16, 10, 16],
			"faces": {
				"north": {"uv": [0, 6, 16, 16], "texture": "#3"},
				"east": {"uv": [0, 6, 16, 16], "texture": "#3"},
				"south": {"uv": [0, 6, 16, 16], "texture": "#3"},
				"west": {"uv": [0, 6, 16, 16], "texture": "#3"},
				"up": {"uv": [0, 0, 16, 16], "texture": "#4"},
				"down": {"uv": [0, 0, 16, 16], "texture": "#3"}
			}
		},
		{
			"name": "chest",
			"from": [0, 10, 0],
			"to": [16, 16, 16],
			"rotation": {"angle": 22.5, "axis": "x", "origin": [8, 10, 16]},
			"faces": {
				"north": {"uv": [0, 0, 16, 6], "texture": "#3"},
				"east": {"uv": [0, 0, 16, 6], "texture": "#3"},
				"south": {"uv": [0, 0, 16, 6], "texture": "#3"},
				"west": {"uv": [0, 0, 16, 6], "texture": "#3"},
				"up": {"uv": [16, 0, 0, 16], "texture": "#3"},
				"down": {"uv": [0, 0, 16, 16], "rotation": 180, "texture": "#5"}
			}
		},
		{
			"name": "chest",
			"from": [7, 7, 0],
			"to": [9, 11, 1],
			"rotation": {"angle": 22.5, "axis": "x", "origin": [8, 10, 16]},
			"faces": {
				"north": {"uv": [0.75, 1.25, 0.25, 0.25], "texture": "#1"},
				"east": {"uv": [0, 1.25, 0.25, 0.25], "texture": "#1"},
				"south": {"uv": [1.5, 1.25, 1, 0.25], "texture": "#1"},
				"west": {"uv": [0.75, 1.25, 1, 0.25], "texture": "#1"},
				"up": {"uv": [0.25, 0.25, 0.75, 0], "texture": "#1"},
				"down": {"uv": [0.75, 0.25, 1.25, 0], "texture": "#1"}
			}
		}
	],
	"display": {
		"gui": {
			"rotation": [41, -42, -3],
			"scale": [0.5, 0.5, 0.5]
		},
		"head": {
			"rotation": [0, -180, 0],
			"translation": [0, -30.5, 0],
			"scale": [1.6, 1.6, 1.6]
		}
	},
	"groups": [0,
		{
			"name": "lid",
			"origin": [8, 8, 8],
			"nbt": "{}",
			"children": [1, 2]
		}
	]
}