{"parent":"item/generated","textures":{"layer0":"item/pink_dye"},"overrides":[{"predicate":{"custom_model_data":1},"model":"minecraft:item/rig_special_door/circles_sides/left_wing_bottom"},{"predicate":{"custom_model_data":2},"model":"minecraft:item/rig_special_door/circles_sides/right_wing_bottom"},{"predicate":{"custom_model_data":3},"model":"minecraft:item/rig_special_door/circles_sides/bar1"},{"predicate":{"custom_model_data":4},"model":"minecraft:item/rig_special_door/circles_sides/bar2"},{"predicate":{"custom_model_data":5},"model":"minecraft:item/rig_special_door/circles_sides/left_wing_top"},{"predicate":{"custom_model_data":6},"model":"minecraft:item/rig_special_door/circles_sides/right_wing_top"},{"predicate":{"custom_model_data":7},"model":"minecraft:item/rig_special_door/circles_sides/outer_circle_rotating"},{"predicate":{"custom_model_data":8},"model":"minecraft:item/rig_special_door/circles_sides/inner_circle_rotating"},{"predicate":{"custom_model_data":9},"model":"minecraft:item/rig_special_door/circles_sides/bar5"},{"predicate":{"custom_model_data":10},"model":"minecraft:item/rig_special_door/circles_sides/pin2"},{"predicate":{"custom_model_data":11},"model":"minecraft:item/rig_special_door/circles_sides/gear4"},{"predicate":{"custom_model_data":12},"model":"minecraft:item/rig_special_door/circles_sides/gear5"},{"predicate":{"custom_model_data":13},"model":"minecraft:item/rig_special_door/circles_sides/gear3"},{"predicate":{"custom_model_data":14},"model":"minecraft:item/rig_special_door/circles_sides/gear8"},{"predicate":{"custom_model_data":15},"model":"minecraft:item/rig_special_door/circles_sides/gear6"},{"predicate":{"custom_model_data":16},"model":"minecraft:item/rig_special_door/circles_sides/gear7"},{"predicate":{"custom_model_data":17},"model":"minecraft:item/rig_special_door/circles_sides/gear2"},{"predicate":{"custom_model_data":18},"model":"minecraft:item/rig_special_door/circles_sides/gear1"},{"predicate":{"custom_model_data":19},"model":"minecraft:item/rig_special_door/circles_sides/bar7"},{"predicate":{"custom_model_data":20},"model":"minecraft:item/rig_special_door/circles_sides/bar8"},{"predicate":{"custom_model_data":21},"model":"minecraft:item/rig_special_door/circles_sides/bar3"},{"predicate":{"custom_model_data":22},"model":"minecraft:item/rig_special_door/circles_sides/bar4"},{"predicate":{"custom_model_data":23},"model":"minecraft:item/rig_special_door/circles_sides/bar6"},{"predicate":{"custom_model_data":24},"model":"minecraft:item/rig_special_door/circles_sides/pin1"},{"predicate":{"custom_model_data":25},"model":"minecraft:item/rig_special_door/circles_middle/left_wing_bottom"},{"predicate":{"custom_model_data":26},"model":"minecraft:item/rig_special_door/circles_middle/right_wing_bottom"},{"predicate":{"custom_model_data":27},"model":"minecraft:item/rig_special_door/circles_middle/bar1"},{"predicate":{"custom_model_data":28},"model":"minecraft:item/rig_special_door/circles_middle/bar2"},{"predicate":{"custom_model_data":29},"model":"minecraft:item/rig_special_door/circles_middle/left_wing_top"},{"predicate":{"custom_model_data":30},"model":"minecraft:item/rig_special_door/circles_middle/right_wing_top"},{"predicate":{"custom_model_data":31},"model":"minecraft:item/rig_special_door/circles_middle/outer_circle_rotating"},{"predicate":{"custom_model_data":32},"model":"minecraft:item/rig_special_door/circles_middle/inner_circle_rotating"},{"predicate":{"custom_model_data":33},"model":"minecraft:item/rig_special_door/circles_middle/bar5"},{"predicate":{"custom_model_data":34},"model":"minecraft:item/rig_special_door/circles_middle/pin2"},{"predicate":{"custom_model_data":35},"model":"minecraft:item/rig_special_door/circles_middle/gear4"},{"predicate":{"custom_model_data":36},"model":"minecraft:item/rig_special_door/circles_middle/gear5"},{"predicate":{"custom_model_data":37},"model":"minecraft:item/rig_special_door/circles_middle/gear3"},{"predicate":{"custom_model_data":38},"model":"minecraft:item/rig_special_door/circles_middle/gear8"},{"predicate":{"custom_model_data":39},"model":"minecraft:item/rig_special_door/circles_middle/gear6"},{"predicate":{"custom_model_data":40},"model":"minecraft:item/rig_special_door/circles_middle/gear7"},{"predicate":{"custom_model_data":41},"model":"minecraft:item/rig_special_door/circles_middle/gear2"},{"predicate":{"custom_model_data":42},"model":"minecraft:item/rig_special_door/circles_middle/gear1"},{"predicate":{"custom_model_data":43},"model":"minecraft:item/rig_special_door/circles_middle/bar7"},{"predicate":{"custom_model_data":44},"model":"minecraft:item/rig_special_door/circles_middle/bar8"},{"predicate":{"custom_model_data":45},"model":"minecraft:item/rig_special_door/circles_middle/bar3"},{"predicate":{"custom_model_data":46},"model":"minecraft:item/rig_special_door/circles_middle/bar4"},{"predicate":{"custom_model_data":47},"model":"minecraft:item/rig_special_door/circles_middle/bar6"},{"predicate":{"custom_model_data":48},"model":"minecraft:item/rig_special_door/circles_middle/pin1"}]}