{
	"credit": "Made with Blockbench",
	"texture_size": [64, 64],
	"textures": {
		"4": "custom/stone_bricks",
		"5": "custom/door_main_no_circle",
		"6": "custom/door_circles_middle"
	},
	"elements": [
		{
			"from": [7, 0, 3],
			"to": [9, 2, 5],
			"faces": {
				"east": {"uv": [0, 0, 16, 16], "texture": "#4"},
				"south": {"uv": [0, 0, 16, 16], "texture": "#4"},
				"west": {"uv": [0, 0, 16, 16], "texture": "#4"},
				"down": {"uv": [0, 0, 16, 16], "texture": "#4", "cullface": "down"}
			}
		},
		{
			"from": [7, 0, 1],
			"to": [9, 2, 3],
			"faces": {
				"north": {"uv": [0, 0, 16, 16], "texture": "#4"},
				"east": {"uv": [0, 0, 16, 16], "texture": "#4"},
				"west": {"uv": [0, 0, 16, 16], "texture": "#4"},
				"down": {"uv": [0, 0, 16, 16], "texture": "#4", "cullface": "down"}
			}
		},
		{
			"from": [7, 2, 1],
			"to": [9, 4, 3],
			"faces": {
				"north": {"uv": [0, 0, 16, 16], "texture": "#4"},
				"east": {"uv": [0, 0, 16, 16], "texture": "#4"},
				"west": {"uv": [0, 0, 16, 16], "texture": "#4"}
			}
		},
		{
			"from": [7, 4, 1],
			"to": [9, 6, 3],
			"faces": {
				"north": {"uv": [0, 0, 16, 16], "texture": "#4"},
				"east": {"uv": [0, 0, 16, 16], "texture": "#4"},
				"west": {"uv": [0, 0, 16, 16], "texture": "#4"}
			}
		},
		{
			"from": [7, 6, 1],
			"to": [9, 7, 3],
			"faces": {
				"north": {"uv": [0, 8, 16, 16], "texture": "#4"},
				"east": {"uv": [0, 8, 16, 16], "texture": "#4"},
				"west": {"uv": [0, 8, 16, 16], "texture": "#4"},
				"up": {"uv": [0, 0, 16, 16], "texture": "#4"}
			}
		},
		{
			"from": [7, 7, 2],
			"to": [9, 8, 3],
			"faces": {
				"north": {"uv": [0, 0, 16, 8], "texture": "#4"},
				"east": {"uv": [0, 0, 8, 8], "texture": "#4"},
				"west": {"uv": [8, 0, 16, 8], "texture": "#4"},
				"up": {"uv": [0, 8, 16, 16], "texture": "#4"}
			}
		},
		{
			"from": [7, 7, 13],
			"to": [9, 8, 14],
			"faces": {
				"east": {"uv": [8, 0, 16, 8], "texture": "#4"},
				"south": {"uv": [0, 0, 16, 8], "texture": "#4"},
				"west": {"uv": [0, 0, 8, 8], "texture": "#4"},
				"up": {"uv": [0, 8, 16, 16], "texture": "#4"}
			}
		},
		{
			"from": [7, 11, 11],
			"to": [9, 12, 12],
			"faces": {
				"east": {"uv": [8, 0, 16, 8], "texture": "#4"},
				"south": {"uv": [0, 0, 16, 8], "texture": "#4"},
				"west": {"uv": [0, 0, 8, 8], "texture": "#4"},
				"up": {"uv": [0, 8, 16, 16], "texture": "#4"}
			}
		},
		{
			"from": [7, 11, 4],
			"to": [9, 12, 5],
			"faces": {
				"north": {"uv": [0, 0, 16, 8], "texture": "#4"},
				"east": {"uv": [0, 0, 8, 8], "texture": "#4"},
				"west": {"uv": [8, 0, 16, 8], "texture": "#4"},
				"up": {"uv": [0, 8, 16, 16], "texture": "#4"}
			}
		},
		{
			"from": [7, 9, 5],
			"to": [9, 10, 6],
			"faces": {
				"east": {"uv": [8, 0, 16, 8], "texture": "#4"},
				"south": {"uv": [0, 0, 16, 8], "texture": "#4"},
				"west": {"uv": [0, 0, 8, 8], "texture": "#4"},
				"down": {"uv": [0, 0, 16, 16], "texture": "#4"}
			}
		},
		{
			"from": [7, 9, 10],
			"to": [9, 10, 11],
			"faces": {
				"north": {"uv": [0, 0, 16, 8], "texture": "#4"},
				"east": {"uv": [0, 0, 8, 8], "texture": "#4"},
				"west": {"uv": [8, 0, 16, 8], "texture": "#4"},
				"down": {"uv": [0, 0, 16, 16], "texture": "#4"}
			}
		},
		{
			"from": [7, 6, 13],
			"to": [9, 7, 15],
			"faces": {
				"east": {"uv": [0, 8, 16, 16], "texture": "#4"},
				"south": {"uv": [0, 8, 16, 16], "texture": "#4"},
				"west": {"uv": [0, 8, 16, 16], "texture": "#4"},
				"up": {"uv": [0, 0, 16, 16], "texture": "#4"}
			}
		},
		{
			"from": [7, 12, 5],
			"to": [9, 13, 7],
			"faces": {
				"north": {"uv": [0, 8, 16, 16], "texture": "#4"},
				"east": {"uv": [0, 8, 16, 16], "texture": "#4"},
				"west": {"uv": [0, 8, 16, 16], "texture": "#4"},
				"up": {"uv": [0, 0, 16, 16], "texture": "#4"}
			}
		},
		{
			"from": [7, 12, 7],
			"to": [9, 13, 9],
			"faces": {
				"east": {"uv": [0, 8, 16, 16], "texture": "#4"},
				"west": {"uv": [0, 8, 16, 16], "texture": "#4"},
				"up": {"uv": [0, 0, 16, 16], "texture": "#4"}
			}
		},
		{
			"from": [7, 12, 9],
			"to": [9, 13, 11],
			"faces": {
				"east": {"uv": [0, 8, 16, 16], "texture": "#4"},
				"south": {"uv": [0, 8, 16, 16], "texture": "#4"},
				"west": {"uv": [0, 8, 16, 16], "texture": "#4"},
				"up": {"uv": [0, 0, 16, 16], "texture": "#4"}
			}
		},
		{
			"from": [7, 10, 11],
			"to": [9, 11, 13],
			"faces": {
				"east": {"uv": [0, 8, 16, 16], "texture": "#4"},
				"south": {"uv": [0, 8, 16, 16], "texture": "#4"},
				"west": {"uv": [0, 8, 16, 16], "texture": "#4"},
				"up": {"uv": [0, 0, 16, 16], "texture": "#4"}
			}
		},
		{
			"from": [7, 10, 3],
			"to": [9, 11, 5],
			"faces": {
				"north": {"uv": [0, 8, 16, 16], "texture": "#4"},
				"east": {"uv": [0, 8, 16, 16], "texture": "#4"},
				"west": {"uv": [0, 8, 16, 16], "texture": "#4"},
				"up": {"uv": [0, 0, 16, 16], "texture": "#4"}
			}
		},
		{
			"from": [7, 4, 13],
			"to": [9, 6, 15],
			"faces": {
				"east": {"uv": [0, 0, 16, 16], "texture": "#4"},
				"south": {"uv": [0, 0, 16, 16], "texture": "#4"},
				"west": {"uv": [0, 0, 16, 16], "texture": "#4"}
			}
		},
		{
			"from": [7, 2, 13],
			"to": [9, 4, 15],
			"faces": {
				"east": {"uv": [0, 0, 16, 16], "texture": "#4"},
				"south": {"uv": [0, 0, 16, 16], "texture": "#4"},
				"west": {"uv": [0, 0, 16, 16], "texture": "#4"}
			}
		},
		{
			"from": [7, 0, 13],
			"to": [9, 2, 15],
			"faces": {
				"east": {"uv": [0, 0, 16, 16], "texture": "#4"},
				"south": {"uv": [0, 0, 16, 16], "texture": "#4"},
				"west": {"uv": [0, 0, 16, 16], "texture": "#4"},
				"down": {"uv": [0, 0, 16, 16], "texture": "#4", "cullface": "down"}
			}
		},
		{
			"from": [7, 2, 3],
			"to": [9, 4, 5],
			"faces": {
				"east": {"uv": [0, 0, 16, 16], "texture": "#4"},
				"south": {"uv": [0, 0, 16, 16], "texture": "#4"},
				"west": {"uv": [0, 0, 16, 16], "texture": "#4"}
			}
		},
		{
			"from": [7, 4, 3],
			"to": [9, 6, 5],
			"faces": {
				"east": {"uv": [0, 0, 16, 16], "texture": "#4"},
				"south": {"uv": [0, 0, 16, 16], "texture": "#4"},
				"west": {"uv": [0, 0, 16, 16], "texture": "#4"}
			}
		},
		{
			"from": [7, 6, 3],
			"to": [9, 8, 5],
			"faces": {
				"east": {"uv": [0, 0, 16, 16], "texture": "#4"},
				"south": {"uv": [0, 0, 16, 16], "texture": "#4"},
				"west": {"uv": [0, 0, 16, 16], "texture": "#4"}
			}
		},
		{
			"from": [7, 8, 3],
			"to": [9, 10, 5],
			"faces": {
				"north": {"uv": [0, 0, 16, 16], "texture": "#4"},
				"east": {"uv": [0, 0, 16, 16], "texture": "#4"},
				"south": {"uv": [0, 0, 16, 16], "texture": "#4"},
				"west": {"uv": [0, 0, 16, 16], "texture": "#4"}
			}
		},
		{
			"from": [7, 8, 11],
			"to": [9, 10, 13],
			"faces": {
				"north": {"uv": [0, 0, 16, 16], "texture": "#4"},
				"east": {"uv": [0, 0, 16, 16], "texture": "#4"},
				"south": {"uv": [0, 0, 16, 16], "texture": "#4"},
				"west": {"uv": [0, 0, 16, 16], "texture": "#4"}
			}
		},
		{
			"from": [7, 6, 11],
			"to": [9, 8, 13],
			"faces": {
				"north": {"uv": [0, 0, 16, 16], "texture": "#4"},
				"east": {"uv": [0, 0, 16, 16], "texture": "#4"},
				"west": {"uv": [0, 0, 16, 16], "texture": "#4"}
			}
		},
		{
			"from": [7, 4, 11],
			"to": [9, 6, 13],
			"faces": {
				"north": {"uv": [0, 0, 16, 16], "texture": "#4"},
				"east": {"uv": [0, 0, 16, 16], "texture": "#4"},
				"west": {"uv": [0, 0, 16, 16], "texture": "#4"}
			}
		},
		{
			"from": [7, 2, 11],
			"to": [9, 4, 13],
			"faces": {
				"north": {"uv": [0, 0, 16, 16], "texture": "#4"},
				"east": {"uv": [0, 0, 16, 16], "texture": "#4"},
				"west": {"uv": [0, 0, 16, 16], "texture": "#4"}
			}
		},
		{
			"from": [7, 0, 11],
			"to": [9, 2, 13],
			"faces": {
				"north": {"uv": [0, 0, 16, 16], "texture": "#4"},
				"east": {"uv": [0, 0, 16, 16], "texture": "#4"},
				"west": {"uv": [0, 0, 16, 16], "texture": "#4"},
				"down": {"uv": [0, 0, 16, 16], "texture": "#4", "cullface": "down"}
			}
		},
		{
			"from": [7, 10, 5],
			"to": [9, 12, 7],
			"faces": {
				"east": {"uv": [0, 0, 16, 16], "texture": "#4"},
				"west": {"uv": [0, 0, 16, 16], "texture": "#4"},
				"down": {"uv": [0, 0, 16, 16], "texture": "#4"}
			}
		},
		{
			"from": [7, 10, 7],
			"to": [9, 12, 9],
			"faces": {
				"east": {"uv": [0, 0, 16, 16], "texture": "#4"},
				"west": {"uv": [0, 0, 16, 16], "texture": "#4"},
				"down": {"uv": [0, 0, 16, 16], "texture": "#4"}
			}
		},
		{
			"from": [7, 10, 9],
			"to": [9, 12, 11],
			"faces": {
				"east": {"uv": [0, 0, 16, 16], "texture": "#4"},
				"west": {"uv": [0, 0, 16, 16], "texture": "#4"},
				"down": {"uv": [0, 0, 16, 16], "texture": "#4"}
			}
		},
		{
			"name": "outer_circle",
			"from": [7.75, 7, 7],
			"to": [7.875, 8, 7.375],
			"rotation": {"angle": 0, "axis": "x", "origin": [8, 7, 8]},
			"faces": {
				"west": {"uv": [4.75, 0, 6.75, 0.75], "rotation": 90, "texture": "#6"}
			}
		},
		{
			"name": "outer_circle",
			"from": [7.75, 6, 7],
			"to": [7.875, 7, 7.375],
			"rotation": {"angle": 0, "axis": "x", "origin": [8, 7, 8]},
			"faces": {
				"west": {"uv": [5, 1.5, 7, 2.25], "rotation": 90, "texture": "#6"}
			}
		},
		{
			"name": "outer_circle",
			"from": [7.75, 7, 8.625],
			"to": [7.875, 8, 9],
			"rotation": {"angle": 0, "axis": "x", "origin": [8, 7, 8]},
			"faces": {
				"west": {"uv": [5, 3, 7, 3.75], "rotation": 90, "texture": "#6"}
			}
		},
		{
			"name": "outer_circle",
			"from": [7.75, 6, 8.625],
			"to": [7.875, 7, 9],
			"rotation": {"angle": 0, "axis": "x", "origin": [8, 7, 8]},
			"faces": {
				"west": {"uv": [3.5, 5.25, 5.5, 6], "rotation": 90, "texture": "#6"}
			}
		},
		{
			"name": "outer_circle",
			"from": [7.625, 7, 8.625],
			"to": [7.75, 7.625, 9],
			"rotation": {"angle": 0, "axis": "x", "origin": [8, 7, 8]},
			"faces": {
				"west": {"uv": [6, 4.5, 7.25, 5.25], "rotation": 90, "texture": "#6"},
				"up": {"uv": [8.75, 0, 9, 0.75], "rotation": 180, "texture": "#6"}
			}
		},
		{
			"name": "outer_circle",
			"from": [7.625, 6.375, 8.625],
			"to": [7.75, 7, 9],
			"rotation": {"angle": 0, "axis": "x", "origin": [8, 7, 8]},
			"faces": {
				"west": {"uv": [6, 6, 7.25, 6.75], "rotation": 90, "texture": "#6"},
				"down": {"uv": [8.75, 5.5, 9, 6.25], "texture": "#6"}
			}
		},
		{
			"name": "outer_circle",
			"from": [7.625, 7, 7],
			"to": [7.75, 7.625, 7.375],
			"rotation": {"angle": 0, "axis": "x", "origin": [8, 7, 8]},
			"faces": {
				"west": {"uv": [6.75, 0.75, 8, 1.5], "rotation": 90, "texture": "#6"},
				"up": {"uv": [8.75, 6.25, 9, 7], "rotation": 180, "texture": "#6"}
			}
		},
		{
			"name": "outer_circle",
			"from": [7.625, 6.375, 7],
			"to": [7.75, 7, 7.375],
			"rotation": {"angle": 0, "axis": "x", "origin": [8, 7, 8]},
			"faces": {
				"west": {"uv": [6, 6.75, 7.25, 7.5], "rotation": 90, "texture": "#6"},
				"down": {"uv": [7, 8.75, 7.25, 9.5], "texture": "#6"}
			}
		},
		{
			"name": "outer_circle",
			"from": [7.625, 6.25, 8.75],
			"to": [7.75, 6.375, 9],
			"rotation": {"angle": 0, "axis": "x", "origin": [8, 7, 8]},
			"faces": {
				"north": {"uv": [8.75, 3.25, 8.5, 3.5], "rotation": 180, "texture": "#6"},
				"west": {"uv": [9, 0, 9.25, 0.5], "rotation": 90, "texture": "#6"},
				"down": {"uv": [8.75, 0.75, 9, 1.25], "texture": "#6"}
			}
		},
		{
			"name": "outer_circle",
			"from": [7.625, 6.25, 7],
			"to": [7.75, 6.375, 7.25],
			"rotation": {"angle": 0, "axis": "x", "origin": [8, 7, 8]},
			"faces": {
				"south": {"uv": [9, 4.25, 8.75, 4], "texture": "#6"},
				"west": {"uv": [9, 3.25, 9.25, 3.75], "rotation": 90, "texture": "#6"},
				"down": {"uv": [9, 2.75, 9.25, 3.25], "texture": "#6"}
			}
		},
		{
			"name": "outer_circle",
			"from": [7.625, 7.625, 8.75],
			"to": [7.75, 7.75, 9],
			"rotation": {"angle": 0, "axis": "x", "origin": [8, 7, 8]},
			"faces": {
				"north": {"uv": [9.25, 8, 9, 8.25], "rotation": 180, "texture": "#6"},
				"west": {"uv": [4.5, 9, 4.75, 9.5], "rotation": 90, "texture": "#6"},
				"up": {"uv": [9, 3.75, 9.25, 4.25], "rotation": 180, "texture": "#6"}
			}
		},
		{
			"name": "outer_circle",
			"from": [7.625, 7.625, 7],
			"to": [7.75, 7.75, 7.25],
			"rotation": {"angle": 0, "axis": "x", "origin": [8, 7, 8]},
			"faces": {
				"south": {"uv": [9.25, 8.5, 9, 8.25], "texture": "#6"},
				"west": {"uv": [9, 5.25, 9.25, 5.75], "rotation": 90, "texture": "#6"},
				"up": {"uv": [4.75, 9, 5, 9.5], "rotation": 180, "texture": "#6"}
			}
		},
		{
			"name": "outer_circle",
			"from": [7.625, 6.125, 8.875],
			"to": [7.75, 6.25, 9],
			"rotation": {"angle": 0, "axis": "x", "origin": [8, 7, 8]},
			"faces": {
				"north": {"uv": [9.5, 0.75, 9.25, 1], "rotation": 180, "texture": "#6"},
				"west": {"uv": [9.25, 0.25, 9.5, 0.5], "rotation": 90, "texture": "#6"},
				"down": {"uv": [9.25, 0, 9.5, 0.25], "texture": "#6"}
			}
		},
		{
			"name": "outer_circle",
			"from": [7.625, 6.125, 7],
			"to": [7.75, 6.25, 7.125],
			"rotation": {"angle": 0, "axis": "x", "origin": [8, 7, 8]},
			"faces": {
				"south": {"uv": [9.5, 3, 9.25, 2.75], "texture": "#6"},
				"west": {"uv": [9.25, 2.5, 9.5, 2.75], "rotation": 90, "texture": "#6"},
				"down": {"uv": [9.25, 2.25, 9.5, 2.5], "texture": "#6"}
			}
		},
		{
			"name": "outer_circle",
			"from": [7.625, 7.75, 8.875],
			"to": [7.75, 7.875, 9],
			"rotation": {"angle": 0, "axis": "x", "origin": [8, 7, 8]},
			"faces": {
				"north": {"uv": [9.5, 4, 9.25, 4.25], "rotation": 180, "texture": "#6"},
				"west": {"uv": [3.75, 9.25, 4, 9.5], "rotation": 90, "texture": "#6"},
				"up": {"uv": [9.25, 3.25, 9.5, 3.5], "rotation": 180, "texture": "#6"}
			}
		},
		{
			"name": "outer_circle",
			"from": [7.625, 7.75, 7],
			"to": [7.75, 7.875, 7.125],
			"rotation": {"angle": 0, "axis": "x", "origin": [8, 7, 8]},
			"faces": {
				"south": {"uv": [5.5, 9.5, 5.25, 9.25], "texture": "#6"},
				"west": {"uv": [9.25, 5, 9.5, 5.25], "rotation": 90, "texture": "#6"},
				"up": {"uv": [9.25, 4.25, 9.5, 4.5], "rotation": 180, "texture": "#6"}
			}
		},
		{
			"name": "outer_circle",
			"from": [7.625, 6, 8.625],
			"to": [7.75, 6.125, 8.75],
			"rotation": {"angle": 0, "axis": "x", "origin": [8, 7, 8]},
			"faces": {
				"south": {"uv": [8.25, 9.5, 8, 9.25], "texture": "#6"},
				"west": {"uv": [9.25, 7.5, 9.5, 7.75], "rotation": 90, "texture": "#6"},
				"up": {"uv": [9.25, 7, 9.5, 7.25], "rotation": 180, "texture": "#6"}
			}
		},
		{
			"name": "outer_circle",
			"from": [7.625, 7.875, 8.625],
			"to": [7.75, 8, 8.75],
			"rotation": {"angle": 0, "axis": "x", "origin": [8, 7, 8]},
			"faces": {
				"south": {"uv": [9.5, 9, 9.25, 8.75], "texture": "#6"},
				"west": {"uv": [8.75, 9.25, 9, 9.5], "rotation": 90, "texture": "#6"},
				"down": {"uv": [9.25, 8.5, 9.5, 8.75], "texture": "#6"}
			}
		},
		{
			"name": "outer_circle",
			"from": [7.625, 6, 7.25],
			"to": [7.75, 6.125, 7.375],
			"rotation": {"angle": 0, "axis": "x", "origin": [8, 7, 8]},
			"faces": {
				"north": {"uv": [9.75, 0.25, 9.5, 0.5], "rotation": 180, "texture": "#6"},
				"west": {"uv": [9.5, 0, 9.75, 0.25], "rotation": 90, "texture": "#6"},
				"up": {"uv": [9.25, 9, 9.5, 9.25], "rotation": 180, "texture": "#6"}
			}
		},
		{
			"name": "outer_circle",
			"from": [7.625, 7.875, 7.25],
			"to": [7.75, 8, 7.375],
			"rotation": {"angle": 0, "axis": "x", "origin": [8, 7, 8]},
			"faces": {
				"north": {"uv": [9.75, 1, 9.5, 1.25], "rotation": 180, "texture": "#6"},
				"west": {"uv": [9.5, 0.75, 9.75, 1], "rotation": 90, "texture": "#6"},
				"down": {"uv": [0.75, 9.5, 1, 9.75], "texture": "#6"}
			}
		},
		{
			"name": "outer_circle",
			"from": [7.625, 6, 7.375],
			"to": [7.75, 6.25, 8.625],
			"rotation": {"angle": 0, "axis": "x", "origin": [8, 7, 8]},
			"faces": {
				"north": {"uv": [6, 9, 5.75, 9.5], "rotation": 180, "texture": "#6"},
				"south": {"uv": [5.75, 9.5, 5.5, 9], "texture": "#6"},
				"west": {"uv": [0.5, 5, 1, 7.5], "rotation": 90, "texture": "#6"},
				"up": {"uv": [1, 5, 1.25, 7.5], "rotation": 180, "texture": "#6"}
			}
		},
		{
			"name": "outer_circle",
			"from": [7.625, 7.75, 7.375],
			"to": [7.75, 8, 8.625],
			"rotation": {"angle": 0, "axis": "x", "origin": [8, 7, 8]},
			"faces": {
				"north": {"uv": [6.25, 9, 6, 9.5], "rotation": 180, "texture": "#6"},
				"south": {"uv": [9.25, 6.25, 9, 5.75], "texture": "#6"},
				"west": {"uv": [3.5, 6, 4, 8.5], "rotation": 90, "texture": "#6"},
				"down": {"uv": [1.5, 7, 1.75, 9.5], "texture": "#6"}
			}
		},
		{
			"name": "outer_circle",
			"from": [7.625, 6.25, 7.625],
			"to": [7.75, 6.375, 8.375],
			"rotation": {"angle": 0, "axis": "x", "origin": [8, 7, 8]},
			"faces": {
				"north": {"uv": [9.75, 1.25, 9.5, 1.5], "rotation": 180, "texture": "#6"},
				"south": {"uv": [1.5, 9.75, 1.25, 9.5], "texture": "#6"},
				"west": {"uv": [4.75, 7.5, 5, 9], "rotation": 90, "texture": "#6"},
				"up": {"uv": [4, 7.5, 4.25, 9], "rotation": 180, "texture": "#6"}
			}
		},
		{
			"name": "outer_circle",
			"from": [7.625, 7.625, 7.625],
			"to": [7.75, 7.75, 8.375],
			"rotation": {"angle": 0, "axis": "x", "origin": [8, 7, 8]},
			"faces": {
				"north": {"uv": [9.75, 1.5, 9.5, 1.75], "rotation": 180, "texture": "#6"},
				"south": {"uv": [1.75, 9.75, 1.5, 9.5], "texture": "#6"},
				"west": {"uv": [6.25, 7.5, 6.5, 9], "rotation": 90, "texture": "#6"},
				"down": {"uv": [6, 7.5, 6.25, 9], "texture": "#6"}
			}
		},
		{
			"name": "outer_circle",
			"from": [7.75, 6, 7.375],
			"to": [7.875, 6.375, 8.625],
			"rotation": {"angle": 0, "axis": "x", "origin": [8, 7, 8]},
			"faces": {
				"west": {"uv": [1.25, 4.5, 2, 7], "rotation": 90, "texture": "#6"}
			}
		},
		{
			"name": "outer_circle",
			"from": [7.75, 7.625, 7.375],
			"to": [7.875, 8, 8.625],
			"rotation": {"angle": 0, "axis": "x", "origin": [8, 7, 8]},
			"faces": {
				"west": {"uv": [2.75, 4.5, 3.5, 7], "rotation": 90, "texture": "#6"}
			}
		},
		{
			"name": "outer_circle",
			"from": [7.75, 7, 7.375],
			"to": [7.875, 7.625, 8.625],
			"rotation": {"angle": 0, "axis": "x", "origin": [8, 7, 8]},
			"faces": {
				"west": {"uv": [1.25, 0, 2.5, 2.5], "rotation": 90, "texture": "#6"}
			}
		},
		{
			"name": "outer_circle",
			"from": [7.75, 6.375, 7.375],
			"to": [7.875, 7, 8.625],
			"rotation": {"angle": 0, "axis": "x", "origin": [8, 7, 8]},
			"faces": {
				"west": {"uv": [2.5, 0, 3.75, 2.5], "rotation": 90, "texture": "#6"}
			}
		},
		{
			"name": "inner_circle",
			"from": [7.625, 7, 8.5],
			"to": [7.75, 7.625, 8.625],
			"rotation": {"angle": 0, "axis": "x", "origin": [8, 7, 8]},
			"faces": {
				"north": {"uv": [8.25, 3, 8, 4.25], "rotation": 180, "texture": "#6"},
				"west": {"uv": [8, 1.5, 9.25, 1.75], "rotation": 90, "texture": "#6"},
				"up": {"uv": [1.75, 9.5, 2, 9.75], "rotation": 180, "texture": "#6"}
			}
		},
		{
			"name": "inner_circle",
			"from": [7.625, 6.375, 8.5],
			"to": [7.75, 7, 8.625],
			"rotation": {"angle": 0, "axis": "x", "origin": [8, 7, 8]},
			"faces": {
				"north": {"uv": [8.25, 6, 8, 7.25], "rotation": 180, "texture": "#6"},
				"west": {"uv": [8, 4.5, 9.25, 4.75], "rotation": 90, "texture": "#6"},
				"down": {"uv": [9.5, 2, 9.75, 2.25], "texture": "#6"}
			}
		},
		{
			"name": "inner_circle",
			"from": [7.625, 7, 7.375],
			"to": [7.75, 7.625, 7.5],
			"rotation": {"angle": 0, "axis": "x", "origin": [8, 7, 8]},
			"faces": {
				"south": {"uv": [8.25, 9, 8, 7.75], "texture": "#6"},
				"west": {"uv": [8, 7.5, 9.25, 7.75], "rotation": 90, "texture": "#6"},
				"up": {"uv": [2.25, 9.5, 2.5, 9.75], "rotation": 180, "texture": "#6"}
			}
		},
		{
			"name": "inner_circle",
			"from": [7.625, 6.375, 7.375],
			"to": [7.75, 7, 7.5],
			"rotation": {"angle": 0, "axis": "x", "origin": [8, 7, 8]},
			"faces": {
				"south": {"uv": [8.5, 3.5, 8.25, 2.25], "texture": "#6"},
				"west": {"uv": [8.25, 2, 9.5, 2.25], "rotation": 90, "texture": "#6"},
				"down": {"uv": [9.5, 2.5, 9.75, 2.75], "texture": "#6"}
			}
		},
		{
			"name": "inner_circle",
			"from": [7.625, 7, 7.5],
			"to": [7.75, 7.5, 8.5],
			"rotation": {"angle": 0, "axis": "x", "origin": [8, 7, 8]},
			"faces": {
				"west": {"uv": [2.25, 2.5, 3.25, 4.5], "rotation": 90, "texture": "#6"},
				"up": {"uv": [0.75, 7.5, 1, 9.5], "rotation": 180, "texture": "#6"}
			}
		},
		{
			"name": "inner_circle",
			"from": [7.625, 6.5, 7.5],
			"to": [7.75, 7, 8.5],
			"rotation": {"angle": 0, "axis": "x", "origin": [8, 7, 8]},
			"faces": {
				"west": {"uv": [3.75, 0, 4.75, 2], "rotation": 90, "texture": "#6"},
				"down": {"uv": [7.5, 3.5, 7.75, 5.5], "texture": "#6"}
			}
		},
		{
			"name": "bar1",
			"from": [7.5, 0.875, 6.75],
			"to": [7.625, 1.125, 8.625],
			"rotation": {"angle": 0, "axis": "y", "origin": [-0.25, 1.75, 0]},
			"faces": {
				"west": {"uv": [7.3125, 3.375, 8.25, 3.5], "texture": "#5"},
				"down": {"uv": [4.6875, 5, 4.625, 5.9375], "texture": "#5"}
			}
		},
		{
			"name": "bar2",
			"from": [7.5, 0.875, 5],
			"to": [7.625, 1.125, 6.75],
			"rotation": {"angle": 0, "axis": "y", "origin": [-0.25, 1.75, 0]},
			"faces": {
				"west": {"uv": [7.9375, 5.3125, 8.8125, 5.4375], "texture": "#5"},
				"down": {"uv": [5.75, 2, 5.6875, 2.875], "texture": "#5"}
			}
		},
		{
			"name": "bar2",
			"from": [7.5, 1.125, 6.75],
			"to": [7.625, 1.375, 7.375],
			"rotation": {"angle": 0, "axis": "y", "origin": [-0.25, 1.75, 0]},
			"faces": {
				"west": {"uv": [6.875, 8, 7.1875, 8.125], "texture": "#5"},
				"up": {"uv": [2.3125, 3.9375, 2.25, 3.625], "texture": "#5"}
			}
		},
		{
			"name": "bar3",
			"from": [7.5, 1.125, 5],
			"to": [7.625, 1.375, 6.75],
			"rotation": {"angle": 0, "axis": "y", "origin": [-0.25, 1.75, 0]},
			"faces": {
				"west": {"uv": [8, 1.875, 8.875, 2], "texture": "#5"},
				"up": {"uv": [5.8125, 2.875, 5.75, 2], "texture": "#5"}
			}
		},
		{
			"name": "bar2",
			"from": [7.5, 1.125, 7.375],
			"to": [7.625, 1.375, 9.25],
			"rotation": {"angle": 0, "axis": "y", "origin": [-0.25, 1.75, 0]},
			"faces": {
				"west": {"uv": [7.5625, 6.0625, 8.5, 6.1875], "texture": "#5"},
				"up": {"uv": [3.75, 6.375, 3.6875, 5.4375], "texture": "#5"}
			}
		},
		{
			"name": "bar3",
			"from": [7.5, 1.125, 9.25],
			"to": [7.625, 1.375, 11],
			"rotation": {"angle": 0, "axis": "y", "origin": [-0.25, 1.75, 0]},
			"faces": {
				"west": {"uv": [8, 2.125, 8.875, 2.25], "texture": "#5"},
				"up": {"uv": [2.5625, 9.6875, 2.5, 8.8125], "texture": "#5"}
			}
		},
		{
			"name": "bar3",
			"from": [7.5, 0.875, 8.625],
			"to": [7.625, 1.125, 9.25],
			"rotation": {"angle": 0, "axis": "y", "origin": [-0.25, 1.75, 0]},
			"faces": {
				"west": {"uv": [8.875, 3.125, 9.1875, 3.25], "texture": "#5"},
				"down": {"uv": [1.9375, 6.125, 1.875, 6.4375], "texture": "#5"}
			}
		},
		{
			"name": "bar4",
			"from": [7.5, 0.875, 9.25],
			"to": [7.625, 1.125, 11],
			"rotation": {"angle": 0, "axis": "y", "origin": [-0.25, 1.75, 0]},
			"faces": {
				"west": {"uv": [4.125, 8, 5, 8.125], "texture": "#5"},
				"down": {"uv": [2.75, 8.8125, 2.6875, 9.6875], "texture": "#5"}
			}
		},
		{
			"name": "bar3",
			"from": [7.5, 2.625, 7.375],
			"to": [7.625, 2.875, 9.25],
			"rotation": {"angle": 0, "axis": "y", "origin": [-0.25, 1.75, 0]},
			"faces": {
				"west": {"uv": [3.25, 7.875, 4.1875, 8], "texture": "#5"},
				"down": {"uv": [7.3125, 8.6875, 7.25, 9.625], "texture": "#5"}
			}
		},
		{
			"name": "bar4",
			"from": [7.5, 2.625, 9.25],
			"to": [7.625, 2.875, 11],
			"rotation": {"angle": 0, "axis": "y", "origin": [-0.25, 1.75, 0]},
			"faces": {
				"west": {"uv": [8.0625, 0.75, 8.9375, 0.875], "texture": "#5"},
				"down": {"uv": [2.875, 8.8125, 2.8125, 9.6875], "texture": "#5"}
			}
		},
		{
			"name": "bar4",
			"from": [7.5, 2.875, 8.625],
			"to": [7.625, 3.125, 9.25],
			"rotation": {"angle": 0, "axis": "y", "origin": [-0.25, 1.75, 0]},
			"faces": {
				"west": {"uv": [6.5, 8.875, 6.8125, 9], "texture": "#5"},
				"up": {"uv": [2, 6.4375, 1.9375, 6.125], "texture": "#5"}
			}
		},
		{
			"name": "bar5",
			"from": [7.5, 2.875, 9.25],
			"to": [7.625, 3.125, 11],
			"rotation": {"angle": 0, "axis": "y", "origin": [-0.25, 1.75, 0]},
			"faces": {
				"west": {"uv": [8.0625, 1, 8.9375, 1.125], "texture": "#5"},
				"up": {"uv": [2.9375, 9.6875, 2.875, 8.8125], "texture": "#5"}
			}
		},
		{
			"name": "bar4",
			"from": [7.5, 2.625, 5],
			"to": [7.625, 2.875, 6.75],
			"rotation": {"angle": 0, "axis": "y", "origin": [-0.25, 1.75, 0]},
			"faces": {
				"west": {"uv": [8.0625, 1.25, 8.9375, 1.375], "texture": "#5"},
				"down": {"uv": [8.0625, 8.8125, 8, 9.6875], "texture": "#5"}
			}
		},
		{
			"name": "bar2",
			"from": [7.5, 2.875, 6.75],
			"to": [7.625, 3.125, 8.625],
			"rotation": {"angle": 0, "axis": "y", "origin": [-0.25, 1.75, 0]},
			"faces": {
				"west": {"uv": [7.875, 5.4375, 8.8125, 5.5625], "texture": "#5"},
				"up": {"uv": [7.375, 9.625, 7.3125, 8.6875], "texture": "#5"}
			}
		},
		{
			"name": "bar3",
			"from": [7.5, 2.875, 5],
			"to": [7.625, 3.125, 6.75],
			"rotation": {"angle": 0, "axis": "y", "origin": [-0.25, 1.75, 0]},
			"faces": {
				"west": {"uv": [8.0625, 1.5, 8.9375, 1.625], "texture": "#5"},
				"up": {"uv": [1.3125, 9.75, 1.25, 8.875], "texture": "#5"}
			}
		},
		{
			"name": "bar3",
			"from": [7.5, 2.625, 6.75],
			"to": [7.625, 2.875, 7.375],
			"rotation": {"angle": 0, "axis": "y", "origin": [-0.25, 1.75, 0]},
			"faces": {
				"west": {"uv": [7.375, 8.875, 7.6875, 9], "texture": "#5"},
				"down": {"uv": [1.1875, 9, 1.125, 9.3125], "texture": "#5"}
			}
		},
		{
			"name": "bar5",
			"from": [7.5, 4.375, 9.25],
			"to": [7.625, 4.625, 11],
			"rotation": {"angle": 0, "axis": "y", "origin": [-0.25, 1.75, 0]},
			"faces": {
				"west": {"uv": [8.0625, 7.875, 8.9375, 8], "texture": "#5"},
				"down": {"uv": [1.5, 8.875, 1.4375, 9.75], "texture": "#5"}
			}
		},
		{
			"name": "bar4",
			"from": [7.5, 4.625, 9.25],
			"to": [7.625, 4.875, 11],
			"rotation": {"angle": 0, "axis": "y", "origin": [-0.25, 1.75, 0]},
			"faces": {
				"west": {"uv": [3.25, 8.125, 4.125, 8.25], "texture": "#5"},
				"up": {"uv": [1.5625, 9.75, 1.5, 8.875], "texture": "#5"}
			}
		},
		{
			"name": "bar4",
			"from": [7.5, 4.375, 8.625],
			"to": [7.625, 4.625, 9.25],
			"rotation": {"angle": 0, "axis": "y", "origin": [-0.25, 1.75, 0]},
			"faces": {
				"west": {"uv": [8.375, 8.875, 8.6875, 9], "texture": "#5"},
				"down": {"uv": [9.0625, 2.375, 9, 2.6875], "texture": "#5"}
			}
		},
		{
			"name": "bar3",
			"from": [7.5, 4.625, 7.375],
			"to": [7.625, 4.875, 9.25],
			"rotation": {"angle": 0, "axis": "y", "origin": [-0.25, 1.75, 0]},
			"faces": {
				"west": {"uv": [7.875, 5.6875, 8.8125, 5.8125], "texture": "#5"},
				"up": {"uv": [2.25, 9.75, 2.1875, 8.8125], "texture": "#5"}
			}
		},
		{
			"name": "bar3",
			"from": [7.5, 4.625, 6.75],
			"to": [7.625, 4.875, 7.375],
			"rotation": {"angle": 0, "axis": "y", "origin": [-0.25, 1.75, 0]},
			"faces": {
				"west": {"uv": [8.9375, 0.75, 9.25, 0.875], "texture": "#5"},
				"up": {"uv": [9.0625, 3, 9, 2.6875], "texture": "#5"}
			}
		},
		{
			"name": "bar3",
			"from": [7.5, 4.375, 5],
			"to": [7.625, 4.625, 6.75],
			"rotation": {"angle": 0, "axis": "y", "origin": [-0.25, 1.75, 0]},
			"faces": {
				"west": {"uv": [5.25, 8.125, 6.125, 8.25], "texture": "#5"},
				"down": {"uv": [1.75, 8.875, 1.6875, 9.75], "texture": "#5"}
			}
		},
		{
			"name": "bar4",
			"from": [7.5, 4.625, 5],
			"to": [7.625, 4.875, 6.75],
			"rotation": {"angle": 0, "axis": "y", "origin": [-0.25, 1.75, 0]},
			"faces": {
				"west": {"uv": [8.125, 6.1875, 9, 6.3125], "texture": "#5"},
				"up": {"uv": [1.8125, 9.75, 1.75, 8.875], "texture": "#5"}
			}
		},
		{
			"name": "bar2",
			"from": [7.5, 4.375, 6.75],
			"to": [7.625, 4.625, 8.625],
			"rotation": {"angle": 0, "axis": "y", "origin": [-0.25, 1.75, 0]},
			"faces": {
				"west": {"uv": [6, 7.875, 6.9375, 8], "texture": "#5"},
				"down": {"uv": [2.4375, 8.8125, 2.375, 9.75], "texture": "#5"}
			}
		},
		{
			"name": "bar2",
			"from": [7.5, 9, 6.75],
			"to": [7.625, 10, 7.375],
			"rotation": {"angle": 0, "axis": "y", "origin": [-0.25, 10.625, 0]},
			"faces": {
				"north": {"uv": [6.125, 6.8125, 6.1875, 7.3125], "texture": "#5"},
				"south": {"uv": [7.125, 8.875, 7.1875, 9.375], "texture": "#5"},
				"west": {"uv": [7.5625, 5.4375, 7.875, 5.9375], "texture": "#5"},
				"down": {"uv": [3.1875, 9, 3.125, 9.3125], "texture": "#5"}
			}
		},
		{
			"name": "bar3",
			"from": [7.5, 9, 8.625],
			"to": [7.625, 10, 9.25],
			"rotation": {"angle": 0, "axis": "y", "origin": [-0.25, 10.625, 0]},
			"faces": {
				"north": {"uv": [7.1875, 8.875, 7.25, 9.375], "texture": "#5"},
				"south": {"uv": [7.6875, 8.875, 7.75, 9.375], "texture": "#5"},
				"west": {"uv": [7.6875, 1.75, 8, 2.25], "texture": "#5"},
				"down": {"uv": [3.3125, 9, 3.25, 9.3125], "texture": "#5"}
			}
		},
		{
			"from": [7.625, 1.75, 6.75],
			"to": [7.75, 2.25, 7.25],
			"rotation": {"angle": 0, "axis": "y", "origin": [-0.125, 4.375, 1.125]},
			"faces": {
				"west": {"uv": [4.875, 8.5, 5.125, 8.75], "texture": "#5"}
			}
		},
		{
			"name": "riegel",
			"from": [7.375, 0.75, 7.625],
			"to": [7.5, 1.5, 7.875],
			"rotation": {"angle": 0, "axis": "y", "origin": [-0.25, 1.75, 0]},
			"faces": {
				"north": {"uv": [7.8125, 8.875, 7.875, 9.25], "texture": "#5"},
				"south": {"uv": [7.875, 8.875, 7.9375, 9.25], "texture": "#5"},
				"west": {"uv": [4.5, 5.9375, 4.625, 6.3125], "texture": "#5"},
				"up": {"uv": [1.375, 8.625, 1.3125, 8.5], "texture": "#5"},
				"down": {"uv": [1.4375, 8.5, 1.375, 8.625], "texture": "#5"}
			}
		},
		{
			"name": "riegel",
			"from": [7.5, 1.375, 7.625],
			"to": [7.625, 1.5, 7.875],
			"rotation": {"angle": 0, "axis": "y", "origin": [-0.25, 1.75, 0]},
			"faces": {
				"north": {"uv": [7.125, 8.125, 7.1875, 8.1875], "texture": "#5"},
				"south": {"uv": [7.5, 8.3125, 7.5625, 8.375], "texture": "#5"},
				"up": {"uv": [1.5, 8.625, 1.4375, 8.5], "texture": "#5"}
			}
		},
		{
			"name": "riegel",
			"from": [7.5, 0.75, 7.625],
			"to": [7.625, 0.875, 7.875],
			"rotation": {"angle": 0, "axis": "y", "origin": [-0.25, 1.75, 0]},
			"faces": {
				"north": {"uv": [9.0625, 0.25, 9.125, 0.3125], "texture": "#5"},
				"south": {"uv": [9.0625, 0.3125, 9.125, 0.375], "texture": "#5"},
				"down": {"uv": [6.625, 8.5, 6.5625, 8.625], "texture": "#5"}
			}
		},
		{
			"name": "riegel",
			"from": [7.375, 2.5, 7.625],
			"to": [7.5, 3.25, 7.875],
			"rotation": {"angle": 0, "axis": "y", "origin": [-0.25, 1.75, 0]},
			"faces": {
				"north": {"uv": [8.9375, 6.5, 9, 6.875], "texture": "#5"},
				"south": {"uv": [8.9375, 6.875, 9, 7.25], "texture": "#5"},
				"west": {"uv": [6, 6.8125, 6.125, 7.1875], "texture": "#5"},
				"up": {"uv": [6.6875, 8.625, 6.625, 8.5], "texture": "#5"},
				"down": {"uv": [6.75, 8.5, 6.6875, 8.625], "texture": "#5"}
			}
		},
		{
			"name": "riegel",
			"from": [7.5, 2.5, 7.625],
			"to": [7.625, 2.625, 7.875],
			"rotation": {"angle": 0, "axis": "y", "origin": [-0.25, 1.75, 0]},
			"faces": {
				"north": {"uv": [0.375, 9.0625, 0.4375, 9.125], "texture": "#5"},
				"south": {"uv": [9.0625, 0.375, 9.125, 0.4375], "texture": "#5"},
				"down": {"uv": [8.6875, 4.875, 8.625, 5], "texture": "#5"}
			}
		},
		{
			"name": "riegel",
			"from": [7.5, 3.125, 7.625],
			"to": [7.625, 3.25, 7.875],
			"rotation": {"angle": 0, "axis": "y", "origin": [-0.25, 1.75, 0]},
			"faces": {
				"north": {"uv": [0.4375, 9.0625, 0.5, 9.125], "texture": "#5"},
				"south": {"uv": [9.0625, 0.4375, 9.125, 0.5], "texture": "#5"},
				"up": {"uv": [5.5, 9.125, 5.4375, 9], "texture": "#5"}
			}
		},
		{
			"name": "riegel",
			"from": [7.375, 4.25, 7.625],
			"to": [7.5, 5, 7.875],
			"rotation": {"angle": 0, "axis": "y", "origin": [-0.25, 1.75, 0]},
			"faces": {
				"north": {"uv": [8.9375, 7.25, 9, 7.625], "texture": "#5"},
				"south": {"uv": [8.9375, 8.375, 9, 8.75], "texture": "#5"},
				"west": {"uv": [6.75, 7.4375, 6.875, 7.8125], "texture": "#5"},
				"up": {"uv": [5.625, 9.125, 5.5625, 9], "texture": "#5"},
				"down": {"uv": [5.6875, 9, 5.625, 9.125], "texture": "#5"}
			}
		},
		{
			"name": "riegel",
			"from": [7.5, 4.25, 7.625],
			"to": [7.625, 4.375, 7.875],
			"rotation": {"angle": 0, "axis": "y", "origin": [-0.25, 1.75, 0]},
			"faces": {
				"north": {"uv": [0.5, 9.0625, 0.5625, 9.125], "texture": "#5"},
				"south": {"uv": [9.0625, 0.5, 9.125, 0.5625], "texture": "#5"},
				"down": {"uv": [5.8125, 9, 5.75, 9.125], "texture": "#5"}
			}
		},
		{
			"name": "riegel",
			"from": [7.5, 4.875, 7.625],
			"to": [7.625, 5, 7.875],
			"rotation": {"angle": 0, "axis": "y", "origin": [-0.25, 1.75, 0]},
			"faces": {
				"north": {"uv": [0.5625, 9.0625, 0.625, 9.125], "texture": "#5"},
				"south": {"uv": [9.0625, 0.5625, 9.125, 0.625], "texture": "#5"},
				"up": {"uv": [5.875, 9.125, 5.8125, 9], "texture": "#5"}
			}
		},
		{
			"from": [7.625, 0, 5],
			"to": [8.375, 0.875, 8],
			"faces": {
				"east": {"uv": [2.4375, 3.5, 3.9375, 3.9375], "texture": "#5"},
				"west": {"uv": [0, 3.625, 1.5, 4.0625], "texture": "#5"},
				"down": {"uv": [2.25, 3.625, 1.875, 5.125], "texture": "#5", "cullface": "down"}
			}
		},
		{
			"from": [7.625, 0.875, 5],
			"to": [8.375, 1.375, 5.625],
			"faces": {
				"east": {"uv": [5.3125, 1.5, 5.625, 1.75], "texture": "#5"}
			}
		},
		{
			"from": [7.625, 1.75, 7.25],
			"to": [8.375, 2.25, 8],
			"faces": {
				"east": {"uv": [8.125, 6.5625, 8.5, 6.8125], "texture": "#5"},
				"west": {"uv": [7.5625, 8.125, 7.9375, 8.375], "texture": "#5"}
			}
		},
		{
			"from": [7.625, 1.75, 5],
			"to": [8.375, 2.25, 6.75],
			"faces": {
				"east": {"uv": [7.3125, 2.375, 8.1875, 2.625], "texture": "#5"},
				"west": {"uv": [7.3125, 2.625, 8.1875, 2.875], "texture": "#5"}
			}
		},
		{
			"from": [7.75, 0.875, 5.625],
			"to": [8.375, 1.375, 6.125],
			"faces": {
				"east": {"uv": [0.25, 8.75, 0.5, 9], "texture": "#5"}
			}
		},
		{
			"from": [7.75, 1.75, 6.75],
			"to": [8.375, 2.25, 7.25],
			"faces": {
				"east": {"uv": [0.75, 8.75, 1, 9], "texture": "#5"}
			}
		},
		{
			"from": [7.75, 2.625, 5.625],
			"to": [8.375, 3.125, 6.125],
			"faces": {
				"east": {"uv": [3, 8.75, 3.25, 9], "texture": "#5"}
			}
		},
		{
			"from": [7.75, 4.375, 5.625],
			"to": [8.375, 4.875, 6.125],
			"faces": {
				"east": {"uv": [8.75, 3.375, 9, 3.625], "texture": "#5"}
			}
		},
		{
			"from": [7.625, 2.625, 5],
			"to": [8.375, 3.125, 5.625],
			"faces": {
				"east": {"uv": [3, 8.5, 3.3125, 8.75], "texture": "#5"}
			}
		},
		{
			"from": [7.625, 4.375, 5],
			"to": [8.375, 4.875, 5.625],
			"faces": {
				"east": {"uv": [3.625, 8.5, 3.9375, 8.75], "texture": "#5"}
			}
		},
		{
			"from": [7.625, 0.875, 6.125],
			"to": [8.375, 1.375, 8],
			"faces": {
				"east": {"uv": [0, 3.25, 0.9375, 3.5], "texture": "#5"}
			}
		},
		{
			"from": [7.625, 2.625, 6.125],
			"to": [8.375, 3.125, 8],
			"faces": {
				"east": {"uv": [7, 0.25, 7.9375, 0.5], "texture": "#5"}
			}
		},
		{
			"from": [7.625, 4.375, 6.125],
			"to": [8.375, 4.875, 8],
			"faces": {
				"east": {"uv": [7.125, 0.75, 8.0625, 1], "texture": "#5"}
			}
		},
		{
			"from": [7.625, 1.375, 5],
			"to": [8.375, 1.75, 8],
			"faces": {
				"east": {"uv": [6.9375, 3.5, 8.4375, 3.6875], "texture": "#5"},
				"west": {"uv": [6.9375, 3.6875, 8.4375, 3.875], "texture": "#5"}
			}
		},
		{
			"from": [7.625, 2.25, 5],
			"to": [8.375, 2.625, 8],
			"faces": {
				"east": {"uv": [6.9375, 3.875, 8.4375, 4.0625], "texture": "#5"},
				"west": {"uv": [6.9375, 4.0625, 8.4375, 4.25], "texture": "#5"}
			}
		},
		{
			"from": [7.625, 3.125, 5],
			"to": [8.375, 4.375, 8],
			"faces": {
				"east": {"uv": [0, 0, 1.5, 0.625], "texture": "#5"},
				"west": {"uv": [0, 0.625, 1.5, 1.25], "texture": "#5"}
			}
		},
		{
			"from": [7.625, 4.875, 5],
			"to": [8.375, 5.875, 8],
			"faces": {
				"east": {"uv": [3, 0, 4.5, 0.5], "texture": "#5"},
				"west": {"uv": [3, 0.5, 4.5, 1], "texture": "#5"},
				"up": {"uv": [0.75, 5.5625, 0.375, 4.0625], "texture": "#5"}
			}
		},
		{
			"from": [7.625, 5.875, 7.125],
			"to": [8.375, 6, 8],
			"faces": {
				"north": {"uv": [3.25, 7.8125, 3.625, 7.875], "texture": "#5"},
				"east": {"uv": [7.5625, 6.1875, 8, 6.25], "texture": "#5"},
				"west": {"uv": [4.375, 7.8125, 4.8125, 7.875], "texture": "#5"},
				"up": {"uv": [3.625, 7.8125, 3.25, 7.375], "texture": "#5"}
			}
		},
		{
			"from": [7.625, 5.875, 5],
			"to": [8.375, 6, 6.875],
			"faces": {
				"east": {"uv": [8.3125, 5.25, 9.25, 5.3125], "texture": "#5"},
				"south": {"uv": [8.9375, 7.75, 9.3125, 7.8125], "texture": "#5"},
				"west": {"uv": [8.3125, 7.8125, 9.25, 7.875], "texture": "#5"}
			}
		},
		{
			"from": [7.75, 5.875, 6.875],
			"to": [8.375, 6, 7.125],
			"faces": {
				"east": {"uv": [6.75, 8.375, 6.875, 8.4375], "texture": "#5"},
				"west": {"uv": [6.875, 8.375, 7, 8.4375], "texture": "#5"}
			}
		},
		{
			"name": "pin",
			"from": [7.625, 8, 6.875],
			"to": [7.75, 8.125, 7],
			"rotation": {"angle": 0, "axis": "y", "origin": [0, 8.375, 3.5]},
			"faces": {
				"south": {"uv": [13.75, 1.5, 14.25, 2], "texture": "#6"},
				"west": {"uv": [14.5, 0.5, 15.5, 1.5], "texture": "#6"},
				"down": {"uv": [13.75, 1.5, 14.25, 2], "texture": "#6"}
			}
		},
		{
			"from": [7.875, 6, 7],
			"to": [8.375, 8, 8],
			"faces": {
				"east": {"uv": [3.9375, 1.875, 4.4375, 2.875], "texture": "#5"}
			}
		},
		{
			"from": [7.625, 6.125, 5],
			"to": [8.375, 7.875, 7],
			"faces": {
				"east": {"uv": [0.9375, 2.25, 1.9375, 3.125], "texture": "#5"},
				"west": {"uv": [1.9375, 2.25, 2.9375, 3.125], "texture": "#5"},
				"up": {"uv": [5.8125, 3.875, 5.4375, 2.875], "texture": "#5"},
				"down": {"uv": [3.6875, 5.4375, 3.3125, 6.4375], "texture": "#5"}
			}
		},
		{
			"from": [7.625, 7.875, 5],
			"to": [8.375, 8, 6.875],
			"faces": {
				"east": {"uv": [8.625, 2.25, 9.5625, 2.3125], "texture": "#5"},
				"south": {"uv": [8.9375, 7.9375, 9.3125, 8], "texture": "#5"},
				"west": {"uv": [8.625, 2.3125, 9.5625, 2.375], "texture": "#5"}
			}
		},
		{
			"from": [7.75, 7.875, 6.875],
			"to": [8.375, 8, 7],
			"faces": {
				"east": {"uv": [0.625, 9.0625, 0.6875, 9.125], "texture": "#5"},
				"west": {"uv": [0.6875, 9.0625, 0.75, 9.125], "texture": "#5"}
			}
		},
		{
			"from": [7.625, 6, 5],
			"to": [8.375, 6.125, 6.875],
			"faces": {
				"east": {"uv": [8.75, 8.125, 9.6875, 8.1875], "texture": "#5"},
				"south": {"uv": [8.9375, 8.0625, 9.3125, 8.125], "texture": "#5"},
				"west": {"uv": [8.75, 8.1875, 9.6875, 8.25], "texture": "#5"}
			}
		},
		{
			"from": [7.75, 6, 6.875],
			"to": [8.375, 6.125, 7],
			"faces": {
				"east": {"uv": [0.75, 9.0625, 0.8125, 9.125], "texture": "#5"},
				"west": {"uv": [0.8125, 9.0625, 0.875, 9.125], "texture": "#5"}
			}
		},
		{
			"from": [7.625, 8, 7.125],
			"to": [8.375, 10, 8],
			"faces": {
				"north": {"uv": [5.4375, 3.875, 5.8125, 4.875], "texture": "#5"},
				"east": {"uv": [5.1875, 1.875, 5.625, 2.875], "texture": "#5"},
				"west": {"uv": [2, 5.4375, 2.4375, 6.4375], "texture": "#5"},
				"down": {"uv": [6.375, 7.4375, 6, 7.875], "texture": "#5"}
			}
		},
		{
			"from": [7.625, 8, 5],
			"to": [8.375, 10, 6.875],
			"faces": {
				"east": {"uv": [0, 1.25, 0.9375, 2.25], "texture": "#5"},
				"west": {"uv": [0.9375, 1.25, 1.875, 2.25], "texture": "#5"}
			}
		},
		{
			"from": [7.625, 8.125, 6.875],
			"to": [8.375, 10, 7.125],
			"faces": {
				"east": {"uv": [3.75, 3.9375, 3.875, 4.875], "texture": "#5"},
				"west": {"uv": [4.5, 5, 4.625, 5.9375], "texture": "#5"},
				"down": {"uv": [9.1875, 5.8125, 8.8125, 5.9375], "texture": "#5"}
			}
		},
		{
			"from": [7.75, 8, 6.875],
			"to": [8.375, 8.125, 7.125],
			"faces": {
				"east": {"uv": [3, 8.4375, 3.125, 8.5], "texture": "#5"},
				"west": {"uv": [3.125, 8.4375, 3.25, 8.5], "texture": "#5"}
			}
		},
		{
			"name": "riegel",
			"from": [7.5, 9.25, 7.375],
			"to": [7.625, 9.5, 7.5],
			"rotation": {"angle": 0, "axis": "y", "origin": [-0.125, 0.25, 0.75]},
			"faces": {
				"south": {"uv": [6.0625, 9, 6.125, 9.125], "texture": "#5"},
				"up": {"uv": [0.9375, 9.125, 0.875, 9.0625], "texture": "#5"},
				"down": {"uv": [1, 9.0625, 0.9375, 9.125], "texture": "#5"}
			}
		},
		{
			"name": "riegel",
			"from": [7.5, 9.25, 6.625],
			"to": [7.625, 9.5, 6.75],
			"rotation": {"angle": 0, "axis": "y", "origin": [-0.125, 0.25, 0]},
			"faces": {
				"north": {"uv": [6.1875, 9, 6.25, 9.125], "texture": "#5"},
				"up": {"uv": [1.0625, 9.125, 1, 9.0625], "texture": "#5"},
				"down": {"uv": [1.125, 9.0625, 1.0625, 9.125], "texture": "#5"}
			}
		},
		{
			"name": "riegel",
			"from": [7.375, 9.25, 6.625],
			"to": [7.5, 9.5, 7.5],
			"rotation": {"angle": 0, "axis": "y", "origin": [-0.25, 0.25, 0]},
			"faces": {
				"north": {"uv": [6.375, 9, 6.4375, 9.125], "texture": "#5"},
				"south": {"uv": [6.4375, 9, 6.5, 9.125], "texture": "#5"},
				"west": {"uv": [8.8125, 5.4375, 9.25, 5.5625], "texture": "#5"},
				"up": {"uv": [4.6875, 6.375, 4.625, 5.9375], "texture": "#5"},
				"down": {"uv": [5.4375, 6.375, 5.375, 6.8125], "texture": "#5"}
			}
		},
		{
			"from": [7.625, 1.75, 8.75],
			"to": [7.75, 2.25, 9.25],
			"rotation": {"angle": 0, "axis": "y", "origin": [-0.125, 4.375, 1.125]},
			"faces": {
				"west": {"uv": [3.75, 8.75, 4, 9], "texture": "#5"}
			}
		},
		{
			"name": "riegel2",
			"from": [7.375, 0.75, 8.125],
			"to": [7.5, 1.5, 8.375],
			"rotation": {"angle": 0, "axis": "y", "origin": [-0.25, 1.75, 0]},
			"faces": {
				"north": {"uv": [0, 9, 0.0625, 9.375], "texture": "#5"},
				"south": {"uv": [0.0625, 9, 0.125, 9.375], "texture": "#5"},
				"west": {"uv": [8.8125, 6.6875, 8.9375, 7.0625], "texture": "#5"},
				"up": {"uv": [6.5625, 9.125, 6.5, 9], "texture": "#5"},
				"down": {"uv": [9.0625, 6.5, 9, 6.625], "texture": "#5"}
			}
		},
		{
			"name": "riegel3",
			"from": [7.5, 1.375, 8.125],
			"to": [7.625, 1.5, 8.375],
			"rotation": {"angle": 0, "axis": "y", "origin": [-0.25, 1.75, 0]},
			"faces": {
				"north": {"uv": [9.0625, 2.375, 9.125, 2.4375], "texture": "#5"},
				"south": {"uv": [9.0625, 2.4375, 9.125, 2.5], "texture": "#5"},
				"up": {"uv": [6.625, 9.125, 6.5625, 9], "texture": "#5"}
			}
		},
		{
			"name": "riegel4",
			"from": [7.5, 0.75, 8.125],
			"to": [7.625, 0.875, 8.375],
			"rotation": {"angle": 0, "axis": "y", "origin": [-0.25, 1.75, 0]},
			"faces": {
				"north": {"uv": [9.0625, 2.5, 9.125, 2.5625], "texture": "#5"},
				"south": {"uv": [9.0625, 2.5625, 9.125, 2.625], "texture": "#5"},
				"down": {"uv": [6.75, 9, 6.6875, 9.125], "texture": "#5"}
			}
		},
		{
			"name": "riegel3",
			"from": [7.375, 2.5, 8.125],
			"to": [7.5, 3.25, 8.375],
			"rotation": {"angle": 0, "axis": "y", "origin": [-0.25, 1.75, 0]},
			"faces": {
				"north": {"uv": [0.125, 9, 0.1875, 9.375], "texture": "#5"},
				"south": {"uv": [0.1875, 9, 0.25, 9.375], "texture": "#5"},
				"west": {"uv": [1.875, 8.875, 2, 9.25], "texture": "#5"},
				"up": {"uv": [6.8125, 9.125, 6.75, 9], "texture": "#5"},
				"down": {"uv": [9.0625, 6.75, 9, 6.875], "texture": "#5"}
			}
		},
		{
			"name": "riegel4",
			"from": [7.5, 3.125, 8.125],
			"to": [7.625, 3.25, 8.375],
			"rotation": {"angle": 0, "axis": "y", "origin": [-0.25, 1.75, 0]},
			"faces": {
				"north": {"uv": [9.0625, 2.625, 9.125, 2.6875], "texture": "#5"},
				"south": {"uv": [9.0625, 2.6875, 9.125, 2.75], "texture": "#5"},
				"up": {"uv": [9.0625, 7, 9, 6.875], "texture": "#5"}
			}
		},
		{
			"name": "riegel5",
			"from": [7.5, 2.5, 8.125],
			"to": [7.625, 2.625, 8.375],
			"rotation": {"angle": 0, "axis": "y", "origin": [-0.25, 1.75, 0]},
			"faces": {
				"north": {"uv": [9.0625, 2.75, 9.125, 2.8125], "texture": "#5"},
				"south": {"uv": [9.0625, 2.8125, 9.125, 2.875], "texture": "#5"},
				"down": {"uv": [9.0625, 7.1875, 9, 7.3125], "texture": "#5"}
			}
		},
		{
			"name": "riegel4",
			"from": [7.375, 4.25, 8.125],
			"to": [7.5, 5, 8.375],
			"rotation": {"angle": 0, "axis": "y", "origin": [-0.25, 1.75, 0]},
			"faces": {
				"north": {"uv": [0.25, 9, 0.3125, 9.375], "texture": "#5"},
				"south": {"uv": [0.3125, 9, 0.375, 9.375], "texture": "#5"},
				"west": {"uv": [8.875, 2.75, 9, 3.125], "texture": "#5"},
				"up": {"uv": [9.0625, 7.4375, 9, 7.3125], "texture": "#5"},
				"down": {"uv": [7.4375, 9, 7.375, 9.125], "texture": "#5"}
			}
		},
		{
			"name": "riegel6",
			"from": [7.5, 4.25, 8.125],
			"to": [7.625, 4.375, 8.375],
			"rotation": {"angle": 0, "axis": "y", "origin": [-0.25, 1.75, 0]},
			"faces": {
				"north": {"uv": [9.0625, 2.875, 9.125, 2.9375], "texture": "#5"},
				"south": {"uv": [9.0625, 2.9375, 9.125, 3], "texture": "#5"},
				"down": {"uv": [7.625, 9, 7.5625, 9.125], "texture": "#5"}
			}
		},
		{
			"name": "riegel5",
			"from": [7.5, 4.875, 8.125],
			"to": [7.625, 5, 8.375],
			"rotation": {"angle": 0, "axis": "y", "origin": [-0.25, 1.75, 0]},
			"faces": {
				"north": {"uv": [3.3125, 9.0625, 3.375, 9.125], "texture": "#5"},
				"south": {"uv": [3.375, 9.0625, 3.4375, 9.125], "texture": "#5"},
				"up": {"uv": [7.6875, 9.125, 7.625, 9], "texture": "#5"}
			}
		},
		{
			"from": [7.625, 0, 8],
			"to": [8.375, 0.875, 11],
			"faces": {
				"east": {"uv": [3.8125, 1, 5.3125, 1.4375], "texture": "#5"},
				"west": {"uv": [3.8125, 1.4375, 5.3125, 1.875], "texture": "#5"},
				"down": {"uv": [4.6875, 3.5, 4.3125, 5], "texture": "#5", "cullface": "down"}
			}
		},
		{
			"from": [7.625, 0.875, 8],
			"to": [8.375, 1.375, 9.875],
			"faces": {
				"east": {"uv": [7.125, 1.25, 8.0625, 1.5], "texture": "#5"}
			}
		},
		{
			"from": [7.625, 2.625, 8],
			"to": [8.375, 3.125, 9.875],
			"faces": {
				"east": {"uv": [7.1875, 6.25, 8.125, 6.5], "texture": "#5"}
			}
		},
		{
			"from": [7.625, 4.375, 8],
			"to": [8.375, 4.875, 9.875],
			"faces": {
				"east": {"uv": [7.1875, 6.75, 8.125, 7], "texture": "#5"}
			}
		},
		{
			"from": [7.625, 1.75, 8],
			"to": [8.375, 2.25, 8.75],
			"faces": {
				"east": {"uv": [6, 8.25, 6.375, 8.5], "texture": "#5"},
				"west": {"uv": [8.25, 7.0625, 8.625, 7.3125], "texture": "#5"}
			}
		},
		{
			"from": [7.625, 1.75, 9.25],
			"to": [8.375, 2.25, 11],
			"faces": {
				"east": {"uv": [7.3125, 2.875, 8.1875, 3.125], "texture": "#5"},
				"west": {"uv": [7.3125, 3.125, 8.1875, 3.375], "texture": "#5"}
			}
		},
		{
			"from": [7.625, 1.375, 8],
			"to": [8.375, 1.75, 11],
			"faces": {
				"east": {"uv": [6.9375, 4.25, 8.4375, 4.4375], "texture": "#5"},
				"west": {"uv": [6.9375, 4.4375, 8.4375, 4.625], "texture": "#5"}
			}
		},
		{
			"from": [7.625, 2.25, 8],
			"to": [8.375, 2.625, 11],
			"faces": {
				"east": {"uv": [6.9375, 4.625, 8.4375, 4.8125], "texture": "#5"},
				"west": {"uv": [6.9375, 4.8125, 8.4375, 5], "texture": "#5"}
			}
		},
		{
			"from": [7.625, 3.125, 8],
			"to": [8.375, 4.375, 11],
			"faces": {
				"east": {"uv": [1.5, 0, 3, 0.625], "texture": "#5"},
				"west": {"uv": [1.5, 0.625, 3, 1.25], "texture": "#5"}
			}
		},
		{
			"from": [7.625, 4.875, 8],
			"to": [8.375, 5.875, 11],
			"faces": {
				"east": {"uv": [2.9375, 3, 4.4375, 3.5], "texture": "#5"},
				"west": {"uv": [0.9375, 3.125, 2.4375, 3.625], "texture": "#5"},
				"up": {"uv": [5.4375, 4.875, 5.0625, 3.375], "texture": "#5"}
			}
		},
		{
			"from": [7.625, 5.875, 8],
			"to": [8.375, 6, 8.875],
			"faces": {
				"east": {"uv": [5.25, 8.0625, 5.6875, 8.125], "texture": "#5"},
				"south": {"uv": [8.9375, 8.8125, 9.3125, 8.875], "texture": "#5"},
				"west": {"uv": [8.9375, 6.4375, 9.375, 6.5], "texture": "#5"},
				"up": {"uv": [0.75, 7.9375, 0.375, 7.5], "texture": "#5"}
			}
		},
		{
			"from": [7.625, 5.875, 9.125],
			"to": [8.375, 6, 11],
			"faces": {
				"north": {"uv": [9, 0, 9.375, 0.0625], "texture": "#5"},
				"east": {"uv": [8.75, 8.25, 9.6875, 8.3125], "texture": "#5"},
				"west": {"uv": [8.75, 8.3125, 9.6875, 8.375], "texture": "#5"}
			}
		},
		{
			"from": [7.75, 5.875, 8.875],
			"to": [8.375, 6, 9.125],
			"faces": {
				"east": {"uv": [8.375, 9, 8.5, 9.0625], "texture": "#5"},
				"west": {"uv": [9, 8.375, 9.125, 8.4375], "texture": "#5"}
			}
		},
		{
			"from": [7.625, 0.875, 10.375],
			"to": [8.375, 1.375, 11],
			"faces": {
				"east": {"uv": [4.25, 8.5, 4.5625, 8.75], "texture": "#5"}
			}
		},
		{
			"from": [7.625, 2.625, 10.375],
			"to": [8.375, 3.125, 11],
			"faces": {
				"east": {"uv": [5.25, 8.5, 5.5625, 8.75], "texture": "#5"}
			}
		},
		{
			"from": [7.625, 4.375, 10.375],
			"to": [8.375, 4.875, 11],
			"faces": {
				"east": {"uv": [5.875, 8.5, 6.1875, 8.75], "texture": "#5"}
			}
		},
		{
			"from": [7.75, 0.875, 9.875],
			"to": [8.375, 1.375, 10.375],
			"faces": {
				"east": {"uv": [8.75, 4.625, 9, 4.875], "texture": "#5"}
			}
		},
		{
			"from": [7.75, 1.75, 8.75],
			"to": [8.375, 2.25, 9.25],
			"faces": {
				"east": {"uv": [5, 8.75, 5.25, 9], "texture": "#5"}
			}
		},
		{
			"from": [7.75, 2.625, 9.875],
			"to": [8.375, 3.125, 10.375],
			"faces": {
				"east": {"uv": [5.5, 8.75, 5.75, 9], "texture": "#5"}
			}
		},
		{
			"from": [7.75, 4.375, 9.875],
			"to": [8.375, 4.875, 10.375],
			"faces": {
				"east": {"uv": [6, 8.75, 6.25, 9], "texture": "#5"}
			}
		},
		{
			"name": "pin",
			"from": [7.625, 8, 9],
			"to": [7.75, 8.125, 9.125],
			"rotation": {"angle": 0, "axis": "y", "origin": [0, 8.375, 3.5]},
			"faces": {
				"north": {"uv": [13.75, 1.5, 14.25, 2], "texture": "#6"},
				"west": {"uv": [14.5, 0.5, 15.5, 1.5], "texture": "#6"},
				"down": {"uv": [13.75, 1.5, 14.25, 2], "texture": "#6"}
			}
		},
		{
			"from": [7.875, 6, 8],
			"to": [8.375, 8, 9],
			"faces": {
				"east": {"uv": [5, 0, 5.5, 1], "texture": "#5"}
			}
		},
		{
			"from": [7.625, 6.125, 9],
			"to": [8.375, 7.875, 11],
			"faces": {
				"east": {"uv": [2.8125, 1.25, 3.8125, 2.125], "texture": "#5"},
				"west": {"uv": [2.9375, 2.125, 3.9375, 3], "texture": "#5"},
				"up": {"uv": [0.75, 6.5625, 0.375, 5.5625], "texture": "#5"},
				"down": {"uv": [1.125, 5.5625, 0.75, 6.5625], "texture": "#5"}
			}
		},
		{
			"from": [7.625, 7.875, 9.125],
			"to": [8.375, 8, 11],
			"faces": {
				"north": {"uv": [9, 0.125, 9.375, 0.1875], "texture": "#5"},
				"east": {"uv": [8.8125, 0.625, 9.75, 0.6875], "texture": "#5"},
				"west": {"uv": [8.8125, 0.6875, 9.75, 0.75], "texture": "#5"}
			}
		},
		{
			"from": [7.75, 7.875, 9],
			"to": [8.375, 8, 9.125],
			"faces": {
				"east": {"uv": [3.6875, 6.375, 3.75, 6.4375], "texture": "#5"},
				"west": {"uv": [7.875, 7.6875, 7.9375, 7.75], "texture": "#5"}
			}
		},
		{
			"from": [7.625, 6, 9.125],
			"to": [8.375, 6.125, 11],
			"faces": {
				"north": {"uv": [0.375, 9, 0.75, 9.0625], "texture": "#5"},
				"east": {"uv": [8.8125, 5.3125, 9.75, 5.375], "texture": "#5"},
				"west": {"uv": [8.8125, 5.375, 9.75, 5.4375], "texture": "#5"}
			}
		},
		{
			"from": [7.75, 6, 9],
			"to": [8.375, 6.125, 9.125],
			"faces": {
				"east": {"uv": [3.4375, 9.0625, 3.5, 9.125], "texture": "#5"},
				"west": {"uv": [3.5, 9.0625, 3.5625, 9.125], "texture": "#5"}
			}
		},
		{
			"from": [7.625, 8, 8],
			"to": [8.375, 10, 8.875],
			"faces": {
				"east": {"uv": [2.4375, 5.4375, 2.875, 6.4375], "texture": "#5"},
				"south": {"uv": [5.625, 1, 6, 2], "texture": "#5"},
				"west": {"uv": [2.875, 5.4375, 3.3125, 6.4375], "texture": "#5"},
				"down": {"uv": [7.9375, 5, 7.5625, 5.4375], "texture": "#5"}
			}
		},
		{
			"from": [7.625, 8, 9.125],
			"to": [8.375, 10, 11],
			"faces": {
				"east": {"uv": [1.875, 1.25, 2.8125, 2.25], "texture": "#5"},
				"west": {"uv": [0, 2.25, 0.9375, 3.25], "texture": "#5"}
			}
		},
		{
			"from": [7.625, 8.125, 8.875],
			"to": [8.375, 10, 9.125],
			"faces": {
				"east": {"uv": [5.125, 7.8125, 5.25, 8.75], "texture": "#5"},
				"west": {"uv": [7.9375, 7.875, 8.0625, 8.8125], "texture": "#5"},
				"down": {"uv": [9.1875, 6.0625, 8.8125, 6.1875], "texture": "#5"}
			}
		},
		{
			"from": [7.75, 8, 8.875],
			"to": [8.375, 8.125, 9.125],
			"faces": {
				"east": {"uv": [9, 8.4375, 9.125, 8.5], "texture": "#5"},
				"west": {"uv": [8.5, 9, 8.625, 9.0625], "texture": "#5"}
			}
		},
		{
			"name": "riegel",
			"from": [7.375, 9.25, 8.5],
			"to": [7.5, 9.5, 9.375],
			"rotation": {"angle": 0, "axis": "y", "origin": [-0.25, 0.25, 0]},
			"faces": {
				"north": {"uv": [9, 8.5, 9.0625, 8.625], "texture": "#5"},
				"south": {"uv": [8.625, 9, 8.6875, 9.125], "texture": "#5"},
				"west": {"uv": [8.8125, 5.6875, 9.25, 5.8125], "texture": "#5"},
				"up": {"uv": [6.9375, 7.875, 6.875, 7.4375], "texture": "#5"},
				"down": {"uv": [7.8125, 8.875, 7.75, 9.3125], "texture": "#5"}
			}
		},
		{
			"name": "riegel",
			"from": [7.5, 9.25, 8.5],
			"to": [7.625, 9.5, 8.625],
			"rotation": {"angle": 0, "axis": "y", "origin": [-0.125, 0.25, 0]},
			"faces": {
				"north": {"uv": [9, 8.625, 9.0625, 8.75], "texture": "#5"},
				"up": {"uv": [3.625, 9.125, 3.5625, 9.0625], "texture": "#5"},
				"down": {"uv": [3.6875, 9.0625, 3.625, 9.125], "texture": "#5"}
			}
		},
		{
			"name": "riegel",
			"from": [7.5, 9.25, 9.25],
			"to": [7.625, 9.5, 9.375],
			"rotation": {"angle": 0, "axis": "y", "origin": [-0.125, 0.25, 0.75]},
			"faces": {
				"south": {"uv": [8.9375, 9, 9, 9.125], "texture": "#5"},
				"up": {"uv": [3.75, 9.125, 3.6875, 9.0625], "texture": "#5"},
				"down": {"uv": [3.8125, 9.0625, 3.75, 9.125], "texture": "#5"}
			}
		}
	],
	"display": {
		"thirdperson_righthand": {
			"rotation": [2, -15, -21],
			"translation": [1, 2, -1.25],
			"scale": [0.6, 0.6, 0.6]
		},
		"thirdperson_lefthand": {
			"rotation": [10, -180, 10],
			"translation": [0, 2, -1.25],
			"scale": [0.6, 0.6, 0.6]
		},
		"firstperson_righthand": {
			"rotation": [-4, 6, -4],
			"translation": [0.5, 4.25, 0.75],
			"scale": [0.5, 0.5, 0.5]
		},
		"firstperson_lefthand": {
			"rotation": [-7, -167, -4],
			"translation": [0.25, 4.25, 0.75],
			"scale": [0.5, 0.5, 0.5]
		},
		"ground": {
			"translation": [0, 3.5, 0],
			"scale": [0.45, 0.45, 0.45]
		},
		"gui": {
			"rotation": [14, 130, 0],
			"translation": [0, 1.25, 0]
		},
		"fixed": {
			"rotation": [0, 90, 0]
		}
	},
	"groups": [
		{
			"name": "root",
			"origin": [0, 0, 0],
			"color": 0,
			"nbt": "{}",
			"children": [0, 1, 2, 3, 4, 5, 6, 7, 8, 9, 10, 11, 12, 13, 14, 15, 16, 17, 18, 19, 20, 21, 22, 23, 24, 25, 26, 27, 28, 29, 30, 31,
				{
					"name": "outer_circle_rotating",
					"origin": [-0.25, 7, 0],
					"color": 0,
					"nbt": "{}",
					"children": [32, 33, 34, 35, 36, 37, 38, 39, 40, 41, 42, 43, 44, 45, 46, 47, 48, 49, 50, 51, 52, 53, 54, 55, 56, 57, 58, 59]
				},
				{
					"name": "inner_circle_rotating",
					"origin": [-0.125, 7, 0],
					"color": 0,
					"nbt": "{}",
					"children": [60, 61, 62, 63, 64, 65]
				},
				{
					"name": "bar1",
					"origin": [-0.25, 1.75, 0],
					"color": 0,
					"nbt": "{}",
					"children": [66, 67, 68, 69]
				},
				{
					"name": "bar2",
					"origin": [0, 0, 0],
					"color": 0,
					"nbt": "{}",
					"children": [70, 71, 72, 73]
				},
				{
					"name": "bar3",
					"origin": [0, 3.25, 0],
					"color": 0,
					"nbt": "{}",
					"children": [74, 75, 76, 77]
				},
				{
					"name": "bar4",
					"origin": [-0.25, 5, 0],
					"color": 0,
					"nbt": "{}",
					"children": [78, 79, 80, 81]
				},
				{
					"name": "bar7",
					"origin": [0, 5, 0],
					"color": 0,
					"nbt": "{}",
					"children": [82, 83, 84, 85]
				},
				{
					"name": "bar8",
					"origin": [-0.25, 6.75, 0],
					"color": 0,
					"nbt": "{}",
					"children": [86, 87, 88, 89]
				},
				{
					"name": "bar5",
					"origin": [-0.25, 10.625, 0],
					"color": 0,
					"nbt": "{}",
					"children": [90]
				},
				{
					"name": "bar6",
					"origin": [-0.25, 10.625, 1.875],
					"color": 0,
					"nbt": "{}",
					"children": [91]
				},
				{
					"name": "left_wing_bottom",
					"origin": [-0.375, 0, -3],
					"color": 0,
					"nbt": "{}",
					"children": [
						{
							"name": "gear1",
							"origin": [-0.125, 2, -1],
							"color": 0,
							"nbt": "{}",
							"children": [92]
						},
						{
							"name": "gear3",
							"origin": [-0.125, 1.125, -2.125],
							"color": 0,
							"nbt": "{}",
							"children": []
						},
						{
							"name": "gear6",
							"origin": [-0.125, 2.875, -2.125],
							"color": 0,
							"nbt": "{}",
							"children": []
						},
						{
							"name": "gear7",
							"origin": [-0.125, 4.625, -2.125],
							"color": 0,
							"nbt": "{}",
							"children": []
						}, 93, 94, 95, 96, 97, 98, 99, 100, 101, 102, 103, 104, 105, 106, 107, 108, 109, 110, 111, 112, 113, 114, 115, 116, 117, 118, 119, 120, 121]
				},
				{
					"name": "left_wing_top",
					"origin": [-0.375, 6, -3],
					"color": 0,
					"nbt": "{}",
					"children": [
						{
							"name": "pin1",
							"origin": [0, 8.375, 1.375],
							"color": 0,
							"nbt": "{}",
							"children": [122]
						}, 123, 124, 125, 126, 127, 128, 129, 130, 131, 132, 133, 134, 135]
				},
				{
					"name": "right_wing_bottom",
					"origin": [-0.375, 0, 3],
					"color": 0,
					"nbt": "{}",
					"children": [
						{
							"name": "gear2",
							"origin": [-0.375, 2, 1],
							"color": 0,
							"nbt": "{}",
							"children": [136]
						},
						{
							"name": "gear4",
							"origin": [-0.375, 1.125, 2.125],
							"color": 0,
							"nbt": "{}",
							"children": []
						},
						{
							"name": "gear5",
							"origin": [-0.375, 2.875, 2.125],
							"color": 0,
							"nbt": "{}",
							"children": []
						},
						{
							"name": "gear8",
							"origin": [-0.375, 4.625, 2.125],
							"color": 0,
							"nbt": "{}",
							"children": []
						}, 137, 138, 139, 140, 141, 142, 143, 144, 145, 146, 147, 148, 149, 150, 151, 152, 153, 154, 155, 156, 157, 158, 159, 160, 161, 162, 163, 164, 165]
				},
				{
					"name": "right_wing_top",
					"origin": [-0.375, 6, 3],
					"color": 0,
					"nbt": "{}",
					"children": [
						{
							"name": "pin2",
							"origin": [0, 8.375, 3.5],
							"color": 0,
							"nbt": "{}",
							"children": [166]
						}, 167, 168, 169, 170, 171, 172, 173, 174, 175, 176, 177, 178, 179]
				}
			]
		}
	]
}