{
	"credit": "Made with Blockbench",
	"textures": {
		"0": "block/stone",
		"particle": "custom/oak_planks"
	},
	"elements": [
		{
			"from": [0, 0, 0],
			"to": [16, 0, 1],
			"faces": {
				"up": {"uv": [0, 0, 16, 1], "texture": "#0"},
				"down": {"uv": [0, 1, 16, 0], "texture": "#0"}
			}
		},
		{
			"from": [0, 0, 15],
			"to": [16, 0, 16],
			"faces": {
				"up": {"uv": [0, 15, 16, 16], "texture": "#0"},
				"down": {"uv": [0, 16, 16, 15], "texture": "#0"}
			}
		},
		{
			"from": [15, 0, 1],
			"to": [16, 0, 15],
			"faces": {
				"up": {"uv": [15, 1, 16, 15], "texture": "#0"},
				"down": {"uv": [15, 15, 16, 1], "texture": "#0"}
			}
		},
		{
			"from": [0, 0, 1],
			"to": [1, 0, 15],
			"faces": {
				"up": {"uv": [0, 1, 1, 15], "texture": "#0"},
				"down": {"uv": [0, 15, 1, 1], "texture": "#0"}
			}
		}
	],
	"display": {
		"head": {
			"rotation": [0, -180, 0],
			"translation": [0, -30.425, 0],
			"scale": [1.6, 1.6, 1.6]
		}
	}
}