{
    "parent": "item/template_spawn_egg",
    "overrides": [
        {"predicate": {"custom_model_data": 1},"model": "item/ladder_chest_item"},
        {"predicate": {"custom_model_data": 2},"model": "item/tree/tree_item"},
        {"predicate": {"custom_model_data": 3},"model": "item/stone_wall/stone_wall_item"},
        {"predicate": {"custom_model_data": 4},"model": "item/special_door_item"},
        {"predicate": {"custom_model_data": 5},"model": "item/bed_door_item"},
        {"predicate": {"custom_model_data": 6},"model": "item/heart_door_item"}
    ]
}
