{"elements":[{"from":[7.625,8,7.625],"to":[8.375,16.5,8.375],"rotation":{"angle":0,"axis":"y","origin":[8,2.5,15.5]},"faces":{"north":{"uv":[1,0.25,1.25,0.5],"texture":"#0"},"east":{"uv":[1,0.25,1.25,0.5],"texture":"#0"},"south":{"uv":[1,0.25,1.25,0.5],"texture":"#0"},"west":{"uv":[1,0.25,1.25,0.5],"texture":"#0"},"up":{"uv":[1,0.25,1.25,0.5],"texture":"#0"},"down":{"uv":[1,0.25,1.25,0.5],"texture":"#0"}}}],"textures":{"0":"minecraft:custom/rover","1":"minecraft:custom/rover_doors","2":"minecraft:custom/rover_doors_closed"},"display":{"head":{"translation":[0,-6.4,0],"scale":[3.2,3.2,3.2],"rotation":[0,180,0]}}}