{"elements":[{"from":[7.25,8.25,7.625],"to":[7.875,10.5,8.375],"rotation":{"angle":-45,"axis":"z","origin":[7.5,7.75,8]},"faces":{"north":{"uv":[2.5,0.25,2.75,0.5],"texture":"#0"},"east":{"uv":[2.5,0.25,2.75,0.5],"texture":"#0"},"south":{"uv":[2.5,0.25,2.75,0.5],"texture":"#0"},"west":{"uv":[0.25,1.75,0.5,2],"texture":"#0"},"up":{"uv":[2.5,0.25,2.75,0.5],"texture":"#0"},"down":{"uv":[2.5,0.25,2.75,0.5],"texture":"#0"}}},{"from":[9.084708691207961,9.42937860531805,7.625],"to":[9.709708691207961,11.17937860531805,8.375],"rotation":{"angle":0,"axis":"y","origin":[9.334708691207961,8.42937860531805,8]},"faces":{"north":{"uv":[2.5,0.25,2.75,0.5],"texture":"#0"},"east":{"uv":[2.5,0.25,2.75,0.5],"texture":"#0"},"south":{"uv":[2.5,0.25,2.75,0.5],"texture":"#0"},"west":{"uv":[0.25,1.75,0.5,2],"texture":"#0"},"up":{"uv":[2.5,0.25,2.75,0.5],"texture":"#0"},"down":{"uv":[2.5,0.25,2.75,0.5],"texture":"#0"}}},{"from":[10.069962447428953,11.226173486902923,7.625],"to":[10.694962447428953,13.976173486902923,8.375],"rotation":{"angle":22.5,"axis":"z","origin":[10.319962447428953,8.726173486902923,8]},"faces":{"north":{"uv":[2.5,0.25,2.75,0.5],"texture":"#0"},"east":{"uv":[2.5,0.25,2.75,0.5],"texture":"#0"},"south":{"uv":[2.5,0.25,2.75,0.5],"texture":"#0"},"west":{"uv":[0.25,1.75,0.5,2],"texture":"#0"},"up":{"uv":[1.75,1.75,2,2],"texture":"#0"},"down":{"uv":[2.5,0.25,2.75,0.5],"texture":"#0"}}}],"textures":{"0":"minecraft:custom/rover","1":"minecraft:custom/rover_doors","2":"minecraft:custom/rover_doors_closed"},"display":{"head":{"translation":[0,-6.4,0],"scale":[3.2,3.2,3.2],"rotation":[0,180,0]}}}