{"elements":[{"from":[7.25,7.25,7.5],"to":[8.75,8.75,8.5],"rotation":{"angle":0,"axis":"y","origin":[7.75,7.75,8]},"faces":{"east":{"uv":[0.25,1,0.5,1.25],"texture":"#0"},"south":{"uv":[1.75,1,2,1.25],"texture":"#0"},"west":{"uv":[0.25,1,0.5,1.25],"texture":"#0"},"up":{"uv":[0.25,1,0.5,1.25],"texture":"#0"},"down":{"uv":[0.25,1,0.5,1.25],"texture":"#0"}}},{"from":[6.75,6.75,6.5],"to":[9.25,9.25,7.5],"rotation":{"angle":0,"axis":"y","origin":[7.75,7.75,8]},"faces":{"east":{"uv":[0.25,1,0.5,1.25],"texture":"#0"},"south":{"uv":[1.75,1,2,1.25],"texture":"#0"},"west":{"uv":[0.25,1,0.5,1.25],"texture":"#0"},"up":{"uv":[0.25,1,0.5,1.25],"texture":"#0"},"down":{"uv":[0.25,1,0.5,1.25],"texture":"#0"}}},{"from":[6.25,6.25,5.5],"to":[9.75,9.75,6.5],"rotation":{"angle":0,"axis":"y","origin":[7.75,7.75,8]},"faces":{"east":{"uv":[0.25,1,0.5,1.25],"texture":"#0"},"south":{"uv":[1.75,1,2,1.25],"texture":"#0"},"west":{"uv":[0.25,1,0.5,1.25],"texture":"#0"},"up":{"uv":[0.25,1,0.5,1.25],"texture":"#0"},"down":{"uv":[0.25,1,0.5,1.25],"texture":"#0"}}},{"from":[6,6,4.5],"to":[10,10,5.5],"rotation":{"angle":0,"axis":"y","origin":[7.75,7.75,8]},"faces":{"north":{"uv":[2.5,0.25,2.75,0.5],"texture":"#0"},"east":{"uv":[2.5,0.25,2.75,0.5],"texture":"#0"},"south":{"uv":[1.75,1.75,2,2],"texture":"#0"},"west":{"uv":[2.5,0.25,2.75,0.5],"texture":"#0"},"up":{"uv":[2.5,0.25,2.75,0.5],"texture":"#0"},"down":{"uv":[2.5,0.25,2.75,0.5],"texture":"#0"}}},{"from":[5.25,7.25,4.5],"to":[10.75,8.75,6],"rotation":{"angle":0,"axis":"y","origin":[7.75,7.75,8]},"faces":{"north":{"uv":[2.5,0.25,2.75,0.5],"texture":"#0"},"east":{"uv":[2.5,0.25,2.75,0.5],"texture":"#0"},"south":{"uv":[2.5,0.25,2.75,0.5],"texture":"#0"},"west":{"uv":[2.5,0.25,2.75,0.5],"texture":"#0"},"up":{"uv":[2.5,0.25,2.75,0.5],"texture":"#0"},"down":{"uv":[2.5,0.25,2.75,0.5],"texture":"#0"}}},{"from":[7.25,5.25,4.5],"to":[8.75,10.75,6],"rotation":{"angle":0,"axis":"y","origin":[7.75,7.75,8]},"faces":{"north":{"uv":[2.5,0.25,2.75,0.5],"texture":"#0"},"east":{"uv":[2.5,0.25,2.75,0.5],"texture":"#0"},"south":{"uv":[2.5,0.25,2.75,0.5],"texture":"#0"},"west":{"uv":[2.5,0.25,2.75,0.5],"texture":"#0"},"up":{"uv":[2.5,0.25,2.75,0.5],"texture":"#0"},"down":{"uv":[2.5,0.25,2.75,0.5],"texture":"#0"}}},{"from":[7.75,7.75,8.5],"to":[8.25,8.25,9.5],"rotation":{"angle":0,"axis":"y","origin":[7.75,7.75,8]},"faces":{"east":{"uv":[0.25,1,0.5,1.25],"texture":"#0"},"south":{"uv":[1.75,1,2,1.25],"texture":"#0"},"west":{"uv":[0.25,1,0.5,1.25],"texture":"#0"},"up":{"uv":[0.25,1,0.5,1.25],"texture":"#0"},"down":{"uv":[0.25,1,0.5,1.25],"texture":"#0"}}},{"from":[7.75,7.75,-3.5],"to":[8.25,8.25,4.5],"rotation":{"angle":0,"axis":"y","origin":[7.75,7.75,8]},"faces":{"north":{"uv":[1,1,1.25,1.25],"texture":"#0"},"east":{"uv":[1,1,1.25,1.25],"texture":"#0"},"west":{"uv":[1,1,1.25,1.25],"texture":"#0"},"up":{"uv":[1,1,1.25,1.25],"texture":"#0"},"down":{"uv":[1,1,1.25,1.25],"texture":"#0"}}}],"textures":{"0":"minecraft:custom/rover","1":"minecraft:custom/rover_doors","2":"minecraft:custom/rover_doors_closed"},"display":{"head":{"translation":[0,-6.4,0],"scale":[3.2,3.2,3.2],"rotation":[0,180,0]}}}