{
"m_insert":{
"sounds":[{"name":"custom/m_insert","stream":true}],"category":"master"},
"m_tnt_open":{
"sounds":[{"name":"custom/m_tnt_open","stream":true}],"category":"master"},
"m_tnt_close":{
"sounds":[{"name":"custom/m_tnt_close","stream":true}],"category":"master"},
"blue_shell_explode":{
"sounds":[{"name":"custom/blue_shell_explode","stream":true}],"category":"master"},
"blue_shell_prepare":{
"sounds":[{"name":"custom/blue_shell_prepare","stream":true}],"category":"master"},
"blue_shell_launch":{
"sounds":[{"name":"custom/blue_shell_launch","stream":true}],"category":"master"},
"red_light":{
"sounds":[{"name":"custom/red_light","stream":true}],"category":"master"},
"green_light":{
"sounds":[{"name":"custom/green_light","stream":true}],"category":"master"},
"orange_light":{
"sounds":[{"name":"custom/orange_light","stream":true}],"category":"master"},
"sharkzooka_splash":{
"sounds":[{"name":"custom/sharkzooka_splash","stream":true}],"category":"master"},
"sharkzooka_launch":{
"sounds":[{"name":"custom/sharkzooka_launch","stream":true}],"category":"master"},
"sharkzooka_bass":{
"sounds":[{"name":"custom/sharkzooka_bass","stream":true}],"category":"master"},
"sharkzooka_reload":{
"sounds":[{"name":"custom/sharkzooka_reload","stream":true}],"category":"master"},
"drill_open":{
"sounds":[{"name":"custom/drill_open","stream":true}],"category":"master"},
"drill_close":{
"sounds":[{"name":"custom/drill_close","stream":true}],"category":"master"},
"drill_loop":{
"sounds":[{"name":"custom/drill_loop","stream":true}],"category":"master"},
"claw_grab":{
"sounds":[{"name":"custom/claw_grab","stream":true}],"category":"master"},
"claw_claw":{
"sounds":[{"name":"custom/claw_claw","stream":true}],"category":"master"},
"rover_engine":{
"sounds":[{"name":"custom/rover_engine","stream":true}],"category":"master"},
"demon_smash":{
"sounds":[{"name":"custom/demon_smash","stream":true}],"category":"master"},
"demon_punch1":{
"sounds":[{"name":"custom/demon_punch1","stream":true}],"category":"master"},
"demon_punch2":{
"sounds":[{"name":"custom/demon_punch2","stream":true}],"category":"master"},
"demon_die":{
"sounds":[{"name":"custom/demon_die","stream":true}],"category":"master"},
"demon_slam":{
"sounds":[{"name":"custom/demon_slam","stream":true}],"category":"master"},
"demon_fall":{
"sounds":[{"name":"custom/demon_fall","stream":true}],"category":"master"},
"demon_death":{
"sounds":[{"name":"custom/demon_death","stream":true}],"category":"master"},
"swore1":{
"sounds":[{"name":"custom/swore1","stream":true}],"category":"master"},
"swore2":{
"sounds":[{"name":"custom/swore2","stream":true}],"category":"master"},
"swore3":{
"sounds":[{"name":"custom/swore3","stream":true}],"category":"master"},
"beyblade_hit1":{
"sounds":[{"name":"custom/beyblade_hit1","stream":true}],"category":"master"},
"beyblade_hit2":{
"sounds":[{"name":"custom/beyblade_hit2","stream":true}],"category":"master"},
"beyblade_hit3":{
"sounds":[{"name":"custom/beyblade_hit3","stream":true}],"category":"master"},
"beyblade_hit4":{
"sounds":[{"name":"custom/beyblade_hit4","stream":true}],"category":"master"},
"beyblade_hit5":{
"sounds":[{"name":"custom/beyblade_hit5","stream":true}],"category":"master"},
"beyblade_throw":{
"sounds":[{"name":"custom/beyblade_throw","stream":true}],"category":"master"}
}