{"elements":[{"from":[7,4.5,3],"to":[7.5,5.5,10.5],"rotation":{"angle":0,"axis":"y","origin":[8,8,8]},"faces":{"north":{"uv":[2.8125,2.125,2.875,2.25],"texture":"#5"},"east":{"uv":[0,3.5,0.9375,3.625],"texture":"#5"},"south":{"uv":[2.875,2.125,2.9375,2.25],"texture":"#5"},"west":{"uv":[7.3125,3.375,8.25,3.5],"texture":"#5"},"up":{"uv":[3.9375,4.875,3.875,3.9375],"texture":"#5"},"down":{"uv":[4.6875,5,4.625,5.9375],"texture":"#5"}}},{"from":[7,4.5,-4],"to":[7.5,5.5,3],"rotation":{"angle":0,"axis":"y","origin":[8,8,8]},"faces":{"north":{"uv":[4.375,2.875,4.4375,3],"texture":"#5"},"east":{"uv":[7.9375,0.625,8.8125,0.75],"texture":"#5"},"south":{"uv":[4.4375,3.375,4.5,3.5],"texture":"#5"},"west":{"uv":[7.9375,5.3125,8.8125,5.4375],"texture":"#5"},"up":{"uv":[5.6875,2.875,5.625,2],"texture":"#5"},"down":{"uv":[5.75,2,5.6875,2.875],"texture":"#5"}}},{"from":[7,5.5,3],"to":[7.5,6.5,5.5],"rotation":{"angle":0,"axis":"y","origin":[8,8,8]},"faces":{"north":{"uv":[4.5,3.375,4.5625,3.5],"texture":"#5"},"east":{"uv":[5.3125,1.75,5.625,1.875],"texture":"#5"},"south":{"uv":[4.5625,3.375,4.625,3.5],"texture":"#5"},"west":{"uv":[6.875,8,7.1875,8.125],"texture":"#5"},"up":{"uv":[2.3125,3.9375,2.25,3.625],"texture":"#5"},"down":{"uv":[2.375,3.625,2.3125,3.9375],"texture":"#5"}}},{"from":[7,5.5,-4],"to":[7.5,6.5,3],"rotation":{"angle":0,"axis":"y","origin":[8,8,8]},"faces":{"north":{"uv":[4.625,3.375,4.6875,3.5],"texture":"#5"},"east":{"uv":[8,1.75,8.875,1.875],"texture":"#5"},"south":{"uv":[3.75,4.875,3.8125,5],"texture":"#5"},"west":{"uv":[8,1.875,8.875,2],"texture":"#5"},"up":{"uv":[5.8125,2.875,5.75,2],"texture":"#5"},"down":{"uv":[2.5,8.8125,2.4375,9.6875],"texture":"#5"}}}],"textures":{"3":"minecraft:custom/door_circles_sides","5":"minecraft:custom/door_main_no_circle","6":"minecraft:custom/door_circles_middle"},"display":{"head":{"translation":[0,-6.4,0],"scale":[3.2,3.2,3.2],"rotation":[0,180,0]}},"texture_size":[64,64]}