{"elements":[{"from":[6,12.5,5.5],"to":[6.5,13.5,13],"rotation":{"angle":0,"axis":"y","origin":[7,15,8]},"faces":{"north":{"uv":[3.8125,4.875,3.875,5],"texture":"#5"},"east":{"uv":[7.5625,5.9375,8.5,6.0625],"texture":"#5"},"south":{"uv":[3.875,4.875,3.9375,5],"texture":"#5"},"west":{"uv":[7.5625,6.0625,8.5,6.1875],"texture":"#5"},"up":{"uv":[3.75,6.375,3.6875,5.4375],"texture":"#5"},"down":{"uv":[2.0625,8.6875,2,9.625],"texture":"#5"}}},{"from":[6,12.5,13],"to":[6.5,13.5,20],"rotation":{"angle":0,"axis":"y","origin":[7,15,8]},"faces":{"north":{"uv":[6,1.875,6.0625,2],"texture":"#5"},"east":{"uv":[8,2,8.875,2.125],"texture":"#5"},"south":{"uv":[6.0625,1.875,6.125,2],"texture":"#5"},"west":{"uv":[8,2.125,8.875,2.25],"texture":"#5"},"up":{"uv":[2.5625,9.6875,2.5,8.8125],"texture":"#5"},"down":{"uv":[2.625,8.8125,2.5625,9.6875],"texture":"#5"}}},{"from":[6,11.5,10.5],"to":[6.5,12.5,13],"rotation":{"angle":0,"axis":"y","origin":[7,15,8]},"faces":{"north":{"uv":[6.125,1.875,6.1875,2],"texture":"#5"},"east":{"uv":[8.875,2.125,9.1875,2.25],"texture":"#5"},"south":{"uv":[6.75,1.75,6.8125,1.875],"texture":"#5"},"west":{"uv":[8.875,3.125,9.1875,3.25],"texture":"#5"},"up":{"uv":[2.4375,3.9375,2.375,3.625],"texture":"#5"},"down":{"uv":[1.9375,6.125,1.875,6.4375],"texture":"#5"}}},{"from":[6,11.5,13],"to":[6.5,12.5,20],"rotation":{"angle":0,"axis":"y","origin":[7,15,8]},"faces":{"north":{"uv":[6.8125,1.75,6.875,1.875],"texture":"#5"},"east":{"uv":[3.25,8,4.125,8.125],"texture":"#5"},"south":{"uv":[6.875,1.75,6.9375,1.875],"texture":"#5"},"west":{"uv":[4.125,8,5,8.125],"texture":"#5"},"up":{"uv":[2.6875,9.6875,2.625,8.8125],"texture":"#5"},"down":{"uv":[2.75,8.8125,2.6875,9.6875],"texture":"#5"}}}],"textures":{"3":"minecraft:custom/door_circles_sides","5":"minecraft:custom/door_main_no_circle","6":"minecraft:custom/door_circles_middle"},"display":{"head":{"translation":[0,-6.4,0],"scale":[3.2,3.2,3.2],"rotation":[0,180,0]}},"texture_size":[64,64]}