{"elements":[{"from":[6,5.5,5.5],"to":[6.5,6.5,13],"rotation":{"angle":0,"axis":"y","origin":[7,2,8]},"faces":{"north":{"uv":[7,0.75,7.0625,0.875],"texture":"#5"},"east":{"uv":[7.6875,2.25,8.625,2.375],"texture":"#5"},"south":{"uv":[7.0625,0.75,7.125,0.875],"texture":"#5"},"west":{"uv":[3.25,7.875,4.1875,8],"texture":"#5"},"up":{"uv":[2.125,9.625,2.0625,8.6875],"texture":"#5"},"down":{"uv":[7.3125,8.6875,7.25,9.625],"texture":"#5"}}},{"from":[6,5.5,13],"to":[6.5,6.5,20],"rotation":{"angle":0,"axis":"y","origin":[7,2,8]},"faces":{"north":{"uv":[6.125,7.3125,6.1875,7.4375],"texture":"#5"},"east":{"uv":[6,8,6.875,8.125],"texture":"#5"},"south":{"uv":[7.875,7.5625,7.9375,7.6875],"texture":"#5"},"west":{"uv":[8.0625,0.75,8.9375,0.875],"texture":"#5"},"up":{"uv":[2.8125,9.6875,2.75,8.8125],"texture":"#5"},"down":{"uv":[2.875,8.8125,2.8125,9.6875],"texture":"#5"}}},{"from":[6,6.5,10.5],"to":[6.5,7.5,13],"rotation":{"angle":0,"axis":"y","origin":[7,2,8]},"faces":{"north":{"uv":[1.5,8.0625,1.5625,8.1875],"texture":"#5"},"east":{"uv":[8.875,3.25,9.1875,3.375],"texture":"#5"},"south":{"uv":[1.5625,8.0625,1.625,8.1875],"texture":"#5"},"west":{"uv":[6.5,8.875,6.8125,9],"texture":"#5"},"up":{"uv":[2,6.4375,1.9375,6.125],"texture":"#5"},"down":{"uv":[1.8125,7.0625,1.75,7.375],"texture":"#5"}}},{"from":[6,6.5,13],"to":[6.5,7.5,20],"rotation":{"angle":0,"axis":"y","origin":[7,2,8]},"faces":{"north":{"uv":[1.625,8.0625,1.6875,8.1875],"texture":"#5"},"east":{"uv":[8.0625,0.875,8.9375,1],"texture":"#5"},"south":{"uv":[1.6875,8.0625,1.75,8.1875],"texture":"#5"},"west":{"uv":[8.0625,1,8.9375,1.125],"texture":"#5"},"up":{"uv":[2.9375,9.6875,2.875,8.8125],"texture":"#5"},"down":{"uv":[3,8.8125,2.9375,9.6875],"texture":"#5"}}}],"textures":{"3":"minecraft:custom/door_circles_sides","5":"minecraft:custom/door_main_no_circle","6":"minecraft:custom/door_circles_middle"},"display":{"head":{"translation":[0,-6.4,0],"scale":[3.2,3.2,3.2],"rotation":[0,180,0]}},"texture_size":[64,64]}