{"elements":[{"from":[7,-1.5,-4],"to":[7.5,-0.5,3],"rotation":{"angle":0,"axis":"y","origin":[8,-5,8]},"faces":{"north":{"uv":[8.125,7.0625,8.1875,7.1875],"texture":"#5"},"east":{"uv":[8.0625,1.125,8.9375,1.25],"texture":"#5"},"south":{"uv":[2.25,8.1875,2.3125,8.3125],"texture":"#5"},"west":{"uv":[8.0625,1.25,8.9375,1.375],"texture":"#5"},"up":{"uv":[8,9.6875,7.9375,8.8125],"texture":"#5"},"down":{"uv":[8.0625,8.8125,8,9.6875],"texture":"#5"}}},{"from":[7,-0.5,3],"to":[7.5,0.5,10.5],"rotation":{"angle":0,"axis":"y","origin":[8,-5,8]},"faces":{"north":{"uv":[2.3125,8.1875,2.375,8.3125],"texture":"#5"},"east":{"uv":[4.1875,7.875,5.125,8],"texture":"#5"},"south":{"uv":[2.375,8.1875,2.4375,8.3125],"texture":"#5"},"west":{"uv":[7.875,5.4375,8.8125,5.5625],"texture":"#5"},"up":{"uv":[7.375,9.625,7.3125,8.6875],"texture":"#5"},"down":{"uv":[2.1875,8.8125,2.125,9.75],"texture":"#5"}}},{"from":[7,-0.5,-4],"to":[7.5,0.5,3],"rotation":{"angle":0,"axis":"y","origin":[8,-5,8]},"faces":{"north":{"uv":[2.4375,8.1875,2.5,8.3125],"texture":"#5"},"east":{"uv":[8.0625,1.375,8.9375,1.5],"texture":"#5"},"south":{"uv":[8.1875,7.0625,8.25,7.1875],"texture":"#5"},"west":{"uv":[8.0625,1.5,8.9375,1.625],"texture":"#5"},"up":{"uv":[1.3125,9.75,1.25,8.875],"texture":"#5"},"down":{"uv":[1.375,8.875,1.3125,9.75],"texture":"#5"}}},{"from":[7,-1.5,3],"to":[7.5,-0.5,5.5],"rotation":{"angle":0,"axis":"y","origin":[8,-5,8]},"faces":{"north":{"uv":[7.375,8.1875,7.4375,8.3125],"texture":"#5"},"east":{"uv":[6.8125,8.875,7.125,9],"texture":"#5"},"south":{"uv":[7.4375,8.1875,7.5,8.3125],"texture":"#5"},"west":{"uv":[7.375,8.875,7.6875,9],"texture":"#5"},"up":{"uv":[1.875,7.375,1.8125,7.0625],"texture":"#5"},"down":{"uv":[1.1875,9,1.125,9.3125],"texture":"#5"}}}],"textures":{"3":"minecraft:custom/door_circles_sides","5":"minecraft:custom/door_main_no_circle","6":"minecraft:custom/door_circles_middle"},"display":{"head":{"translation":[0,-6.4,0],"scale":[3.2,3.2,3.2],"rotation":[0,180,0]}},"texture_size":[64,64]}