{"elements":[{"from":[7,1.5,3],"to":[7.5,5.5,5.5],"rotation":{"angle":0,"axis":"y","origin":[8,8,8]},"faces":{"north":{"uv":[6.125,6.8125,6.1875,7.3125],"texture":"#5"},"east":{"uv":[5.3125,1,5.625,1.5],"texture":"#5"},"south":{"uv":[7.125,8.875,7.1875,9.375],"texture":"#5"},"west":{"uv":[7.5625,5.4375,7.875,5.9375],"texture":"#5"},"up":{"uv":[3.125,9.3125,3.0625,9],"texture":"#5"},"down":{"uv":[3.1875,9,3.125,9.3125],"texture":"#5"}}}],"textures":{"3":"minecraft:custom/door_circles_sides","5":"minecraft:custom/door_main_no_circle","6":"minecraft:custom/door_circles_middle"},"display":{"head":{"translation":[0,-6.4,0],"scale":[3.2,3.2,3.2],"rotation":[0,180,0]}},"texture_size":[64,64]}