{"elements":[{"from":[7,1.5,3],"to":[7.5,5.5,5.5],"rotation":{"angle":0,"axis":"y","origin":[8,8,0.5]},"faces":{"north":{"uv":[7.1875,8.875,7.25,9.375],"texture":"#5"},"east":{"uv":[7.5625,7.25,7.875,7.75],"texture":"#5"},"south":{"uv":[7.6875,8.875,7.75,9.375],"texture":"#5"},"west":{"uv":[7.6875,1.75,8,2.25],"texture":"#5"},"up":{"uv":[3.25,9.3125,3.1875,9],"texture":"#5"},"down":{"uv":[3.3125,9,3.25,9.3125],"texture":"#5"}}}],"textures":{"3":"minecraft:custom/door_circles_sides","5":"minecraft:custom/door_main_no_circle","6":"minecraft:custom/door_circles_middle"},"display":{"head":{"translation":[0,-6.4,0],"scale":[3.2,3.2,3.2],"rotation":[0,180,0]}},"texture_size":[64,64]}