{"elements":[{"from":[6,5.5,13],"to":[6.5,6.5,20],"rotation":{"angle":0,"axis":"y","origin":[7,-5,8]},"faces":{"north":{"uv":[7.5,8.1875,7.5625,8.3125],"texture":"#5"},"east":{"uv":[8.0625,1.625,8.9375,1.75],"texture":"#5"},"south":{"uv":[8.25,3.375,8.3125,3.5],"texture":"#5"},"west":{"uv":[8.0625,7.875,8.9375,8],"texture":"#5"},"up":{"uv":[1.4375,9.75,1.375,8.875],"texture":"#5"},"down":{"uv":[1.5,8.875,1.4375,9.75],"texture":"#5"}}},{"from":[6,6.5,13],"to":[6.5,7.5,20],"rotation":{"angle":0,"axis":"y","origin":[7,-5,8]},"faces":{"north":{"uv":[6.75,8.25,6.8125,8.375],"texture":"#5"},"east":{"uv":[8.0625,8,8.9375,8.125],"texture":"#5"},"south":{"uv":[6.8125,8.25,6.875,8.375],"texture":"#5"},"west":{"uv":[3.25,8.125,4.125,8.25],"texture":"#5"},"up":{"uv":[1.5625,9.75,1.5,8.875],"texture":"#5"},"down":{"uv":[1.625,8.875,1.5625,9.75],"texture":"#5"}}},{"from":[6,5.5,10.5],"to":[6.5,6.5,13],"rotation":{"angle":0,"axis":"y","origin":[7,-5,8]},"faces":{"north":{"uv":[6.875,8.25,6.9375,8.375],"texture":"#5"},"east":{"uv":[8.0625,8.875,8.375,9],"texture":"#5"},"south":{"uv":[6.9375,8.25,7,8.375],"texture":"#5"},"west":{"uv":[8.375,8.875,8.6875,9],"texture":"#5"},"up":{"uv":[1.25,9.3125,1.1875,9],"texture":"#5"},"down":{"uv":[9.0625,2.375,9,2.6875],"texture":"#5"}}},{"from":[6,6.5,5.5],"to":[6.5,7.5,13],"rotation":{"angle":0,"axis":"y","origin":[7,-5,8]},"faces":{"north":{"uv":[3,8.3125,3.0625,8.4375],"texture":"#5"},"east":{"uv":[7.875,5.5625,8.8125,5.6875],"texture":"#5"},"south":{"uv":[3.0625,8.3125,3.125,8.4375],"texture":"#5"},"west":{"uv":[7.875,5.6875,8.8125,5.8125],"texture":"#5"},"up":{"uv":[2.25,9.75,2.1875,8.8125],"texture":"#5"},"down":{"uv":[2.3125,8.8125,2.25,9.75],"texture":"#5"}}}],"textures":{"3":"minecraft:custom/door_circles_sides","5":"minecraft:custom/door_main_no_circle","6":"minecraft:custom/door_circles_middle"},"display":{"head":{"translation":[0,-6.4,0],"scale":[3.2,3.2,3.2],"rotation":[0,180,0]}},"texture_size":[64,64]}