{"elements":[{"from":[7,-0.5,3],"to":[7.5,0.5,5.5],"rotation":{"angle":0,"axis":"y","origin":[8,-12,8]},"faces":{"north":{"uv":[3.125,8.3125,3.1875,8.4375],"texture":"#5"},"east":{"uv":[8.6875,8.875,9,9],"texture":"#5"},"south":{"uv":[3.1875,8.3125,3.25,8.4375],"texture":"#5"},"west":{"uv":[8.9375,0.75,9.25,0.875],"texture":"#5"},"up":{"uv":[9.0625,3,9,2.6875],"texture":"#5"},"down":{"uv":[3.0625,9,3,9.3125],"texture":"#5"}}},{"from":[7,-1.5,-4],"to":[7.5,-0.5,3],"rotation":{"angle":0,"axis":"y","origin":[8,-12,8]},"faces":{"north":{"uv":[8.3125,3.375,8.375,3.5],"texture":"#5"},"east":{"uv":[4.125,8.125,5,8.25],"texture":"#5"},"south":{"uv":[8.375,3.375,8.4375,3.5],"texture":"#5"},"west":{"uv":[5.25,8.125,6.125,8.25],"texture":"#5"},"up":{"uv":[1.6875,9.75,1.625,8.875],"texture":"#5"},"down":{"uv":[1.75,8.875,1.6875,9.75],"texture":"#5"}}},{"from":[7,-0.5,-4],"to":[7.5,0.5,3],"rotation":{"angle":0,"axis":"y","origin":[8,-12,8]},"faces":{"north":{"uv":[2.125,8.4375,2.1875,8.5625],"texture":"#5"},"east":{"uv":[6.125,8.125,7,8.25],"texture":"#5"},"south":{"uv":[2.1875,8.4375,2.25,8.5625],"texture":"#5"},"west":{"uv":[8.125,6.1875,9,6.3125],"texture":"#5"},"up":{"uv":[1.8125,9.75,1.75,8.875],"texture":"#5"},"down":{"uv":[1.875,8.875,1.8125,9.75],"texture":"#5"}}},{"from":[7,-1.5,3],"to":[7.5,-0.5,10.5],"rotation":{"angle":0,"axis":"y","origin":[8,-12,8]},"faces":{"north":{"uv":[8.4375,4.875,8.5,5],"texture":"#5"},"east":{"uv":[7.875,5.8125,8.8125,5.9375],"texture":"#5"},"south":{"uv":[1.25,8.5,1.3125,8.625],"texture":"#5"},"west":{"uv":[6,7.875,6.9375,8],"texture":"#5"},"up":{"uv":[2.375,9.75,2.3125,8.8125],"texture":"#5"},"down":{"uv":[2.4375,8.8125,2.375,9.75],"texture":"#5"}}}],"textures":{"3":"minecraft:custom/door_circles_sides","5":"minecraft:custom/door_main_no_circle","6":"minecraft:custom/door_circles_middle"},"display":{"head":{"translation":[0,-6.4,0],"scale":[3.2,3.2,3.2],"rotation":[0,180,0]}},"texture_size":[64,64]}