{"elements":[{"from":[7,7,7],"to":[7.5,9,9],"rotation":{"angle":0,"axis":"y","origin":[8,14,21]},"faces":{"north":{"uv":[7.8125,8.375,7.875,8.625],"texture":"#5"},"east":{"uv":[8.6875,7.5625,8.9375,7.8125],"texture":"#5"},"south":{"uv":[7.875,8.375,7.9375,8.625],"texture":"#5"},"west":{"uv":[8.6875,8.375,8.9375,8.625],"texture":"#5"},"up":{"uv":[9.0625,4.3125,9,4.0625],"texture":"#5"},"down":{"uv":[4.3125,9,4.25,9.25],"texture":"#5"}}}],"textures":{"3":"minecraft:custom/door_circles_sides","5":"minecraft:custom/door_main_no_circle","6":"minecraft:custom/door_circles_middle"},"display":{"head":{"translation":[0,-6.4,0],"scale":[3.2,3.2,3.2],"rotation":[0,180,0]}},"texture_size":[64,64]}