{"elements":[{"from":[7,7,7],"to":[7.5,9,9],"rotation":{"angle":0,"axis":"y","origin":[8,21,21]},"faces":{"north":{"uv":[6.0625,7.1875,6.125,7.4375],"texture":"#5"},"east":{"uv":[2.75,8.5625,3,8.8125],"texture":"#5"},"south":{"uv":[5,8,5.0625,8.25],"texture":"#5"},"west":{"uv":[7.6875,8.625,7.9375,8.875],"texture":"#5"},"up":{"uv":[5.125,8.25,5.0625,8],"texture":"#5"},"down":{"uv":[7.8125,8.375,7.75,8.625],"texture":"#5"}}}],"textures":{"3":"minecraft:custom/door_circles_sides","5":"minecraft:custom/door_main_no_circle","6":"minecraft:custom/door_circles_middle"},"display":{"head":{"translation":[0,-6.4,0],"scale":[3.2,3.2,3.2],"rotation":[0,180,0]}},"texture_size":[64,64]}