{"elements":[{"from":[8,7,7],"to":[8.5,9,9],"rotation":{"angle":0,"axis":"y","origin":[9,21,4]},"faces":{"north":{"uv":[4.6875,9,4.75,9.25],"texture":"#5"},"east":{"uv":[8.75,3.875,9,4.125],"texture":"#5"},"south":{"uv":[4.75,9,4.8125,9.25],"texture":"#5"},"west":{"uv":[4,8.75,4.25,9],"texture":"#5"},"up":{"uv":[4.875,9.25,4.8125,9],"texture":"#5"},"down":{"uv":[4.9375,9,4.875,9.25],"texture":"#5"}}}],"textures":{"3":"minecraft:custom/door_circles_sides","5":"minecraft:custom/door_main_no_circle","6":"minecraft:custom/door_circles_middle"},"display":{"head":{"translation":[0,-6.4,0],"scale":[3.2,3.2,3.2],"rotation":[0,180,0]}},"texture_size":[64,64]}