{"elements":[{"from":[7,7,7],"to":[7.5,9,9],"rotation":{"angle":0,"axis":"y","origin":[8,17.5,16.5]},"faces":{"north":{"uv":[3.75,1,3.8125,1.25],"texture":"#5"},"east":{"uv":[2,5.125,2.25,5.375],"texture":"#5"},"south":{"uv":[3.8125,1.875,3.875,2.125],"texture":"#5"},"west":{"uv":[4.875,8.5,5.125,8.75],"texture":"#5"},"up":{"uv":[3.9375,2.125,3.875,1.875],"texture":"#5"},"down":{"uv":[6.0625,7.1875,6,7.4375],"texture":"#5"}}}],"textures":{"3":"minecraft:custom/door_circles_sides","5":"minecraft:custom/door_main_no_circle","6":"minecraft:custom/door_circles_middle"},"display":{"head":{"translation":[0,-6.4,0],"scale":[3.2,3.2,3.2],"rotation":[0,180,0]}},"texture_size":[64,64]}