{"elements":[{"from":[8,7,7],"to":[8.5,9,9],"rotation":{"angle":0,"axis":"y","origin":[9,17.5,8.5]},"faces":{"north":{"uv":[4.5,9,4.5625,9.25],"texture":"#5"},"east":{"uv":[8.75,3.625,9,3.875],"texture":"#5"},"south":{"uv":[4.5625,9,4.625,9.25],"texture":"#5"},"west":{"uv":[3.75,8.75,4,9],"texture":"#5"},"up":{"uv":[9.0625,4.8125,9,4.5625],"texture":"#5"},"down":{"uv":[4.6875,9,4.625,9.25],"texture":"#5"}}}],"textures":{"3":"minecraft:custom/door_circles_sides","5":"minecraft:custom/door_main_no_circle","6":"minecraft:custom/door_circles_middle"},"display":{"head":{"translation":[0,-6.4,0],"scale":[3.2,3.2,3.2],"rotation":[0,180,0]}},"texture_size":[64,64]}