{"elements":[{"from":[8,7,7],"to":[8.5,9,9],"rotation":{"angle":0,"axis":"y","origin":[9,7,4]},"faces":{"north":{"uv":[5.1875,9,5.25,9.25],"texture":"#5"},"east":{"uv":[8.75,4.375,9,4.625],"texture":"#5"},"south":{"uv":[5.25,9,5.3125,9.25],"texture":"#5"},"west":{"uv":[4.5,8.75,4.75,9],"texture":"#5"},"up":{"uv":[5.375,9.25,5.3125,9],"texture":"#5"},"down":{"uv":[5.4375,9,5.375,9.25],"texture":"#5"}}}],"textures":{"3":"minecraft:custom/door_circles_sides","5":"minecraft:custom/door_main_no_circle","6":"minecraft:custom/door_circles_middle"},"display":{"head":{"translation":[0,-6.4,0],"scale":[3.2,3.2,3.2],"rotation":[0,180,0]}},"texture_size":[64,64]}