{"elements":[{"from":[7,10,5.5],"to":[7.5,10.5,8],"rotation":{"angle":0,"axis":"y","origin":[8.5,12,14]},"faces":{"north":{"uv":[1.75,9.5,2,9.75],"texture":"#6"},"east":{"uv":[8,1.25,9.25,1.5],"texture":"#6"},"south":{"uv":[9.5,1.75,9.75,2],"texture":"#6"},"west":{"uv":[8,1.5,9.25,1.75],"texture":"#6"},"up":{"uv":[8.25,3,8,1.75],"texture":"#6"},"down":{"uv":[8.25,3,8,4.25],"texture":"#6"}}},{"from":[7,10,8],"to":[7.5,10.5,10.5],"rotation":{"angle":0,"axis":"y","origin":[8.5,12,14]},"faces":{"north":{"uv":[2,9.5,2.25,9.75],"texture":"#6"},"east":{"uv":[8,4.25,9.25,4.5],"texture":"#6"},"south":{"uv":[9.5,2,9.75,2.25],"texture":"#6"},"west":{"uv":[8,4.5,9.25,4.75],"texture":"#6"},"up":{"uv":[8.25,6,8,4.75],"texture":"#6"},"down":{"uv":[8.25,6,8,7.25],"texture":"#6"}}},{"from":[7,5.5,5.5],"to":[7.5,6,8],"rotation":{"angle":0,"axis":"y","origin":[8.5,12,14]},"faces":{"north":{"uv":[2.25,9.5,2.5,9.75],"texture":"#6"},"east":{"uv":[8,7.25,9.25,7.5],"texture":"#6"},"south":{"uv":[9.5,2.25,9.75,2.5],"texture":"#6"},"west":{"uv":[8,7.5,9.25,7.75],"texture":"#6"},"up":{"uv":[8.25,9,8,7.75],"texture":"#6"},"down":{"uv":[8.5,0,8.25,1.25],"texture":"#6"}}},{"from":[7,5.5,8],"to":[7.5,6,10.5],"rotation":{"angle":0,"axis":"y","origin":[8.5,12,14]},"faces":{"north":{"uv":[2.5,9.5,2.75,9.75],"texture":"#6"},"east":{"uv":[8.25,1.75,9.5,2],"texture":"#6"},"south":{"uv":[9.5,2.5,9.75,2.75],"texture":"#6"},"west":{"uv":[8.25,2,9.5,2.25],"texture":"#6"},"up":{"uv":[8.5,3.5,8.25,2.25],"texture":"#6"},"down":{"uv":[8.5,4.75,8.25,6],"texture":"#6"}}},{"from":[7,6,6],"to":[7.5,10,8],"rotation":{"angle":0,"axis":"y","origin":[8.5,12,14]},"faces":{"north":{"uv":[0.75,7.5,1,9.5],"texture":"#6"},"east":{"uv":[1.25,2.5,2.25,4.5],"texture":"#6"},"south":{"uv":[1,7.5,1.25,9.5],"texture":"#6"},"west":{"uv":[2.25,2.5,3.25,4.5],"texture":"#6"},"up":{"uv":[8.5,7,8.25,6],"texture":"#6"},"down":{"uv":[7.75,8.25,7.5,9.25],"texture":"#6"}}},{"from":[7,6,8],"to":[7.5,10,10],"rotation":{"angle":0,"axis":"y","origin":[8.5,12,14]},"faces":{"north":{"uv":[7.5,1.5,7.75,3.5],"texture":"#6"},"east":{"uv":[3.25,2.5,4.25,4.5],"texture":"#6"},"south":{"uv":[7.5,3.5,7.75,5.5],"texture":"#6"},"west":{"uv":[3.75,0,4.75,2],"texture":"#6"},"up":{"uv":[8.5,8.75,8.25,7.75],"texture":"#6"},"down":{"uv":[8.75,0,8.5,1],"texture":"#6"}}}],"textures":{"3":"minecraft:custom/door_circles_sides","5":"minecraft:custom/door_main_no_circle","6":"minecraft:custom/door_circles_middle"},"display":{"head":{"translation":[0,-6.4,0],"scale":[3.2,3.2,3.2],"rotation":[0,180,0]}},"texture_size":[64,64]}