{"elements":[{"from":[9,8,16],"to":[11,16,20],"rotation":{"angle":0,"axis":"y","origin":[9.5,-16,20]},"faces":{"north":{"uv":[6.9375,5,7.1875,6],"texture":"#5"},"east":{"uv":[3.9375,1.875,4.4375,2.875],"texture":"#5"},"south":{"uv":[6.9375,6,7.1875,7],"texture":"#5"},"west":{"uv":[4.5,0,5,1],"texture":"#5"},"up":{"uv":[5.4375,3.375,5.1875,2.875],"texture":"#5"},"down":{"uv":[2.75,7.8125,2.5,8.3125],"texture":"#5"}}},{"from":[8,8.5,8],"to":[11,15.5,16],"rotation":{"angle":0,"axis":"y","origin":[9.5,-16,20]},"faces":{"north":{"uv":[6.625,0,7,0.875],"texture":"#5"},"east":{"uv":[0.9375,2.25,1.9375,3.125],"texture":"#5"},"south":{"uv":[6.75,0.875,7.125,1.75],"texture":"#5"},"west":{"uv":[1.9375,2.25,2.9375,3.125],"texture":"#5"},"up":{"uv":[5.8125,3.875,5.4375,2.875],"texture":"#5"},"down":{"uv":[3.6875,5.4375,3.3125,6.4375],"texture":"#5"}}},{"from":[8,15.5,8],"to":[11,16,15.5],"rotation":{"angle":0,"axis":"y","origin":[9.5,-16,20]},"faces":{"north":{"uv":[8.9375,7.875,9.3125,7.9375],"texture":"#5"},"east":{"uv":[8.625,2.25,9.5625,2.3125],"texture":"#5"},"south":{"uv":[8.9375,7.9375,9.3125,8],"texture":"#5"},"west":{"uv":[8.625,2.3125,9.5625,2.375],"texture":"#5"},"up":{"uv":[6.5625,3.75,6.1875,2.8125],"texture":"#5"},"down":{"uv":[6.5625,3.75,6.1875,4.6875],"texture":"#5"}}},{"from":[8.5,15.5,15.5],"to":[11,16,16],"rotation":{"angle":0,"axis":"y","origin":[9.5,-16,20]},"faces":{"north":{"uv":[9,2,9.3125,2.0625],"texture":"#5"},"east":{"uv":[0.625,9.0625,0.6875,9.125],"texture":"#5"},"south":{"uv":[9,2.0625,9.3125,2.125],"texture":"#5"},"west":{"uv":[0.6875,9.0625,0.75,9.125],"texture":"#5"},"up":{"uv":[9.3125,3.0625,9,3],"texture":"#5"},"down":{"uv":[9.3125,3.0625,9,3.125],"texture":"#5"}}},{"from":[8,8,8],"to":[11,8.5,15.5],"rotation":{"angle":0,"axis":"y","origin":[9.5,-16,20]},"faces":{"north":{"uv":[8.9375,8,9.3125,8.0625],"texture":"#5"},"east":{"uv":[8.75,8.125,9.6875,8.1875],"texture":"#5"},"south":{"uv":[8.9375,8.0625,9.3125,8.125],"texture":"#5"},"west":{"uv":[8.75,8.1875,9.6875,8.25],"texture":"#5"},"up":{"uv":[6.5625,5.625,6.1875,4.6875],"texture":"#5"},"down":{"uv":[6.5625,5.625,6.1875,6.5625],"texture":"#5"}}},{"from":[8.5,8,15.5],"to":[11,8.5,16],"rotation":{"angle":0,"axis":"y","origin":[9.5,-16,20]},"faces":{"north":{"uv":[3.3125,9,3.625,9.0625],"texture":"#5"},"east":{"uv":[0.75,9.0625,0.8125,9.125],"texture":"#5"},"south":{"uv":[9,3.375,9.3125,3.4375],"texture":"#5"},"west":{"uv":[0.8125,9.0625,0.875,9.125],"texture":"#5"},"up":{"uv":[9.3125,3.5,9,3.4375],"texture":"#5"},"down":{"uv":[9.3125,3.5,9,3.5625],"texture":"#5"}}},{"from":[8,16,16.5],"to":[11,24,20],"rotation":{"angle":0,"axis":"y","origin":[9.5,-16,20]},"faces":{"north":{"uv":[5.4375,3.875,5.8125,4.875],"texture":"#5"},"east":{"uv":[5.1875,1.875,5.625,2.875],"texture":"#5"},"south":{"uv":[5.4375,4.875,5.8125,5.875],"texture":"#5"},"west":{"uv":[2,5.4375,2.4375,6.4375],"texture":"#5"},"up":{"uv":[4.375,7.875,4,7.4375],"texture":"#5"},"down":{"uv":[6.375,7.4375,6,7.875],"texture":"#5"}}},{"from":[8,16,8],"to":[11,24,15.5],"rotation":{"angle":0,"axis":"y","origin":[9.5,-16,20]},"faces":{"north":{"uv":[5.5,0,5.875,1],"texture":"#5"},"east":{"uv":[0,1.25,0.9375,2.25],"texture":"#5"},"south":{"uv":[0,5.5625,0.375,6.5625],"texture":"#5"},"west":{"uv":[0.9375,1.25,1.875,2.25],"texture":"#5"},"up":{"uv":[6.625,0.9375,6.25,0],"texture":"#5"},"down":{"uv":[6.75,0.9375,6.375,1.875],"texture":"#5"}}},{"from":[8,16.5,15.5],"to":[11,24,16.5],"rotation":{"angle":0,"axis":"y","origin":[9.5,-16,20]},"faces":{"north":{"uv":[4.5,6.375,4.875,7.3125],"texture":"#5"},"east":{"uv":[3.75,3.9375,3.875,4.875],"texture":"#5"},"south":{"uv":[4.875,6.375,5.25,7.3125],"texture":"#5"},"west":{"uv":[4.5,5,4.625,5.9375],"texture":"#5"},"up":{"uv":[8.6875,0.625,8.3125,0.5],"texture":"#5"},"down":{"uv":[9.1875,5.8125,8.8125,5.9375],"texture":"#5"}}},{"from":[8.5,16,15.5],"to":[11,16.5,16.5],"rotation":{"angle":0,"axis":"y","origin":[9.5,-16,20]},"faces":{"north":{"uv":[9,3.5625,9.3125,3.625],"texture":"#5"},"east":{"uv":[3,8.4375,3.125,8.5],"texture":"#5"},"south":{"uv":[3.625,9,3.9375,9.0625],"texture":"#5"},"west":{"uv":[3.125,8.4375,3.25,8.5],"texture":"#5"},"up":{"uv":[9.25,1.25,8.9375,1.125],"texture":"#5"},"down":{"uv":[9.25,1.25,8.9375,1.375],"texture":"#5"}}},{"from":[7.5,21,17.5],"to":[8,22,18],"rotation":{"angle":0,"axis":"y","origin":[9,-15,23]},"faces":{"north":{"uv":[5.9375,9,6,9.125],"texture":"#5"},"east":{"uv":[6,9,6.0625,9.125],"texture":"#5"},"south":{"uv":[6.0625,9,6.125,9.125],"texture":"#5"},"west":{"uv":[6.125,9,6.1875,9.125],"texture":"#5"},"up":{"uv":[0.9375,9.125,0.875,9.0625],"texture":"#5"},"down":{"uv":[1,9.0625,0.9375,9.125],"texture":"#5"}}},{"from":[7.5,21,14.5],"to":[8,22,15],"rotation":{"angle":0,"axis":"y","origin":[9,-15,20]},"faces":{"north":{"uv":[6.1875,9,6.25,9.125],"texture":"#5"},"east":{"uv":[9,6.1875,9.0625,6.3125],"texture":"#5"},"south":{"uv":[6.25,9,6.3125,9.125],"texture":"#5"},"west":{"uv":[6.3125,9,6.375,9.125],"texture":"#5"},"up":{"uv":[1.0625,9.125,1,9.0625],"texture":"#5"},"down":{"uv":[1.125,9.0625,1.0625,9.125],"texture":"#5"}}},{"from":[7,21,14.5],"to":[7.5,22,18],"rotation":{"angle":0,"axis":"y","origin":[8.5,-15,20]},"faces":{"north":{"uv":[6.375,9,6.4375,9.125],"texture":"#5"},"east":{"uv":[3.9375,2.875,4.375,3],"texture":"#5"},"south":{"uv":[6.4375,9,6.5,9.125],"texture":"#5"},"west":{"uv":[8.8125,5.4375,9.25,5.5625],"texture":"#5"},"up":{"uv":[4.6875,6.375,4.625,5.9375],"texture":"#5"},"down":{"uv":[5.4375,6.375,5.375,6.8125],"texture":"#5"}}}],"textures":{"3":"minecraft:custom/door_circles_sides","5":"minecraft:custom/door_main_no_circle","6":"minecraft:custom/door_circles_middle"},"display":{"head":{"translation":[0,-6.4,0],"scale":[3.2,3.2,3.2],"rotation":[0,180,0]}},"texture_size":[64,64]}