{"elements":[{"from":[7,11,18.5],"to":[7.5,14,19.5],"rotation":{"angle":0,"axis":"y","origin":[8.5,15,20]},"faces":{"north":{"uv":[7.8125,8.875,7.875,9.25],"texture":"#5"},"east":{"uv":[2.8125,3.125,2.9375,3.5],"texture":"#5"},"south":{"uv":[7.875,8.875,7.9375,9.25],"texture":"#5"},"west":{"uv":[4.5,5.9375,4.625,6.3125],"texture":"#5"},"up":{"uv":[1.375,8.625,1.3125,8.5],"texture":"#5"},"down":{"uv":[1.4375,8.5,1.375,8.625],"texture":"#5"}}},{"from":[7.5,13.5,18.5],"to":[8,14,19.5],"rotation":{"angle":0,"axis":"y","origin":[8.5,15,20]},"faces":{"north":{"uv":[7.125,8.125,7.1875,8.1875],"texture":"#5"},"east":{"uv":[2,5.375,2.125,5.4375],"texture":"#5"},"south":{"uv":[7.5,8.3125,7.5625,8.375],"texture":"#5"},"west":{"uv":[2.125,5.375,2.25,5.4375],"texture":"#5"},"up":{"uv":[1.5,8.625,1.4375,8.5],"texture":"#5"},"down":{"uv":[8.5625,4.875,8.5,5],"texture":"#5"}}},{"from":[7.5,11,18.5],"to":[8,11.5,19.5],"rotation":{"angle":0,"axis":"y","origin":[8.5,15,20]},"faces":{"north":{"uv":[9.0625,0.25,9.125,0.3125],"texture":"#5"},"east":{"uv":[5.875,0.9375,6,1],"texture":"#5"},"south":{"uv":[9.0625,0.3125,9.125,0.375],"texture":"#5"},"west":{"uv":[4.5,6.3125,4.625,6.375],"texture":"#5"},"up":{"uv":[6.5625,8.625,6.5,8.5],"texture":"#5"},"down":{"uv":[6.625,8.5,6.5625,8.625],"texture":"#5"}}},{"from":[7,18,18.5],"to":[7.5,21,19.5],"rotation":{"angle":0,"axis":"y","origin":[8.5,15,20]},"faces":{"north":{"uv":[8.9375,6.5,9,6.875],"texture":"#5"},"east":{"uv":[5.25,6.375,5.375,6.75],"texture":"#5"},"south":{"uv":[8.9375,6.875,9,7.25],"texture":"#5"},"west":{"uv":[6,6.8125,6.125,7.1875],"texture":"#5"},"up":{"uv":[6.6875,8.625,6.625,8.5],"texture":"#5"},"down":{"uv":[6.75,8.5,6.6875,8.625],"texture":"#5"}}},{"from":[7.5,18,18.5],"to":[8,18.5,19.5],"rotation":{"angle":0,"axis":"y","origin":[8.5,15,20]},"faces":{"north":{"uv":[0.375,9.0625,0.4375,9.125],"texture":"#5"},"east":{"uv":[6.625,0.875,6.75,0.9375],"texture":"#5"},"south":{"uv":[9.0625,0.375,9.125,0.4375],"texture":"#5"},"west":{"uv":[5.25,6.75,5.375,6.8125],"texture":"#5"},"up":{"uv":[8.625,5,8.5625,4.875],"texture":"#5"},"down":{"uv":[8.6875,4.875,8.625,5],"texture":"#5"}}},{"from":[7.5,20.5,18.5],"to":[8,21,19.5],"rotation":{"angle":0,"axis":"y","origin":[8.5,15,20]},"faces":{"north":{"uv":[0.4375,9.0625,0.5,9.125],"texture":"#5"},"east":{"uv":[3.625,7.375,3.75,7.4375],"texture":"#5"},"south":{"uv":[9.0625,0.4375,9.125,0.5],"texture":"#5"},"west":{"uv":[6.75,7.8125,6.875,7.875],"texture":"#5"},"up":{"uv":[5.5,9.125,5.4375,9],"texture":"#5"},"down":{"uv":[5.5625,9,5.5,9.125],"texture":"#5"}}},{"from":[7,25,18.5],"to":[7.5,28,19.5],"rotation":{"angle":0,"axis":"y","origin":[8.5,15,20]},"faces":{"north":{"uv":[8.9375,7.25,9,7.625],"texture":"#5"},"east":{"uv":[4.375,7.4375,4.5,7.8125],"texture":"#5"},"south":{"uv":[8.9375,8.375,9,8.75],"texture":"#5"},"west":{"uv":[6.75,7.4375,6.875,7.8125],"texture":"#5"},"up":{"uv":[5.625,9.125,5.5625,9],"texture":"#5"},"down":{"uv":[5.6875,9,5.625,9.125],"texture":"#5"}}},{"from":[7.5,25,18.5],"to":[8,25.5,19.5],"rotation":{"angle":0,"axis":"y","origin":[8.5,15,20]},"faces":{"north":{"uv":[0.5,9.0625,0.5625,9.125],"texture":"#5"},"east":{"uv":[8,6.1875,8.125,6.25],"texture":"#5"},"south":{"uv":[9.0625,0.5,9.125,0.5625],"texture":"#5"},"west":{"uv":[7,8.125,7.125,8.1875],"texture":"#5"},"up":{"uv":[5.75,9.125,5.6875,9],"texture":"#5"},"down":{"uv":[5.8125,9,5.75,9.125],"texture":"#5"}}},{"from":[7.5,27.5,18.5],"to":[8,28,19.5],"rotation":{"angle":0,"axis":"y","origin":[8.5,15,20]},"faces":{"north":{"uv":[0.5625,9.0625,0.625,9.125],"texture":"#5"},"east":{"uv":[8.125,7.1875,8.25,7.25],"texture":"#5"},"south":{"uv":[9.0625,0.5625,9.125,0.625],"texture":"#5"},"west":{"uv":[7.375,8.3125,7.5,8.375],"texture":"#5"},"up":{"uv":[5.875,9.125,5.8125,9],"texture":"#5"},"down":{"uv":[5.9375,9,5.875,9.125],"texture":"#5"}}},{"from":[8,8,8],"to":[11,11.5,20],"rotation":{"angle":0,"axis":"y","origin":[9.5,8,20]},"faces":{"north":{"uv":[2.5,7.375,2.875,7.8125],"texture":"#5"},"east":{"uv":[2.4375,3.5,3.9375,3.9375],"texture":"#5"},"south":{"uv":[2.875,7.375,3.25,7.8125],"texture":"#5"},"west":{"uv":[0,3.625,1.5,4.0625],"texture":"#5"},"up":{"uv":[1.875,5.125,1.5,3.625],"texture":"#5"},"down":{"uv":[2.25,3.625,1.875,5.125],"texture":"#5"}}},{"from":[8,11.5,8],"to":[11,13.5,10.5],"rotation":{"angle":0,"axis":"y","origin":[9.5,8,20]},"faces":{"north":{"uv":[3,1,3.375,1.25],"texture":"#5"},"east":{"uv":[5.3125,1.5,5.625,1.75],"texture":"#5"},"south":{"uv":[3.375,1,3.75,1.25],"texture":"#5"},"west":{"uv":[8.0625,8.375,8.375,8.625],"texture":"#5"},"up":{"uv":[2.125,8.1875,1.75,7.875],"texture":"#5"},"down":{"uv":[2.5,7.875,2.125,8.1875],"texture":"#5"}}},{"from":[8,15,17],"to":[11,17,20],"rotation":{"angle":0,"axis":"y","origin":[9.5,8,20]},"faces":{"north":{"uv":[8.125,6.3125,8.5,6.5625],"texture":"#5"},"east":{"uv":[8.125,6.5625,8.5,6.8125],"texture":"#5"},"south":{"uv":[8.125,6.8125,8.5,7.0625],"texture":"#5"},"west":{"uv":[7.5625,8.125,7.9375,8.375],"texture":"#5"},"up":{"uv":[2.8125,3.5,2.4375,3.125],"texture":"#5"},"down":{"uv":[5.625,7.6875,5.25,8.0625],"texture":"#5"}}},{"from":[8,15,8],"to":[11,17,15],"rotation":{"angle":0,"axis":"y","origin":[9.5,8,20]},"faces":{"north":{"uv":[8.0625,8.125,8.4375,8.375],"texture":"#5"},"east":{"uv":[7.3125,2.375,8.1875,2.625],"texture":"#5"},"south":{"uv":[1.5,8.1875,1.875,8.4375],"texture":"#5"},"west":{"uv":[7.3125,2.625,8.1875,2.875],"texture":"#5"},"up":{"uv":[6.5625,7.4375,6.1875,6.5625],"texture":"#5"},"down":{"uv":[6.9375,6.5625,6.5625,7.4375],"texture":"#5"}}},{"from":[8.5,11.5,10.5],"to":[11,13.5,12.5],"rotation":{"angle":0,"axis":"y","origin":[9.5,8,20]},"faces":{"north":{"uv":[8.375,8.375,8.6875,8.625],"texture":"#5"},"east":{"uv":[0.25,8.75,0.5,9],"texture":"#5"},"south":{"uv":[1.5,8.4375,1.8125,8.6875],"texture":"#5"},"west":{"uv":[0.5,8.75,0.75,9],"texture":"#5"},"up":{"uv":[2.125,8.6875,1.8125,8.4375],"texture":"#5"},"down":{"uv":[8.75,3.375,8.4375,3.625],"texture":"#5"}}},{"from":[8.5,15,15],"to":[11,17,17],"rotation":{"angle":0,"axis":"y","origin":[9.5,8,20]},"faces":{"north":{"uv":[8.4375,3.625,8.75,3.875],"texture":"#5"},"east":{"uv":[0.75,8.75,1,9],"texture":"#5"},"south":{"uv":[8.4375,3.875,8.75,4.125],"texture":"#5"},"west":{"uv":[1,8.75,1.25,9],"texture":"#5"},"up":{"uv":[8.75,4.375,8.4375,4.125],"texture":"#5"},"down":{"uv":[8.75,4.375,8.4375,4.625],"texture":"#5"}}},{"from":[8.5,18.5,10.5],"to":[11,20.5,12.5],"rotation":{"angle":0,"axis":"y","origin":[9.5,8,20]},"faces":{"north":{"uv":[8.4375,4.625,8.75,4.875],"texture":"#5"},"east":{"uv":[3,8.75,3.25,9],"texture":"#5"},"south":{"uv":[6.75,8.4375,7.0625,8.6875],"texture":"#5"},"west":{"uv":[3.25,8.75,3.5,9],"texture":"#5"},"up":{"uv":[7.375,8.6875,7.0625,8.4375],"texture":"#5"},"down":{"uv":[8.75,8.125,8.4375,8.375],"texture":"#5"}}},{"from":[8.5,25.5,10.5],"to":[11,27.5,12.5],"rotation":{"angle":0,"axis":"y","origin":[9.5,8,20]},"faces":{"north":{"uv":[0,8.5,0.3125,8.75],"texture":"#5"},"east":{"uv":[8.75,3.375,9,3.625],"texture":"#5"},"south":{"uv":[0.3125,8.5,0.625,8.75],"texture":"#5"},"west":{"uv":[3.5,8.75,3.75,9],"texture":"#5"},"up":{"uv":[0.9375,8.75,0.625,8.5],"texture":"#5"},"down":{"uv":[1.25,8.5,0.9375,8.75],"texture":"#5"}}},{"from":[8,18.5,8],"to":[11,20.5,10.5],"rotation":{"angle":0,"axis":"y","origin":[9.5,8,20]},"faces":{"north":{"uv":[1.875,8.1875,2.25,8.4375],"texture":"#5"},"east":{"uv":[3,8.5,3.3125,8.75],"texture":"#5"},"south":{"uv":[8.1875,2.375,8.5625,2.625],"texture":"#5"},"west":{"uv":[3.3125,8.5,3.625,8.75],"texture":"#5"},"up":{"uv":[7.5625,8.1875,7.1875,7.875],"texture":"#5"},"down":{"uv":[8.25,7.25,7.875,7.5625],"texture":"#5"}}},{"from":[8,25.5,8],"to":[11,27.5,10.5],"rotation":{"angle":0,"axis":"y","origin":[9.5,8,20]},"faces":{"north":{"uv":[8.1875,2.625,8.5625,2.875],"texture":"#5"},"east":{"uv":[3.625,8.5,3.9375,8.75],"texture":"#5"},"south":{"uv":[8.1875,2.875,8.5625,3.125],"texture":"#5"},"west":{"uv":[3.9375,8.5,4.25,8.75],"texture":"#5"},"up":{"uv":[0.375,8.25,0,7.9375],"texture":"#5"},"down":{"uv":[8.3125,0,7.9375,0.3125],"texture":"#5"}}},{"from":[8,11.5,12.5],"to":[11,13.5,20],"rotation":{"angle":0,"axis":"y","origin":[9.5,8,20]},"faces":{"north":{"uv":[8.1875,3.125,8.5625,3.375],"texture":"#5"},"east":{"uv":[0,3.25,0.9375,3.5],"texture":"#5"},"south":{"uv":[7,8.1875,7.375,8.4375],"texture":"#5"},"west":{"uv":[7,0,7.9375,0.25],"texture":"#5"},"up":{"uv":[6.1875,4.9375,5.8125,4],"texture":"#5"},"down":{"uv":[6.1875,4.9375,5.8125,5.875],"texture":"#5"}}},{"from":[8,18.5,12.5],"to":[11,20.5,20],"rotation":{"angle":0,"axis":"y","origin":[9.5,8,20]},"faces":{"north":{"uv":[0,8.25,0.375,8.5],"texture":"#5"},"east":{"uv":[7,0.25,7.9375,0.5],"texture":"#5"},"south":{"uv":[0.375,8.25,0.75,8.5],"texture":"#5"},"west":{"uv":[7,0.5,7.9375,0.75],"texture":"#5"},"up":{"uv":[6.25,0.9375,5.875,0],"texture":"#5"},"down":{"uv":[5.8125,5.875,5.4375,6.8125],"texture":"#5"}}},{"from":[8,25.5,12.5],"to":[11,27.5,20],"rotation":{"angle":0,"axis":"y","origin":[9.5,8,20]},"faces":{"north":{"uv":[0.75,8.25,1.125,8.5],"texture":"#5"},"east":{"uv":[7.125,0.75,8.0625,1],"texture":"#5"},"south":{"uv":[1.125,8.25,1.5,8.5],"texture":"#5"},"west":{"uv":[7.125,1,8.0625,1.25],"texture":"#5"},"up":{"uv":[6.1875,6.8125,5.8125,5.875],"texture":"#5"},"down":{"uv":[6.375,0.9375,6,1.875],"texture":"#5"}}},{"from":[8,13.5,8],"to":[11,15,20],"rotation":{"angle":0,"axis":"y","origin":[9.5,8,20]},"faces":{"north":{"uv":[8.6875,0.25,9.0625,0.4375],"texture":"#5"},"east":{"uv":[6.9375,3.5,8.4375,3.6875],"texture":"#5"},"south":{"uv":[8.6875,0.4375,9.0625,0.625],"texture":"#5"},"west":{"uv":[6.9375,3.6875,8.4375,3.875],"texture":"#5"},"up":{"uv":[2.625,5.4375,2.25,3.9375],"texture":"#5"},"down":{"uv":[3,3.9375,2.625,5.4375],"texture":"#5"}}},{"from":[8,17,8],"to":[11,18.5,20],"rotation":{"angle":0,"axis":"y","origin":[9.5,8,20]},"faces":{"north":{"uv":[1.25,8.6875,1.625,8.875],"texture":"#5"},"east":{"uv":[6.9375,3.875,8.4375,4.0625],"texture":"#5"},"south":{"uv":[1.625,8.6875,2,8.875],"texture":"#5"},"west":{"uv":[6.9375,4.0625,8.4375,4.25],"texture":"#5"},"up":{"uv":[3.375,5.4375,3,3.9375],"texture":"#5"},"down":{"uv":[3.75,3.9375,3.375,5.4375],"texture":"#5"}}},{"from":[8,20.5,8],"to":[11,25.5,20],"rotation":{"angle":0,"axis":"y","origin":[9.5,8,20]},"faces":{"north":{"uv":[7.1875,5,7.5625,5.625],"texture":"#5"},"east":{"uv":[0,0,1.5,0.625],"texture":"#5"},"south":{"uv":[7.1875,5.625,7.5625,6.25],"texture":"#5"},"west":{"uv":[0,0.625,1.5,1.25],"texture":"#5"},"up":{"uv":[4.3125,5,3.9375,3.5],"texture":"#5"},"down":{"uv":[0.375,4.0625,0,5.5625],"texture":"#5"}}},{"from":[8,27.5,8],"to":[11,31.5,20],"rotation":{"angle":0,"axis":"y","origin":[9.5,8,20]},"faces":{"north":{"uv":[4.5,7.3125,4.875,7.8125],"texture":"#5"},"east":{"uv":[3,0,4.5,0.5],"texture":"#5"},"south":{"uv":[4.875,7.3125,5.25,7.8125],"texture":"#5"},"west":{"uv":[3,0.5,4.5,1],"texture":"#5"},"up":{"uv":[0.75,5.5625,0.375,4.0625],"texture":"#5"},"down":{"uv":[1.125,4.0625,0.75,5.5625],"texture":"#5"}}},{"from":[8,31.5,16.5],"to":[11,32,20],"rotation":{"angle":0,"axis":"y","origin":[9.5,8,20]},"faces":{"north":{"uv":[3.25,7.8125,3.625,7.875],"texture":"#5"},"east":{"uv":[7.5625,6.1875,8,6.25],"texture":"#5"},"south":{"uv":[8.9375,7.625,9.3125,7.6875],"texture":"#5"},"west":{"uv":[4.375,7.8125,4.8125,7.875],"texture":"#5"},"up":{"uv":[3.625,7.8125,3.25,7.375],"texture":"#5"},"down":{"uv":[4,7.4375,3.625,7.875],"texture":"#5"}}},{"from":[8,31.5,8],"to":[11,32,15.5],"rotation":{"angle":0,"axis":"y","origin":[9.5,8,20]},"faces":{"north":{"uv":[8.9375,7.6875,9.3125,7.75],"texture":"#5"},"east":{"uv":[8.3125,5.25,9.25,5.3125],"texture":"#5"},"south":{"uv":[8.9375,7.75,9.3125,7.8125],"texture":"#5"},"west":{"uv":[8.3125,7.8125,9.25,7.875],"texture":"#5"},"up":{"uv":[1.875,7.0625,1.5,6.125],"texture":"#5"},"down":{"uv":[6.5625,1.875,6.1875,2.8125],"texture":"#5"}}},{"from":[8.5,31.5,15.5],"to":[11,32,16.5],"rotation":{"angle":0,"axis":"y","origin":[9.5,8,20]},"faces":{"north":{"uv":[9,1.875,9.3125,1.9375],"texture":"#5"},"east":{"uv":[6.75,8.375,6.875,8.4375],"texture":"#5"},"south":{"uv":[9,1.9375,9.3125,2],"texture":"#5"},"west":{"uv":[6.875,8.375,7,8.4375],"texture":"#5"},"up":{"uv":[9.25,1,8.9375,0.875],"texture":"#5"},"down":{"uv":[9.25,1,8.9375,1.125],"texture":"#5"}}}],"textures":{"3":"minecraft:custom/door_circles_sides","5":"minecraft:custom/door_main_no_circle","6":"minecraft:custom/door_circles_middle"},"display":{"head":{"translation":[0,-6.4,0],"scale":[3.2,3.2,3.2],"rotation":[0,180,0]}},"texture_size":[64,64]}