{"elements":[{"from":[8,4,4],"to":[8.5,5.5,8],"rotation":{"angle":0,"axis":"y","origin":[9,12,14]},"faces":{"north":{"uv":[3.5,8.5,3.75,9.25],"texture":"#6"},"east":{"uv":[3.5,4.5,5.5,5.25],"texture":"#6"},"south":{"uv":[3.75,8.5,4,9.25],"texture":"#6"},"west":{"uv":[4.75,0,6.75,0.75],"texture":"#6"},"up":{"uv":[5.75,9,5.5,7],"texture":"#6"},"down":{"uv":[6,7,5.75,9],"texture":"#6"}}},{"from":[8,4,8],"to":[8.5,5.5,12],"rotation":{"angle":0,"axis":"y","origin":[9,12,14]},"faces":{"north":{"uv":[8.5,4.75,8.75,5.5],"texture":"#6"},"east":{"uv":[4.75,0.75,6.75,1.5],"texture":"#6"},"south":{"uv":[5.25,8.5,5.5,9.25],"texture":"#6"},"west":{"uv":[5,1.5,7,2.25],"texture":"#6"},"up":{"uv":[7.5,3.5,7.25,1.5],"texture":"#6"},"down":{"uv":[7.5,3.5,7.25,5.5],"texture":"#6"}}},{"from":[8,10.5,4],"to":[8.5,12,8],"rotation":{"angle":0,"axis":"y","origin":[9,12,14]},"faces":{"north":{"uv":[8.5,5.5,8.75,6.25],"texture":"#6"},"east":{"uv":[5,2.25,7,3],"texture":"#6"},"south":{"uv":[8.5,6.25,8.75,7],"texture":"#6"},"west":{"uv":[5,3,7,3.75],"texture":"#6"},"up":{"uv":[7.5,7.5,7.25,5.5],"texture":"#6"},"down":{"uv":[0.25,7.5,0,9.5],"texture":"#6"}}},{"from":[8,10.5,8],"to":[8.5,12,12],"rotation":{"angle":0,"axis":"y","origin":[9,12,14]},"faces":{"north":{"uv":[8.5,7.75,8.75,8.5],"texture":"#6"},"east":{"uv":[5,3.75,7,4.5],"texture":"#6"},"south":{"uv":[8.5,8.5,8.75,9.25],"texture":"#6"},"west":{"uv":[3.5,5.25,5.5,6],"texture":"#6"},"up":{"uv":[0.5,9.5,0.25,7.5],"texture":"#6"},"down":{"uv":[0.75,7.5,0.5,9.5],"texture":"#6"}}},{"from":[7.5,10.5,5.5],"to":[8,12,8],"rotation":{"angle":0,"axis":"y","origin":[9,12,14]},"faces":{"north":{"uv":[8.75,0,9,0.75],"texture":"#6"},"east":{"uv":[4,6,5.25,6.75],"texture":"#6"},"south":{"uv":[8.75,3.25,9,4],"texture":"#6"},"west":{"uv":[6,4.5,7.25,5.25],"texture":"#6"},"up":{"uv":[6.75,8.75,6.5,7.5],"texture":"#6"},"down":{"uv":[7,7.5,6.75,8.75],"texture":"#6"}}},{"from":[7.5,10.5,8],"to":[8,12,10.5],"rotation":{"angle":0,"axis":"y","origin":[9,12,14]},"faces":{"north":{"uv":[8.75,4.75,9,5.5],"texture":"#6"},"east":{"uv":[6,5.25,7.25,6],"texture":"#6"},"south":{"uv":[8.75,5.5,9,6.25],"texture":"#6"},"west":{"uv":[6,6,7.25,6.75],"texture":"#6"},"up":{"uv":[7.25,8.75,7,7.5],"texture":"#6"},"down":{"uv":[7.75,7,7.5,8.25],"texture":"#6"}}},{"from":[7.5,4,5.5],"to":[8,5.5,8],"rotation":{"angle":0,"axis":"y","origin":[9,12,14]},"faces":{"north":{"uv":[8.75,6.25,9,7],"texture":"#6"},"east":{"uv":[6.75,0,8,0.75],"texture":"#6"},"south":{"uv":[6.5,8.75,6.75,9.5],"texture":"#6"},"west":{"uv":[6.75,0.75,8,1.5],"texture":"#6"},"up":{"uv":[7.5,8.75,7.25,7.5],"texture":"#6"},"down":{"uv":[8,1.5,7.75,2.75],"texture":"#6"}}},{"from":[7.5,4,8],"to":[8,5.5,10.5],"rotation":{"angle":0,"axis":"y","origin":[9,12,14]},"faces":{"north":{"uv":[6.75,8.75,7,9.5],"texture":"#6"},"east":{"uv":[4,6.75,5.25,7.5],"texture":"#6"},"south":{"uv":[7,8.75,7.25,9.5],"texture":"#6"},"west":{"uv":[6,6.75,7.25,7.5],"texture":"#6"},"up":{"uv":[8,4,7.75,2.75],"texture":"#6"},"down":{"uv":[8,4,7.75,5.25],"texture":"#6"}}},{"from":[7.5,11,10.5],"to":[8,12,11],"rotation":{"angle":0,"axis":"y","origin":[9,12,14]},"faces":{"north":{"uv":[4.75,1.5,5,2],"texture":"#6"},"east":{"uv":[7,4,7.25,4.5],"texture":"#6"},"south":{"uv":[8.75,0.75,9,1.25],"texture":"#6"},"west":{"uv":[9,0,9.25,0.5],"texture":"#6"},"up":{"uv":[8.75,1.25,8.5,1],"texture":"#6"},"down":{"uv":[8.75,3.25,8.5,3.5],"texture":"#6"}}},{"from":[7.5,4,10.5],"to":[8,5,11],"rotation":{"angle":0,"axis":"y","origin":[9,12,14]},"faces":{"north":{"uv":[9,0.5,9.25,1],"texture":"#6"},"east":{"uv":[9,2.25,9.25,2.75],"texture":"#6"},"south":{"uv":[9,2.75,9.25,3.25],"texture":"#6"},"west":{"uv":[9,3.25,9.25,3.75],"texture":"#6"},"up":{"uv":[9,4.25,8.75,4],"texture":"#6"},"down":{"uv":[9,7,8.75,7.25],"texture":"#6"}}},{"from":[7.5,11,5],"to":[8,12,5.5],"rotation":{"angle":0,"axis":"y","origin":[9,12,14]},"faces":{"north":{"uv":[9,3.75,9.25,4.25],"texture":"#6"},"east":{"uv":[4,9,4.25,9.5],"texture":"#6"},"south":{"uv":[4.25,9,4.5,9.5],"texture":"#6"},"west":{"uv":[4.5,9,4.75,9.5],"texture":"#6"},"up":{"uv":[8.25,9.25,8,9],"texture":"#6"},"down":{"uv":[9.25,8,9,8.25],"texture":"#6"}}},{"from":[7.5,4,5],"to":[8,5,5.5],"rotation":{"angle":0,"axis":"y","origin":[9,12,14]},"faces":{"north":{"uv":[4.75,9,5,9.5],"texture":"#6"},"east":{"uv":[9,4.75,9.25,5.25],"texture":"#6"},"south":{"uv":[5,9,5.25,9.5],"texture":"#6"},"west":{"uv":[9,5.25,9.25,5.75],"texture":"#6"},"up":{"uv":[9.25,8.5,9,8.25],"texture":"#6"},"down":{"uv":[9.25,8.5,9,8.75],"texture":"#6"}}},{"from":[7.5,11.5,11],"to":[8,12,11.5],"rotation":{"angle":0,"axis":"y","origin":[9,12,14]},"faces":{"north":{"uv":[9,8.75,9.25,9],"texture":"#6"},"east":{"uv":[9,9,9.25,9.25],"texture":"#6"},"south":{"uv":[9.25,0,9.5,0.25],"texture":"#6"},"west":{"uv":[9.25,0.25,9.5,0.5],"texture":"#6"},"up":{"uv":[9.5,0.75,9.25,0.5],"texture":"#6"},"down":{"uv":[9.5,0.75,9.25,1],"texture":"#6"}}},{"from":[7.5,4,11],"to":[8,4.5,11.5],"rotation":{"angle":0,"axis":"y","origin":[9,12,14]},"faces":{"north":{"uv":[9.25,1.25,9.5,1.5],"texture":"#6"},"east":{"uv":[9.25,1.5,9.5,1.75],"texture":"#6"},"south":{"uv":[9.25,2.25,9.5,2.5],"texture":"#6"},"west":{"uv":[9.25,2.5,9.5,2.75],"texture":"#6"},"up":{"uv":[9.5,3,9.25,2.75],"texture":"#6"},"down":{"uv":[9.5,3,9.25,3.25],"texture":"#6"}}},{"from":[7.5,11.5,4.5],"to":[8,12,5],"rotation":{"angle":0,"axis":"y","origin":[9,12,14]},"faces":{"north":{"uv":[9.25,3.25,9.5,3.5],"texture":"#6"},"east":{"uv":[3.5,9.25,3.75,9.5],"texture":"#6"},"south":{"uv":[9.25,3.5,9.5,3.75],"texture":"#6"},"west":{"uv":[3.75,9.25,4,9.5],"texture":"#6"},"up":{"uv":[9.5,4,9.25,3.75],"texture":"#6"},"down":{"uv":[9.5,4,9.25,4.25],"texture":"#6"}}},{"from":[7.5,4,4.5],"to":[8,4.5,5],"rotation":{"angle":0,"axis":"y","origin":[9,12,14]},"faces":{"north":{"uv":[9.25,4.25,9.5,4.5],"texture":"#6"},"east":{"uv":[9.25,4.5,9.5,4.75],"texture":"#6"},"south":{"uv":[9.25,4.75,9.5,5],"texture":"#6"},"west":{"uv":[9.25,5,9.5,5.25],"texture":"#6"},"up":{"uv":[5.5,9.5,5.25,9.25],"texture":"#6"},"down":{"uv":[9.5,5.25,9.25,5.5],"texture":"#6"}}},{"from":[7.5,10.5,11.5],"to":[8,11,12],"rotation":{"angle":0,"axis":"y","origin":[9,12,14]},"faces":{"north":{"uv":[9.25,5.5,9.5,5.75],"texture":"#6"},"east":{"uv":[9.25,5.75,9.5,6],"texture":"#6"},"south":{"uv":[9.25,6,9.5,6.25],"texture":"#6"},"west":{"uv":[9.25,6.25,9.5,6.5],"texture":"#6"},"up":{"uv":[9.5,6.75,9.25,6.5],"texture":"#6"},"down":{"uv":[9.5,6.75,9.25,7],"texture":"#6"}}},{"from":[7.5,10.5,11.5],"to":[8,11,12],"rotation":{"angle":0,"axis":"y","origin":[9,12,14]},"faces":{"north":{"uv":[9.25,7,9.5,7.25],"texture":"#6"},"east":{"uv":[9.25,7.25,9.5,7.5],"texture":"#6"},"south":{"uv":[7.5,9.25,7.75,9.5],"texture":"#6"},"west":{"uv":[9.25,7.5,9.5,7.75],"texture":"#6"},"up":{"uv":[8.25,9.5,8,9.25],"texture":"#6"},"down":{"uv":[9.5,8,9.25,8.25],"texture":"#6"}}},{"from":[7.5,10.5,4],"to":[8,11,4.5],"rotation":{"angle":0,"axis":"y","origin":[9,12,14]},"faces":{"north":{"uv":[9.25,8.25,9.5,8.5],"texture":"#6"},"east":{"uv":[8.5,9.25,8.75,9.5],"texture":"#6"},"south":{"uv":[9.25,8.5,9.5,8.75],"texture":"#6"},"west":{"uv":[8.75,9.25,9,9.5],"texture":"#6"},"up":{"uv":[9.5,9,9.25,8.75],"texture":"#6"},"down":{"uv":[9.25,9.25,9,9.5],"texture":"#6"}}},{"from":[7.5,5,11.5],"to":[8,5.5,12],"rotation":{"angle":0,"axis":"y","origin":[9,12,14]},"faces":{"north":{"uv":[9.25,9,9.5,9.25],"texture":"#6"},"east":{"uv":[9.25,9.25,9.5,9.5],"texture":"#6"},"south":{"uv":[0,9.5,0.25,9.75],"texture":"#6"},"west":{"uv":[9.5,0,9.75,0.25],"texture":"#6"},"up":{"uv":[0.5,9.75,0.25,9.5],"texture":"#6"},"down":{"uv":[9.75,0.25,9.5,0.5],"texture":"#6"}}},{"from":[7.5,5,4],"to":[8,5.5,4.5],"rotation":{"angle":0,"axis":"y","origin":[9,12,14]},"faces":{"north":{"uv":[0.5,9.5,0.75,9.75],"texture":"#6"},"east":{"uv":[9.5,0.5,9.75,0.75],"texture":"#6"},"south":{"uv":[0.75,9.5,1,9.75],"texture":"#6"},"west":{"uv":[9.5,0.75,9.75,1],"texture":"#6"},"up":{"uv":[1.25,9.75,1,9.5],"texture":"#6"},"down":{"uv":[9.75,1,9.5,1.25],"texture":"#6"}}},{"from":[7.5,5.5,11],"to":[8,10.5,12],"rotation":{"angle":0,"axis":"y","origin":[9,12,14]},"faces":{"north":{"uv":[1,5,1.25,7.5],"texture":"#6"},"east":{"uv":[0,5,0.5,7.5],"texture":"#6"},"south":{"uv":[5.25,6,5.5,8.5],"texture":"#6"},"west":{"uv":[0.5,5,1,7.5],"texture":"#6"},"up":{"uv":[5.75,9.5,5.5,9],"texture":"#6"},"down":{"uv":[6,9,5.75,9.5],"texture":"#6"}}},{"from":[7.5,5.5,4],"to":[8,10.5,5],"rotation":{"angle":0,"axis":"y","origin":[9,12,14]},"faces":{"north":{"uv":[1.25,7,1.5,9.5],"texture":"#6"},"east":{"uv":[5.5,4.5,6,7],"texture":"#6"},"south":{"uv":[1.5,7,1.75,9.5],"texture":"#6"},"west":{"uv":[3.5,6,4,8.5],"texture":"#6"},"up":{"uv":[9.25,6.25,9,5.75],"texture":"#6"},"down":{"uv":[6.25,9,6,9.5],"texture":"#6"}}},{"from":[7.5,6.5,10.5],"to":[8,9.5,11],"rotation":{"angle":0,"axis":"y","origin":[9,12,14]},"faces":{"north":{"uv":[4,7.5,4.25,9],"texture":"#6"},"east":{"uv":[4.25,7.5,4.5,9],"texture":"#6"},"south":{"uv":[4.5,7.5,4.75,9],"texture":"#6"},"west":{"uv":[4.75,7.5,5,9],"texture":"#6"},"up":{"uv":[1.5,9.75,1.25,9.5],"texture":"#6"},"down":{"uv":[9.75,1.25,9.5,1.5],"texture":"#6"}}},{"from":[7.5,6.5,5],"to":[8,9.5,5.5],"rotation":{"angle":0,"axis":"y","origin":[9,12,14]},"faces":{"north":{"uv":[5,7.5,5.25,9],"texture":"#6"},"east":{"uv":[7.5,5.5,7.75,7],"texture":"#6"},"south":{"uv":[6,7.5,6.25,9],"texture":"#6"},"west":{"uv":[6.25,7.5,6.5,9],"texture":"#6"},"up":{"uv":[1.75,9.75,1.5,9.5],"texture":"#6"},"down":{"uv":[9.75,1.5,9.5,1.75],"texture":"#6"}}},{"from":[8,5.5,10.5],"to":[8.5,10.5,12],"rotation":{"angle":0,"axis":"y","origin":[9,12,14]},"faces":{"north":{"uv":[7,1.5,7.25,4],"texture":"#6"},"east":{"uv":[4.25,2,5,4.5],"texture":"#6"},"south":{"uv":[1.75,7,2,9.5],"texture":"#6"},"west":{"uv":[1.25,4.5,2,7],"texture":"#6"},"up":{"uv":[7.5,9.5,7.25,8.75],"texture":"#6"},"down":{"uv":[9,7.75,8.75,8.5],"texture":"#6"}}},{"from":[8,5.5,4],"to":[8.5,10.5,5.5],"rotation":{"angle":0,"axis":"y","origin":[9,12,14]},"faces":{"north":{"uv":[2,7,2.25,9.5],"texture":"#6"},"east":{"uv":[2,4.5,2.75,7],"texture":"#6"},"south":{"uv":[2.25,7,2.5,9.5],"texture":"#6"},"west":{"uv":[2.75,4.5,3.5,7],"texture":"#6"},"up":{"uv":[8.5,9.5,8.25,8.75],"texture":"#6"},"down":{"uv":[9,8.5,8.75,9.25],"texture":"#6"}}},{"from":[8,5.5,5.5],"to":[8.5,10.5,8],"rotation":{"angle":0,"axis":"y","origin":[9,12,14]},"faces":{"north":{"uv":[2.5,7,2.75,9.5],"texture":"#6"},"east":{"uv":[0,0,1.25,2.5],"texture":"#6"},"south":{"uv":[2.75,7,3,9.5],"texture":"#6"},"west":{"uv":[1.25,0,2.5,2.5],"texture":"#6"},"up":{"uv":[8,6.5,7.75,5.25],"texture":"#6"},"down":{"uv":[8,6.5,7.75,7.75],"texture":"#6"}}},{"from":[8,5.5,8],"to":[8.5,10.5,10.5],"rotation":{"angle":0,"axis":"y","origin":[9,12,14]},"faces":{"north":{"uv":[3,7,3.25,9.5],"texture":"#6"},"east":{"uv":[0,2.5,1.25,5],"texture":"#6"},"south":{"uv":[3.25,7,3.5,9.5],"texture":"#6"},"west":{"uv":[2.5,0,3.75,2.5],"texture":"#6"},"up":{"uv":[8,9,7.75,7.75],"texture":"#6"},"down":{"uv":[8.25,0,8,1.25],"texture":"#6"}}}],"textures":{"3":"minecraft:custom/door_circles_sides","5":"minecraft:custom/door_main_no_circle","6":"minecraft:custom/door_circles_middle"},"display":{"head":{"translation":[0,-6.4,0],"scale":[3.2,3.2,3.2],"rotation":[0,180,0]}},"texture_size":[64,64]}