{"elements":[{"from":[6.5,6.5,-2],"to":[7,7,-1.5],"rotation":{"angle":0,"axis":"y","origin":[8,8,16.5]},"faces":{"north":{"uv":[13.75,1.5,14.25,2],"texture":"#6"},"east":{"uv":[13.75,1.5,14.25,2],"texture":"#6"},"south":{"uv":[13.75,1.5,14.25,2],"texture":"#6"},"west":{"uv":[14.5,0.5,15.5,1.5],"texture":"#6"},"up":{"uv":[13.75,1.5,14.25,2],"texture":"#6"},"down":{"uv":[13.75,1.5,14.25,2],"texture":"#6"}}}],"textures":{"3":"minecraft:custom/door_circles_sides","5":"minecraft:custom/door_main_no_circle","6":"minecraft:custom/door_circles_middle"},"display":{"head":{"translation":[0,-6.4,0],"scale":[3.2,3.2,3.2],"rotation":[0,180,0]}},"texture_size":[64,64]}