{"elements":[{"from":[9,8,-4],"to":[11,16,0],"rotation":{"angle":0,"axis":"y","origin":[9.5,-16,-4]},"faces":{"north":{"uv":[6.9375,7,7.1875,8],"texture":"#5"},"east":{"uv":[5,0,5.5,1],"texture":"#5"},"south":{"uv":[1.5,7.0625,1.75,8.0625],"texture":"#5"},"west":{"uv":[1.5,5.125,2,6.125],"texture":"#5"},"up":{"uv":[3,8.3125,2.75,7.8125],"texture":"#5"},"down":{"uv":[3.25,7.8125,3,8.3125],"texture":"#5"}}},{"from":[8,8.5,0],"to":[11,15.5,8],"rotation":{"angle":0,"axis":"y","origin":[9.5,-16,-4]},"faces":{"north":{"uv":[6.9375,1.75,7.3125,2.625],"texture":"#5"},"east":{"uv":[2.8125,1.25,3.8125,2.125],"texture":"#5"},"south":{"uv":[6.9375,2.625,7.3125,3.5],"texture":"#5"},"west":{"uv":[2.9375,2.125,3.9375,3],"texture":"#5"},"up":{"uv":[0.75,6.5625,0.375,5.5625],"texture":"#5"},"down":{"uv":[1.125,5.5625,0.75,6.5625],"texture":"#5"}}},{"from":[8,15.5,0.5],"to":[11,16,8],"rotation":{"angle":0,"axis":"y","origin":[9.5,-16,-4]},"faces":{"north":{"uv":[9,0.125,9.375,0.1875],"texture":"#5"},"east":{"uv":[8.8125,0.625,9.75,0.6875],"texture":"#5"},"south":{"uv":[9,0.1875,9.375,0.25],"texture":"#5"},"west":{"uv":[8.8125,0.6875,9.75,0.75],"texture":"#5"},"up":{"uv":[0.75,7.5,0.375,6.5625],"texture":"#5"},"down":{"uv":[1.125,6.5625,0.75,7.5],"texture":"#5"}}},{"from":[8.5,15.5,0],"to":[11,16,0.5],"rotation":{"angle":0,"axis":"y","origin":[9.5,-16,-4]},"faces":{"north":{"uv":[4.8125,7.8125,5.125,7.875],"texture":"#5"},"east":{"uv":[3.6875,6.375,3.75,6.4375],"texture":"#5"},"south":{"uv":[5.6875,8.0625,6,8.125],"texture":"#5"},"west":{"uv":[7.875,7.6875,7.9375,7.75],"texture":"#5"},"up":{"uv":[9.3125,1.8125,9,1.75],"texture":"#5"},"down":{"uv":[9.3125,1.8125,9,1.875],"texture":"#5"}}},{"from":[8,8,0.5],"to":[11,8.5,8],"rotation":{"angle":0,"axis":"y","origin":[9.5,-16,-4]},"faces":{"north":{"uv":[0.375,9,0.75,9.0625],"texture":"#5"},"east":{"uv":[8.8125,5.3125,9.75,5.375],"texture":"#5"},"south":{"uv":[0.75,9,1.125,9.0625],"texture":"#5"},"west":{"uv":[8.8125,5.375,9.75,5.4375],"texture":"#5"},"up":{"uv":[1.5,7.5,1.125,6.5625],"texture":"#5"},"down":{"uv":[6.9375,1.875,6.5625,2.8125],"texture":"#5"}}},{"from":[8.5,8,0],"to":[11,8.5,0.5],"rotation":{"angle":0,"axis":"y","origin":[9.5,-16,-4]},"faces":{"north":{"uv":[9,3.75,9.3125,3.8125],"texture":"#5"},"east":{"uv":[3.4375,9.0625,3.5,9.125],"texture":"#5"},"south":{"uv":[9,3.8125,9.3125,3.875],"texture":"#5"},"west":{"uv":[3.5,9.0625,3.5625,9.125],"texture":"#5"},"up":{"uv":[9.3125,3.9375,9,3.875],"texture":"#5"},"down":{"uv":[4.25,9,3.9375,9.0625],"texture":"#5"}}},{"from":[8,16,-4],"to":[11,24,-0.5],"rotation":{"angle":0,"axis":"y","origin":[9.5,-16,-4]},"faces":{"north":{"uv":[1.125,5.5625,1.5,6.5625],"texture":"#5"},"east":{"uv":[2.4375,5.4375,2.875,6.4375],"texture":"#5"},"south":{"uv":[5.625,1,6,2],"texture":"#5"},"west":{"uv":[2.875,5.4375,3.3125,6.4375],"texture":"#5"},"up":{"uv":[1.5,7.9375,1.125,7.5],"texture":"#5"},"down":{"uv":[7.9375,5,7.5625,5.4375],"texture":"#5"}}},{"from":[8,16,0.5],"to":[11,24,8],"rotation":{"angle":0,"axis":"y","origin":[9.5,-16,-4]},"faces":{"north":{"uv":[5.8125,2,6.1875,3],"texture":"#5"},"east":{"uv":[1.875,1.25,2.8125,2.25],"texture":"#5"},"south":{"uv":[5.8125,3,6.1875,4],"texture":"#5"},"west":{"uv":[0,2.25,0.9375,3.25],"texture":"#5"},"up":{"uv":[6.9375,3.75,6.5625,2.8125],"texture":"#5"},"down":{"uv":[6.9375,3.75,6.5625,4.6875],"texture":"#5"}}},{"from":[8,16.5,-0.5],"to":[11,24,0.5],"rotation":{"angle":0,"axis":"y","origin":[9.5,-16,-4]},"faces":{"north":{"uv":[6.5625,4.6875,6.9375,5.625],"texture":"#5"},"east":{"uv":[5.125,7.8125,5.25,8.75],"texture":"#5"},"south":{"uv":[6.5625,5.625,6.9375,6.5625],"texture":"#5"},"west":{"uv":[7.9375,7.875,8.0625,8.8125],"texture":"#5"},"up":{"uv":[9.1875,6.0625,8.8125,5.9375],"texture":"#5"},"down":{"uv":[9.1875,6.0625,8.8125,6.1875],"texture":"#5"}}},{"from":[8.5,16,-0.5],"to":[11,16.5,0.5],"rotation":{"angle":0,"axis":"y","origin":[9.5,-16,-4]},"faces":{"north":{"uv":[9,3.9375,9.3125,4],"texture":"#5"},"east":{"uv":[9,8.4375,9.125,8.5],"texture":"#5"},"south":{"uv":[9,4,9.3125,4.0625],"texture":"#5"},"west":{"uv":[8.5,9,8.625,9.0625],"texture":"#5"},"up":{"uv":[9.25,1.75,8.9375,1.625],"texture":"#5"},"down":{"uv":[9.25,6.3125,8.9375,6.4375],"texture":"#5"}}},{"from":[7,21,-2],"to":[7.5,22,1.5],"rotation":{"angle":0,"axis":"y","origin":[8.5,-15,-4]},"faces":{"north":{"uv":[9,8.5,9.0625,8.625],"texture":"#5"},"east":{"uv":[8.8125,5.5625,9.25,5.6875],"texture":"#5"},"south":{"uv":[8.625,9,8.6875,9.125],"texture":"#5"},"west":{"uv":[8.8125,5.6875,9.25,5.8125],"texture":"#5"},"up":{"uv":[6.9375,7.875,6.875,7.4375],"texture":"#5"},"down":{"uv":[7.8125,8.875,7.75,9.3125],"texture":"#5"}}},{"from":[7.5,21,-2],"to":[8,22,-1.5],"rotation":{"angle":0,"axis":"y","origin":[9,-15,-4]},"faces":{"north":{"uv":[9,8.625,9.0625,8.75],"texture":"#5"},"east":{"uv":[8.6875,9,8.75,9.125],"texture":"#5"},"south":{"uv":[8.75,9,8.8125,9.125],"texture":"#5"},"west":{"uv":[8.8125,9,8.875,9.125],"texture":"#5"},"up":{"uv":[3.625,9.125,3.5625,9.0625],"texture":"#5"},"down":{"uv":[3.6875,9.0625,3.625,9.125],"texture":"#5"}}},{"from":[7.5,21,1],"to":[8,22,1.5],"rotation":{"angle":0,"axis":"y","origin":[9,-15,-1]},"faces":{"north":{"uv":[8.875,9,8.9375,9.125],"texture":"#5"},"east":{"uv":[9,8.875,9.0625,9],"texture":"#5"},"south":{"uv":[8.9375,9,9,9.125],"texture":"#5"},"west":{"uv":[9,9,9.0625,9.125],"texture":"#5"},"up":{"uv":[3.75,9.125,3.6875,9.0625],"texture":"#5"},"down":{"uv":[3.8125,9.0625,3.75,9.125],"texture":"#5"}}}],"textures":{"3":"minecraft:custom/door_circles_sides","5":"minecraft:custom/door_main_no_circle","6":"minecraft:custom/door_circles_middle"},"display":{"head":{"translation":[0,-6.4,0],"scale":[3.2,3.2,3.2],"rotation":[0,180,0]}},"texture_size":[64,64]}