{
	"credit": "Made with Blockbench",
	"textures": {
		"0": "custom/beyblade_2",
		"particle": "custom/beyblade_2"
	},
	"elements": [
		{
			"from": [7, 1, 7],
			"to": [9, 2, 9],
			"faces": {
				"north": {"uv": [0.5, 0.5, 1, 1], "texture": "#0"},
				"east": {"uv": [0.5, 0.5, 1, 1], "texture": "#0"},
				"south": {"uv": [0.5, 0.5, 1, 1], "texture": "#0"},
				"west": {"uv": [0.5, 0.5, 1, 1], "texture": "#0"},
				"down": {"uv": [0.5, 0.5, 1, 1], "texture": "#0"}
			}
		},
		{
			"from": [6.5, 2, 6.5],
			"to": [9.5, 2.25, 9.5],
			"rotation": {"angle": 0, "axis": "y", "origin": [0, 1, 0]},
			"faces": {
				"down": {"uv": [0.5, 0.5, 1, 1], "texture": "#0"}
			}
		},
		{
			"from": [5.75, 2.25, 5.75],
			"to": [10.25, 3.25, 10.25],
			"rotation": {"angle": 0, "axis": "y", "origin": [0, 1.25, 0]},
			"faces": {
				"north": {"uv": [2, 0.5, 2.5, 1], "texture": "#0"},
				"east": {"uv": [2, 0.5, 2.5, 1], "texture": "#0"},
				"south": {"uv": [2, 0.5, 2.5, 1], "texture": "#0"},
				"west": {"uv": [2, 0.5, 2.5, 1], "texture": "#0"},
				"up": {"uv": [2, 0.5, 2.5, 1], "texture": "#0"},
				"down": {"uv": [2, 0.5, 2.5, 1], "texture": "#0"}
			}
		},
		{
			"from": [5.25, 2.75, 6.5],
			"to": [10.75, 3.25, 9.5],
			"rotation": {"angle": 0, "axis": "y", "origin": [0, 1.25, 0]},
			"faces": {
				"north": {"uv": [2, 0.5, 2.5, 1], "texture": "#0"},
				"east": {"uv": [2, 0.5, 2.5, 1], "texture": "#0"},
				"south": {"uv": [2, 0.5, 2.5, 1], "texture": "#0"},
				"west": {"uv": [2, 0.5, 2.5, 1], "texture": "#0"},
				"up": {"uv": [2, 0.5, 2.5, 1], "texture": "#0"},
				"down": {"uv": [2, 0.5, 2.5, 1], "texture": "#0"}
			}
		},
		{
			"from": [10.25, 3, 7],
			"to": [10.5, 3.75, 9],
			"rotation": {"angle": 0, "axis": "y", "origin": [0, 2, 0]},
			"faces": {
				"north": {"uv": [5, 0.5, 5.5, 1], "texture": "#0"},
				"east": {"uv": [5, 0.5, 5.5, 1], "texture": "#0"},
				"south": {"uv": [5, 0.5, 5.5, 1], "texture": "#0"},
				"west": {"uv": [5, 0.5, 5.5, 1], "texture": "#0"},
				"up": {"uv": [5, 0.5, 5.5, 1], "texture": "#0"}
			}
		},
		{
			"from": [9.75, 3, 6.1],
			"to": [10.5, 3.75, 6.25],
			"rotation": {"angle": 0, "axis": "y", "origin": [-0.25, 2, -2.75]},
			"faces": {
				"north": {"uv": [5, 0.5, 5.5, 1], "texture": "#0"},
				"south": {"uv": [5, 0.5, 5.5, 1], "texture": "#0"},
				"up": {"uv": [5, 0.5, 5.5, 1], "texture": "#0"}
			}
		},
		{
			"from": [9.75, 3, 5.5],
			"to": [10.5, 3.75, 5.65],
			"rotation": {"angle": 0, "axis": "y", "origin": [-0.25, 2, -3.35]},
			"faces": {
				"north": {"uv": [5, 0.5, 5.5, 1], "texture": "#0"},
				"south": {"uv": [5, 0.5, 5.5, 1], "texture": "#0"},
				"up": {"uv": [5, 0.5, 5.5, 1], "texture": "#0"}
			}
		},
		{
			"from": [10.35, 3, 5.5],
			"to": [10.5, 3.75, 6.25],
			"rotation": {"angle": 0, "axis": "y", "origin": [-0.25, 2, -3.35]},
			"faces": {
				"east": {"uv": [5, 0.5, 5.5, 1], "texture": "#0"},
				"west": {"uv": [5, 0.5, 5.5, 1], "texture": "#0"},
				"up": {"uv": [5, 0.5, 5.5, 1], "texture": "#0"}
			}
		},
		{
			"from": [9.75, 3, 5.5],
			"to": [9.9, 3.75, 6.25],
			"rotation": {"angle": 0, "axis": "y", "origin": [-0.85, 2, -3.35]},
			"faces": {
				"east": {"uv": [5, 0.5, 5.5, 1], "texture": "#0"},
				"west": {"uv": [5, 0.5, 5.5, 1], "texture": "#0"},
				"up": {"uv": [5, 0.5, 5.5, 1], "texture": "#0"}
			}
		},
		{
			"from": [9.75, 3, 5.5],
			"to": [10.5, 3.65, 6.25],
			"rotation": {"angle": 0, "axis": "y", "origin": [-0.25, 2, -2.75]},
			"faces": {
				"up": {"uv": [6.5, 0.5, 7, 1], "texture": "#0"}
			}
		},
		{
			"from": [5.5, 3, 9.75],
			"to": [6.25, 3.65, 10.5],
			"rotation": {"angle": 0, "axis": "y", "origin": [-0.25, 2, -2.75]},
			"faces": {
				"up": {"uv": [6.5, 0.5, 7, 1], "texture": "#0"}
			}
		},
		{
			"from": [5.5, 3, 9.75],
			"to": [6.25, 3.75, 9.9],
			"rotation": {"angle": 0, "axis": "y", "origin": [-0.25, 2, -3.35]},
			"faces": {
				"north": {"uv": [5, 0.5, 5.5, 1], "texture": "#0"},
				"south": {"uv": [5, 0.5, 5.5, 1], "texture": "#0"},
				"up": {"uv": [5, 0.5, 5.5, 1], "texture": "#0"}
			}
		},
		{
			"from": [6.1, 3, 9.75],
			"to": [6.25, 3.75, 10.5],
			"rotation": {"angle": 0, "axis": "y", "origin": [-0.25, 2, -3.35]},
			"faces": {
				"east": {"uv": [5, 0.5, 5.5, 1], "texture": "#0"},
				"west": {"uv": [5, 0.5, 5.5, 1], "texture": "#0"},
				"up": {"uv": [5, 0.5, 5.5, 1], "texture": "#0"}
			}
		},
		{
			"from": [5.5, 3, 10.35],
			"to": [6.25, 3.75, 10.5],
			"rotation": {"angle": 0, "axis": "y", "origin": [-0.25, 2, -2.75]},
			"faces": {
				"north": {"uv": [5, 0.5, 5.5, 1], "texture": "#0"},
				"south": {"uv": [5, 0.5, 5.5, 1], "texture": "#0"},
				"up": {"uv": [5, 0.5, 5.5, 1], "texture": "#0"}
			}
		},
		{
			"from": [5.5, 3, 9.75],
			"to": [5.65, 3.75, 10.5],
			"rotation": {"angle": 0, "axis": "y", "origin": [-0.85, 2, -3.35]},
			"faces": {
				"east": {"uv": [5, 0.5, 5.5, 1], "texture": "#0"},
				"west": {"uv": [5, 0.5, 5.5, 1], "texture": "#0"},
				"up": {"uv": [5, 0.5, 5.5, 1], "texture": "#0"}
			}
		},
		{
			"from": [10.75, 2.5, 9],
			"to": [11.5, 3.5, 9.75],
			"rotation": {"angle": 0, "axis": "y", "origin": [0.75, 1.5, 0.75]},
			"faces": {
				"north": {"uv": [5, 0.5, 5.5, 1], "texture": "#0"},
				"east": {"uv": [5, 0.5, 5.5, 1], "texture": "#0"},
				"south": {"uv": [5, 0.5, 5.5, 1], "texture": "#0"},
				"west": {"uv": [5, 0.5, 5.5, 1], "texture": "#0"},
				"up": {"uv": [5, 0.5, 5.5, 1], "texture": "#0"},
				"down": {"uv": [2, 2, 2.5, 2.5], "texture": "#0"}
			}
		},
		{
			"from": [4.5, 2.5, 6.25],
			"to": [5.25, 3.5, 7],
			"rotation": {"angle": 0, "axis": "y", "origin": [-5.5, 1.5, -2]},
			"faces": {
				"north": {"uv": [5, 0.5, 5.5, 1], "texture": "#0"},
				"east": {"uv": [5, 0.5, 5.5, 1], "texture": "#0"},
				"south": {"uv": [5, 0.5, 5.5, 1], "texture": "#0"},
				"west": {"uv": [5, 0.5, 5.5, 1], "texture": "#0"},
				"up": {"uv": [5, 0.5, 5.5, 1], "texture": "#0"},
				"down": {"uv": [5, 0.5, 5.5, 1], "texture": "#0"}
			}
		},
		{
			"from": [9.2, 2.75, 3.75],
			"to": [10, 3.5, 4.1],
			"rotation": {"angle": -22.5, "axis": "y", "origin": [10, 3, 3.75]},
			"faces": {
				"north": {"uv": [5, 0.5, 5.5, 1], "texture": "#0"},
				"south": {"uv": [5, 0.5, 5.5, 1], "texture": "#0"},
				"west": {"uv": [5, 0.5, 5.5, 1], "texture": "#0"},
				"up": {"uv": [5, 0.5, 5.5, 1], "rotation": 270, "texture": "#0"},
				"down": {"uv": [5, 0.5, 5.5, 1], "rotation": 90, "texture": "#0"}
			}
		},
		{
			"from": [9.325, 2.75, 3.75],
			"to": [10, 3.5, 4.15],
			"rotation": {"angle": 0, "axis": "y", "origin": [10, 3, 3.75]},
			"faces": {
				"east": {"uv": [5, 0.5, 5.5, 1], "texture": "#0"},
				"south": {"uv": [5, 0.5, 5.5, 1], "texture": "#0"},
				"west": {"uv": [5, 0.5, 5.5, 1], "texture": "#0"},
				"up": {"uv": [5, 0.5, 5.5, 1], "rotation": 270, "texture": "#0"},
				"down": {"uv": [5, 0.5, 5.5, 1], "rotation": 90, "texture": "#0"}
			}
		},
		{
			"from": [9.575, 3.45, 3.825],
			"to": [9.725, 3.6, 3.975],
			"rotation": {"angle": 0, "axis": "y", "origin": [9.75, 3.1, 3.475]},
			"faces": {
				"north": {"uv": [2, 0.5, 2.5, 1], "rotation": 270, "texture": "#0"},
				"east": {"uv": [2, 0.5, 2.5, 1], "rotation": 270, "texture": "#0"},
				"south": {"uv": [2, 0.5, 2.5, 1], "rotation": 270, "texture": "#0"},
				"west": {"uv": [2, 0.5, 2.5, 1], "rotation": 270, "texture": "#0"},
				"up": {"uv": [2, 0.5, 2.5, 1], "rotation": 270, "texture": "#0"}
			}
		},
		{
			"from": [9.325, 2.75, 4.15],
			"to": [9.75, 3, 5.8],
			"rotation": {"angle": 0, "axis": "y", "origin": [10, 3, 4.15]},
			"faces": {
				"east": {"uv": [5, 0.5, 5.5, 1], "texture": "#0"},
				"west": {"uv": [5, 0.5, 5.5, 1], "texture": "#0"},
				"up": {"uv": [5, 0.5, 5.5, 1], "rotation": 270, "texture": "#0"},
				"down": {"uv": [5, 0.5, 5.5, 1], "rotation": 90, "texture": "#0"}
			}
		},
		{
			"from": [10, 3, 8.75],
			"to": [10.25, 3.75, 9],
			"rotation": {"angle": 0, "axis": "y", "origin": [-0.25, 2, 0.25]},
			"faces": {
				"north": {"uv": [5, 0.5, 5.5, 1], "texture": "#0"},
				"south": {"uv": [5, 0.5, 5.5, 1], "texture": "#0"},
				"west": {"uv": [5, 0.5, 5.5, 1], "texture": "#0"},
				"up": {"uv": [5, 0.5, 5.5, 1], "texture": "#0"}
			}
		},
		{
			"from": [10, 3, 7],
			"to": [10.25, 3.75, 7.25],
			"rotation": {"angle": 0, "axis": "y", "origin": [-0.25, 2, -1.5]},
			"faces": {
				"north": {"uv": [5, 0.5, 5.5, 1], "texture": "#0"},
				"south": {"uv": [5, 0.5, 5.5, 1], "texture": "#0"},
				"west": {"uv": [5, 0.5, 5.5, 1], "texture": "#0"},
				"up": {"uv": [5, 0.5, 5.5, 1], "texture": "#0"}
			}
		},
		{
			"from": [5.75, 3, 7],
			"to": [6, 3.75, 7.25],
			"rotation": {"angle": 0, "axis": "y", "origin": [-4.5, 2, -1.5]},
			"faces": {
				"north": {"uv": [5, 0.5, 5.5, 1], "texture": "#0"},
				"east": {"uv": [5, 0.5, 5.5, 1], "texture": "#0"},
				"south": {"uv": [5, 0.5, 5.5, 1], "texture": "#0"},
				"up": {"uv": [5, 0.5, 5.5, 1], "texture": "#0"}
			}
		},
		{
			"from": [6.5, 1.75, 6],
			"to": [9.5, 2.25, 6.5],
			"rotation": {"angle": 0, "axis": "y", "origin": [0, 1, -3.5]},
			"faces": {
				"north": {"uv": [2, 0.5, 2.5, 1], "texture": "#0"},
				"south": {"uv": [2, 0.5, 2.5, 1], "texture": "#0"},
				"down": {"uv": [2, 0.5, 2.5, 1], "texture": "#0"}
			}
		},
		{
			"from": [5.75, 3, 8.75],
			"to": [6, 3.75, 9],
			"rotation": {"angle": 0, "axis": "y", "origin": [-4.5, 2, 0.25]},
			"faces": {
				"north": {"uv": [5, 0.5, 5.5, 1], "texture": "#0"},
				"east": {"uv": [5, 0.5, 5.5, 1], "texture": "#0"},
				"south": {"uv": [5, 0.5, 5.5, 1], "texture": "#0"},
				"up": {"uv": [5, 0.5, 5.5, 1], "texture": "#0"}
			}
		},
		{
			"from": [5.5, 3, 7],
			"to": [5.75, 3.75, 9],
			"rotation": {"angle": 0, "axis": "y", "origin": [-4.75, 2, 0]},
			"faces": {
				"north": {"uv": [5, 0.5, 5.5, 1], "texture": "#0"},
				"east": {"uv": [5, 0.5, 5.5, 1], "texture": "#0"},
				"south": {"uv": [5, 0.5, 5.5, 1], "texture": "#0"},
				"west": {"uv": [5, 0.5, 5.5, 1], "texture": "#0"},
				"up": {"uv": [5, 0.5, 5.5, 1], "texture": "#0"}
			}
		},
		{
			"from": [6.5, 1.75, 9.5],
			"to": [9.5, 2.25, 10],
			"rotation": {"angle": 0, "axis": "y", "origin": [0, 1, 0]},
			"faces": {
				"north": {"uv": [2, 0.5, 2.5, 1], "texture": "#0"},
				"south": {"uv": [2, 0.5, 2.5, 1], "texture": "#0"},
				"down": {"uv": [2, 0.5, 2.5, 1], "texture": "#0"}
			}
		},
		{
			"from": [5, 1.5, 11],
			"to": [11, 2.5, 11.5],
			"rotation": {"angle": 0, "axis": "y", "origin": [0, 1, 1.5]},
			"faces": {
				"north": {"uv": [2, 0.5, 2.5, 1], "texture": "#0"},
				"south": {"uv": [2, 0.5, 2.5, 1], "texture": "#0"},
				"up": {"uv": [2, 0.5, 2.5, 1], "texture": "#0"},
				"down": {"uv": [2, 0.5, 2.5, 1], "texture": "#0"}
			}
		},
		{
			"from": [5, 1.5, 4.5],
			"to": [11, 2.5, 5],
			"rotation": {"angle": 0, "axis": "y", "origin": [0, 1, -5]},
			"faces": {
				"north": {"uv": [2, 0.5, 2.5, 1], "texture": "#0"},
				"south": {"uv": [2, 0.5, 2.5, 1], "texture": "#0"},
				"up": {"uv": [2, 0.5, 2.5, 1], "texture": "#0"},
				"down": {"uv": [2, 0.5, 2.5, 1], "texture": "#0"}
			}
		},
		{
			"from": [7.75, 1.75, 5],
			"to": [8.25, 2.5, 6],
			"rotation": {"angle": 0, "axis": "y", "origin": [0, 1, -4.5]},
			"faces": {
				"east": {"uv": [2, 0.5, 2.5, 1], "texture": "#0"},
				"west": {"uv": [2, 0.5, 2.5, 1], "texture": "#0"},
				"up": {"uv": [2, 0.5, 2.5, 1], "texture": "#0"},
				"down": {"uv": [2, 0.5, 2.5, 1], "texture": "#0"}
			}
		},
		{
			"from": [7.75, 1.75, 10],
			"to": [8.25, 2.5, 11],
			"rotation": {"angle": 0, "axis": "y", "origin": [0, 1, 0.5]},
			"faces": {
				"east": {"uv": [2, 0.5, 2.5, 1], "texture": "#0"},
				"west": {"uv": [2, 0.5, 2.5, 1], "texture": "#0"},
				"up": {"uv": [2, 0.5, 2.5, 1], "texture": "#0"},
				"down": {"uv": [2, 0.5, 2.5, 1], "texture": "#0"}
			}
		},
		{
			"from": [10, 1.75, 7.75],
			"to": [11, 2.5, 8.25],
			"rotation": {"angle": 0, "axis": "y", "origin": [2.5, 1, -2]},
			"faces": {
				"north": {"uv": [2, 0.5, 2.5, 1], "texture": "#0"},
				"south": {"uv": [2, 0.5, 2.5, 1], "texture": "#0"},
				"up": {"uv": [2, 0.5, 2.5, 1], "texture": "#0"},
				"down": {"uv": [2, 0.5, 2.5, 1], "texture": "#0"}
			}
		},
		{
			"from": [5, 1.75, 7.75],
			"to": [6, 2.5, 8.25],
			"rotation": {"angle": 0, "axis": "y", "origin": [-2.5, 1, -2]},
			"faces": {
				"north": {"uv": [2, 0.5, 2.5, 1], "texture": "#0"},
				"south": {"uv": [2, 0.5, 2.5, 1], "texture": "#0"},
				"up": {"uv": [2, 0.5, 2.5, 1], "texture": "#0"},
				"down": {"uv": [2, 0.5, 2.5, 1], "texture": "#0"}
			}
		},
		{
			"from": [11, 1.5, 4.5],
			"to": [11.5, 2.5, 11.5],
			"rotation": {"angle": 0, "axis": "y", "origin": [0.5, 1, -3.5]},
			"faces": {
				"north": {"uv": [2, 0.5, 2.5, 1], "texture": "#0"},
				"east": {"uv": [2, 0.5, 2.5, 1], "texture": "#0"},
				"south": {"uv": [2, 0.5, 2.5, 1], "texture": "#0"},
				"west": {"uv": [2, 0.5, 2.5, 1], "texture": "#0"},
				"up": {"uv": [2, 0.5, 2.5, 1], "texture": "#0"},
				"down": {"uv": [2, 0.5, 2.5, 1], "texture": "#0"}
			}
		},
		{
			"from": [12, 2.5, 8],
			"to": [12.5, 3.5, 9.25],
			"rotation": {"angle": 0, "axis": "y", "origin": [1.5, 2, -3.5]},
			"faces": {
				"east": {"uv": [2, 2, 2.5, 2.5], "texture": "#0"},
				"south": {"uv": [2, 2, 2.5, 2.5], "texture": "#0"},
				"west": {"uv": [2, 2, 2.5, 2.5], "texture": "#0"},
				"up": {"uv": [2, 2, 2.5, 2.5], "texture": "#0"},
				"down": {"uv": [2, 2, 2.5, 2.5], "texture": "#0"}
			}
		},
		{
			"from": [10, 2.5, 8.25],
			"to": [12.5, 3, 9.25],
			"rotation": {"angle": 22.5, "axis": "y", "origin": [12, 3.25, 9.25]},
			"faces": {
				"north": {"uv": [2, 2, 2.5, 2.5], "texture": "#0"},
				"south": {"uv": [2, 2, 2.5, 2.5], "texture": "#0"},
				"up": {"uv": [2, 2, 2.5, 2.5], "texture": "#0"},
				"down": {"uv": [2, 2, 2.5, 2.5], "texture": "#0"}
			}
		},
		{
			"from": [10.75, 2.5, 8.4],
			"to": [12.5, 3, 9.25],
			"rotation": {"angle": 0, "axis": "y", "origin": [12, 3.25, 9.25]},
			"faces": {
				"up": {"uv": [2, 2, 2.5, 2.5], "texture": "#0"},
				"down": {"uv": [2, 2, 2.5, 2.5], "texture": "#0"}
			}
		},
		{
			"from": [12, 2.5, 5],
			"to": [12.5, 3, 8],
			"rotation": {"angle": 0, "axis": "y", "origin": [1.5, 2, -7]},
			"faces": {
				"east": {"uv": [2, 2, 2.5, 2.5], "texture": "#0"},
				"west": {"uv": [2, 2, 2.5, 2.5], "texture": "#0"},
				"up": {"uv": [2, 2, 2.5, 2.5], "texture": "#0"},
				"down": {"uv": [2, 2, 2.5, 2.5], "texture": "#0"}
			}
		},
		{
			"from": [12, 2.5, 4.25],
			"to": [12.5, 3, 5],
			"rotation": {"angle": 22.5, "axis": "y", "origin": [12.5, 3, 5]},
			"faces": {
				"north": {"uv": [2, 2, 2.5, 2.5], "texture": "#0"},
				"east": {"uv": [2, 2, 2.5, 2.5], "texture": "#0"},
				"west": {"uv": [2, 2, 2.5, 2.5], "texture": "#0"},
				"up": {"uv": [2, 2, 2.5, 2.5], "texture": "#0"},
				"down": {"uv": [2, 2, 2.5, 2.5], "texture": "#0"}
			}
		},
		{
			"from": [12, 3, 6.65],
			"to": [12.5, 3.5, 8],
			"rotation": {"angle": -22.5, "axis": "x", "origin": [12.5, 3.5, 8]},
			"faces": {
				"east": {"uv": [2, 2, 2.5, 2.5], "texture": "#0"},
				"west": {"uv": [2, 2, 2.5, 2.5], "texture": "#0"},
				"up": {"uv": [2, 2, 2.5, 2.5], "texture": "#0"}
			}
		},
		{
			"from": [11.25, 3, 6.65],
			"to": [11.75, 3.5, 8],
			"rotation": {"angle": -22.5, "axis": "x", "origin": [11.75, 3.5, 8]},
			"faces": {
				"east": {"uv": [0.5, 2, 1, 2.5], "texture": "#0"},
				"west": {"uv": [0.5, 2, 1, 2.5], "texture": "#0"},
				"up": {"uv": [0.5, 2, 1, 2.5], "texture": "#0"}
			}
		},
		{
			"from": [6.5, 3.25, 6.5],
			"to": [9.5, 3.5, 9.5],
			"rotation": {"angle": 0, "axis": "y", "origin": [0.5, 2.75, -3.5]},
			"faces": {
				"north": {"uv": [0.5, 0.5, 1, 1], "texture": "#0"},
				"east": {"uv": [0.5, 0.5, 1, 1], "texture": "#0"},
				"south": {"uv": [0.5, 0.5, 1, 1], "texture": "#0"},
				"west": {"uv": [0.5, 0.5, 1, 1], "texture": "#0"},
				"up": {"uv": [0.5, 0.5, 1, 1], "texture": "#0"}
			}
		},
		{
			"from": [7, 3.25, 7],
			"to": [9, 4.25, 9],
			"rotation": {"angle": 0, "axis": "y", "origin": [0.5, 3, -3.5]},
			"faces": {
				"north": {"uv": [0.5, 0.5, 1, 1], "texture": "#0"},
				"east": {"uv": [0.5, 0.5, 1, 1], "texture": "#0"},
				"south": {"uv": [0.5, 0.5, 1, 1], "texture": "#0"},
				"west": {"uv": [0.5, 0.5, 1, 1], "texture": "#0"},
				"up": {"uv": [0.5, 0.5, 1, 1], "texture": "#0"}
			}
		},
		{
			"from": [7.1, 4.25, 7.1],
			"to": [8.9, 4.275, 8.9],
			"rotation": {"angle": 0, "axis": "y", "origin": [0.5, 3, -3.5]},
			"faces": {
				"up": {"uv": [0, 10.5, 5.5, 16], "texture": "#0"}
			}
		},
		{
			"from": [6.5, 3, 4.75],
			"to": [9.5, 3.75, 6.25],
			"rotation": {"angle": 0, "axis": "y", "origin": [0.5, 2.75, -6.25]},
			"faces": {
				"east": {"uv": [0.5, 0.5, 1, 1], "texture": "#0"},
				"south": {"uv": [0.5, 0.5, 1, 1], "texture": "#0"},
				"up": {"uv": [0.5, 0.5, 1, 1], "texture": "#0"},
				"down": {"uv": [0.5, 0.5, 1, 1], "texture": "#0"}
			}
		},
		{
			"from": [6.5, 3.775, 3],
			"to": [9.5, 3.775, 5.75],
			"rotation": {"angle": 22.5, "axis": "y", "origin": [9.5, 3.75, 6.25]},
			"faces": {
				"up": {"uv": [10.5, 12.5, 16, 16], "texture": "#0"}
			}
		},
		{
			"from": [6.5, 3, 3.75],
			"to": [8.25, 3.75, 4.75],
			"rotation": {"angle": 0, "axis": "y", "origin": [0.5, 2.75, -7.5]},
			"faces": {
				"north": {"uv": [0.5, 0.5, 1, 1], "texture": "#0"},
				"up": {"uv": [0.5, 0.5, 1, 1], "texture": "#0"},
				"down": {"uv": [0.5, 0.5, 1, 1], "texture": "#0"}
			}
		},
		{
			"from": [5.25, 3, 5.5],
			"to": [6.5, 3.75, 6.25],
			"rotation": {"angle": -45, "axis": "y", "origin": [6.5, 2.75, 6.25]},
			"faces": {
				"south": {"uv": [0.5, 0.5, 1, 1], "texture": "#0"},
				"up": {"uv": [0.5, 0.5, 1, 1], "texture": "#0"},
				"down": {"uv": [0.5, 0.5, 1, 1], "texture": "#0"}
			}
		},
		{
			"from": [10.75, 3, 3.25],
			"to": [11.5, 3.75, 5],
			"rotation": {"angle": 22.5, "axis": "y", "origin": [11.5, 2.75, 5]},
			"faces": {
				"north": {"uv": [0.5, 0.5, 1, 1], "texture": "#0"},
				"east": {"uv": [0.5, 0.5, 1, 1], "texture": "#0"},
				"west": {"uv": [0.5, 0.5, 1, 1], "texture": "#0"},
				"up": {"uv": [0.5, 0.5, 1, 1], "texture": "#0"},
				"down": {"uv": [0.5, 0.5, 1, 1], "texture": "#0"}
			}
		},
		{
			"from": [4.5, 3, 3.75],
			"to": [6.5, 3.75, 4.5],
			"rotation": {"angle": 22.5, "axis": "y", "origin": [6.5, 2.75, 3.75]},
			"faces": {
				"north": {"uv": [0.5, 0.5, 1, 1], "texture": "#0"},
				"up": {"uv": [0.5, 0.5, 1, 1], "rotation": 270, "texture": "#0"},
				"down": {"uv": [0.5, 0.5, 1, 1], "rotation": 90, "texture": "#0"}
			}
		},
		{
			"from": [8.25, 3, 3.75],
			"to": [9.85, 3.75, 5],
			"rotation": {"angle": -22.5, "axis": "y", "origin": [8.25, 2.75, 3.75]},
			"faces": {
				"north": {"uv": [0.5, 0.5, 1, 1], "texture": "#0"},
				"up": {"uv": [0.5, 0.5, 1, 1], "rotation": 180, "texture": "#0"},
				"down": {"uv": [0.5, 0.5, 1, 1], "rotation": 180, "texture": "#0"}
			}
		},
		{
			"from": [4.75, 3, 4.5],
			"to": [6.5, 3.75, 5.75],
			"rotation": {"angle": 0, "axis": "y", "origin": [-2.5, 2.75, -6.75]},
			"faces": {
				"south": {"uv": [0.5, 0.5, 1, 1], "texture": "#0"},
				"up": {"uv": [0.5, 0.5, 1, 1], "texture": "#0"},
				"down": {"uv": [0.5, 0.5, 1, 1], "texture": "#0"}
			}
		},
		{
			"from": [3.15224, 3, 4.51537],
			"to": [4.65224, 3.75, 5.51537],
			"rotation": {"angle": 45, "axis": "y", "origin": [4.65224, 2.75, 4.51537]},
			"faces": {
				"north": {"uv": [0.5, 0.5, 1, 1], "texture": "#0"},
				"south": {"uv": [0.5, 0.5, 1, 1], "texture": "#0"},
				"west": {"uv": [0.5, 0.5, 1, 1], "texture": "#0"},
				"up": {"uv": [0.5, 0.5, 1, 1], "rotation": 270, "texture": "#0"},
				"down": {"uv": [0.5, 0.5, 1, 1], "rotation": 90, "texture": "#0"}
			}
		},
		{
			"from": [9.25, 3, 4.25],
			"to": [10.75, 3.75, 5.25],
			"rotation": {"angle": 0, "axis": "y", "origin": [3, 2.75, -7.25]},
			"faces": {
				"north": {"uv": [0.5, 0.5, 1, 1], "texture": "#0"},
				"south": {"uv": [0.5, 0.5, 1, 1], "texture": "#0"},
				"up": {"uv": [0.5, 0.5, 1, 1], "texture": "#0"},
				"down": {"uv": [0.5, 0.5, 1, 1], "texture": "#0"}
			}
		},
		{
			"from": [10.75, 3, 5],
			"to": [11.5, 3.75, 6.5],
			"rotation": {"angle": 0, "axis": "y", "origin": [4.25, 2.75, -7.25]},
			"faces": {
				"east": {"uv": [0.5, 0.5, 1, 1], "texture": "#0"},
				"south": {"uv": [0.5, 0.5, 1, 1], "texture": "#0"},
				"west": {"uv": [0.5, 0.5, 1, 1], "texture": "#0"},
				"up": {"uv": [0.5, 0.5, 1, 1], "texture": "#0"}
			}
		},
		{
			"from": [10.95, 3.5, 6.5],
			"to": [11.3, 3.65, 8.75],
			"rotation": {"angle": 0, "axis": "y", "origin": [4.25, 2.75, -7.25]},
			"faces": {
				"east": {"uv": [3.5, 0.5, 4, 1], "texture": "#0"},
				"west": {"uv": [3.5, 0.5, 4, 1], "texture": "#0"},
				"up": {"uv": [3.5, 0.5, 4, 1], "texture": "#0"}
			}
		},
		{
			"from": [4.7, 3.5, 7.25],
			"to": [5.05, 3.65, 9.5],
			"rotation": {"angle": 0, "axis": "y", "origin": [4.25, 2.75, -7.25]},
			"faces": {
				"east": {"uv": [3.5, 0.5, 4, 1], "texture": "#0"},
				"west": {"uv": [3.5, 0.5, 4, 1], "texture": "#0"},
				"up": {"uv": [3.5, 0.5, 4, 1], "texture": "#0"}
			}
		},
		{
			"from": [4.95, 2.75, 5.75],
			"to": [5.8, 3.15, 6.5],
			"rotation": {"angle": 0, "axis": "y", "origin": [4.25, 2.75, -7.25]},
			"faces": {
				"north": {"uv": [3.5, 0.5, 4, 1], "texture": "#0"},
				"west": {"uv": [3.5, 0.5, 4, 1], "texture": "#0"},
				"up": {"uv": [3.5, 0.5, 4, 1], "texture": "#0"},
				"down": {"uv": [3.5, 0.5, 4, 1], "texture": "#0"}
			}
		},
		{
			"from": [10.2, 2.75, 9.5],
			"to": [11.05, 3.15, 10.25],
			"rotation": {"angle": 0, "axis": "y", "origin": [4.25, 2.75, -7.25]},
			"faces": {
				"east": {"uv": [3.5, 0.5, 4, 1], "texture": "#0"},
				"south": {"uv": [3.5, 0.5, 4, 1], "texture": "#0"},
				"up": {"uv": [3.5, 0.5, 4, 1], "texture": "#0"},
				"down": {"uv": [3.5, 0.5, 4, 1], "texture": "#0"}
			}
		},
		{
			"from": [10.95, 2.75, 8.5],
			"to": [11.3, 3.65, 8.75],
			"rotation": {"angle": -22.5, "axis": "x", "origin": [10.95, 3.65, 8.75]},
			"faces": {
				"east": {"uv": [3.5, 0.5, 4, 1], "texture": "#0"},
				"south": {"uv": [3.5, 0.5, 4, 1], "texture": "#0"},
				"west": {"uv": [3.5, 0.5, 4, 1], "texture": "#0"}
			}
		},
		{
			"from": [4.7, 2.75, 7.25],
			"to": [5.05, 3.65, 7.5],
			"rotation": {"angle": 22.5, "axis": "x", "origin": [4.95, 3.65, 7.25]},
			"faces": {
				"north": {"uv": [3.5, 0.5, 4, 1], "texture": "#0"},
				"east": {"uv": [3.5, 0.5, 4, 1], "texture": "#0"},
				"south": {"uv": [3.5, 0.5, 4, 1], "texture": "#0"},
				"west": {"uv": [3.5, 0.5, 4, 1], "texture": "#0"},
				"up": {"uv": [3.5, 0.5, 4, 1], "texture": "#0"}
			}
		},
		{
			"from": [11, 3.75, 5],
			"to": [11.25, 3.8, 5.5],
			"rotation": {"angle": 0, "axis": "y", "origin": [4.25, 2.75, -7.25]},
			"faces": {
				"east": {"uv": [3.5, 2, 4, 2.5], "texture": "#0"},
				"south": {"uv": [3.5, 2, 4, 2.5], "texture": "#0"},
				"west": {"uv": [3.5, 2, 4, 2.5], "texture": "#0"},
				"up": {"uv": [3.5, 2, 4, 2.5], "texture": "#0"}
			}
		},
		{
			"from": [11, 3.75, 4.5],
			"to": [11.25, 3.8, 5],
			"rotation": {"angle": 22.5, "axis": "y", "origin": [11.25, 3.75, 5]},
			"faces": {
				"north": {"uv": [3.5, 2, 4, 2.5], "texture": "#0"},
				"east": {"uv": [3.5, 2, 4, 2.5], "texture": "#0"},
				"west": {"uv": [3.5, 2, 4, 2.5], "texture": "#0"},
				"up": {"uv": [3.5, 2, 4, 2.5], "texture": "#0"}
			}
		},
		{
			"from": [10.75, 2.35, 5],
			"to": [11.75, 3, 7.5],
			"rotation": {"angle": 0, "axis": "y", "origin": [4.5, 2.25, -7]},
			"faces": {
				"east": {"uv": [0.5, 2, 1, 2.5], "texture": "#0"},
				"west": {"uv": [0.5, 2, 1, 2.5], "texture": "#0"},
				"up": {"uv": [0.5, 2, 1, 2.5], "texture": "#0"},
				"down": {"uv": [0.5, 2, 1, 2.5], "texture": "#0"}
			}
		},
		{
			"from": [10.75, 2.35, 6.5],
			"to": [11.5, 3.5, 8.75],
			"rotation": {"angle": 0, "axis": "y", "origin": [4.5, 2.25, -7]},
			"faces": {
				"east": {"uv": [0.5, 2, 1, 2.5], "texture": "#0"},
				"south": {"uv": [0.5, 2, 1, 2.5], "texture": "#0"},
				"up": {"uv": [0.5, 2, 1, 2.5], "texture": "#0"},
				"down": {"uv": [0.5, 2, 1, 2.5], "texture": "#0"}
			}
		},
		{
			"from": [10.25, 2.35, 8.5],
			"to": [10.75, 3.5, 8.75],
			"rotation": {"angle": -45, "axis": "y", "origin": [10.75, 3.5, 8.75]},
			"faces": {
				"south": {"uv": [0.5, 2, 1, 2.5], "texture": "#0"},
				"west": {"uv": [0.5, 2, 1, 2.5], "texture": "#0"},
				"up": {"uv": [0.5, 2, 1, 2.5], "texture": "#0"},
				"down": {"uv": [0.5, 2, 1, 2.5], "texture": "#0"}
			}
		},
		{
			"from": [10.5, 2.35, 6.5],
			"to": [10.75, 3.5, 8.5],
			"rotation": {"angle": 0, "axis": "y", "origin": [4.25, 2.25, -7]},
			"faces": {
				"west": {"uv": [0.5, 2, 1, 2.5], "texture": "#0"},
				"up": {"uv": [0.5, 2, 1, 2.5], "texture": "#0"},
				"down": {"uv": [0.5, 2, 1, 2.5], "texture": "#0"}
			}
		},
		{
			"from": [10.5, 2.35, 6.25],
			"to": [11, 3.5, 7],
			"rotation": {"angle": 45, "axis": "y", "origin": [10.5, 3.5, 7]},
			"faces": {
				"west": {"uv": [0.5, 2, 1, 2.5], "texture": "#0"},
				"up": {"uv": [0.5, 2, 1, 2.5], "texture": "#0"},
				"down": {"uv": [0.5, 2, 1, 2.5], "texture": "#0"}
			}
		},
		{
			"from": [9.5, 2.35, 5.25],
			"to": [10.75, 3.5, 6.5],
			"rotation": {"angle": 0, "axis": "y", "origin": [4, 2.25, -7]},
			"faces": {
				"north": {"uv": [0.5, 2, 1, 2.5], "texture": "#0"},
				"south": {"uv": [0.5, 2, 1, 2.5], "texture": "#0"},
				"west": {"uv": [0.5, 2, 1, 2.5], "texture": "#0"},
				"up": {"uv": [0.5, 2, 1, 2.5], "texture": "#0"},
				"down": {"uv": [0.5, 2, 1, 2.5], "texture": "#0"}
			}
		},
		{
			"from": [11.5, 2.35, 8],
			"to": [11.75, 3.5, 8.75],
			"rotation": {"angle": 0, "axis": "y", "origin": [4.75, 2.25, -7]},
			"faces": {
				"east": {"uv": [0.5, 2, 1, 2.5], "texture": "#0"},
				"south": {"uv": [0.5, 2, 1, 2.5], "texture": "#0"},
				"up": {"uv": [0.5, 2, 1, 2.5], "texture": "#0"},
				"down": {"uv": [0.5, 2, 1, 2.5], "texture": "#0"}
			}
		},
		{
			"from": [11.5, 2.35, 7.25],
			"to": [11.75, 3, 8],
			"rotation": {"angle": 0, "axis": "y", "origin": [4.75, 2.25, -7]},
			"faces": {
				"east": {"uv": [0.5, 2, 1, 2.5], "texture": "#0"},
				"down": {"uv": [0.5, 2, 1, 2.5], "texture": "#0"}
			}
		},
		{
			"from": [11.75, 2.35, 7.75],
			"to": [13.25, 2.8, 8.75],
			"rotation": {"angle": 22.5, "axis": "y", "origin": [11.75, 2.35, 8.75]},
			"faces": {
				"north": {"uv": [0.5, 2, 1, 2.5], "texture": "#0"},
				"east": {"uv": [0.5, 2, 1, 2.5], "texture": "#0"},
				"south": {"uv": [0.5, 2, 1, 2.5], "texture": "#0"},
				"up": {"uv": [0.5, 2, 1, 2.5], "texture": "#0"},
				"down": {"uv": [0.5, 2, 1, 2.5], "texture": "#0"}
			}
		},
		{
			"from": [2.75, 2.35, 7.25],
			"to": [4.25, 2.8, 8.25],
			"rotation": {"angle": 22.5, "axis": "y", "origin": [4.25, 2.35, 7.25]},
			"faces": {
				"north": {"uv": [0.5, 2, 1, 2.5], "texture": "#0"},
				"south": {"uv": [0.5, 2, 1, 2.5], "texture": "#0"},
				"west": {"uv": [0.5, 2, 1, 2.5], "texture": "#0"},
				"up": {"uv": [0.5, 2, 1, 2.5], "texture": "#0"},
				"down": {"uv": [0.5, 2, 1, 2.5], "texture": "#0"}
			}
		},
		{
			"from": [10.75, 2.35, 3.75],
			"to": [11.75, 3, 5],
			"rotation": {"angle": 22.5, "axis": "y", "origin": [11.75, 3, 5]},
			"faces": {
				"north": {"uv": [0.5, 2, 1, 2.5], "texture": "#0"},
				"east": {"uv": [0.5, 2, 1, 2.5], "texture": "#0"},
				"west": {"uv": [0.5, 2, 1, 2.5], "texture": "#0"},
				"up": {"uv": [0.5, 2, 1, 2.5], "texture": "#0"},
				"down": {"uv": [0.5, 2, 1, 2.5], "texture": "#0"}
			}
		},
		{
			"from": [4.5, 3, 9.5],
			"to": [5.25, 3.75, 11],
			"rotation": {"angle": 0, "axis": "y", "origin": [8, 4.3, 8]},
			"faces": {
				"north": {"uv": [0.5, 0.5, 1, 1], "texture": "#0"},
				"east": {"uv": [0.5, 0.5, 1, 1], "texture": "#0"},
				"west": {"uv": [0.5, 0.5, 1, 1], "texture": "#0"},
				"up": {"uv": [0.5, 0.5, 1, 1], "rotation": 180, "texture": "#0"}
			}
		},
		{
			"from": [4.75, 3.75, 10.5],
			"to": [5, 3.8, 11],
			"rotation": {"angle": 0, "axis": "y", "origin": [8, 4.3, 8]},
			"faces": {
				"north": {"uv": [3.5, 2, 4, 2.5], "texture": "#0"},
				"east": {"uv": [3.5, 2, 4, 2.5], "texture": "#0"},
				"west": {"uv": [3.5, 2, 4, 2.5], "texture": "#0"},
				"up": {"uv": [3.5, 2, 4, 2.5], "rotation": 180, "texture": "#0"}
			}
		},
		{
			"from": [3.84329, 3.75, 9.5276],
			"to": [4.09329, 3.8, 10.0276],
			"rotation": {"angle": 22.5, "axis": "y", "origin": [8, 4.3, 8]},
			"faces": {
				"north": {"uv": [3.5, 2, 4, 2.5], "texture": "#0"},
				"east": {"uv": [3.5, 2, 4, 2.5], "texture": "#0"},
				"south": {"uv": [3.5, 2, 4, 2.5], "texture": "#0"},
				"west": {"uv": [3.5, 2, 4, 2.5], "texture": "#0"},
				"up": {"uv": [3.5, 2, 4, 2.5], "rotation": 180, "texture": "#0"}
			}
		},
		{
			"from": [3.61232, 3, 9.43193],
			"to": [4.36232, 3.75, 11.18193],
			"rotation": {"angle": 22.5, "axis": "y", "origin": [8, 4.3, 8]},
			"faces": {
				"north": {"uv": [0.5, 0.5, 1, 1], "texture": "#0"},
				"east": {"uv": [0.5, 0.5, 1, 1], "texture": "#0"},
				"south": {"uv": [0.5, 0.5, 1, 1], "texture": "#0"},
				"west": {"uv": [0.5, 0.5, 1, 1], "texture": "#0"},
				"up": {"uv": [0.5, 0.5, 1, 1], "rotation": 180, "texture": "#0"},
				"down": {"uv": [0.5, 0.5, 1, 1], "rotation": 180, "texture": "#0"}
			}
		},
		{
			"from": [4.27678, 2.5, 5.3141],
			"to": [6.77678, 3, 6.3141],
			"rotation": {"angle": 22.5, "axis": "y", "origin": [8, 4.3, 8]},
			"faces": {
				"north": {"uv": [2, 2, 2.5, 2.5], "texture": "#0"},
				"south": {"uv": [2, 2, 2.5, 2.5], "texture": "#0"},
				"up": {"uv": [2, 2, 2.5, 2.5], "rotation": 180, "texture": "#0"},
				"down": {"uv": [2, 2, 2.5, 2.5], "rotation": 180, "texture": "#0"}
			}
		},
		{
			"from": [3.5, 2.5, 6.75],
			"to": [4, 3.5, 8],
			"rotation": {"angle": 0, "axis": "y", "origin": [8, 4.3, 8]},
			"faces": {
				"north": {"uv": [2, 2, 2.5, 2.5], "texture": "#0"},
				"east": {"uv": [2, 2, 2.5, 2.5], "texture": "#0"},
				"south": {"uv": [2, 2, 2.5, 2.5], "texture": "#0"},
				"west": {"uv": [2, 2, 2.5, 2.5], "texture": "#0"},
				"up": {"uv": [2, 2, 2.5, 2.5], "rotation": 180, "texture": "#0"},
				"down": {"uv": [2, 2, 2.5, 2.5], "rotation": 180, "texture": "#0"}
			}
		},
		{
			"from": [3.5, 3, 8],
			"to": [4, 3.5, 9.35],
			"rotation": {"angle": 22.5, "axis": "x", "origin": [3.75, 3.55, 8]},
			"faces": {
				"north": {"uv": [2, 2, 2.5, 2.5], "texture": "#0"},
				"east": {"uv": [2, 2, 2.5, 2.5], "texture": "#0"},
				"west": {"uv": [2, 2, 2.5, 2.5], "texture": "#0"},
				"up": {"uv": [2, 2, 2.5, 2.5], "rotation": 180, "texture": "#0"}
			}
		},
		{
			"from": [3.5, 2.5, 8],
			"to": [4, 3, 11],
			"rotation": {"angle": 0, "axis": "y", "origin": [8, 4.3, 8]},
			"faces": {
				"east": {"uv": [2, 2, 2.5, 2.5], "texture": "#0"},
				"west": {"uv": [2, 2, 2.5, 2.5], "texture": "#0"},
				"up": {"uv": [2, 2, 2.5, 2.5], "rotation": 180, "texture": "#0"},
				"down": {"uv": [2, 2, 2.5, 2.5], "rotation": 180, "texture": "#0"}
			}
		},
		{
			"from": [3.5, 2.5, 6.75],
			"to": [5.25, 3, 7.6],
			"rotation": {"angle": 0, "axis": "y", "origin": [8, 4.3, 8]},
			"faces": {
				"up": {"uv": [2, 2, 2.5, 2.5], "rotation": 180, "texture": "#0"},
				"down": {"uv": [2, 2, 2.5, 2.5], "rotation": 180, "texture": "#0"}
			}
		},
		{
			"from": [2.68844, 2.5, 9.04925],
			"to": [3.18844, 3, 9.79925],
			"rotation": {"angle": 22.5, "axis": "y", "origin": [8, 4.3, 8]},
			"faces": {
				"north": {"uv": [2, 2, 2.5, 2.5], "texture": "#0"},
				"east": {"uv": [2, 2, 2.5, 2.5], "texture": "#0"},
				"south": {"uv": [2, 2, 2.5, 2.5], "texture": "#0"},
				"west": {"uv": [2, 2, 2.5, 2.5], "texture": "#0"},
				"up": {"uv": [2, 2, 2.5, 2.5], "rotation": 180, "texture": "#0"},
				"down": {"uv": [2, 2, 2.5, 2.5], "rotation": 180, "texture": "#0"}
			}
		},
		{
			"from": [3.38135, 2.35, 9.33626],
			"to": [4.38135, 3, 10.58626],
			"rotation": {"angle": 22.5, "axis": "y", "origin": [8, 4.3, 8]},
			"faces": {
				"north": {"uv": [0.5, 2, 1, 2.5], "texture": "#0"},
				"east": {"uv": [0.5, 2, 1, 2.5], "texture": "#0"},
				"south": {"uv": [0.5, 2, 1, 2.5], "texture": "#0"},
				"west": {"uv": [0.5, 2, 1, 2.5], "texture": "#0"},
				"up": {"uv": [0.5, 2, 1, 2.5], "rotation": 180, "texture": "#0"},
				"down": {"uv": [0.5, 2, 1, 2.5], "rotation": 180, "texture": "#0"}
			}
		},
		{
			"from": [4.25, 2.35, 8.5],
			"to": [5.25, 3, 11],
			"rotation": {"angle": 0, "axis": "y", "origin": [8, 4.3, 8]},
			"faces": {
				"east": {"uv": [0.5, 2, 1, 2.5], "texture": "#0"},
				"west": {"uv": [0.5, 2, 1, 2.5], "texture": "#0"},
				"up": {"uv": [0.5, 2, 1, 2.5], "rotation": 180, "texture": "#0"},
				"down": {"uv": [0.5, 2, 1, 2.5], "rotation": 180, "texture": "#0"}
			}
		},
		{
			"from": [4.25, 2.35, 7.25],
			"to": [4.5, 3.5, 8],
			"rotation": {"angle": 0, "axis": "y", "origin": [8, 4.3, 8]},
			"faces": {
				"north": {"uv": [0.5, 2, 1, 2.5], "texture": "#0"},
				"west": {"uv": [0.5, 2, 1, 2.5], "texture": "#0"},
				"up": {"uv": [0.5, 2, 1, 2.5], "rotation": 180, "texture": "#0"},
				"down": {"uv": [0.5, 2, 1, 2.5], "rotation": 180, "texture": "#0"}
			}
		},
		{
			"from": [4.25, 2.35, 8],
			"to": [4.5, 3, 8.5],
			"rotation": {"angle": 0, "axis": "y", "origin": [8, 4.3, 8]},
			"faces": {
				"west": {"uv": [0.5, 2, 1, 2.5], "texture": "#0"},
				"down": {"uv": [0.5, 2, 1, 2.5], "rotation": 180, "texture": "#0"}
			}
		},
		{
			"from": [4.25, 3, 8],
			"to": [4.75, 3.5, 9.35],
			"rotation": {"angle": 22.5, "axis": "x", "origin": [4.25, 3.5, 8]},
			"faces": {
				"east": {"uv": [0.5, 2, 1, 2.5], "texture": "#0"},
				"west": {"uv": [0.5, 2, 1, 2.5], "texture": "#0"},
				"up": {"uv": [0.5, 2, 1, 2.5], "rotation": 180, "texture": "#0"}
			}
		},
		{
			"from": [4.5, 2.35, 7.25],
			"to": [5.25, 3.5, 9.5],
			"rotation": {"angle": 0, "axis": "y", "origin": [8, 4.3, 8]},
			"faces": {
				"north": {"uv": [0.5, 2, 1, 2.5], "texture": "#0"},
				"east": {"uv": [0.5, 2, 1, 2.5], "texture": "#0"},
				"west": {"uv": [0.5, 2, 1, 2.5], "texture": "#0"},
				"up": {"uv": [0.5, 2, 1, 2.5], "rotation": 180, "texture": "#0"},
				"down": {"uv": [0.5, 2, 1, 2.5], "rotation": 180, "texture": "#0"}
			}
		},
		{
			"from": [5.53534, 2.35, 9.40813],
			"to": [6.03534, 3.5, 9.65813],
			"rotation": {"angle": -45, "axis": "y", "origin": [8, 4.3, 8]},
			"faces": {
				"north": {"uv": [0.5, 2, 1, 2.5], "texture": "#0"},
				"east": {"uv": [0.5, 2, 1, 2.5], "texture": "#0"},
				"west": {"uv": [0.5, 2, 1, 2.5], "texture": "#0"},
				"up": {"uv": [0.5, 2, 1, 2.5], "rotation": 180, "texture": "#0"},
				"down": {"uv": [0.5, 2, 1, 2.5], "rotation": 180, "texture": "#0"}
			}
		},
		{
			"from": [5.25, 2.35, 7.5],
			"to": [5.5, 3.5, 9.5],
			"rotation": {"angle": 0, "axis": "y", "origin": [8, 4.3, 8]},
			"faces": {
				"east": {"uv": [0.5, 2, 1, 2.5], "texture": "#0"},
				"up": {"uv": [0.5, 2, 1, 2.5], "rotation": 180, "texture": "#0"},
				"down": {"uv": [0.5, 2, 1, 2.5], "rotation": 180, "texture": "#0"}
			}
		},
		{
			"from": [6.93642, 2.35, 10.4864],
			"to": [7.68642, 3.5, 10.9864],
			"rotation": {"angle": -45, "axis": "y", "origin": [8, 4.3, 8]},
			"faces": {
				"north": {"uv": [0.5, 2, 1, 2.5], "texture": "#0"},
				"up": {"uv": [0.5, 2, 1, 2.5], "rotation": 90, "texture": "#0"},
				"down": {"uv": [0.5, 2, 1, 2.5], "rotation": 270, "texture": "#0"}
			}
		},
		{
			"from": [5.25, 2.35, 9.5],
			"to": [6.5, 3.5, 10.75],
			"rotation": {"angle": 0, "axis": "y", "origin": [8, 4.3, 8]},
			"faces": {
				"north": {"uv": [0.5, 2, 1, 2.5], "texture": "#0"},
				"east": {"uv": [0.5, 2, 1, 2.5], "texture": "#0"},
				"south": {"uv": [0.5, 2, 1, 2.5], "texture": "#0"},
				"up": {"uv": [0.5, 2, 1, 2.5], "rotation": 180, "texture": "#0"},
				"down": {"uv": [0.5, 2, 1, 2.5], "rotation": 180, "texture": "#0"}
			}
		},
		{
			"from": [5.25, 3, 10.75],
			"to": [6.75, 3.75, 11.75],
			"rotation": {"angle": 0, "axis": "y", "origin": [8, 4.3, 8]},
			"faces": {
				"north": {"uv": [0.5, 0.5, 1, 1], "texture": "#0"},
				"south": {"uv": [0.5, 0.5, 1, 1], "texture": "#0"},
				"up": {"uv": [0.5, 0.5, 1, 1], "rotation": 180, "texture": "#0"},
				"down": {"uv": [0.5, 0.5, 1, 1], "rotation": 180, "texture": "#0"}
			}
		},
		{
			"from": [7.80115, 3, 10.77013],
			"to": [9.40115, 3.75, 12.02013],
			"rotation": {"angle": -22.5, "axis": "y", "origin": [8, 4.3, 8]},
			"faces": {
				"east": {"uv": [0.5, 0.5, 1, 1], "texture": "#0"},
				"south": {"uv": [0.5, 0.5, 1, 1], "texture": "#0"},
				"up": {"uv": [0.5, 0.5, 1, 1], "texture": "#0"},
				"down": {"uv": [0.5, 0.5, 1, 1], "texture": "#0"}
			}
		},
		{
			"from": [6.5, 3, 9.75],
			"to": [9.5, 3.75, 11.25],
			"rotation": {"angle": 0, "axis": "y", "origin": [8, 4.3, 8]},
			"faces": {
				"north": {"uv": [0.5, 0.5, 1, 1], "texture": "#0"},
				"east": {"uv": [0.5, 0.5, 1, 1], "texture": "#0"},
				"west": {"uv": [0.5, 0.5, 1, 1], "texture": "#0"},
				"up": {"uv": [0.5, 0.5, 1, 1], "rotation": 180, "texture": "#0"},
				"down": {"uv": [0.5, 0.5, 1, 1], "rotation": 180, "texture": "#0"}
			}
		},
		{
			"from": [5.93843, 3.775, 9.54245],
			"to": [8.93843, 3.775, 12.29245],
			"rotation": {"angle": 22.5, "axis": "y", "origin": [8, 4.3, 8]},
			"faces": {
				"up": {"uv": [10.5, 12.5, 16, 16], "rotation": 180, "texture": "#0"}
			}
		},
		{
			"from": [10.30831, 3, 8.17069],
			"to": [11.55831, 3.75, 8.92069],
			"rotation": {"angle": -45, "axis": "y", "origin": [8, 4.3, 8]},
			"faces": {
				"north": {"uv": [0.5, 0.5, 1, 1], "texture": "#0"},
				"west": {"uv": [0.5, 0.5, 1, 1], "texture": "#0"},
				"up": {"uv": [0.5, 0.5, 1, 1], "rotation": 180, "texture": "#0"},
				"down": {"uv": [0.5, 0.5, 1, 1], "rotation": 180, "texture": "#0"}
			}
		},
		{
			"from": [9.5, 3, 10.25],
			"to": [11.25, 3.75, 11.5],
			"rotation": {"angle": 0, "axis": "y", "origin": [8, 4.3, 8]},
			"faces": {
				"north": {"uv": [0.5, 0.5, 1, 1], "texture": "#0"},
				"up": {"uv": [0.5, 0.5, 1, 1], "rotation": 180, "texture": "#0"},
				"down": {"uv": [0.5, 0.5, 1, 1], "rotation": 180, "texture": "#0"}
			}
		},
		{
			"from": [7.75336, 3, 11.7502],
			"to": [9.75336, 3.75, 12.5002],
			"rotation": {"angle": 22.5, "axis": "y", "origin": [8, 4.3, 8]},
			"faces": {
				"east": {"uv": [0.5, 0.5, 1, 1], "texture": "#0"},
				"south": {"uv": [0.5, 0.5, 1, 1], "texture": "#0"},
				"west": {"uv": [0.5, 0.5, 1, 1], "texture": "#0"},
				"up": {"uv": [0.5, 0.5, 1, 1], "rotation": 90, "texture": "#0"},
				"down": {"uv": [0.5, 0.5, 1, 1], "rotation": 270, "texture": "#0"}
			}
		},
		{
			"from": [7.75, 3, 11.25],
			"to": [9.5, 3.75, 12.25],
			"rotation": {"angle": 0, "axis": "y", "origin": [8, 4.3, 8]},
			"faces": {
				"east": {"uv": [0.5, 0.5, 1, 1], "texture": "#0"},
				"south": {"uv": [0.5, 0.5, 1, 1], "texture": "#0"},
				"west": {"uv": [0.5, 0.5, 1, 1], "texture": "#0"},
				"up": {"uv": [0.5, 0.5, 1, 1], "rotation": 180, "texture": "#0"},
				"down": {"uv": [0.5, 0.5, 1, 1], "rotation": 180, "texture": "#0"}
			}
		},
		{
			"from": [6.275, 3.45, 12.025],
			"to": [6.425, 3.6, 12.175],
			"rotation": {"angle": 0, "axis": "y", "origin": [8, 4.3, 8]},
			"faces": {
				"north": {"uv": [2, 0.5, 2.5, 1], "rotation": 270, "texture": "#0"},
				"east": {"uv": [2, 0.5, 2.5, 1], "rotation": 270, "texture": "#0"},
				"south": {"uv": [2, 0.5, 2.5, 1], "rotation": 270, "texture": "#0"},
				"west": {"uv": [2, 0.5, 2.5, 1], "rotation": 270, "texture": "#0"},
				"up": {"uv": [2, 0.5, 2.5, 1], "rotation": 90, "texture": "#0"}
			}
		},
		{
			"from": [6, 2.75, 11.85],
			"to": [6.675, 3.5, 12.25],
			"rotation": {"angle": 0, "axis": "y", "origin": [8, 4.3, 8]},
			"faces": {
				"north": {"uv": [5, 0.5, 5.5, 1], "texture": "#0"},
				"east": {"uv": [5, 0.5, 5.5, 1], "texture": "#0"},
				"south": {"uv": [5, 0.5, 5.5, 1], "texture": "#0"},
				"west": {"uv": [5, 0.5, 5.5, 1], "texture": "#0"},
				"up": {"uv": [5, 0.5, 5.5, 1], "rotation": 90, "texture": "#0"},
				"down": {"uv": [5, 0.5, 5.5, 1], "rotation": 270, "texture": "#0"}
			}
		},
		{
			"from": [7.78436, 2.75, 12.33983],
			"to": [8.58436, 3.5, 12.68983],
			"rotation": {"angle": -22.5, "axis": "y", "origin": [8, 4.3, 8]},
			"faces": {
				"north": {"uv": [5, 0.5, 5.5, 1], "texture": "#0"},
				"east": {"uv": [5, 0.5, 5.5, 1], "texture": "#0"},
				"south": {"uv": [5, 0.5, 5.5, 1], "texture": "#0"},
				"west": {"uv": [5, 0.5, 5.5, 1], "texture": "#0"},
				"up": {"uv": [5, 0.5, 5.5, 1], "rotation": 90, "texture": "#0"},
				"down": {"uv": [5, 0.5, 5.5, 1], "rotation": 270, "texture": "#0"}
			}
		},
		{
			"from": [6.25, 2.75, 10.2],
			"to": [6.675, 3, 11.85],
			"rotation": {"angle": 0, "axis": "y", "origin": [8, 4.3, 8]},
			"faces": {
				"east": {"uv": [5, 0.5, 5.5, 1], "texture": "#0"},
				"west": {"uv": [5, 0.5, 5.5, 1], "texture": "#0"},
				"up": {"uv": [5, 0.5, 5.5, 1], "rotation": 90, "texture": "#0"},
				"down": {"uv": [5, 0.5, 5.5, 1], "rotation": 270, "texture": "#0"}
			}
		},
		{
			"from": [11.82831, 3, 6.60831],
			"to": [12.82831, 3.75, 8.10831],
			"rotation": {"angle": -45, "axis": "y", "origin": [8, 4.3, 8]},
			"faces": {
				"north": {"uv": [0.5, 0.5, 1, 1], "texture": "#0"},
				"east": {"uv": [0.5, 0.5, 1, 1], "texture": "#0"},
				"south": {"uv": [0.5, 0.5, 1, 1], "texture": "#0"},
				"west": {"uv": [0.5, 0.5, 1, 1], "texture": "#0"},
				"up": {"uv": [0.5, 0.5, 1, 1], "texture": "#0"},
				"down": {"uv": [0.5, 0.5, 1, 1], "texture": "#0"}
			}
		},
		{
			"from": [9, 3.5, 7.5],
			"to": [10.75, 4.25, 8.5],
			"rotation": {"angle": -45, "axis": "z", "origin": [9, 4.25, 7.5]},
			"faces": {
				"north": {"uv": [0.5, 0.5, 1, 1], "texture": "#0"},
				"south": {"uv": [0.5, 0.5, 1, 1], "texture": "#0"},
				"up": {"uv": [0.5, 0.5, 1, 1], "texture": "#0"}
			}
		},
		{
			"from": [5.25, 3.5, 7.5],
			"to": [7, 4.25, 8.5],
			"rotation": {"angle": 45, "axis": "z", "origin": [7, 4.25, 7.5]},
			"faces": {
				"north": {"uv": [0.5, 0.5, 1, 1], "texture": "#0"},
				"south": {"uv": [0.5, 0.5, 1, 1], "texture": "#0"},
				"up": {"uv": [0.5, 0.5, 1, 1], "texture": "#0"}
			}
		},
		{
			"from": [4.5, 1.5, 4.5],
			"to": [5, 2.5, 11.5],
			"rotation": {"angle": 0, "axis": "y", "origin": [-6, 1, -3.5]},
			"faces": {
				"north": {"uv": [2, 0.5, 2.5, 1], "texture": "#0"},
				"east": {"uv": [2, 0.5, 2.5, 1], "texture": "#0"},
				"south": {"uv": [2, 0.5, 2.5, 1], "texture": "#0"},
				"west": {"uv": [2, 0.5, 2.5, 1], "texture": "#0"},
				"up": {"uv": [2, 0.5, 2.5, 1], "texture": "#0"},
				"down": {"uv": [2, 0.5, 2.5, 1], "texture": "#0"}
			}
		},
		{
			"from": [9.5, 1.75, 6],
			"to": [10, 2.25, 10],
			"rotation": {"angle": 0, "axis": "y", "origin": [0, 1, 0.5]},
			"faces": {
				"north": {"uv": [2, 0.5, 2.5, 1], "texture": "#0"},
				"east": {"uv": [2, 0.5, 2.5, 1], "texture": "#0"},
				"south": {"uv": [2, 0.5, 2.5, 1], "texture": "#0"},
				"west": {"uv": [2, 0.5, 2.5, 1], "texture": "#0"},
				"down": {"uv": [2, 0.5, 2.5, 1], "texture": "#0"}
			}
		},
		{
			"from": [6, 1.75, 6],
			"to": [6.5, 2.25, 10],
			"rotation": {"angle": 0, "axis": "y", "origin": [-3.5, 1, 0.5]},
			"faces": {
				"north": {"uv": [2, 0.5, 2.5, 1], "texture": "#0"},
				"east": {"uv": [2, 0.5, 2.5, 1], "texture": "#0"},
				"south": {"uv": [2, 0.5, 2.5, 1], "texture": "#0"},
				"west": {"uv": [2, 0.5, 2.5, 1], "texture": "#0"},
				"down": {"uv": [2, 0.5, 2.5, 1], "texture": "#0"}
			}
		},
		{
			"from": [7.5, 0.25, 7.5],
			"to": [8.5, 0.5, 8.5],
			"rotation": {"angle": 0, "axis": "y", "origin": [0, -0.75, 0]},
			"faces": {
				"north": {"uv": [0.5, 0.5, 1, 1], "texture": "#0"},
				"east": {"uv": [0.5, 0.5, 1, 1], "texture": "#0"},
				"south": {"uv": [0.5, 0.5, 1, 1], "texture": "#0"},
				"west": {"uv": [0.5, 0.5, 1, 1], "texture": "#0"},
				"up": {"uv": [0.5, 0.5, 1, 1], "texture": "#0"},
				"down": {"uv": [0.5, 0.5, 1, 1], "texture": "#0"}
			}
		},
		{
			"from": [7.5, 0.75, 7.5],
			"to": [8.5, 1, 8.5],
			"rotation": {"angle": 0, "axis": "y", "origin": [0, -0.25, 0]},
			"faces": {
				"north": {"uv": [0.5, 0.5, 1, 1], "texture": "#0"},
				"east": {"uv": [0.5, 0.5, 1, 1], "texture": "#0"},
				"south": {"uv": [0.5, 0.5, 1, 1], "texture": "#0"},
				"west": {"uv": [0.5, 0.5, 1, 1], "texture": "#0"},
				"down": {"uv": [0.5, 0.5, 1, 1], "texture": "#0"}
			}
		},
		{
			"from": [7.65, 0, 7.65],
			"to": [8.35, 1, 8.35],
			"rotation": {"angle": 0, "axis": "y", "origin": [0, -1, 0]},
			"faces": {
				"north": {"uv": [0.5, 0.5, 1, 1], "texture": "#0"},
				"east": {"uv": [0.5, 0.5, 1, 1], "texture": "#0"},
				"south": {"uv": [0.5, 0.5, 1, 1], "texture": "#0"},
				"west": {"uv": [0.5, 0.5, 1, 1], "texture": "#0"},
				"down": {"uv": [0.5, 0.5, 1, 1], "texture": "#0"}
			}
		}
	],
	"display": {
		"thirdperson_righthand": {
			"rotation": [67.5, 11, 5],
			"translation": [1.5, 2, 2.5],
			"scale": [0.6, 0.6, 0.6]
		},
		"thirdperson_lefthand": {
			"rotation": [67.5, 11, 5],
			"translation": [1.5, 2, 2.5],
			"scale": [0.6, 0.6, 0.6]
		},
		"firstperson_righthand": {
			"rotation": [1, 11, 11],
			"translation": [4.75, 2.75, -3.25],
			"scale": [0.6, 0.6, 0.6]
		},
		"firstperson_lefthand": {
			"rotation": [1, 11, 11],
			"translation": [4.75, 2.75, -3.25],
			"scale": [0.6, 0.6, 0.6]
		},
		"ground": {
			"translation": [0, 1.75, 0],
			"scale": [0.6, 0.6, 0.6]
		},
		"gui": {
			"rotation": [21, -28, 0],
			"translation": [0, 3.75, 0]
		},
		"head": {
			"translation": [0, 5, 0],
			"scale": [3, 3, 3]
		},
		"fixed": {
			"rotation": [-90, 0, 0],
			"translation": [0, 0, -9.5],
			"scale": [1.5, 1.5, 1.5]
		}
	},
	"groups": [
		{
			"name": "beyblade_2",
			"origin": [8, 8, 8],
			"color": 0,
			"nbt": "{}",
			"children": [0, 1, 2, 3, 4, 5, 6, 7, 8, 9, 10, 11, 12, 13, 14, 15, 16, 17, 18, 19, 20, 21, 22, 23, 24, 25, 26, 27, 28, 29, 30, 31, 32, 33, 34, 35, 36, 37, 38, 39, 40, 41, 42, 43, 44, 45, 46, 47, 48, 49, 50, 51, 52, 53, 54, 55, 56, 57, 58, 59, 60, 61, 62, 63, 64, 65, 66, 67, 68, 69, 70, 71, 72, 73, 74,
				{
					"name": "group",
					"origin": [8.00224, 4.25, 8.01537],
					"color": 0,
					"nbt": "{}",
					"children": [75, 76, 77, 78, 79, 80, 81, 82, 83, 84, 85, 86, 87, 88, 89, 90, 91, 92, 93, 94, 95, 96, 97, 98, 99, 100, 101, 102, 103, 104, 105, 106, 107]
				}, 108, 109, 110, 111, 112, 113, 114, 115]
		}
	]
}