{
	"credit": "Made with Blockbench",
	"texture_size": [64, 64],
	"textures": {
		"1": "custom/blue_shell"
	},
	"elements": [
		{
			"from": [1, 5, 0],
			"to": [15, 7, 16],
			"rotation": {"angle": 0, "axis": "y", "origin": [8, 0, 8]},
			"faces": {
				"north": {"uv": [9, 6.5, 12.5, 7], "texture": "#1"},
				"east": {"uv": [9, 5.5, 13, 6], "texture": "#1"},
				"south": {"uv": [0, 9.25, 3.5, 9.75], "texture": "#1"},
				"west": {"uv": [9, 6, 13, 6.5], "texture": "#1"},
				"up": {"uv": [3.5, 4, 0, 0], "texture": "#1"},
				"down": {"uv": [7, 0, 3.5, 4], "texture": "#1"}
			}
		},
		{
			"from": [2, 7, 1],
			"to": [14, 11, 15],
			"rotation": {"angle": 0, "axis": "y", "origin": [8, 0, 8]},
			"faces": {
				"north": {"uv": [3.5, 8.25, 6.5, 9.25], "texture": "#1"},
				"east": {"uv": [6, 7.25, 9.5, 8.25], "texture": "#1"},
				"south": {"uv": [6.5, 8.25, 9.5, 9.25], "texture": "#1"},
				"west": {"uv": [0, 7.5, 3.5, 8.5], "texture": "#1"},
				"up": {"uv": [3, 7.5, 0, 4], "texture": "#1"},
				"down": {"uv": [6, 4, 3, 7.5], "texture": "#1"}
			}
		},
		{
			"from": [7, 10, 13],
			"to": [9, 14, 15],
			"rotation": {"angle": 45, "axis": "x", "origin": [8, 10, 14]},
			"faces": {
				"north": {"uv": [5.5, 9.25, 6, 10.25], "texture": "#1"},
				"east": {"uv": [6, 9.25, 6.5, 10.25], "texture": "#1"},
				"south": {"uv": [6.5, 9.25, 7, 10.25], "texture": "#1"},
				"west": {"uv": [7, 9.25, 7.5, 10.25], "texture": "#1"},
				"up": {"uv": [6, 10.75, 5.5, 10.25], "texture": "#1"},
				"down": {"uv": [6.5, 10.25, 6, 10.75], "texture": "#1"}
			}
		},
		{
			"from": [7, 11, 7],
			"to": [9, 15, 9],
			"rotation": {"angle": 0, "axis": "x", "origin": [8, 11, 8]},
			"faces": {
				"north": {"uv": [7.5, 9.25, 8, 10.25], "texture": "#1"},
				"east": {"uv": [8, 9.25, 8.5, 10.25], "texture": "#1"},
				"south": {"uv": [8.5, 9.25, 9, 10.25], "texture": "#1"},
				"west": {"uv": [9, 9.25, 9.5, 10.25], "texture": "#1"},
				"up": {"uv": [7, 10.75, 6.5, 10.25], "texture": "#1"},
				"down": {"uv": [7.5, 10.25, 7, 10.75], "texture": "#1"}
			}
		},
		{
			"from": [2, 10, 7],
			"to": [4, 14, 9],
			"rotation": {"angle": 45, "axis": "z", "origin": [3, 10, 8]},
			"faces": {
				"north": {"uv": [9.5, 9, 10, 10], "texture": "#1"},
				"east": {"uv": [0, 9.75, 0.5, 10.75], "texture": "#1"},
				"south": {"uv": [0.5, 9.75, 1, 10.75], "texture": "#1"},
				"west": {"uv": [1, 9.75, 1.5, 10.75], "texture": "#1"},
				"up": {"uv": [9, 10.75, 8.5, 10.25], "texture": "#1"},
				"down": {"uv": [9.5, 10.25, 9, 10.75], "texture": "#1"}
			}
		},
		{
			"from": [12, 10, 7],
			"to": [14, 14, 9],
			"rotation": {"angle": -45, "axis": "z", "origin": [13, 10, 8]},
			"faces": {
				"north": {"uv": [3.5, 9.25, 4, 10.25], "texture": "#1"},
				"east": {"uv": [4, 9.25, 4.5, 10.25], "texture": "#1"},
				"south": {"uv": [4.5, 9.25, 5, 10.25], "texture": "#1"},
				"west": {"uv": [5, 9.25, 5.5, 10.25], "texture": "#1"},
				"up": {"uv": [5, 10.75, 4.5, 10.25], "texture": "#1"},
				"down": {"uv": [5.5, 10.25, 5, 10.75], "texture": "#1"}
			}
		},
		{
			"from": [13, 7, 13],
			"to": [17, 9, 15],
			"rotation": {"angle": -45, "axis": "y", "origin": [13, 8, 14]},
			"faces": {
				"north": {"uv": [1.5, 9.75, 2.5, 10.25], "texture": "#1"},
				"east": {"uv": [10.5, 2, 11, 2.5], "texture": "#1"},
				"south": {"uv": [2.5, 9.75, 3.5, 10.25], "texture": "#1"},
				"west": {"uv": [10.5, 2.5, 11, 3], "texture": "#1"},
				"up": {"uv": [11, 0.5, 10, 0], "texture": "#1"},
				"down": {"uv": [11, 0.5, 10, 1], "texture": "#1"}
			}
		},
		{
			"from": [2, 7, 14],
			"to": [4, 9, 18],
			"rotation": {"angle": -45, "axis": "y", "origin": [3, 8, 14]},
			"faces": {
				"north": {"uv": [10.5, 7, 11, 7.5], "texture": "#1"},
				"east": {"uv": [10, 1, 11, 1.5], "texture": "#1"},
				"south": {"uv": [10.5, 7.5, 11, 8], "texture": "#1"},
				"west": {"uv": [10, 1.5, 11, 2], "texture": "#1"},
				"up": {"uv": [10.5, 3, 10, 2], "texture": "#1"},
				"down": {"uv": [10.5, 7, 10, 8], "texture": "#1"}
			}
		},
		{
			"from": [-1, 7, 1],
			"to": [3, 9, 3],
			"rotation": {"angle": -45, "axis": "y", "origin": [3, 8, 2]},
			"faces": {
				"north": {"uv": [10, 8, 11, 8.5], "texture": "#1"},
				"east": {"uv": [9.5, 10.5, 10, 11], "texture": "#1"},
				"south": {"uv": [10, 8.5, 11, 9], "texture": "#1"},
				"west": {"uv": [10, 10.5, 10.5, 11], "texture": "#1"},
				"up": {"uv": [11, 9.5, 10, 9], "texture": "#1"},
				"down": {"uv": [10.5, 10, 9.5, 10.5], "texture": "#1"}
			}
		},
		{
			"from": [12, 7, -2],
			"to": [14, 9, 2],
			"rotation": {"angle": -45, "axis": "y", "origin": [13, 8, 2]},
			"faces": {
				"north": {"uv": [10.5, 10, 11, 10.5], "texture": "#1"},
				"east": {"uv": [10, 9.5, 11, 10], "texture": "#1"},
				"south": {"uv": [10.5, 10.5, 11, 11], "texture": "#1"},
				"west": {"uv": [1.5, 10.25, 2.5, 10.75], "texture": "#1"},
				"up": {"uv": [3, 11.25, 2.5, 10.25], "texture": "#1"},
				"down": {"uv": [3.5, 10.25, 3, 11.25], "texture": "#1"}
			}
		},
		{
			"from": [7, 9, -2],
			"to": [9, 11, 2],
			"rotation": {"angle": 45, "axis": "x", "origin": [8, 10, 2]},
			"faces": {
				"north": {"uv": [7.5, 10.25, 8, 10.75], "texture": "#1"},
				"east": {"uv": [3.5, 7.5, 4.5, 8], "texture": "#1"},
				"south": {"uv": [8, 10.25, 8.5, 10.75], "texture": "#1"},
				"west": {"uv": [4.5, 7.5, 5.5, 8], "texture": "#1"},
				"up": {"uv": [10, 8, 9.5, 7], "texture": "#1"},
				"down": {"uv": [10, 8, 9.5, 9], "texture": "#1"}
			}
		},
		{
			"from": [2, 2, 2],
			"to": [14, 5, 15],
			"rotation": {"angle": 0, "axis": "y", "origin": [8, 0, 8]},
			"faces": {
				"north": {"uv": [9, 4, 12, 4.75], "texture": "#1"},
				"east": {"uv": [7, 3.25, 10.25, 4], "texture": "#1"},
				"south": {"uv": [9, 4.75, 12, 5.5], "texture": "#1"},
				"west": {"uv": [0, 8.5, 3.25, 9.25], "texture": "#1"},
				"up": {"uv": [9, 7.25, 6, 4], "texture": "#1"},
				"down": {"uv": [10, 0, 7, 3.25], "texture": "#1"}
			}
		},
		{
			"from": [10, 2, 1],
			"to": [12, 5, 2],
			"rotation": {"angle": 0, "axis": "y", "origin": [8, 0, -5]},
			"faces": {
				"north": {"uv": [5.5, 7.5, 6, 8.25], "texture": "#1"},
				"east": {"uv": [3.25, 8.5, 3.5, 9.25], "texture": "#1"},
				"south": {"uv": [10.25, 3, 10.75, 3.75], "texture": "#1"},
				"west": {"uv": [1, 10.75, 1.25, 11.5], "texture": "#1"},
				"up": {"uv": [9.5, 7.25, 9, 7], "texture": "#1"},
				"down": {"uv": [2.25, 10.75, 1.75, 11], "texture": "#1"}
			}
		},
		{
			"from": [4, 2, 1],
			"to": [6, 5, 2],
			"rotation": {"angle": 0, "axis": "y", "origin": [3, 0, -5]},
			"faces": {
				"north": {"uv": [3.5, 10.25, 4, 11], "texture": "#1"},
				"east": {"uv": [1.25, 10.75, 1.5, 11.5], "texture": "#1"},
				"south": {"uv": [4, 10.25, 4.5, 11], "texture": "#1"},
				"west": {"uv": [1.5, 10.75, 1.75, 11.5], "texture": "#1"},
				"up": {"uv": [11.25, 3.25, 10.75, 3], "texture": "#1"},
				"down": {"uv": [11.25, 3.25, 10.75, 3.5], "texture": "#1"}
			}
		},
		{
			"from": [6, 2, 1],
			"to": [10, 3, 2],
			"rotation": {"angle": 0, "axis": "y", "origin": [4, 0, -5]},
			"faces": {
				"north": {"uv": [3.5, 8, 4.5, 8.25], "texture": "#1"},
				"east": {"uv": [10, 3, 10.25, 3.25], "texture": "#1"},
				"south": {"uv": [4.5, 8, 5.5, 8.25], "texture": "#1"},
				"west": {"uv": [2.25, 10.75, 2.5, 11], "texture": "#1"},
				"up": {"uv": [11.25, 4, 10.25, 3.75], "texture": "#1"},
				"down": {"uv": [1, 10.75, 0, 11], "texture": "#1"}
			}
		}
	],
	"display": {
		"thirdperson_righthand": {
			"rotation": [27, 10, 2],
			"translation": [-1.25, 0.25, 0],
			"scale": [0.3, 0.3, 0.3]
		},
		"thirdperson_lefthand": {
			"rotation": [27, 10, 2],
			"translation": [-1.25, 0.25, 0],
			"scale": [0.3, 0.3, 0.3]
		},
		"firstperson_righthand": {
			"rotation": [5, 12, 1],
			"translation": [1.75, 1.5, 0],
			"scale": [0.3, 0.3, 0.3]
		},
		"firstperson_lefthand": {
			"rotation": [5, 12, 1],
			"translation": [1.75, 1.5, 0],
			"scale": [0.3, 0.3, 0.3]
		},
		"ground": {
			"scale": [0.3, 0.3, 0.3]
		},
		"gui": {
			"rotation": [19, 146, 0],
			"scale": [0.7, 0.7, 0.7]
		},
		"head": {
			"translation": [0, -36, 0]
		}
	}
}