{
    "parent": "item/generated",
    "textures": {
        "layer0": "item/iron_nugget"
    },
    "overrides": [
        {"predicate": {"custom_model_data": 1}, "model": "item/tnt/tnt_closed"},
        {"predicate": {"custom_model_data": 2}, "model": "item/tnt/tnt_open1"},
        {"predicate": {"custom_model_data": 3}, "model": "item/tnt/tnt_open2"},
        {"predicate": {"custom_model_data": 4}, "model": "item/tnt/tnt_open3"},
        {"predicate": {"custom_model_data": 5}, "model": "item/tnt/tnt_open4"},
        {"predicate": {"custom_model_data": 6}, "model": "item/tnt/tnt_open5"},
		{"predicate": {"custom_model_data": 7}, "model": "item/tnt/tnt_open6"},
		{"predicate": {"custom_model_data": 8}, "model": "item/tnt/tnt_open7"},
		{"predicate": {"custom_model_data": 9}, "model": "item/tnt/tnt_component_1"},
		{"predicate": {"custom_model_data": 10}, "model": "item/tnt/tnt_component_2"},
		{"predicate": {"custom_model_data": 11}, "model": "item/tnt/tnt_component_3"},
		{"predicate": {"custom_model_data": 12}, "model": "item/tnt/tnt_component_4"},
		{"predicate": {"custom_model_data": 13}, "model": "item/tnt/tnt_component_5"},
		{"predicate": {"custom_model_data": 14}, "model": "item/tnt/tnt_component_6"},
		{"predicate": {"custom_model_data": 15}, "model": "item/tnt/tnt_component_7"},
		{"predicate": {"custom_model_data": 16}, "model": "item/tnt/tnt_component_8"},
		{"predicate": {"custom_model_data": 17}, "model": "item/tnt/tnt_component_9"},
		{"predicate": {"custom_model_data": 18}, "model": "item/piston/piston_body"},
		{"predicate": {"custom_model_data": 19}, "model": "item/piston/ext_straight_side"},
		{"predicate": {"custom_model_data": 20}, "model": "item/piston/ext_down_up"},
		{"predicate": {"custom_model_data": 21}, "model": "item/piston/ext_straight_left"},
		{"predicate": {"custom_model_data": 22}, "model": "item/piston/ext_straight_right"},
		{"predicate": {"custom_model_data": 23}, "model": "item/piston/ext_up_straight"},
		{"predicate": {"custom_model_data": 24}, "model": "item/piston/ext_down_straight"},
		{"predicate": {"custom_model_data": 25}, "model": "item/piston/ext_straight_down"},
		{"predicate": {"custom_model_data": 26}, "model": "item/piston/ext_down_straight2"},
		{"predicate": {"custom_model_data": 27}, "model": "item/piston/ext_up_down"},
		{"predicate": {"custom_model_data": 28}, "model": "item/piston/ext_up_down"},
		{"predicate": {"custom_model_data": 29}, "model": "item/piston/ext_up_down"},
		{"predicate": {"custom_model_data": 30}, "model": "item/piston/piston_body_up"},
		{"predicate": {"custom_model_data": 31}, "model": "item/piston/piston_body_down"},
		{"predicate": {"custom_model_data": 32}, "model": "item/piston/piston_head_normal_side"},
		{"predicate": {"custom_model_data": 33}, "model": "item/piston/piston_head_normal_up"},
		{"predicate": {"custom_model_data": 34}, "model": "item/piston/piston_head_normal_down"},
		{"predicate": {"custom_model_data": 35}, "model": "item/piston/ext_straight_left_head"},
		{"predicate": {"custom_model_data": 36}, "model": "item/piston/ext_straight_right_head"},
		{"predicate": {"custom_model_data": 37}, "model": "item/piston/ext_up_straight_head"},
		{"predicate": {"custom_model_data": 38}, "model": "item/piston/ext_straight_down_head"},
		{"predicate": {"custom_model_data": 39}, "model": "item/piston/ext_down_straight_head"},
		{"predicate": {"custom_model_data": 40}, "model": "item/piston/ext_down_straight2_head"},
		{"predicate": {"custom_model_data": 41}, "model": "item/piston/piston_head_normal_side_sticky"},
		{"predicate": {"custom_model_data": 42}, "model": "item/piston/piston_head_normal_up_sticky"},
		{"predicate": {"custom_model_data": 43}, "model": "item/piston/piston_head_normal_down_sticky"},
		{"predicate": {"custom_model_data": 44}, "model": "item/piston/ext_straight_left_head_sticky"},
		{"predicate": {"custom_model_data": 45}, "model": "item/piston/ext_straight_right_head_sticky"},
		{"predicate": {"custom_model_data": 46}, "model": "item/piston/ext_up_straight_head_sticky"},
		{"predicate": {"custom_model_data": 47}, "model": "item/piston/ext_straight_down_head_sticky"},
		{"predicate": {"custom_model_data": 48}, "model": "item/piston/ext_down_straight_head_sticky"},
		{"predicate": {"custom_model_data": 49}, "model": "item/piston/ext_down_straight2_head_sticky"},
		{"predicate": {"custom_model_data": 50}, "model": "item/piston/piston_body_full_side"},
		{"predicate": {"custom_model_data": 51}, "model": "item/piston/piston_body_full_up"},
		{"predicate": {"custom_model_data": 52}, "model": "item/piston/piston_body_full_down"},
		{"predicate": {"custom_model_data": 53}, "model": "item/piston/piston_body_full_side_sticky"},
		{"predicate": {"custom_model_data": 54}, "model": "item/piston/piston_body_full_up_sticky"},
		{"predicate": {"custom_model_data": 55}, "model": "item/piston/piston_body_full_down_sticky"},
		{"predicate": {"custom_model_data": 56}, "model": "item/tnt/tnt_open_thumbnail"},
		{"predicate": {"custom_model_data": 57}, "model": "item/traffic_light/traffic_light_green"},
		{"predicate": {"custom_model_data": 58}, "model": "item/traffic_light/traffic_light_orange"},
		{"predicate": {"custom_model_data": 59}, "model": "item/traffic_light/traffic_light_red"},
		{"predicate": {"custom_model_data": 60}, "model": "item/sharkzooka/sharkzooka_unloaded"},
		{"predicate": {"custom_model_data": 61}, "model": "item/sharkzooka/shark"},
		{"predicate": {"custom_model_data": 62}, "model": "item/sharkzooka/shark_jump"},
		{"predicate": {"custom_model_data": 63}, "model": "item/sharkzooka/shark_proj"},
		{"predicate": {"custom_model_data": 64}, "model": "item/tree/oak_log_bottom"},
		{"predicate": {"custom_model_data": 80}, "model": "item/stone_wall/corner_bottom"},
		{"predicate": {"custom_model_data": 81}, "model": "item/stone_wall/corner_top"},
		{"predicate": {"custom_model_data": 82}, "model": "item/stone_wall/door_quarter"},
		{"predicate": {"custom_model_data": 83}, "model": "item/stone_wall/door_quarter2"},
		{"predicate": {"custom_model_data": 84}, "model": "item/stone_wall/door_center"},
		{"predicate": {"custom_model_data": 85}, "model": "item/stone_wall/door_center2"},
		{"predicate": {"custom_model_data": 86}, "model": "item/stone_wall/stone_block"},
		{"predicate": {"custom_model_data": 87}, "model": "item/stone_wall/fake_rail"}
    ]
}
