{"parent":"item/generated","textures":{"layer0":"item/pink_dye"},"overrides":[{"predicate":{"custom_model_data":1},"model":"minecraft:item/rig_rover/door_closed/drill"},{"predicate":{"custom_model_data":2},"model":"minecraft:item/rig_rover/door_closed/body"},{"predicate":{"custom_model_data":3},"model":"minecraft:item/rig_rover/door_closed/drill_door_left"},{"predicate":{"custom_model_data":4},"model":"minecraft:item/rig_rover/door_closed/drill_door_right"},{"predicate":{"custom_model_data":5},"model":"minecraft:item/rig_rover/door_closed/arm_1"},{"predicate":{"custom_model_data":6},"model":"minecraft:item/rig_rover/door_closed/arm_2"},{"predicate":{"custom_model_data":7},"model":"minecraft:item/rig_rover/door_closed/arm_3"},{"predicate":{"custom_model_data":8},"model":"minecraft:item/rig_rover/door_closed/arm_4"},{"predicate":{"custom_model_data":9},"model":"minecraft:item/rig_rover/door_closed/arm_5"},{"predicate":{"custom_model_data":10},"model":"minecraft:item/rig_rover/door_closed/arm_6"},{"predicate":{"custom_model_data":11},"model":"minecraft:item/rig_rover/door_closed/claw"},{"predicate":{"custom_model_data":12},"model":"minecraft:item/rig_rover/door_closed/claw_left"},{"predicate":{"custom_model_data":13},"model":"minecraft:item/rig_rover/door_closed/claw_right"},{"predicate":{"custom_model_data":14},"model":"minecraft:item/rig_rover/door_closed/wheel5"},{"predicate":{"custom_model_data":15},"model":"minecraft:item/rig_rover/door_closed/wheel2"},{"predicate":{"custom_model_data":16},"model":"minecraft:item/rig_rover/door_closed/wheel3"},{"predicate":{"custom_model_data":17},"model":"minecraft:item/rig_rover/door_closed/wheel4"},{"predicate":{"custom_model_data":18},"model":"minecraft:item/rig_rover/door_closed/wheel6"},{"predicate":{"custom_model_data":19},"model":"minecraft:item/rig_rover/door_closed/wheel7"},{"predicate":{"custom_model_data":20},"model":"minecraft:item/rig_rover/door_closed/seat"},{"predicate":{"custom_model_data":21},"model":"minecraft:item/rig_rover/door_closed/claw_grab_point"},{"predicate":{"custom_model_data":22},"model":"minecraft:item/rig_rover/door_open/drill"},{"predicate":{"custom_model_data":23},"model":"minecraft:item/rig_rover/door_open/body"},{"predicate":{"custom_model_data":24},"model":"minecraft:item/rig_rover/door_open/drill_door_left"},{"predicate":{"custom_model_data":25},"model":"minecraft:item/rig_rover/door_open/drill_door_right"},{"predicate":{"custom_model_data":26},"model":"minecraft:item/rig_rover/door_open/arm_1"},{"predicate":{"custom_model_data":27},"model":"minecraft:item/rig_rover/door_open/arm_2"},{"predicate":{"custom_model_data":28},"model":"minecraft:item/rig_rover/door_open/arm_3"},{"predicate":{"custom_model_data":29},"model":"minecraft:item/rig_rover/door_open/arm_4"},{"predicate":{"custom_model_data":30},"model":"minecraft:item/rig_rover/door_open/arm_5"},{"predicate":{"custom_model_data":31},"model":"minecraft:item/rig_rover/door_open/arm_6"},{"predicate":{"custom_model_data":32},"model":"minecraft:item/rig_rover/door_open/claw"},{"predicate":{"custom_model_data":33},"model":"minecraft:item/rig_rover/door_open/claw_left"},{"predicate":{"custom_model_data":34},"model":"minecraft:item/rig_rover/door_open/claw_right"},{"predicate":{"custom_model_data":35},"model":"minecraft:item/rig_rover/door_open/wheel5"},{"predicate":{"custom_model_data":36},"model":"minecraft:item/rig_rover/door_open/wheel2"},{"predicate":{"custom_model_data":37},"model":"minecraft:item/rig_rover/door_open/wheel3"},{"predicate":{"custom_model_data":38},"model":"minecraft:item/rig_rover/door_open/wheel4"},{"predicate":{"custom_model_data":39},"model":"minecraft:item/rig_rover/door_open/wheel6"},{"predicate":{"custom_model_data":40},"model":"minecraft:item/rig_rover/door_open/wheel7"},{"predicate":{"custom_model_data":41},"model":"minecraft:item/rig_rover/door_open/seat"},{"predicate":{"custom_model_data":42},"model":"minecraft:item/rig_rover/door_open/claw_grab_point"}]}