{"parent":"item/generated","textures":{"layer0":"item/yellow_dye"},"overrides":[{"predicate":{"custom_model_data":1},"model":"minecraft:item/rig_demon/default/body"},{"predicate":{"custom_model_data":2},"model":"minecraft:item/rig_demon/default/arm_left_1"},{"predicate":{"custom_model_data":3},"model":"minecraft:item/rig_demon/default/arm_left_2"},{"predicate":{"custom_model_data":4},"model":"minecraft:item/rig_demon/default/head"},{"predicate":{"custom_model_data":5},"model":"minecraft:item/rig_demon/default/leg_right_1"},{"predicate":{"custom_model_data":6},"model":"minecraft:item/rig_demon/default/leg_right_2"},{"predicate":{"custom_model_data":7},"model":"minecraft:item/rig_demon/default/leg_left_1"},{"predicate":{"custom_model_data":8},"model":"minecraft:item/rig_demon/default/leg_left_2"},{"predicate":{"custom_model_data":9},"model":"minecraft:item/rig_demon/default/arm_right_2"},{"predicate":{"custom_model_data":10},"model":"minecraft:item/rig_demon/default/arm_right_1"},{"predicate":{"custom_model_data":11},"model":"minecraft:item/rig_demon/red/body"},{"predicate":{"custom_model_data":12},"model":"minecraft:item/rig_demon/red/arm_left_1"},{"predicate":{"custom_model_data":13},"model":"minecraft:item/rig_demon/red/arm_left_2"},{"predicate":{"custom_model_data":14},"model":"minecraft:item/rig_demon/red/head"},{"predicate":{"custom_model_data":15},"model":"minecraft:item/rig_demon/red/leg_right_1"},{"predicate":{"custom_model_data":16},"model":"minecraft:item/rig_demon/red/leg_right_2"},{"predicate":{"custom_model_data":17},"model":"minecraft:item/rig_demon/red/leg_left_1"},{"predicate":{"custom_model_data":18},"model":"minecraft:item/rig_demon/red/leg_left_2"},{"predicate":{"custom_model_data":19},"model":"minecraft:item/rig_demon/red/arm_right_2"},{"predicate":{"custom_model_data":20},"model":"minecraft:item/rig_demon/red/arm_right_1"},{"predicate":{"custom_model_data":21},"model":"minecraft:item/rig_demon/green/body"},{"predicate":{"custom_model_data":22},"model":"minecraft:item/rig_demon/green/arm_left_1"},{"predicate":{"custom_model_data":23},"model":"minecraft:item/rig_demon/green/arm_left_2"},{"predicate":{"custom_model_data":24},"model":"minecraft:item/rig_demon/green/head"},{"predicate":{"custom_model_data":25},"model":"minecraft:item/rig_demon/green/leg_right_1"},{"predicate":{"custom_model_data":26},"model":"minecraft:item/rig_demon/green/leg_right_2"},{"predicate":{"custom_model_data":27},"model":"minecraft:item/rig_demon/green/leg_left_1"},{"predicate":{"custom_model_data":28},"model":"minecraft:item/rig_demon/green/leg_left_2"},{"predicate":{"custom_model_data":29},"model":"minecraft:item/rig_demon/green/arm_right_2"},{"predicate":{"custom_model_data":30},"model":"minecraft:item/rig_demon/green/arm_right_1"}]}