{
	"credit": "Made with Blockbench",
	"texture_size": [32, 32],
	"textures": {
		"0": "custom/tnt_top",
		"1": "custom/tnt_bottom",
		"2": "custom/tnt_side",
		"3": "custom/tnt_inside2",
		"4": "custom/tnt_inside",
		"5": "custom/inner_things",
		"particle": "custom/tnt_top"
	},
	"elements": [
		{
			"from": [13, 2, 2],
			"to": [14, 14, 14],
			"faces": {
				"north": {"uv": [8, 0, 8.5, 6], "texture": "#5"},
				"east": {"uv": [0, 0, 6, 6], "texture": "#5"},
				"south": {"uv": [8, 6, 8.5, 12], "texture": "#5"},
				"west": {"uv": [0, 6, 6, 12], "texture": "#5"},
				"up": {"uv": [9, 6, 8.5, 0], "texture": "#5"},
				"down": {"uv": [9, 6, 8.5, 12], "texture": "#5"}
			}
		},
		{
			"from": [2.5, 12, 4.5],
			"to": [6.5, 13, 5.5],
			"faces": {
				"north": {"uv": [10, 7, 12, 7.5], "texture": "#5"},
				"east": {"uv": [10, 12, 10.5, 12.5], "texture": "#5"},
				"south": {"uv": [10, 7.5, 12, 8], "texture": "#5"},
				"west": {"uv": [12, 10, 12.5, 10.5], "texture": "#5"},
				"up": {"uv": [12, 8.5, 10, 8], "texture": "#5"},
				"down": {"uv": [12, 8.5, 10, 9], "texture": "#5"}
			}
		},
		{
			"from": [2.5, 12, 7.5],
			"to": [5.5, 13, 8.5],
			"faces": {
				"north": {"uv": [6.5, 10, 8, 10.5], "texture": "#5"},
				"east": {"uv": [10.5, 12, 11, 12.5], "texture": "#5"},
				"south": {"uv": [6.5, 10.5, 8, 11], "texture": "#5"},
				"west": {"uv": [12, 10.5, 12.5, 11], "texture": "#5"},
				"up": {"uv": [8, 11.5, 6.5, 11], "texture": "#5"},
				"down": {"uv": [10.5, 11, 9, 11.5], "texture": "#5"}
			}
		},
		{
			"from": [2.5, 12, 10.5],
			"to": [5.5, 13, 11.5],
			"faces": {
				"north": {"uv": [10.5, 11, 12, 11.5], "texture": "#5"},
				"east": {"uv": [11, 12, 11.5, 12.5], "texture": "#5"},
				"south": {"uv": [6.5, 11.5, 8, 12], "texture": "#5"},
				"west": {"uv": [12, 11, 12.5, 11.5], "texture": "#5"},
				"up": {"uv": [10.5, 12, 9, 11.5], "texture": "#5"},
				"down": {"uv": [12, 11.5, 10.5, 12], "texture": "#5"}
			}
		},
		{
			"from": [5.5, 12, 5.5],
			"to": [6.5, 13, 11.5],
			"faces": {
				"north": {"uv": [11.5, 12, 12, 12.5], "texture": "#5"},
				"east": {"uv": [10, 3, 13, 3.5], "texture": "#5"},
				"south": {"uv": [12, 11.5, 12.5, 12], "texture": "#5"},
				"west": {"uv": [10, 3.5, 13, 4], "texture": "#5"},
				"up": {"uv": [10.5, 7, 10, 4], "texture": "#5"},
				"down": {"uv": [6.5, 10, 6, 13], "texture": "#5"}
			}
		},
		{
			"from": [6.5, 12, 4.5],
			"to": [8.5, 13, 5.5],
			"faces": {
				"north": {"uv": [0, 12, 1, 12.5], "texture": "#5"},
				"east": {"uv": [12, 12, 12.5, 12.5], "texture": "#5"},
				"south": {"uv": [1, 12, 2, 12.5], "texture": "#5"},
				"west": {"uv": [0, 12.5, 0.5, 13], "texture": "#5"},
				"up": {"uv": [3, 12.5, 2, 12], "texture": "#5"},
				"down": {"uv": [4, 12, 3, 12.5], "texture": "#5"}
			}
		},
		{
			"from": [7, 8, 4],
			"to": [8, 12, 5],
			"faces": {
				"north": {"uv": [0, 12, 1, 12.5], "texture": "#5"},
				"east": {"uv": [12, 12, 12.5, 12.5], "texture": "#5"},
				"south": {"uv": [1, 12, 2, 12.5], "texture": "#5"},
				"west": {"uv": [0, 12.5, 0.5, 13], "texture": "#5"},
				"up": {"uv": [3, 12.5, 2, 12], "texture": "#5"},
				"down": {"uv": [4, 12, 3, 12.5], "texture": "#5"}
			}
		},
		{
			"from": [11, 2, 11],
			"to": [12, 8, 12],
			"faces": {
				"north": {"uv": [0, 12, 1, 12.5], "texture": "#5"},
				"east": {"uv": [12, 12, 12.5, 12.5], "texture": "#5"},
				"south": {"uv": [1, 12, 2, 12.5], "texture": "#5"},
				"west": {"uv": [0, 12.5, 0.5, 13], "texture": "#5"},
				"up": {"uv": [3, 12.5, 2, 12], "texture": "#5"},
				"down": {"uv": [4, 12, 3, 12.5], "texture": "#5"}
			}
		},
		{
			"from": [9, 2, 9],
			"to": [10, 6, 10],
			"faces": {
				"north": {"uv": [0, 12, 1, 12.5], "texture": "#5"},
				"east": {"uv": [12, 12, 12.5, 12.5], "texture": "#5"},
				"south": {"uv": [1, 12, 2, 12.5], "texture": "#5"},
				"west": {"uv": [0, 12.5, 0.5, 13], "texture": "#5"},
				"up": {"uv": [3, 12.5, 2, 12], "texture": "#5"},
				"down": {"uv": [4, 12, 3, 12.5], "texture": "#5"}
			}
		},
		{
			"from": [7.5, 8, 2.5],
			"to": [8.5, 9, 4.5],
			"faces": {
				"north": {"uv": [0, 12, 1, 12.5], "texture": "#5"},
				"east": {"uv": [12, 12, 12.5, 12.5], "texture": "#5"},
				"south": {"uv": [1, 12, 2, 12.5], "texture": "#5"},
				"west": {"uv": [0, 12.5, 0.5, 13], "texture": "#5"},
				"up": {"uv": [3, 12.5, 2, 12], "texture": "#5"},
				"down": {"uv": [4, 12, 3, 12.5], "texture": "#5"}
			}
		},
		{
			"from": [11, 8, 5],
			"to": [12, 9, 13],
			"faces": {
				"north": {"uv": [0, 12, 1, 12.5], "texture": "#5"},
				"east": {"uv": [12, 12, 12.5, 12.5], "texture": "#5"},
				"south": {"uv": [1, 12, 2, 12.5], "texture": "#5"},
				"west": {"uv": [0, 12.5, 0.5, 13], "texture": "#5"},
				"up": {"uv": [3, 12.5, 2, 12], "texture": "#5"},
				"down": {"uv": [4, 12, 3, 12.5], "texture": "#5"}
			}
		},
		{
			"from": [9, 6, 5],
			"to": [10, 7, 10],
			"faces": {
				"north": {"uv": [0, 12, 1, 12.5], "texture": "#5"},
				"east": {"uv": [12, 12, 12.5, 12.5], "texture": "#5"},
				"south": {"uv": [1, 12, 2, 12.5], "texture": "#5"},
				"west": {"uv": [0, 12.5, 0.5, 13], "texture": "#5"},
				"up": {"uv": [3, 12.5, 2, 12], "texture": "#5"},
				"down": {"uv": [4, 12, 3, 12.5], "texture": "#5"}
			}
		},
		{
			"from": [7.5, 5, 2.5],
			"to": [8.5, 8, 3.5],
			"faces": {
				"north": {"uv": [0, 12, 1, 12.5], "texture": "#5"},
				"east": {"uv": [12, 12, 12.5, 12.5], "texture": "#5"},
				"south": {"uv": [1, 12, 2, 12.5], "texture": "#5"},
				"west": {"uv": [0, 12.5, 0.5, 13], "texture": "#5"},
				"up": {"uv": [3, 12.5, 2, 12], "texture": "#5"},
				"down": {"uv": [4, 12, 3, 12.5], "texture": "#5"}
			}
		},
		{
			"from": [2.5, 11, 4.5],
			"to": [3.5, 12, 5.5],
			"faces": {
				"north": {"uv": [0.5, 12.5, 1, 13], "texture": "#5"},
				"east": {"uv": [1, 12.5, 1.5, 13], "texture": "#5"},
				"south": {"uv": [1.5, 12.5, 2, 13], "texture": "#5"},
				"west": {"uv": [2, 12.5, 2.5, 13], "texture": "#5"},
				"up": {"uv": [3, 13, 2.5, 12.5], "texture": "#5"},
				"down": {"uv": [3.5, 12.5, 3, 13], "texture": "#5"}
			}
		},
		{
			"from": [7.75, 5, 5],
			"to": [8, 11.25, 5.25],
			"faces": {
				"north": {"uv": [4, 15, 4.5, 15.5], "texture": "#5"},
				"east": {"uv": [4, 15, 4.5, 15.5], "texture": "#5"},
				"south": {"uv": [4, 15, 4.5, 15.5], "texture": "#5"},
				"west": {"uv": [4, 15, 4.5, 15.5], "texture": "#5"},
				"up": {"uv": [4, 15, 4.5, 15.5], "texture": "#5"},
				"down": {"uv": [4, 15, 4.5, 15.5], "texture": "#5"}
			}
		},
		{
			"from": [2.85, 10.75, 4.9],
			"to": [3.1, 11, 5.15],
			"faces": {
				"north": {"uv": [4, 15, 4.5, 15.5], "texture": "#5"},
				"east": {"uv": [4, 15, 4.5, 15.5], "texture": "#5"},
				"south": {"uv": [4, 15, 4.5, 15.5], "texture": "#5"},
				"west": {"uv": [4, 15, 4.5, 15.5], "texture": "#5"},
				"up": {"uv": [4, 15, 4.5, 15.5], "texture": "#5"},
				"down": {"uv": [4, 15, 4.5, 15.5], "texture": "#5"}
			}
		},
		{
			"from": [2.85, 10.75, 7.9],
			"to": [3.1, 11, 8.15],
			"faces": {
				"north": {"uv": [4, 15, 4.5, 15.5], "texture": "#5"},
				"east": {"uv": [4, 15, 4.5, 15.5], "texture": "#5"},
				"south": {"uv": [4, 15, 4.5, 15.5], "texture": "#5"},
				"west": {"uv": [4, 15, 4.5, 15.5], "texture": "#5"},
				"up": {"uv": [4, 15, 4.5, 15.5], "texture": "#5"},
				"down": {"uv": [4, 15, 4.5, 15.5], "texture": "#5"}
			}
		},
		{
			"from": [2.85, 10.75, 10.9],
			"to": [3.1, 11, 11.15],
			"faces": {
				"north": {"uv": [4, 15, 4.5, 15.5], "texture": "#5"},
				"east": {"uv": [4, 15, 4.5, 15.5], "texture": "#5"},
				"south": {"uv": [4, 15, 4.5, 15.5], "texture": "#5"},
				"west": {"uv": [4, 15, 4.5, 15.5], "texture": "#5"},
				"up": {"uv": [4, 15, 4.5, 15.5], "texture": "#5"},
				"down": {"uv": [4, 15, 4.5, 15.5], "texture": "#5"}
			}
		},
		{
			"from": [8, 11, 5],
			"to": [13, 11.25, 5.25],
			"faces": {
				"north": {"uv": [4, 15, 4.5, 15.5], "texture": "#5"},
				"east": {"uv": [4, 15, 4.5, 15.5], "texture": "#5"},
				"south": {"uv": [4, 15, 4.5, 15.5], "texture": "#5"},
				"west": {"uv": [4, 15, 4.5, 15.5], "texture": "#5"},
				"up": {"uv": [4, 15, 4.5, 15.5], "texture": "#5"},
				"down": {"uv": [4, 15, 4.5, 15.5], "texture": "#5"}
			}
		},
		{
			"from": [7.75, 11, 2],
			"to": [8, 11.25, 5.25],
			"faces": {
				"north": {"uv": [4, 15, 4.5, 15.5], "texture": "#5"},
				"east": {"uv": [4, 15, 4.5, 15.5], "texture": "#5"},
				"south": {"uv": [4, 15, 4.5, 15.5], "texture": "#5"},
				"west": {"uv": [4, 15, 4.5, 15.5], "texture": "#5"},
				"up": {"uv": [4, 15, 4.5, 15.5], "texture": "#5"},
				"down": {"uv": [4, 15, 4.5, 15.5], "texture": "#5"}
			}
		},
		{
			"from": [9.75, 10, 12.75],
			"to": [10, 10.25, 14],
			"faces": {
				"north": {"uv": [4, 15, 4.5, 15.5], "texture": "#5"},
				"east": {"uv": [4, 15, 4.5, 15.5], "texture": "#5"},
				"south": {"uv": [4, 15, 4.5, 15.5], "texture": "#5"},
				"west": {"uv": [4, 15, 4.5, 15.5], "texture": "#5"},
				"up": {"uv": [4, 15, 4.5, 15.5], "texture": "#5"},
				"down": {"uv": [4, 15, 4.5, 15.5], "texture": "#5"}
			}
		},
		{
			"from": [10, 10, 12.75],
			"to": [13, 10.25, 13],
			"faces": {
				"north": {"uv": [4, 15, 4.5, 15.5], "texture": "#5"},
				"east": {"uv": [4, 15, 4.5, 15.5], "texture": "#5"},
				"south": {"uv": [4, 15, 4.5, 15.5], "texture": "#5"},
				"west": {"uv": [4, 15, 4.5, 15.5], "texture": "#5"},
				"up": {"uv": [4, 15, 4.5, 15.5], "texture": "#5"},
				"down": {"uv": [4, 15, 4.5, 15.5], "texture": "#5"}
			}
		},
		{
			"from": [10, 6.75, 12.75],
			"to": [13, 7, 13],
			"faces": {
				"north": {"uv": [4, 15, 4.5, 15.5], "texture": "#5"},
				"east": {"uv": [4, 15, 4.5, 15.5], "texture": "#5"},
				"south": {"uv": [4, 15, 4.5, 15.5], "texture": "#5"},
				"west": {"uv": [4, 15, 4.5, 15.5], "texture": "#5"},
				"up": {"uv": [4, 15, 4.5, 15.5], "texture": "#5"},
				"down": {"uv": [4, 15, 4.5, 15.5], "texture": "#5"}
			}
		},
		{
			"from": [9.75, 7, 12.75],
			"to": [10, 10, 13],
			"faces": {
				"north": {"uv": [4, 15, 4.5, 15.5], "texture": "#5"},
				"east": {"uv": [4, 15, 4.5, 15.5], "texture": "#5"},
				"south": {"uv": [4, 15, 4.5, 15.5], "texture": "#5"},
				"west": {"uv": [4, 15, 4.5, 15.5], "texture": "#5"},
				"up": {"uv": [4, 15, 4.5, 15.5], "texture": "#5"},
				"down": {"uv": [4, 15, 4.5, 15.5], "texture": "#5"}
			}
		},
		{
			"from": [9.75, 6.75, 12.75],
			"to": [10, 7, 14],
			"faces": {
				"north": {"uv": [4, 15, 4.5, 15.5], "texture": "#5"},
				"east": {"uv": [4, 15, 4.5, 15.5], "texture": "#5"},
				"south": {"uv": [4, 15, 4.5, 15.5], "texture": "#5"},
				"west": {"uv": [4, 15, 4.5, 15.5], "texture": "#5"},
				"up": {"uv": [4, 15, 4.5, 15.5], "texture": "#5"},
				"down": {"uv": [4, 15, 4.5, 15.5], "texture": "#5"}
			}
		},
		{
			"from": [7.75, 5, 5.25],
			"to": [8, 5.25, 8.25],
			"faces": {
				"north": {"uv": [4, 15, 4.5, 15.5], "texture": "#5"},
				"east": {"uv": [4, 15, 4.5, 15.5], "texture": "#5"},
				"south": {"uv": [4, 15, 4.5, 15.5], "texture": "#5"},
				"west": {"uv": [4, 15, 4.5, 15.5], "texture": "#5"},
				"up": {"uv": [4, 15, 4.5, 15.5], "texture": "#5"},
				"down": {"uv": [4, 15, 4.5, 15.5], "texture": "#5"}
			}
		},
		{
			"from": [8, 5, 8],
			"to": [13.25, 5.25, 8.25],
			"faces": {
				"north": {"uv": [4, 15, 4.5, 15.5], "texture": "#5"},
				"east": {"uv": [4, 15, 4.5, 15.5], "texture": "#5"},
				"south": {"uv": [4, 15, 4.5, 15.5], "texture": "#5"},
				"west": {"uv": [4, 15, 4.5, 15.5], "texture": "#5"},
				"up": {"uv": [4, 15, 4.5, 15.5], "texture": "#5"},
				"down": {"uv": [4, 15, 4.5, 15.5], "texture": "#5"}
			}
		},
		{
			"from": [7.75, 2, 8],
			"to": [8, 5, 8.25],
			"faces": {
				"north": {"uv": [4, 15, 4.5, 15.5], "texture": "#5"},
				"east": {"uv": [4, 15, 4.5, 15.5], "texture": "#5"},
				"south": {"uv": [4, 15, 4.5, 15.5], "texture": "#5"},
				"west": {"uv": [4, 15, 4.5, 15.5], "texture": "#5"},
				"up": {"uv": [4, 15, 4.5, 15.5], "texture": "#5"},
				"down": {"uv": [4, 15, 4.5, 15.5], "texture": "#5"}
			}
		},
		{
			"from": [1, 2, 3],
			"to": [5, 3, 13],
			"faces": {
				"north": {"uv": [10, 9, 12, 9.5], "texture": "#5"},
				"east": {"uv": [9, 0, 14, 0.5], "texture": "#5"},
				"south": {"uv": [10, 9.5, 12, 10], "texture": "#5"},
				"west": {"uv": [9, 0.5, 14, 1], "texture": "#5"},
				"up": {"uv": [8, 5, 6, 0], "texture": "#5"},
				"down": {"uv": [8, 5, 6, 10], "texture": "#5"}
			}
		},
		{
			"from": [2, 3, 6],
			"to": [4, 4, 7],
			"faces": {
				"north": {"uv": [4, 12, 5, 12.5], "texture": "#5"},
				"east": {"uv": [3.5, 12.5, 4, 13], "texture": "#5"},
				"south": {"uv": [5, 12, 6, 12.5], "texture": "#5"},
				"west": {"uv": [4, 12.5, 4.5, 13], "texture": "#5"},
				"up": {"uv": [7.5, 12.5, 6.5, 12], "texture": "#5"},
				"down": {"uv": [13, 7, 12, 7.5], "texture": "#5"}
			}
		},
		{
			"from": [2, 3, 9],
			"to": [4, 4, 10],
			"faces": {
				"north": {"uv": [7.5, 12, 8.5, 12.5], "texture": "#5"},
				"east": {"uv": [12.5, 4, 13, 4.5], "texture": "#5"},
				"south": {"uv": [12, 7.5, 13, 8], "texture": "#5"},
				"west": {"uv": [4.5, 12.5, 5, 13], "texture": "#5"},
				"up": {"uv": [13, 8.5, 12, 8], "texture": "#5"},
				"down": {"uv": [9.5, 12, 8.5, 12.5], "texture": "#5"}
			}
		},
		{
			"from": [1, 3, 4],
			"to": [2, 4, 12],
			"faces": {
				"north": {"uv": [12.5, 4.5, 13, 5], "texture": "#5"},
				"east": {"uv": [9, 1, 13, 1.5], "texture": "#5"},
				"south": {"uv": [5, 12.5, 5.5, 13], "texture": "#5"},
				"west": {"uv": [9, 1.5, 13, 2], "texture": "#5"},
				"up": {"uv": [9.5, 6, 9, 2], "texture": "#5"},
				"down": {"uv": [9.5, 6, 9, 10], "texture": "#5"}
			}
		},
		{
			"from": [4, 3, 4],
			"to": [5, 4, 12],
			"faces": {
				"north": {"uv": [12.5, 5, 13, 5.5], "texture": "#5"},
				"east": {"uv": [9.5, 2, 13.5, 2.5], "texture": "#5"},
				"south": {"uv": [5.5, 12.5, 6, 13], "texture": "#5"},
				"west": {"uv": [9.5, 2.5, 13.5, 3], "texture": "#5"},
				"up": {"uv": [10, 7, 9.5, 3], "texture": "#5"},
				"down": {"uv": [10, 7, 9.5, 11], "texture": "#5"}
			}
		},
		{
			"from": [1, 3, 12],
			"to": [5, 4, 13],
			"faces": {
				"north": {"uv": [10, 10, 12, 10.5], "texture": "#5"},
				"east": {"uv": [12.5, 5.5, 13, 6], "texture": "#5"},
				"south": {"uv": [10.5, 4, 12.5, 4.5], "texture": "#5"},
				"west": {"uv": [12.5, 6, 13, 6.5], "texture": "#5"},
				"up": {"uv": [12.5, 5, 10.5, 4.5], "texture": "#5"},
				"down": {"uv": [12.5, 5, 10.5, 5.5], "texture": "#5"}
			}
		},
		{
			"from": [1, 3, 3],
			"to": [5, 4, 4],
			"faces": {
				"north": {"uv": [10.5, 5.5, 12.5, 6], "texture": "#5"},
				"east": {"uv": [6.5, 12.5, 7, 13], "texture": "#5"},
				"south": {"uv": [10.5, 6, 12.5, 6.5], "texture": "#5"},
				"west": {"uv": [12.5, 6.5, 13, 7], "texture": "#5"},
				"up": {"uv": [12.5, 7, 10.5, 6.5], "texture": "#5"},
				"down": {"uv": [12, 10.5, 10, 11], "texture": "#5"}
			}
		},
		{
			"from": [2.5, 11, 7.5],
			"to": [3.5, 12, 8.5],
			"faces": {
				"north": {"uv": [7, 12.5, 7.5, 13], "texture": "#5"},
				"east": {"uv": [7.5, 12.5, 8, 13], "texture": "#5"},
				"south": {"uv": [8, 12.5, 8.5, 13], "texture": "#5"},
				"west": {"uv": [8.5, 12.5, 9, 13], "texture": "#5"},
				"up": {"uv": [13, 9, 12.5, 8.5], "texture": "#5"},
				"down": {"uv": [9.5, 12.5, 9, 13], "texture": "#5"}
			}
		},
		{
			"from": [0.75, 1.5, 6.4],
			"to": [1.75, 2.5, 6.65],
			"faces": {
				"north": {"uv": [2.5, 15, 3, 15.5], "texture": "#5"},
				"east": {"uv": [2.5, 15, 3, 15.5], "texture": "#5"},
				"south": {"uv": [2.5, 15, 3, 15.5], "texture": "#5"},
				"west": {"uv": [2.5, 15, 3, 15.5], "texture": "#5"},
				"up": {"uv": [2.5, 15, 3, 15.5], "texture": "#5"},
				"down": {"uv": [2.5, 15, 3, 15.5], "texture": "#5"}
			}
		},
		{
			"from": [10.95, 8.4, 11.4],
			"to": [12.05, 8.65, 11.65],
			"rotation": {"angle": 0, "axis": "z", "origin": [7.5, 7.5, 6.4]},
			"faces": {
				"north": {"uv": [2.5, 15, 3, 15.5], "rotation": 270, "texture": "#5"},
				"east": {"uv": [2.5, 15, 3, 15.5], "rotation": 270, "texture": "#5"},
				"south": {"uv": [2.5, 15, 3, 15.5], "rotation": 270, "texture": "#5"},
				"west": {"uv": [2.5, 15, 3, 15.5], "rotation": 90, "texture": "#5"},
				"up": {"uv": [2.5, 15, 3, 15.5], "rotation": 180, "texture": "#5"},
				"down": {"uv": [2.5, 15, 3, 15.5], "texture": "#5"}
			}
		},
		{
			"from": [8.95, 6.4, 9.4],
			"to": [10.05, 6.65, 9.65],
			"rotation": {"angle": 0, "axis": "z", "origin": [7.5, 7.5, 6.4]},
			"faces": {
				"north": {"uv": [2.5, 15, 3, 15.5], "rotation": 270, "texture": "#5"},
				"east": {"uv": [2.5, 15, 3, 15.5], "rotation": 270, "texture": "#5"},
				"south": {"uv": [2.5, 15, 3, 15.5], "rotation": 270, "texture": "#5"},
				"west": {"uv": [2.5, 15, 3, 15.5], "rotation": 90, "texture": "#5"},
				"up": {"uv": [2.5, 15, 3, 15.5], "rotation": 180, "texture": "#5"},
				"down": {"uv": [2.5, 15, 3, 15.5], "texture": "#5"}
			}
		},
		{
			"from": [2.9, 12.4, 4.425],
			"to": [3.15, 12.65, 5.575],
			"rotation": {"angle": 0, "axis": "z", "origin": [7.5, 7.5, 6.4]},
			"faces": {
				"north": {"uv": [2.5, 15, 3, 15.5], "rotation": 270, "texture": "#5"},
				"east": {"uv": [2.5, 15, 3, 15.5], "rotation": 270, "texture": "#5"},
				"south": {"uv": [2.5, 15, 3, 15.5], "rotation": 270, "texture": "#5"},
				"west": {"uv": [2.5, 15, 3, 15.5], "rotation": 90, "texture": "#5"},
				"up": {"uv": [2.5, 15, 3, 15.5], "rotation": 180, "texture": "#5"},
				"down": {"uv": [2.5, 15, 3, 15.5], "texture": "#5"}
			}
		},
		{
			"from": [2.9, 12.4, 7.425],
			"to": [3.15, 12.65, 8.575],
			"rotation": {"angle": 0, "axis": "z", "origin": [7.5, 7.5, 6.4]},
			"faces": {
				"north": {"uv": [2.5, 15, 3, 15.5], "rotation": 270, "texture": "#5"},
				"east": {"uv": [2.5, 15, 3, 15.5], "rotation": 270, "texture": "#5"},
				"south": {"uv": [2.5, 15, 3, 15.5], "rotation": 270, "texture": "#5"},
				"west": {"uv": [2.5, 15, 3, 15.5], "rotation": 90, "texture": "#5"},
				"up": {"uv": [2.5, 15, 3, 15.5], "rotation": 180, "texture": "#5"},
				"down": {"uv": [2.5, 15, 3, 15.5], "texture": "#5"}
			}
		},
		{
			"from": [2.9, 12.4, 10.425],
			"to": [3.15, 12.65, 11.575],
			"rotation": {"angle": 0, "axis": "z", "origin": [7.5, 7.5, 6.4]},
			"faces": {
				"north": {"uv": [2.5, 15, 3, 15.5], "rotation": 270, "texture": "#5"},
				"east": {"uv": [2.5, 15, 3, 15.5], "rotation": 270, "texture": "#5"},
				"south": {"uv": [2.5, 15, 3, 15.5], "rotation": 270, "texture": "#5"},
				"west": {"uv": [2.5, 15, 3, 15.5], "rotation": 90, "texture": "#5"},
				"up": {"uv": [2.5, 15, 3, 15.5], "rotation": 180, "texture": "#5"},
				"down": {"uv": [2.5, 15, 3, 15.5], "texture": "#5"}
			}
		},
		{
			"from": [9.4, 5.75, 4.65],
			"to": [9.65, 7.25, 5.4],
			"rotation": {"angle": 0, "axis": "z", "origin": [7.5, 7.5, 6.4]},
			"faces": {
				"north": {"uv": [2.5, 15, 3, 15.5], "rotation": 270, "texture": "#5"},
				"east": {"uv": [2.5, 15, 3, 15.5], "rotation": 270, "texture": "#5"},
				"south": {"uv": [2.5, 15, 3, 15.5], "rotation": 270, "texture": "#5"},
				"west": {"uv": [2.5, 15, 3, 15.5], "rotation": 90, "texture": "#5"},
				"up": {"uv": [2.5, 15, 3, 15.5], "rotation": 180, "texture": "#5"},
				"down": {"uv": [2.5, 15, 3, 15.5], "texture": "#5"}
			}
		},
		{
			"from": [8.75, 6.4, 4.65],
			"to": [10.25, 6.65, 5.4],
			"rotation": {"angle": 0, "axis": "z", "origin": [7.5, 7.5, 6.4]},
			"faces": {
				"north": {"uv": [2.5, 15, 3, 15.5], "rotation": 180, "texture": "#5"},
				"east": {"uv": [2.5, 15, 3, 15.5], "rotation": 270, "texture": "#5"},
				"south": {"uv": [2.5, 15, 3, 15.5], "rotation": 270, "texture": "#5"},
				"west": {"uv": [2.5, 15, 3, 15.5], "rotation": 90, "texture": "#5"},
				"up": {"uv": [2.5, 15, 3, 15.5], "rotation": 180, "texture": "#5"},
				"down": {"uv": [2.5, 15, 3, 15.5], "texture": "#5"}
			}
		},
		{
			"from": [11.4, 7.75, 4.65],
			"to": [11.65, 9.25, 5.4],
			"rotation": {"angle": 0, "axis": "z", "origin": [7.5, 7.5, 6.4]},
			"faces": {
				"north": {"uv": [2.5, 15, 3, 15.5], "rotation": 270, "texture": "#5"},
				"east": {"uv": [2.5, 15, 3, 15.5], "rotation": 270, "texture": "#5"},
				"south": {"uv": [2.5, 15, 3, 15.5], "rotation": 270, "texture": "#5"},
				"west": {"uv": [2.5, 15, 3, 15.5], "rotation": 90, "texture": "#5"},
				"up": {"uv": [2.5, 15, 3, 15.5], "rotation": 180, "texture": "#5"},
				"down": {"uv": [2.5, 15, 3, 15.5], "texture": "#5"}
			}
		},
		{
			"from": [10.75, 8.4, 4.65],
			"to": [12.25, 8.65, 5.4],
			"rotation": {"angle": 0, "axis": "z", "origin": [7.5, 7.5, 6.4]},
			"faces": {
				"north": {"uv": [2.5, 15, 3, 15.5], "rotation": 180, "texture": "#5"},
				"east": {"uv": [2.5, 15, 3, 15.5], "rotation": 270, "texture": "#5"},
				"south": {"uv": [2.5, 15, 3, 15.5], "rotation": 270, "texture": "#5"},
				"west": {"uv": [2.5, 15, 3, 15.5], "rotation": 90, "texture": "#5"},
				"up": {"uv": [2.5, 15, 3, 15.5], "rotation": 180, "texture": "#5"},
				"down": {"uv": [2.5, 15, 3, 15.5], "texture": "#5"}
			}
		},
		{
			"from": [11.4, 7.75, 12.65],
			"to": [11.65, 9.25, 13.4],
			"rotation": {"angle": 0, "axis": "z", "origin": [7.5, 7.5, 6.4]},
			"faces": {
				"north": {"uv": [2.5, 15, 3, 15.5], "rotation": 270, "texture": "#5"},
				"east": {"uv": [2.5, 15, 3, 15.5], "rotation": 270, "texture": "#5"},
				"south": {"uv": [2.5, 15, 3, 15.5], "rotation": 270, "texture": "#5"},
				"west": {"uv": [2.5, 15, 3, 15.5], "rotation": 90, "texture": "#5"},
				"up": {"uv": [2.5, 15, 3, 15.5], "rotation": 180, "texture": "#5"},
				"down": {"uv": [2.5, 15, 3, 15.5], "texture": "#5"}
			}
		},
		{
			"from": [10.75, 8.4, 12.65],
			"to": [12.25, 8.65, 13.4],
			"rotation": {"angle": 0, "axis": "z", "origin": [7.5, 7.5, 6.4]},
			"faces": {
				"north": {"uv": [2.5, 15, 3, 15.5], "rotation": 180, "texture": "#5"},
				"east": {"uv": [2.5, 15, 3, 15.5], "rotation": 270, "texture": "#5"},
				"south": {"uv": [2.5, 15, 3, 15.5], "rotation": 270, "texture": "#5"},
				"west": {"uv": [2.5, 15, 3, 15.5], "rotation": 90, "texture": "#5"},
				"up": {"uv": [2.5, 15, 3, 15.5], "rotation": 180, "texture": "#5"},
				"down": {"uv": [2.5, 15, 3, 15.5], "texture": "#5"}
			}
		},
		{
			"from": [0.75, 1.5, 9.4],
			"to": [1.75, 2.5, 9.65],
			"faces": {
				"north": {"uv": [2.5, 15, 3, 15.5], "texture": "#5"},
				"east": {"uv": [2.5, 15, 3, 15.5], "texture": "#5"},
				"south": {"uv": [2.5, 15, 3, 15.5], "texture": "#5"},
				"west": {"uv": [2.5, 15, 3, 15.5], "texture": "#5"},
				"up": {"uv": [2.5, 15, 3, 15.5], "texture": "#5"},
				"down": {"uv": [2.5, 15, 3, 15.5], "texture": "#5"}
			}
		},
		{
			"from": [0.75, 1.5, 12.4],
			"to": [1.75, 2.5, 12.65],
			"faces": {
				"north": {"uv": [2.5, 15, 3, 15.5], "texture": "#5"},
				"east": {"uv": [2.5, 15, 3, 15.5], "texture": "#5"},
				"south": {"uv": [2.5, 15, 3, 15.5], "texture": "#5"},
				"west": {"uv": [2.5, 15, 3, 15.5], "texture": "#5"},
				"up": {"uv": [2.5, 15, 3, 15.5], "texture": "#5"},
				"down": {"uv": [2.5, 15, 3, 15.5], "texture": "#5"}
			}
		},
		{
			"from": [1.4, 1.5, 12.25],
			"to": [1.65, 2.5, 13.25],
			"faces": {
				"north": {"uv": [2.5, 15, 3, 15.5], "texture": "#5"},
				"east": {"uv": [2.5, 15, 3, 15.5], "texture": "#5"},
				"south": {"uv": [2.5, 15, 3, 15.5], "texture": "#5"},
				"west": {"uv": [2.5, 15, 3, 15.5], "texture": "#5"},
				"up": {"uv": [2.5, 15, 3, 15.5], "rotation": 270, "texture": "#5"},
				"down": {"uv": [2.5, 15, 3, 15.5], "rotation": 90, "texture": "#5"}
			}
		},
		{
			"from": [4.4, 1.5, 12.25],
			"to": [4.65, 2.5, 13.25],
			"faces": {
				"north": {"uv": [2.5, 15, 3, 15.5], "texture": "#5"},
				"east": {"uv": [2.5, 15, 3, 15.5], "texture": "#5"},
				"south": {"uv": [2.5, 15, 3, 15.5], "texture": "#5"},
				"west": {"uv": [2.5, 15, 3, 15.5], "texture": "#5"},
				"up": {"uv": [2.5, 15, 3, 15.5], "rotation": 270, "texture": "#5"},
				"down": {"uv": [2.5, 15, 3, 15.5], "rotation": 90, "texture": "#5"}
			}
		},
		{
			"from": [4.4, 1.5, 2.75],
			"to": [4.65, 2.5, 3.75],
			"faces": {
				"north": {"uv": [2.5, 15, 3, 15.5], "texture": "#5"},
				"east": {"uv": [2.5, 15, 3, 15.5], "texture": "#5"},
				"south": {"uv": [2.5, 15, 3, 15.5], "texture": "#5"},
				"west": {"uv": [2.5, 15, 3, 15.5], "texture": "#5"},
				"up": {"uv": [2.5, 15, 3, 15.5], "rotation": 270, "texture": "#5"},
				"down": {"uv": [2.5, 15, 3, 15.5], "rotation": 90, "texture": "#5"}
			}
		},
		{
			"from": [1.4, 1.5, 2.75],
			"to": [1.65, 2.5, 3.75],
			"faces": {
				"north": {"uv": [2.5, 15, 3, 15.5], "texture": "#5"},
				"east": {"uv": [2.5, 15, 3, 15.5], "texture": "#5"},
				"south": {"uv": [2.5, 15, 3, 15.5], "texture": "#5"},
				"west": {"uv": [2.5, 15, 3, 15.5], "texture": "#5"},
				"up": {"uv": [2.5, 15, 3, 15.5], "rotation": 270, "texture": "#5"},
				"down": {"uv": [2.5, 15, 3, 15.5], "rotation": 90, "texture": "#5"}
			}
		},
		{
			"from": [0.75, 1.5, 3.4],
			"to": [1.75, 2.5, 3.65],
			"faces": {
				"north": {"uv": [2.5, 15, 3, 15.5], "texture": "#5"},
				"east": {"uv": [2.5, 15, 3, 15.5], "texture": "#5"},
				"south": {"uv": [2.5, 15, 3, 15.5], "texture": "#5"},
				"west": {"uv": [2.5, 15, 3, 15.5], "texture": "#5"},
				"up": {"uv": [2.5, 15, 3, 15.5], "texture": "#5"},
				"down": {"uv": [2.5, 15, 3, 15.5], "texture": "#5"}
			}
		},
		{
			"from": [2.5, 11, 10.5],
			"to": [3.5, 12, 11.5],
			"faces": {
				"north": {"uv": [9, 10, 9.5, 10.5], "texture": "#5"},
				"east": {"uv": [9, 10.5, 9.5, 11], "texture": "#5"},
				"south": {"uv": [12, 8.5, 12.5, 9], "texture": "#5"},
				"west": {"uv": [12, 9, 12.5, 9.5], "texture": "#5"},
				"up": {"uv": [10, 12.5, 9.5, 12], "texture": "#5"},
				"down": {"uv": [12.5, 9.5, 12, 10], "texture": "#5"}
			}
		},
		{
			"from": [8, 2, 2],
			"to": [13, 5, 8],
			"faces": {
				"north": {"uv": [13.5, 14, 16, 15.5], "texture": "#5"},
				"east": {"uv": [13, 13.5, 16, 15], "texture": "#5"},
				"south": {"uv": [13, 12, 15.5, 13.5], "texture": "#5"},
				"west": {"uv": [13, 14.5, 16, 16], "texture": "#5"},
				"up": {"uv": [12.5, 13, 15, 16], "texture": "#5"},
				"down": {"uv": [13.5, 12, 16, 15], "texture": "#5"}
			}
		},
		{
			"from": [8, 5, 2],
			"to": [13, 11, 5],
			"faces": {
				"north": {"uv": [13.5, 12.5, 16, 15.5], "texture": "#5"},
				"east": {"uv": [13.5, 12, 15, 15], "texture": "#5"},
				"south": {"uv": [12.5, 12.5, 15, 15.5], "texture": "#5"},
				"west": {"uv": [14.5, 13, 16, 16], "texture": "#5"},
				"up": {"uv": [13.5, 13.5, 16, 15], "texture": "#5"},
				"down": {"uv": [13.5, 14, 16, 15.5], "texture": "#5"}
			}
		},
		{
			"from": [10, 7, 13],
			"to": [13, 10, 14],
			"faces": {
				"north": {"uv": [13, 12.5, 14.5, 14], "texture": "#5"},
				"east": {"uv": [14, 13, 15.5, 14.5], "texture": "#5"},
				"south": {"uv": [13, 14, 14.5, 15.5], "texture": "#5"},
				"west": {"uv": [13, 13.5, 14.5, 15], "texture": "#5"},
				"up": {"uv": [14.5, 13.5, 16, 15], "texture": "#5"},
				"down": {"uv": [13.5, 13.5, 15, 15], "texture": "#5"}
			}
		},
		{
			"from": [14, 0, 2],
			"to": [16, 16, 14],
			"faces": {
				"north": {"uv": [0, 0, 2, 16], "texture": "#2"},
				"east": {"uv": [2, 0, 14, 16], "texture": "#2"},
				"south": {"uv": [0, 0, 2, 16], "texture": "#2"},
				"west": {"uv": [2, 0, 14, 16], "texture": "#3"},
				"up": {"uv": [14, 2, 16, 14], "texture": "#0"},
				"down": {"uv": [14, 2, 16, 14], "texture": "#1"}
			}
		},
		{
			"from": [0, 0, 14],
			"to": [16, 16, 16],
			"faces": {
				"north": {"uv": [0, 0, 16, 16], "texture": "#3"},
				"east": {"uv": [14, 0, 16, 16], "texture": "#2"},
				"south": {"uv": [0, 0, 16, 16], "texture": "#2"},
				"west": {"uv": [14, 0, 16, 16], "texture": "#2"},
				"up": {"uv": [0, 14, 16, 16], "texture": "#0"},
				"down": {"uv": [0, 14, 16, 16], "texture": "#1"}
			}
		},
		{
			"from": [0, 0, 0],
			"to": [16, 16, 2],
			"faces": {
				"north": {"uv": [0, 0, 16, 16], "texture": "#2"},
				"east": {"uv": [0, 0, 2, 16], "texture": "#2"},
				"south": {"uv": [0, 0, 16, 16], "texture": "#3"},
				"west": {"uv": [0, 0, 2, 16], "texture": "#2"},
				"up": {"uv": [0, 0, 16, 2], "texture": "#0"},
				"down": {"uv": [0, 0, 16, 2], "texture": "#1"}
			}
		},
		{
			"from": [0, 0, 2],
			"to": [14, 2, 14],
			"faces": {
				"north": {"uv": [0, 14, 14, 16], "texture": "#2"},
				"east": {"uv": [2, 14, 14, 16], "texture": "#2"},
				"south": {"uv": [0, 14, 14, 16], "texture": "#2"},
				"west": {"uv": [2, 14, 14, 16], "texture": "#2"},
				"up": {"uv": [0, 2, 14, 14], "texture": "#4"},
				"down": {"uv": [0, 2, 14, 14], "texture": "#1"}
			}
		},
		{
			"from": [0, 14, 2],
			"to": [14, 16, 14],
			"faces": {
				"north": {"uv": [0, 0, 14, 2], "texture": "#2"},
				"east": {"uv": [2, 0, 14, 2], "texture": "#2"},
				"south": {"uv": [0, 0, 14, 2], "texture": "#2"},
				"west": {"uv": [2, 0, 14, 2], "texture": "#2"},
				"up": {"uv": [0, 2, 14, 14], "texture": "#0"},
				"down": {"uv": [0, 2, 14, 14], "texture": "#4"}
			}
		},
		{
			"from": [-11, 2, 1],
			"to": [1, 14, 3],
			"rotation": {"angle": -22.5, "axis": "y", "origin": [1, 8, 2]},
			"faces": {
				"north": {"uv": [2, 2, 14, 14], "texture": "#2"},
				"east": {"uv": [0, 2, 2, 14], "texture": "#3"},
				"south": {"uv": [0, 2, 12, 14], "texture": "#3"},
				"west": {"uv": [0, 2, 2, 14], "texture": "#2"},
				"up": {"uv": [0, 2, 2, 14], "rotation": 90, "texture": "#0"},
				"down": {"uv": [0, 2, 2, 14], "rotation": 270, "texture": "#1"}
			}
		}
	],
	"display": {
		"firstperson_righthand": {
			"scale": [0.2, 0.2, 0.2]
		},
		"head": {
			"translation": [0, -30.425, 0],
			"scale": [1.6, 1.6, 1.6]
		}
	},
	"groups": [0, 1, 2, 3, 4, 5, 6, 7, 8, 9, 10, 11, 12, 13, 14, 15, 16, 17, 18, 19, 20, 21, 22, 23, 24, 25, 26, 27, 28, 29, 30, 31, 32, 33, 34, 35, 36, 37, 38, 39, 40, 41, 42, 43, 44, 45, 46, 47, 48, 49, 50, 51, 52, 53, 54, 55, 56, 57, 58,
		{
			"name": "outer_cube",
			"origin": [0, 0, 0],
			"color": 0,
			"children": [59, 60, 61, 62, 63, 64]
		}
	]
}