{
	"credit": "Made with Blockbench",
	"texture_size": [32, 32],
	"textures": {
		"6": "custom/tnt_components",
		"particle": "custom/tnt_top"
	},
	"elements": [
		{
			"from": [7, 4, 7],
			"to": [9, 11, 9],
			"faces": {
				"north": {"uv": [6, 0, 8, 7], "texture": "#6"},
				"east": {"uv": [6, 0, 8, 7], "texture": "#6"},
				"south": {"uv": [6, 0, 8, 7], "texture": "#6"},
				"west": {"uv": [8, 0, 6, 7], "texture": "#6"},
				"up": {"uv": [2, 7, 4, 9], "texture": "#6"},
				"down": {"uv": [6, 7, 8, 9], "texture": "#6"}
			}
		},
		{
			"from": [6.75, 4, 6.75],
			"to": [7, 6, 7],
			"faces": {
				"north": {"uv": [14.5, 14.5, 15.5, 15.5], "texture": "#6"},
				"east": {"uv": [14.5, 14.5, 15.5, 15.5], "texture": "#6"},
				"south": {"uv": [14.5, 14.5, 15.5, 15.5], "texture": "#6"},
				"west": {"uv": [14.5, 14.5, 15.5, 15.5], "texture": "#6"},
				"up": {"uv": [14.5, 14.5, 15.5, 15.5], "texture": "#6"},
				"down": {"uv": [14.5, 14.5, 15.5, 15.5], "texture": "#6"}
			}
		},
		{
			"from": [6.75, 9, 6.75],
			"to": [7, 11, 7],
			"faces": {
				"north": {"uv": [14.5, 14.5, 15.5, 15.5], "texture": "#6"},
				"east": {"uv": [14.5, 14.5, 15.5, 15.5], "texture": "#6"},
				"south": {"uv": [14.5, 14.5, 15.5, 15.5], "texture": "#6"},
				"west": {"uv": [14.5, 14.5, 15.5, 15.5], "texture": "#6"},
				"up": {"uv": [14.5, 14.5, 15.5, 15.5], "texture": "#6"},
				"down": {"uv": [14.5, 14.5, 15.5, 15.5], "texture": "#6"}
			}
		},
		{
			"from": [7, 11, 6.75],
			"to": [9, 11.25, 7],
			"faces": {
				"north": {"uv": [14.5, 14.5, 15.5, 15.5], "texture": "#6"},
				"east": {"uv": [14.5, 14.5, 15.5, 15.5], "texture": "#6"},
				"south": {"uv": [14.5, 14.5, 15.5, 15.5], "texture": "#6"},
				"west": {"uv": [14.5, 14.5, 15.5, 15.5], "texture": "#6"},
				"up": {"uv": [14.5, 14.5, 15.5, 15.5], "texture": "#6"},
				"down": {"uv": [14.5, 14.5, 15.5, 15.5], "texture": "#6"}
			}
		},
		{
			"from": [7, 11, 9],
			"to": [9, 11.25, 9.25],
			"faces": {
				"north": {"uv": [14.5, 14.5, 15.5, 15.5], "texture": "#6"},
				"east": {"uv": [14.5, 14.5, 15.5, 15.5], "texture": "#6"},
				"south": {"uv": [14.5, 14.5, 15.5, 15.5], "texture": "#6"},
				"west": {"uv": [14.5, 14.5, 15.5, 15.5], "texture": "#6"},
				"up": {"uv": [14.5, 14.5, 15.5, 15.5], "texture": "#6"},
				"down": {"uv": [14.5, 14.5, 15.5, 15.5], "texture": "#6"}
			}
		},
		{
			"from": [9, 11, 7],
			"to": [9.25, 11.25, 9],
			"faces": {
				"north": {"uv": [14.5, 14.5, 15.5, 15.5], "texture": "#6"},
				"east": {"uv": [14.5, 14.5, 15.5, 15.5], "texture": "#6"},
				"south": {"uv": [14.5, 14.5, 15.5, 15.5], "texture": "#6"},
				"west": {"uv": [14.5, 14.5, 15.5, 15.5], "texture": "#6"},
				"up": {"uv": [14.5, 14.5, 15.5, 15.5], "texture": "#6"},
				"down": {"uv": [14.5, 14.5, 15.5, 15.5], "texture": "#6"}
			}
		},
		{
			"from": [6.75, 11, 7],
			"to": [7, 11.25, 9],
			"faces": {
				"north": {"uv": [14.5, 14.5, 15.5, 15.5], "texture": "#6"},
				"east": {"uv": [14.5, 14.5, 15.5, 15.5], "texture": "#6"},
				"south": {"uv": [14.5, 14.5, 15.5, 15.5], "texture": "#6"},
				"west": {"uv": [14.5, 14.5, 15.5, 15.5], "texture": "#6"},
				"up": {"uv": [14.5, 14.5, 15.5, 15.5], "texture": "#6"},
				"down": {"uv": [14.5, 14.5, 15.5, 15.5], "texture": "#6"}
			}
		},
		{
			"from": [6.75, 4, 9],
			"to": [7, 6, 9.25],
			"faces": {
				"north": {"uv": [14.5, 14.5, 15.5, 15.5], "texture": "#6"},
				"east": {"uv": [14.5, 14.5, 15.5, 15.5], "texture": "#6"},
				"south": {"uv": [14.5, 14.5, 15.5, 15.5], "texture": "#6"},
				"west": {"uv": [14.5, 14.5, 15.5, 15.5], "texture": "#6"},
				"up": {"uv": [14.5, 14.5, 15.5, 15.5], "texture": "#6"},
				"down": {"uv": [14.5, 14.5, 15.5, 15.5], "texture": "#6"}
			}
		},
		{
			"from": [6.75, 9, 9],
			"to": [7, 11, 9.25],
			"faces": {
				"north": {"uv": [14.5, 14.5, 15.5, 15.5], "texture": "#6"},
				"east": {"uv": [14.5, 14.5, 15.5, 15.5], "texture": "#6"},
				"south": {"uv": [14.5, 14.5, 15.5, 15.5], "texture": "#6"},
				"west": {"uv": [14.5, 14.5, 15.5, 15.5], "texture": "#6"},
				"up": {"uv": [14.5, 14.5, 15.5, 15.5], "texture": "#6"},
				"down": {"uv": [14.5, 14.5, 15.5, 15.5], "texture": "#6"}
			}
		},
		{
			"from": [9, 4, 9],
			"to": [9.25, 6, 9.25],
			"faces": {
				"north": {"uv": [14.5, 14.5, 15.5, 15.5], "texture": "#6"},
				"east": {"uv": [14.5, 14.5, 15.5, 15.5], "texture": "#6"},
				"south": {"uv": [14.5, 14.5, 15.5, 15.5], "texture": "#6"},
				"west": {"uv": [14.5, 14.5, 15.5, 15.5], "texture": "#6"},
				"up": {"uv": [14.5, 14.5, 15.5, 15.5], "texture": "#6"},
				"down": {"uv": [14.5, 14.5, 15.5, 15.5], "texture": "#6"}
			}
		},
		{
			"from": [9, 9, 9],
			"to": [9.25, 11, 9.25],
			"faces": {
				"north": {"uv": [14.5, 14.5, 15.5, 15.5], "texture": "#6"},
				"east": {"uv": [14.5, 14.5, 15.5, 15.5], "texture": "#6"},
				"south": {"uv": [14.5, 14.5, 15.5, 15.5], "texture": "#6"},
				"west": {"uv": [14.5, 14.5, 15.5, 15.5], "texture": "#6"},
				"up": {"uv": [14.5, 14.5, 15.5, 15.5], "texture": "#6"},
				"down": {"uv": [14.5, 14.5, 15.5, 15.5], "texture": "#6"}
			}
		},
		{
			"from": [9, 4, 6.75],
			"to": [9.25, 6, 7],
			"faces": {
				"north": {"uv": [14.5, 14.5, 15.5, 15.5], "texture": "#6"},
				"east": {"uv": [14.5, 14.5, 15.5, 15.5], "texture": "#6"},
				"south": {"uv": [14.5, 14.5, 15.5, 15.5], "texture": "#6"},
				"west": {"uv": [14.5, 14.5, 15.5, 15.5], "texture": "#6"},
				"up": {"uv": [14.5, 14.5, 15.5, 15.5], "texture": "#6"},
				"down": {"uv": [14.5, 14.5, 15.5, 15.5], "texture": "#6"}
			}
		},
		{
			"from": [9, 9, 6.75],
			"to": [9.25, 11, 7],
			"faces": {
				"north": {"uv": [14.5, 14.5, 15.5, 15.5], "texture": "#6"},
				"east": {"uv": [14.5, 14.5, 15.5, 15.5], "texture": "#6"},
				"south": {"uv": [14.5, 14.5, 15.5, 15.5], "texture": "#6"},
				"west": {"uv": [14.5, 14.5, 15.5, 15.5], "texture": "#6"},
				"up": {"uv": [14.5, 14.5, 15.5, 15.5], "texture": "#6"},
				"down": {"uv": [14.5, 14.5, 15.5, 15.5], "texture": "#6"}
			}
		}
	],
	"display": {
		"thirdperson_righthand": {
			"rotation": [1, -87, -91],
			"translation": [-1.5, 2, 0],
			"scale": [0.3, 0.3, 0.3]
		},
		"thirdperson_lefthand": {
			"rotation": [0, 72, 79],
			"translation": [-1.75, 1.75, 0],
			"scale": [0.3, 0.3, 0.3]
		},
		"firstperson_righthand": {
			"rotation": [0, 32, 0],
			"translation": [2, 1.25, 0],
			"scale": [0.2, 0.2, 0.2]
		},
		"firstperson_lefthand": {
			"rotation": [0, -141, 0],
			"translation": [2, 1.25, 0],
			"scale": [0.2, 0.2, 0.2]
		},
		"ground": {
			"scale": [0.2, 0.2, 0.2]
		},
		"gui": {
			"rotation": [19, 45, 0],
			"scale": [0.6, 0.6, 0.6]
		},
		"head": {
			"translation": [0, -30.425, 0],
			"scale": [1.6, 1.6, 1.6]
		},
		"fixed": {
			"rotation": [0, -90, 0],
			"scale": [0.7, 0.7, 0.7]
		}
	}
}